1001030207387286
10013569518747255
10034139556640331
1006804489854929
10068512373274366
10073913389354303
1007518823111925
1008224766456577
10083729275067475
1009141766283442
10091590667609543
1010066874029958
1010413857753612
1012145396835251
1012444933427879
1013761872764975
1019927311876053
1022344668300191
1022894675880069
1024270455336462
1026830051182065
1027169971423296
1029618401171177
1030448961349000
1030663305855905
1031233388336983
1033913082001887
1036858551666087
1039948489869187
1045158595893051
104885875336026
1050611706201150
1052112815196237
1052326986460955
1053423863670660
1053854911811706
1053920862827806
1054914025033849
105620445303134
1060926145878410
106102384893998
1063699620826965
1065438567334137
1065438567334137
1066592115305101
1067884880422425
1069920971960051
1069963217095555
1074068033641078
1079993809389622
1082690276919759
1084678336702061
1086130789666358
1087837981707208
1090171136316538
1090302979887790
1090302979887790
1090519335522045
1090746969609541
1090934381415813
1091775965089962
1091954879771834
1092298642973081
1093903826012043
1094405986092053
1095461045572842
1096201388228579
1097485744822607
1097856727379958
1097928217393316
1098653318596807
1099039595666004
109982534476198
1099847278790795
1099847278790795
1100869045561454
1102936810188439
110389064459680
1106393669872975
1107002931023117
1107598511508831
1108029520213136
1108066263021254
1108193964680539
1108338862985199
1109025301197340
1109134627440719
1109134627440719
1109755416191771
1110042286172647
1110952857103790
1111306019280311
1112038843330485
1112719470926481
1118091425353205
1118521019735777
1119183395236508
1121727348238010
1122789371568812
1123160179713165
1123213696380909
1123972374782340
1127334577745612
1127363759307137
1128251624317627
1130464045815366
1130612750774763
1131361380693614
1133421838661671
1133595268132961
1133595268132961
1134003228766949
1135513645174774
1135518570260620
1136041908447238
1136793333401184
1137496934891621
1138310024823829
1138398283343643
1139039273248458
1139412113569281
1147459493947753
1148140520687584
1148369785679098
1150605580254120
1151846336867727
1152036232200977
115248190632726
1153107945152755
1154885124936462
1154994231642663
115589717501299
1156073738455605
1156690273032051
1161532781785462
1162276469336723
1163453914169765
1163651905665041
1163651905665041
1163808340788999
1164381281464252
1168160144638199
1170375491891488
1171770683270234
1172020609869981
1173813171318519
1173931616594835
1175306144617512
1175460947739180
1176814986064517
1177198716023971
1178433960983333
1178600829331899
1178777664259005
1179749682470165
1179861415784277
1180813129238127
1181043683835264
1181489395626918
1183390415458600
1183591025414186
1184109198819003
1184335545349182
1185362859663931
1185816715225009
1187553852824600
1188460529109971
1188520658605289
1188617865780573
1190374179036690
1191029983065968
1191348246366609
1195409587550635
1196161860819817
1196421351762996
1198302487486120
1199257234443933
120339316948881
1204574288366313
1205046668098133
1206981706765624
1208964196223992
1209199456207323
1209376067296952
1210380966062954
1211216167081193
1213602905754214
1215920968906722
1216162588905216
1217460292043580
122012316914570
1220468591741782
1220599912742934
1222810649057800
1223521968103185
1224101455104951
1224458721668350
122593743281374
1227142372767841
1235084891484236
1236273130140155
1239640870310635
1244377294102711
1245411266193335
1250434086321616
1251009739971790
1252595402159801
1253424749363228
1253702211766358
1254782409333143
1259470111170668
1259596762075916
1260779532408363
1263240885040244
1263620582220503
1264003830663823
1264387794021616
1264525831982797
1264837658761537
1265072235362154
126544069458507
1267075965170306
1267891187881771
1268513748234383
126896452722996
1270518338075759
1274226443605626
1274983510962452
1276866790811203
1278427240681769
1278709307070013
1278779087277499
1279675089100808
1280085639162870
1280808040257341
1281708976123570
128200252662825
1282269488854533
1282804696198352
1285173329756111
128522829556421
1287315796446151
1288457458216518
128938685896797
1294641152056571
1295682202162865
1295961595270299
1297289105173412
1297579788763285
129895885791505
1310612386162805
1311312900704816
131145536280392
1311731547259669
1312249086952466
1314350672460868
131537115594184
1319655793232708
1319905009483700
1320009419089931
1321068194961369
1323900779245455
1324974211205156
1328329718722521
1330674335353064
1330781328751638
1332298488553563
133257902120036
1332646194892326
1339041880721527
1340844294335969
1341354080930640
1341806719539646
1343063510121799
1344665222911080
134706738637724
1348746352167419
1351720599835400
135465545595290
1355221675277654
1357464931720624
1360553987765980
1362244074141575
1364395874447452
1364424867624651
136615115147386
136643348476601
1369185591330392
137043365079535
1371113256590572
1372788891054360
1373348411340684
1374169720153153
137706161666298
1379213953314050
1379455350063085
1381178732954826
1382211865490280
1382798135868147
138584111517238
1387362678945298
1387920952207779
1388943591483751
1389248414783056
139137145506790
139541458145323
1396293054909524
1397266427293300
1398304551003517
1399738181035366
1400069320662357
1400595717898971
1403284820034849
1404017743287755
1405498086480713
1407448793405329
140792044701678
1409438953448317
1410605105945701
1410912915934783
1411840682889323
1414431405585937
1414538848882398
1416649812734234
1417805039290699
141790701242472
1418849328465006
1423073328027144
1425485091155114
1426727925229287
1428179788077305
1429768584907670
1432623394447100
1432814671275030
1434210216916701
1435182183509368
1438016597489578
1439349216403897
1439572670620338
1439656143926046
1439712660490267
143991214911360
1440866927170167
1442010762839508
1442047006130231
1442155983575229
1442549559748586
1444811285874310
1453734825793940
1454278549242808
1454445975435376
1455379242352819
1455985335418049
1456552015660562
1458061514531374
1460803951146358
1462652744961862
1463634297528868
1463835003957760
1466338587342490
1466536913690754
1466708290348153
1466736460590884
1467365210728564
1467704156900946
1467710377020784
1467832877353288
1467858210217838
1467861323924232
1467896143802343
1467999651060185
1468097400203599
1468110986859070
1468152061037254
1468226767179008
1468380193519519
1468408861019680
1468493720293464
1468560894340913
1468688474127224
1468799007036622
1468905340943656
1469037936939468
1469474793403515
1469509564041590
1469532551035314
1469639746833781
1469738366939145
1469867837007327
1469891550391528
1470138190848000
1470184074151273
1470224607232263
1470397993663940
1470559197716173
147072174101573
1470789984143089
1471016599923572
1471149604204695
1471181297261392
1471258420220139
1471307557586362
1471436313193866
1471465849963212
1471466283298660
1471520674144458
1471540923178568
1471634933582789
1472085116803672
1472094926461921
1472131339792436
1472197863979478
1472341946448796
1472467146779132
147258783956668
1472665716731232
1472872703416758
1472915373411271
1473211923026893
1473236919723279
1473359697187120
1473578037220181
1474173969904733
1474236053767718
1474252190656092
1474534620575165
1474611326215378
1474832299525062
1474834332929919
1474874943334910
1475057610015794
1475458586408958
1475653819520003
1475742226471061
1475888032769618
1476223843411945
1476234936873512
1476404069896603
1476522059536905
1476576020453425
1476580563049232
1476667196533524
1476762596443462
1476856463443358
1476935045980283
1477036323000135
1477143203089800
1477234580089970
1477245456759837
1477312767732081
1477526949571631
1477571686968267
1477590833442995
1477866896551344
1477900560246123
1478063559998443
1478147506854657
1478303792602989
147843173895721
1478467052848662
1478477353326266
1478680989950345
1478683739135683
1478757839787264
1478902139109587
1479099915911481
1479288906071565
1479314626793089
1479401939720421
147979490623415
1479805586667825
1479823749016673
1479858285686467
1479907692417491
1479932855732519
1480006322604043
1480231386731496
1480253492312413
1480454899806112
1480732095592097
1480977628933501
1481054303049588
1481097802341608
1481677799925951
1481733783078741
1481987419912897
1482211742130197
1482238119105908
1482279968780830
1482290049074587
1482693535479511
1482857008944170
1482902218787163
1483154075349696
1483589471982481
1483631482213278
1483640822528602
1483747599007546
1483796832302039
1484099635489329
1484100325484300
1484102108605929
1484175578838286
1484435705282163
1484442661900834
1484531976065403
1484575731894637
1484709516207466
1484828795242693
1484859901893667
1484972338744117
1485025055250413
1485245015154578
1485291388972008
1485349108468719
1485391036174628
1485430692002880
1485559925226927
1485610998447918
1485669059483011
1485708982848871
1485889645119671
1485891858416288
1485903815541126
1486014155318893
1486032361791300
1486163625632730
1486211268386097
1486476492102356
1486505862336462
1486581612038920
1486601765185044
1486691725091124
1486792568570023
1486830758621793
1486842489125122
1486930538580135
1487140651733630
1487215542168346
1487227972135687
1487429941908605
1487469702663260
1487752389246678
1487846268346559
1487984574742552
1488001265211111
1488046929288631
1488107101581670
1488211138218328
1488290009292878
1488345711872964
1488381452050588
1488676188986598
1488856409140227
1488986181467683
1488995851646962
1489063845854917
1489066941915669
1489161592102114
1489302698440286
1489342561408308
1489410594754136
1489554341397012
1489680905356674
1489839498253555
1489840868031099
1490008791353556
1490016411706931
1490075831583935
1490128708472588
1490523164621910
1490606601919598
1490797821767552
1491107431284440
1491174184836133
1491182808243583
1491250552251370
1491287611892152
1491412241193736
1491534434517308
149187203881257
1492171628130955
1492244265295352
1492337898851465
1492375834931167
1492435921204140
149248850408301
1492554077935623
1492726191440436
1493000861144465
1493079838248786
1493365001156615
1493500974602056
1493752961417004
1493872260956383
1493967564614888
1493970692047049
1494213754665281
1494230904911307
1494233067804310
1494267711765951
1494287098371461
1494420547841475
1494634207748164
1494769934510341
1494786614232405
1494911134255060
1494918661442153
1494930807554168
1494951064692933
1495027527969623
1495178998585829
1495287047765372
1495423184766025
1495636687593885
1495767488247403
1495859687662739
1496035230766989
1496143578194225
1496168697480275
1496354881805116
1496692434018423
1496773520714286
1497397264151645
1497539287783831
1497625503978111
1497912827222873
1498000620550107
1498053021214393
1498112903994748
1498115930884320
1498262531007955
1498298751326839
1498572717977947
1498898557168894
1498916840806941
1499014917929269
1499125197274518
1499132923941543
1499534883902403
1499732070930828
1499955244270916
1499980477056004
1499990777385899
1500235868026597
1500235984143804
1500306896980144
1500333750297807
1500496014697260
1500711346940497
1500764131348180
1500937537375108
1501371960211075
1501731503811608
1501801350027105
1501926310809906
1502026224529807
1502196810790196
1502432136863845
1502457094012054
1502567907585033
150327507104466
1503562153319644
1503587401063642
1503946290462142
1504167899914423
1504233673787630
1504782577064659
1504900162219034651789886
1505109043812136
1505137066922825
1505181003611945
1505370547485348
1505393960456325
1505815124148251
1505841269843626
1506016437208401
1506261773846234
1506456037381417
1506486066394417
1506562433028023
1506629766509882
1506678799965045
1506711176648273
1507022259942546
1507177132949748
1507238159484714
1507264407123868
1507328456953787
1507364399464530
1507795783517691
1507815933910888
1507913883377136
1508063366441236
1508333099822217
1508712363867524
1508837873060404
1509071299971216
150908806998481
1509340249484899
1509631583385949
1509655866861362
1509722953545309
1509790096252907
1510006742667042
1510364889455285
1510404709828155
1510860659249621
1510877319085792
1511038729575640
1511442759247108
1511780282815078
1512508392993171
1512669142681051
1512936602381561
1513228572541784
1513597359629534
1513878182471825
1513947963300934
1513974792437406
1514099782578380
151452046981286
1514529215605647
1514642972853922
1514734988869245
1514747582283021
1515016382171434
1515046685506441
1515091069144303
1515405578805432
1515699392094493
1515789818767665
1515896159026401
1516251452047561
1516297002330841
1516704646002724
1516762606151308
1516857605999333
1516970851990907
1517047635846126
1517114699193999
1517319512976912
1517398716377120
1517520082423933
1517601945744490
1517716262999104
1517798462158483
1518069582239259
1518245342918209
1518369888693109
1518431699315329
1518448472435104
1518507099560806
1518645435167769
1518649008606948
1519195582069329
1519254998864564
1519364946170547
1519820151848398
1519855968477081
1519926288630978
1520002148613551
1520047335513294
1520348368927639
1520600188720753
1520848558332910
1521189081744017
1521648914906972
1521752886368491624
1521934291495903
1522940171812744
1523572528478893
1523573585040762
1523697054818874
1524308895602826
1524390621612840
1525250768341949
1525286971146342
1525380674534532
1525451250992312
1525454171764125
1525546718078460
1525798678864475
1526032257745302
1526148514708197
1526215171492843
1526699704808899
1526751530989217
152693706826922
1527264908067224
1527273821111447
1527342555336819
1527423614559174
1527507494535318
1527565214589587
1527703591299552
1528243254581008
1528393991008339
1528532327349223
1528859947446332
1529015724311990
1529102867619167
1529175598490586
1529491245082602
1530148047178478
1530240875019367
1530428861061954
1530546420653831
1530661303803394
1530877171640365
1531252834534980
153130233423245
1531425064043194
1531847073933061
1531913544843664
1531963860631099
1532169137401316
1532323010552603
1532434560576450
1532492277270986
1532884437050581
1533272204698930
1533375250523234
1533542947175070
1533657443866665
1533747770305214
1533810417075515
1534263100786450
1534698940066586
1534806166912759
1535079413355842
1535290050165062
1535590329971686
1536032147249767
1536340659904556
1536742531033699
1537047607257283
1537509989752775
1537795980533962
1537975643815166
1538003413241775
1538097027161016
1538178036573676
1538453226772514
1538522170144024
1538901093286744
1538961137089163
1539146603713265
1539276983270290
1539349797231500
1539482256745598
1539891020753523
1539957180301817
1540020653277592
1540088766387426
154023416581201
1540260876525174
1540412710067696
1540842239609139
1541156100236759
1541899916561869
154196836707797
1542094436170012
1542488166380165
1542534780488767
1542720992598124
1542797306474006
1543059476038176
1543248379212740
1543252186056236
1543526956039552
1543885483291274
1543900199318293
1544372243159539
1544754716137209
1545005639306301
1545243386124365
1545770683491099
1546106283501936
1546224095890984
1546422709711452
1546485815945162
1546568672774964
1546571199406329
1546728915671183
1547244009038493
1547288245473643
1548128762024530
154816706580246
1548200693021839
1548823012417229
1549030598799705
154914323273232
1549280955698210
1549596905827120
1550070168816419
1550408075791475
1551127215751194
1551196805344950
1551508912011897
1551549518955539
1551659760827545763
1551736592082607
1551927395004018
1551936332042644
1552416315248282
1553219578216861
1553325572178794
1553632548440219
1553790778408024
1553815911858189
1553944344775866
1554248341944742
1554279095537562
1554485181943189
1554683388725924
1554903825198923
1554933951696434
1555056058304540
1555232411706369
1555659894640849
1555776235395115
1555974468674546
1556508098642655
1557113234684269
1557128391760939
1557144132355142
1558492371010890
1558955090978870
155896879720254
1558970410975265
1559030771577806
1559093971240260
1559107801406499
1559292768026687
1559516311507828
1559637501468186
1559724007770138
1560170507861450
1560255354948527
1560436338106880
1560582584668674
1560838734419702
1561052278126688
1561335707844811
1562093181402764
1562479264706271
1562498687679612
1562619527896196
1562772187259394
1562921024248723
1563125681269653
1563135684640219
1563376607515150
1563579333846784
1563633664584596
1563683670629370
1563759167146172
1563932717324496
1563948443809021
1564530613944791
1564698937316934
1564893767257080
1565336917626671
1565367623668295
1566393423752110
1566953304280274
1567257697130230
1567442980909676
1567587217098643
1567915613399074
1567983556979197
1568009617349852
1568539364122130
1568553676960743
1568697630002061
1568747743531143
1569124733292729
1570006740329024
1570209813864246
1570333380165077
1570344660107111
1571101846858530
1571727153714677
1572239516314897
1572347426599213
1572491063247279
1572620430209350
1572620430209350
1572654156877916
1572688493677917
1572755073346212
1572951560158263
157309536394649
1573436773643157
1573443612862085
1573575799513974
1573608220285699
1573809712989481
1574540340088277
1574924993286539
1574942703103790
1575475682653123
1576076390033197
1576491152824438
1576716659907598
1576798306002335
1576971419519637
1577249986152610
1577594245763954
1577740873166185
1577988453580194
1577988453580194
1578259885697692
1578354882354715
1578694046342345
1579579099338090
1579755429365292
1580039175519823
1580816109529919
1580823049087975
1581016065777167
1581209062075805
1581338195398257
1581618982177555
1582141969837846
1582195361977257
1582425455706442
1582513258798793
1582640518874618
1582724469352259
1582845125789107
1583409078520304
1583654515944636
1583701638687452
1583819575697934
1583860488616039
1584113342212886
1584396752480334
1584588562284934
1584681728403742
1584686608393365
1584972635356745
1585181278829011
1585241925394941
1585253065470827
1585327235394175
1585662611890793
1585728905381568
1585778629027275
1586350745506456
1586447008221813
1586596565454089
1586761301530002
1586820824998334
1587042308167522
1587275618145238
1587279774795660
1587334802083685
1587521444946517
1587639015175671
1587690128492659
1587858388079812
1587998148061579
1588197624708156
1588264445023262
1588319025887957
1588380304688590
1588403794896255
1588565578777383
1588599098517957
1589118074830398
1589249421973090
1589637015085513
1589648401229180
1589785287884767
1589832768225283
1589850344538706
1589858567874708
1589865284536841
1589889371205922
1589933271398434
1590109231799964
1590121687856711
1590432544681065
1590513854872872
1590571341367674
1590899961103109
1591217654415860
1591401531358093
1591411168240600
1591510527715178
1591601827711326
1591609744882042
1591697547695147
1591871704344271
1591908684341147
1592100187666819
1592233220971038
1592305824885171
1592323938127811
1592356091155637
1592398738237666
1592802354262618
1592950321420583
1593770674923851
1593886527486451
1594160877795883
1594199584518898
1594210638196851
1594577844462533
1594692364770780
1594793464237697
1595091410897200
1595195004561998
1595304561189296
1595641064240714
1595711057486366
1595928334452286
1596407317221220
1596579294054866
1596614234269182
1596639691228606
1596740634178100
1596999177824236
1597028787856923
1597830210795463
1598065163980327
1598263277708988
1598576977647101
1598784484051777
1599450606916038
1599867420701184
1600245770182545
1600308576830739
1600398647208588
1600437214206599
1600587420148002
1600591360687141
1600847727084873
1600923170485036
1601006633427041
1601031927474264
1601447033753979
1601589937132797
1601727073813415
1601737410543474
1601814180022031
1602253826634540
1602272713301403
1602441429967171
1602610813930347
1602626660408308
1602777527257618
1603298557213014
1603569303163675
1603837147091224
1604225250006516
1604901016550358
1605464303570716
1605902436745305
1605992616796616
1606038352934038
160609749876866
1606455413344416
1606501373090229
1606736146558083
1606927903433073
1606948709516312
1607252602802977
1607381029653814
1607696462939446
1607856080608056
1607868979813648
1608094782713613
1608107662727642
1608131533005824
1608169602981824
1608253733367591
1608487309342823
1608568842808107
1608709479327392
1608840099726134
1609060262960778
1609193566667542
1609319609260880
1609433532851241
1609739459743365
1609970842534206
1609983649633400
1610086369736961
1610170936607721
1610213822851542
1610238693186179
1610313723032335
1610442249639615
1610538579721264
1610568569369490
1610746019679624
1610767732770450
1610830463051568
1610933159699036
1611282595734682
1611290406041760
1611325289455495
1611377149233101
1611410705721156
1611873712883012
1612002795855908
1612132488972147
1612216533031970
1612409408942788
1612421229529316
1612523992971763
1612877466140008
1612931102237402
1612933596040845
1612942045757653
1612976979213778
1612982449165133
1613097389430735
1613515939454122
1613597535648766
1613688215767778
1613827585469819
1614660692058574
1614694542670888
1614787112672578
1614832172593645
1614902189366009
1614924075364508
1614937015563838
1615036938688909
1615086499250268
1615164405634838
1615435558988037
1615695109057446
1615753822478963
1616185698584286
1616185952235635
1616200028588574
1616479572615901
1616872575368217
1617072749018564
1617079178918735
1617144819011105
1617160055670549
1617168341822808
1617175585812705
1617279012467562
1617297415324463
1617445885107608
1617490451782604
1617497818592722
1617523891770356
1617663592140193
1617895708704951
1618214242360585
1618231925259348
1618266565466126
1618311415695355
1618465615629686
1618628118593748
1618730451850763
1618774625433191
1618782148706314
1618807488467188
1618863281952249
1618923194972924
1618933814959267
1619032028465201
1619068795150202
1619091781616247
1619269751606914
1619296881752673
1619526041792148
1619544108787346
1619625061561064
1619749058215480
1619749858625299
1619788078444846
1620233415325553
1620438884812865
1620609014816374
1620621001788572
1620631921440665
1620912445061180
1621069924759172
1621081061842157
1621150031419256
1621166301426607
1621214618063201
1621339338789682
1621373671391550
1621416334713624
1621560935337239
1621615702039246
1621909754981879
1621971945105664
1622168865092126
1622191058489906
1622207557977982
1622209314885951
1622284608225783
1622356698160835
1622415194630107
1622476574612600
1622681128122446
1622700127929450
1622810594765838
1622847101238832
1622988918579319
1623011004563811
1623146137883800
1623257868066246
1623375951194130
1623396067860102
1623625315060520
1623626604973883
1623636934692592
1623726907819775
1623916124916899
1623939171797856
1624188705063470
1624193691123205
1624355548192298
1624446824406380
1624505925175072
1624590987931390
1624660587730220
1624705398169897
1624775291190490
1624784081042678
1624805517910552
1624875321489297
1624961854511263
1624973517897747
1625014154362888
1625025624495391
1625148355062210
1625257014351139
1625261308123777
1625366605035078
1625440547661340
1625465784316359
1625647231238068
1625839970953014
1625892504803349
1626016470919528
1626076367746855
1626133911109765
1626161270909299
1626258314926962
1626280078330512
1626373198163328
1626588714657787
1626617300860348
1626644484212163
1626648110859335
1626918398239696
1626990324843262
1627005031565763
1627098950818252
1627143207620504
1627146557480205
1627150831248693
1627187854519091
1627395150788636
1627549241436263
1627603064102466
1627619051146113
1628092801904611
1628141080714941
1628167037515064
1628204164367768
1628268577563206
1628606594549255
1628863658007395
1628944343971968
1629032104238793
1629493467746708
1629584890887030
1629830051287639
1629851807226119
1629901000732426
1629941120934239
1629975764012612
1630163967182674
1630181994124779
1630213614600210
1630391317151258
1630625280752184
1630801347104878
1631123007807334
1631129020684038
1631152340399995
1631160957296759
1631241090766245
1631509000384019
1631989990523435
1631989990523435
1632199076972643
1632287717676459
1632455807252773
1632553936941287
1632571657158515
1632768453763241
1632909760426944
1633001707262429
1633276766872931
1633344796855327
1633762690397658
1634336610088535
1634463950416453
1634506953637286
1634709526918491
1634800793601403
1634991273363740
1635052264062508
1635163710216597
1635303476940144
1635434346845738
1635442686626195
1635444607191698
1635602487292932
1635696546961553
1635732433302977
1635969287321509
1636670710355117
1636913970312935
1636928506794049
1637467910035918
1637510816639634
1637526226832767
1637552743280340
163795435559607
1638090503051519
1638143153438461
1638177193238654
1638489813625960
1638706050323095
1638829946596171
1638864016503447
1638920756456639
1639131086276210
1639155219871449
1639268159599385
1639583040293811
1639788466211593
1639976400139765
1639999873058179
1640187809524825
1640555653014863
1640588473264410
1640613636131351
1640631750215325
1640637396136753
1640959859437579
1641284236069758
1641363126073435
1641409526690308
1641509473290446
1641746939944375
1641895553385096
1641898206013844
1641958159340574
1642012205990393
1642212496606380
1642417572609715
1642812909619700
1642874035901966
1643396962760068
1643554662503365
1643644979159282
1643734932745977
1643738926016680
1644408449083946
1644563342403741
1644934542373506
1645067092670147
1645148502861930
1645294495662626
1645419235644636
1645617915996348
1645728148946457
1645860179228260
1645913039663938
1645961399362114
1645984996008410
1646127052254550
1646713938858888
1646887762368583
1647344965456772
1647393612263637
1647466355454563
1647483292128540
1647507239982915
1647560855429797
1647577249509443
1647789182585250
1648331679125979
1648431278986784
1648593379308907
1648706515315068
1648872405300932
1648956955552118
1649179942348791
1649222098622086
1649332505259617
1649398135506650
1650124725187616
1650464121994098
1650572242030903
1651096462413742
1651176795065403
1651254088400208
1651298505775140
1651406391718363
1651824108660889
1652094508629665
1652226141832483
1652316638506321
1652737035415803
1652739361586189
1652804742041042
1652814265194369
1653140814886882
1653254911758192
1653274451807626
1653289415061467
1653385944865853
1653753985088615
1653803581674193
1654003508463104
1654079398306859
1654165745096242
1654278174766477
1654287571434678
165442008844051
1654568791866420
1654783421398564
1654795501373407
1654903331597149
1655029074691121
1655166875869959
1655285051526202
1655390424659318
1655444574793880
1655832374919872
1656098808233942
1656295511246779
1656304745304822
1656634628058284
1656658607866978
1656792767844148
1656827021388488
1657268551630608
1657320711126273
1657453614788276
1657478384640817
1657736787897128
1657944635604222
1657967774918667
1658008581420826
1658087045103206
1658163238144067
1658176044385170
1658204498006613
1658273274374225
1658284864360507
1658303481025481
1658481284841410
1658482264496597
1658575434550170
1658633954469987
1658635497672046
1658666867939582
1658761107649874
1658822751468898
1658951688379931
1658968244494086
1659130998107103
1659330701106338
1659399334581895
1659401444246218
1659423818348384
1659648487557806
1659661607755488
1659662037551681
1659770454609618
1659899807689709
1659943157951176
1659981964502510
1660009628228511
1660047794206244
1660154890838389
1660396404475713
1660455588026424
1660534904851759
1660589657664174
1660704027457902
1660799494345328
1660891054098280
1660938011375699
1660995304289398
1661091234221812
1661307564259096
1661336394073485
1661375387381827
1661383984061757
1661530577381565
1661797830683192
1661963084192176
1661980474146346
1661984037969050
1662027077640207
1662105867920064
1662150844635489
1662298787293841
1662322714568867
1662410870624872
1662639177919878
1662654703919329
1662724913928656
1662800724081864
1662821527250481
1663081134068239
1663182184023796
1663447047771941
1663517724036759
1663984404471298
1664248187271000
1664249863769237
1664313827653090
1664697137051506
1664753570579622
1664778013708913
1664868537032504
1664908170993145
1665087357016324
1665255397196106
1665328474869974
1665382640320079
1665566980492276
1665607803636040
1665802547451090
1665950523615504
1666064957133208
1666334630744854
1666420836885748
1666420843548885
1666489283557504
1666516960707439
1666657596867466
1666690570207419
1667097940663662
1667122340810953
1667238017065987
1667295933459488
1667393774115997
1667623380087491
1667974300562276
1668006053402014
1668080407237451
1668087976725227
1668393816889845
1668555637206865
1668903660220585
1669189670586375
1669453120435301
1669679443217063
1669911790473696
1670022320217888
1670085886800373
1670566133144871
1670580090351353
1670697523661704
1670780033105588
1670827390026490
1670873160374900
1670977006599418
1671386449718231
1671669806667734
1671770680341129
1671771386622295
1671803996944203
1671872936744749
1671952443550846
1672341366486667
1672754817456229
1673231963332960
1673558416160723
1673709029497350
1673740812816798
1673769563018676
1673848933020815
1674010876143296
1674424796079982
1674474142943591
1674648349412661
1674726892714625
1674909456035048
1675018356022456
1675173029357809
1675454680070192
1675476599511389
1675799209288932
167637598603260
1676383546221845
1676565609861077
1676661072520173
1676984055820140
1677130846001853
1677153079327280
1677228763037753
1677243186138927
1677470206272774
167754298514872
1677745456323335
1678284859026397
1678692223011965
1678861599639491
1678939476017802
1679049502488195
1679142538940326
1679180282282880
1679197319120482
1679250340145501
1679559069110531
1679741248878668
1679912642577464
1679957679059410
1680254925984525
1680809828975732
1680822142126153
1681021248928213
1681070395412895
1681277708746889
1681293982080195
1681306875593228
1681360458913312
1681439859426458
1681539432602848
1681546573231917
1681756352227806
1681778998892409
1681847882341859
1681937085842337
1682020955340291
1682400148815034
1682408651952976
1682553631934711
1682608568612384
1682616235268572
1682686339230188
1682705715774828
1682908502227871
168304938429750
1683282122364312
1683282122364312
1683316972069148
1683364318963372
1683392909064716
1683444652368602
1683824948467561
1684012415735995
1684319342248173
1684360585080511
1684367142082429
1684461718420996
1684470115267303
1684676045674165
1684730492359633
1684775122358054
1684862348370115
1684877285035288
1685194485172335
1685393361856908
1685426238627824
1685458514985053
1685502351838320
1685518351642500
1685519431938604
1685647384961422
1685677561821970
1685729401857562
1685888211915316
1686171101983755
1686235981566424
1686329378221939
1686373125422655
1686502744875301
1686810955365765
1686822578377796
1686832718675843
1686856358181929
1686858968497368
1687238038374851
1687273305002958916594253519
1687370114799298
1687391112150915
1687615818577508
1687705238755169
1688000894923122
1688038234717104
1688158811552122
1688214061362288
1688317514910309
1688362462018590
1688436941697119
1688604181333533
1689082824771789
1689122711967068
1689736751462084
168974588698790
1689799268190499
1689900118380820
1690240244700059
1690275094508800
1690303764843286
1690764598421187
1690962964425619
1691117064890462
1692250551577820
1692455650953813
1692874977562413
1692991874980581
1693085224412720
1693132427724006
1693222767783075
1693264354592799
1693372788142878
1693421227526786
1693425750845471
1693472970852701
1693600034601137
1693670647897989
1693699797504259
1693782177477768
1693790374402023
1693817314633536
1693891037665888
1694043904646582
1694162414421722
1694367660767329
1694873800899341
1695107020692801
1695214680950233
1695226927984887
1695321654551769
1695441487323530
1695699393971930
1695876014138941
1696110693914591
1696317270558026
1696514170731241
1696540700998142
1696568633879546
1696694083867733
1696770764421011
1696792464038847
1697060390494749
1697105524015909
1697140417153902
1697230627326335
169737428373069
1697384090644121
1697880700398350
1697921070400265
1697948977059926
1698249200375848
1698392403699502
1698407290559951
1698526870342902
1698532403666546
1698549683949887
1698570593992189
1698599800340603
1698681930744017
1698728650319161
1698838150305557
1698994526959875
1699295777486169
1699874467131971
1699937370492686
1699966396880756
1700014460204338
1700054517286540
1700219380447284
1700317453487978
1700380884196892
1700406977177058
1700411053820868
1700772890115242
1700791707259308
1700796714105521
1700823763639631
1700894443590029
1700895857333056
1701121460084956
1701301177298519
1701337083850544
170134268445876
1701487833758793
1701513960050345
1701533347302262
1701597203371185
1701620517136409
1701749300009077
1701863503783838
1702073526642989
1702199640174113
1702333743301300
1702552383427285
1702611663273998
1702716086919930
1702731383244701
1702829433880580
1703043486549096
1703148633204865
1703223953645688
1703349756952638
1703362323196502
1703453887212004
1703585983903202
1703688317176480
1703693386493020
1703759457221663
1703883346462742
1704027869800370
1704070010115554
1704583753063669
1704771249982223
1704961720158777
170513238808943
1705183752985185
1705211093654526
1705311759937533
1705377280288097
1705622526555878
1705622823326064
1705647112951849
1705668930215389
1705848126275818
1705989706258929
1706025876642384
1706101366239643
1706325499883545
1706607316195212
1706622006394975
1706741992855716
1706871479992704
1707054043005098
1707078446635662
1707079249494416
1707521676368738
1707549406530680
1707560549666270
1707717029437770
1707852223188684
1708017416054705
1708027719404471
1708332219553987
1708380529528761
1708383502690322
1708453766209295
1708731515978013
1708804543406530
1708819322648586
1708844712659678
1708854789325467
1708923896183519
1709076859277913
1709347349430999
1709363019663050
1709421696664187
1709527526266034
1709540012793908
1709546916218901
1709780696058396
1709872603241971
1709880023226922
1709942312519038
1710036709386072
1710169425841051
1710548832675608
1710742552874706
1710944259106640
1711087092652052
1711552285871051
1711627489250106
1711735092529100
1712289685612854
1712395815919092
1712421129505056
1712462432456596
1712642495802140
1712767749452969
1712892655960354
1712963588877431
1713042919074526
1713055015745364
1713276746117421
1713633698835283
1713705142625288
1713798682597999
1713921506148928
1714247176152366
1714292556180057
1714432339239817
1714692592053053
1714876799273410
1715022395539347
1715165362654622
1715184045548922
1715199715346718
1715398405860086
1715586075579928
1715630352136371
1715778962133850
1715918912115311
1715919022247788
1716010632102153
1716045108568648
1716074511937134
1716077198571176
1716171795847131
1716247642076321
1716984279174418
1717213582051519
1717594368411409
1717708319017415
1718008918945904
1718064119046328
1718206475228843
1718665338315704
1718744105566283
1718755008913906
1719033792178886
1719223151596295
1719251461599754
1719302148270012
1719448442166372
1719483365266211
1719583775096710
1719753311564648
1719841638825732
1720000238615486
1720095871948937
1720245432157672
1720342108407076
1720358918724470
1720507165312943
1720692178469378
1720742595350284
1720917241989701
1721085925162201
1721214371781995
1721252425313298
1721571675345985
1721576295274611
1721918545072484
1722514725222281
1722717684936006
1722846465165528
1722867355116034
1722986291807963
1723069438644133
1723291911840285
1723579728380517
1723775495144560
1723842387991627
1723982058221625
1723990331398770
1724028298238443
1724135721804958
1724266551098880
1724807648337912
1724962275059722
1725002104702385
1725133338331703
1725445214593215
1725494547877209
1725576007648166
1725662731562187
1725785360927019
1725958394242504
1726743050840709
1727045017717254
1727156647856532
1727320301422130
1727686678005804
1727800420754750
1727824637873101
1727887364419100
1727908790747211
1728047211341629
1728086624708284
1728467171244073
1728479691289963
1728604470655792
1728775627999804
1728824021306785
1728897321342114
1728922497648925
1729038800625360
1729197321192114
172944931275450
1729850471121318
1729892927771974
1730012747450281
1730154630800344
1730265481117918
1730292154419610
1730623917785492
1730713454195576
1730867364363079
1731096804063430
1731181344314227
1731214570806439
1731267764010611
1731563537633309
1731574107049649
1731679674126173
1731802961004424
1731995217249643
1732087177513739
1732180433646275
1732204530563361
1732312120903581
1732337770896360
1732349513768025
1732390397181146
1732408990300709
1732613617105057
1732671610889070
1732875360906306
1732961676887600
1732999084186447
1733102296872561
1733194360865083
1733379730509115
1733488974073399
1733801466804102
1734077717050684
1734186840099233
1734310507360646
1734344423707902
1734404787416697
1734512000084566
1734528550068501
1734704320608400
1734998100473628
1735281137302997
1735363983586210
1735373996930112
1735505999973609
1736146880451694
1736178393433703
1736551750143454
1736925053363885
1736925120559510
1736965496900397
1737114027201256
1737284413328882
1737566216803893
1737745939951160
1737748723341658
1737758816403782
1737950650159892
1738060739722794
1738433306366747
1738550633013290
1738628253749144
1738764359638108
1738797742969640
1738799126304972
1738873502964758
1738933769875274
1738993403106522
1739055583144877
1739137079621172
1739289356255247
1739377449860130
1739627423509058
1739660029796836
1739894633116892
1739957352854139
1740055896768286
1740115119531031
1740186143275924
1740287622827772
1740307049475294
1740641960042793
174086561262358
1740872913183237
1740994369443036
1741094622745138
1741525316278170
1741598576291576
1741601046045999
1741699896030088
1742605072774567
1742684349512823
1742880806469937
1742970596089920
1743070196646464
1743160669196989
1743204916141612
1743301726108916
1743348699184373
1743514816440269
1743564639527286
1743807363162908
1744384563144783
1744810329322281
1744951699453670
1745118562314661
1745996318942264
1746766838858912
1747103172140346
1747248879372812
1747485918780276
1747525529457260
1747642002335204
1747747619952452
1747999018704732
1748302245516795
1748480538694012
1748523131997656
1749138722182905
1749753391868238
1750256459085976
1750954372960855
1750954372960855
1751446228712145
1751622485635658
1751963438336847
1752061158297148
1752245985710204
1752265135461807
1752572408938440
1752644368252212
1753296191973060
1753682961632939
1754192408518436
1754300635511728
1754356865198333
1754543538308035
1754547918324836
1754681288667336
1755181898343796
175522364626962
1755260771505898
1755353221310669
1755620641990965
1755857208177397
1756075388184109
1756735144746655
1756821108071179
1756905475115810
175693277738037
1756935188510923
1756954161394636
1757419647999700
1757483714686427
1757701727959272
1758356071482794
1758367034594954
1758768334578663
1758777837911805
175894471575468
1758974787819808
1759030408069246
175904357733661
1759129007822423
1759627424372774
1759825607536093
1759927040835371
1760019877866212
1760047034185826
1760120214568039
1760300940809624
1760324427482994
1760427237481725
1760690087788856
1760744184416119
1760746047852807
1760889284496080
1761493234057452
1761537988123329
1761603630688393
1761662967604508
176180507740184
1761913893991473
1762317680877431
1762350114181058
1762450787519986
176282464361829
1763360760954378
1763524447433285
1763588983821605
1763775937157114
1764290800409897
1764529697503468
1764748524350015
1764864414437957
1765003724126627
1765153313944003
1765267257557177
1765321403631298
1765370990946402
1765506550636663
1765627783809329
1766238450225630
1766443330432782
1766503736874323
176674694341203
1766834020419694
1766848506828976
1767116350643554
1767165714192075
1767651343417830
1767740853436477
1767809073397507
1768005370668936
1768236317134622
176848660972107
1768550186907696
1768705216642982
1769039360189435
1769041890407601
1769116666832802
1769190486795220
1769192286574073
1769256703508786
1769954983186172
1769969796515979
1770720429767626
1771208416392178
1771267166390535
1771274469713935
1771599556355701
1771612653308699
1771787037102092
1771977799677579
1772112606293212
1772511556261976
1772757426967388
1772793866664696
1772808363051204
1773038826502341
1773159473068495
1773210889793413
1773278936208066
1773295862851545
1773604186408989
1773647909928580
1774054756798207
1774127686258508
1774318646084005
1774346513452740
1774442907287992
177449697568006
1774677183926475
1775107763130301
1775268226423246
1775354859333098
1775498373337330
1775556799292760
1775793826609461
1775850562787412
1775854229831509
1776200693309173
1776230346509316
1776450489503507
1776538022736248
1776607796299730
1776930249793229
1777224056221457
1777394519372223
1777505789444520
1777624146482566
1778159366241746
1778192206456113
1778266336425487
1778333255673059
1778520422756553
1778817769213181
1779408272878421
1779797209638310
1779907738873991
1780258605745843
1780461795477540
1780590868788566
1781595438902537
1782327385743123
1782456482504151
1782775782429766
178293924153089
1782989348574723
1783216835559724
1783237872277397
1783303908720328
1783308991843792
1783317725945218
1783471569044162
1783575255398492
1783759928753344
1783785128807274
1783887575747099
1783992288710381
1784006995683347
1784369478400814
1784481408866283
178554137958130
1785696551601336
1785936401755499
1786228698425334
1786504134864977
1786629501506820
1786859282200321
1786929051781636
1786973981892940
1787040825258543
1787061304799537
1787137118813191
1787960571388750
1787976514987488
1788063791375271
1788071428046798
1788284205392288
1788558488331377
1789136108348614
1789153241478263
1789536715333359
1789643087884848
1789876448024500
1791726877702087
1791847284323090
1792319828321447
1792585767580470
1792630948216852
1792779351239519
1792841704990448
1793201017530655
1793527251024309
1793737521165342
1793793257455773
1793970704444267
1793977530784176
1794258780734532
1794412227745514
1794727624053094
1794798264023634
1794870414053210
1794932017554004
1795181354421491
1795555317987224
1795585491165850
1795620531213955
1796013994621941
179612970729239
1796187693887210
1796288664227539
1796376403874947
1796485134048102
1796781617166724
1797034557149996
1797246794028599
179732077345654
1797398120464695
1797527144156013
1797726054150246
1797828327076792
1797875437054762
1797880133955397
1798166207019878
1798307824403195
179844297217205
1798570680595618
1798961404378186
1799384953575238
1799429940894941
1799744597069663
1799874590559776
1799906373927113
1800374133757896
1800631670794939
1800699924117150
1800755913694542
1801222430456744
1801234944034684
1801631477458535
1801849493310667
1802006536639662
1802120947212660
1802210007383590
1802314986895275
1802375081162310
1802519173250347
1803016063205641
1803053363934993
1803197170421956
1803279709843896
1803329193611638
1803438130547665
1803581606800654
1804097907652476
1804378563076872
1804638966667744
1804768073714654
1805019426617761
1805054606536495
1805268782978338
1805512740002192
1805699626300206
1805854176262835
1805871192955434
1805948713684335
1806234936221979
1806449689957947
1806861699891975
1807133996114302
1807275676892223
1807402606097571
1807558659870569
1807719303203452
1808151193443720
1808230219359928
1808594716674189
1808621993195438
1808641676211603
1809099826539599
1809356170007424
1809366099242587
1809374509684824
1809641262553821
1810163966203181
1810207809150342
1810307439722534
1810539466567942
1810702999526399
1810801539851150
1811082816513293
1811378082796170
1811693526073289
1812109150188937
1812344385643008
1812511282834048
1812845122229560
1812894605958147
1812981542371960
1813013616275207
1813035845526002
1813455522464491
1813621728806667
1813936182105469
1814049975450435
1814062422098205
1814414325755640
1814604978749311
1814638485561906
1814767295742551
1814772959345418
1814822548686947
1815058502648606
1815078902722254
1815214183210024
1815220938655065
1815434762414775
1815713332116444
1816705192600597
1816860082194698
1817471608692036
1817609512411268
1817900959017379
1818033595034580
1818387761903813
1818419985171400
1818434728330806
1818706174974354
1819205965352585
1819230288632067
1819361731578699
1819479102216649
1820230222110455
1820695918501417
1820741141431448
1821541721357941
1821956514871897
1822259271584835
1822331648635282
1822505864590104
1822679124852063
1823002825212908
1823128321193850
1824168221403744
1824218777737788
1824264681300137
1824266847970785
1824481201082662
1824829074535195
1824940477888457
1825055087662126
1825145554986426
1825202640993861
1825640394832653
1825756004550215
1825810728356152
1825971774526311
1826052181546367
1826109494417273
1826156844221765
1826340354447875
1826359941041276
1826379271567569
1826425227520026
1826574411490593
1826614934185450
1826774458215388
1826877647868343
1827075450806590
1827109544540053
1827444787754134
1827485344642931
1827688367390668
1827784784049107
1827915407388466
1828744814269420
1828751521038163
1828999750606627
1829057920604500
1829440167891830
1829491027225784
1829959730742145
1830234640478016
1830271541036880
1830604877753093
1830699371183056
1830850687120437
1831080747289139
1831753176985472
1831888610537419
1832326316934647
1832565736911736
1832612323801055
1832963013578787
1833025690202053
183345120321212
1833498886983450
1833624010582840
1833688947483846
1833833716795775
1834122646764896
1834251733773053
1834450560051364
1835160140677585
1835504716950684
1835806316594045
1836234219876309
1836282609862569
1836872503921115
1837036733172826
1837630453285651
1837916909719433
1838038789900596
1838212756351945
1838362206580363
1838958432977445
183912810233431
1839219172907602
1839225510143822
1839362313457728
1839541583594037
1839550816630171
1839728676205928
1839891533259578
1840077736514342
1840146413554122
1840168529500778
1840432562796852
1840609249422556
1840880179717606
1840909916076219
1840987899413061
1841182220169625
1841589436312132
1841634902678099
1841762132663515
1842016419640611
184228856881200
1842294479482659
1842303876154945
1842406856689235
1842408792605539
1842500696308829
1842926805876062
1843405662780282
1843789989360327
1843849276105612
1843896505778779
1843914759519619
1844350066436209
1844415289053342
1844422009673318
1844454715724418
1844943126118835
1845124672995968
1845941759166516
1846094982230983
1846195632236541
1846330519082872
1846357609309702
1846672928815181
1847339892451846
1847726188724534
1847792065370644
1848126665351636
1848244685598360
1848280235346998
1848489355879131
1848667121969826
1849027831944392
1849550388552225
1849692685203107
1849714578534503
1849734051870639
1849797998865307
1849849198766062
1850851061996473
1850948095400500
1851068535057610
1851300605064915
1851478949127794
1851603031929055
1851838518705858
1851926611924474
1852090184965834
1852366548613016
1852413501998133
1852516451565607
1852524648242508
1852656705276003
1852658588572843
1852788068815534
185283423779038
1852860304873574
1853078861534548
1853143054859259
1853249725047090
1853450594825983
1853544995167016
1853823971491439
1853996078362469
1854007891426962
1854361158401720
1854391454990400
1854466021738347
1854905638003617
1855087407986806
1855121575335774
1855202878182502
1855235694635748
1855253854652074
1855262968192364
1855444111290727
1855465322075402
1855568901468800
1855658231307671
1855782431248038
1855884821587700
1855888907926278
1856055464570671
1856140964845063
1856198544557237
1856205637881228
1856541537857836
1856577427834089
1856626527852729
1856718031154894
1856962797801168
1857116724449092
1857128911116963
1857149064746762
1857360794634927
1857450208446697
1857543701439069
1857694331310146
1857898524366331
1857977277716039
1858488258288081
1858719814285506
1858833721354509
1859093324254580
1859487654858769
1860726264744238
1860831254120702
1860992650743214
1861088820927989
1861365227362724
1861764371337334
1862439670816816
1862460867262010
1862551424486305
1862852190557600
1863240747156944
1863785667691584
1864305180394341
1864440327399625
1864511807674349
1864585817292988
1864779673676939
1864803214294542
1864941417341892
1865050060950230
1865071666992512
1865179034278028
1865246544407751
1865396247623822
1865430136955569
1865495500881615
1865511224008992
1865740927284369
1865772376924539
1865828294205217
1866071003799145
1866296443928662
1867003234094706
1867625636753585
1867657147138815
186789847650165
1868311530630044
1868326450409702
1868357300224116
1868407953491304
1868477163337099
1868557066879181
1868953719942997
1869398310578051
1869427263604953
1869433986869370
1869634766948728
1869649693467590
1869752939888117
1869869623793525
1869964336744793
1870107010079374
1870122849987384
1870186499814257
1870253429808274
1870310253430536
1870509246717100
1870568910107221
1870902906406945
1871214670413560
1871356813028540
1871368223024320
1871579399660575
1871597403017981
1871716132997896
1871793453661426
187184676576213
1871981913010481
1872000579896658
1872020002961431
1872024583157822
1872063896461850
1872352189950261
1872366969635823
1872387979607046
1872730329559656
1872990859732284
1873515789666636
1873519229742454
1873887562964169
1874298909597832
1874651406028829
1874760909541869
1874783572686440
1874931503311807
1875028652676162
1875146993000197
1875343592944997
1875758862924231
1876081722822741
1876222842543620
1876299009473843
1876364126181150
1876374649541702
1876505679183537
1876792569365793
1877092396148462
1877386639089933
1877739132605893
1877775499302213
1877858775715058
187803593169871
1878179076080824
1878240489361810
1878383916031010
187861266514311
1878683385945467
1879084149224287
1879413972854963
1879766549113698
1879989105894744
1879995935758210
1880581922100998
1881492075685788
1881513422019944
1881557129074267
1881636002230107
1881640156012248
1881643369412754
1881752025323796
1881822878928871
1881933888991676
1882019675580382
1882117881945698
1882307828889267
1882334511942566
1882612192208248
1882815765616191
1883096175188424
1883119448839517
1883196549170639
1883291318492806
1883303591851155
1883492668780689
1883492845371863
1883691995398085
1883773148468055
1883866052113333
1883869275107362
1884162325474255
1884219075346937
1884238302423087
1884372038793322
1884438605692387
1884477828386366
1884499299042796
1884509621970629
1884531285276386
1884634885726520
1884670125335752
1884818752026984
1884867508652923
1885124598950206
1885187735289217
1885447081866043
1885471642018779
1885474935639498
1885518325248483
1885615228273145
1885638838259284
1885663371945154
1885683094942571
1885685835208535
1885837585267637
1885852038652152
1885907055127573
1886022391574862
1886114011946775
1886170158217187
1886214642186483
1886310634871393
188637709753338
1886657231488757
1886678091501482
1886846138430835
1886868088435059
1886934074805612
1887332345158284
1887432851416672
1887654378463987
1888023541981704
1888274061372235
1888478761601601
1888722311299414
1888940001980342
1889012608190255
1889186601546739
1889511191218388
1889752798162275
1889815391185064
1890311604466853
1890451248466617
1890517641112926
1890543311317190
1890633168350731
1890641091074699
1890800354409433
1890812594624543
1890846851796859
1890992177721088
1891063594709396
1891084564794063
1891251334686846
1891345464568682
1891505131360216
1891549734708938
1891873777939935
1891884994599485
1891925524484907
1891995817641215
1892052114293290
1892057147982967
1892143097629848
1892151761250517
1892217317895622
1892290420926231
1892373644897267
1892379134257837
1892576947777527
1892807190888883
1892908834504394
1892990704561843
1893307144169264
1893311501131966
1893381317493712
1893520004144505
1893790487717037
1893894721049951
1893900387452546
1893975584101169
1894009207439594
1894016530774877
1894057064075859
1894121890763955
1894347427799402
1894493928623088
1894545971161370
1894997953997954
1895109440924479
1895142123978109
1895176070909367
1895217344236140
1895310574178281
1895357030613653
1895414007972738
1895567704630194
1895686910891548
1895792417547832
1896238724133575
1896239900709665
1896317337458114
1896336810829075
1896376234124424
1896381341215537
1896466160508846
1896478037413373
1896485223851984
1896547367193420
1896560510503375
1896751240718284
1897070474095187
1897132987105328
1897161740721028
1897321010618765
1897417697076248
1897759410378524
1897819170730896
1897863813991911
1897919200723729
1897951303693384
1898070690947019
1898134810341549
1898274020323221
1898579924411960
1898708156963791
1898783203816669
1898983673611256
1899148760516249
1899164400520380
1899243600538358
1899312246888942
1899345907192315
1899396086891675
1899714460370533
1899788503856603
1899797760220747
1899889197117173
1900532053431987
1900561003430167
1900579703736505
1900583126758344
1900648020083505
1900672593424288
1900748640399704
1900844700689159
1900849370073735
1900915950372432
1901020913711635
1901258043661780
1901444066709049
1901540796693918
1901559243658766
1901578183353365
1901668374007833
1901684319995888
1901726423577848
1901867933301982
1902592060160952
1902668743217141
1902828673523505
1903614246478420
1903886746797102
1903916513106974
1904256300139435
1904626663028270
1904635829946090
1904728319691958
1904892526556515
1905108143305541
1905343962974444
1905459389655897
1905777003165939
1906428616375338
1906504106770369
1907126639464114
1907377922750142
1907493066760126
1907878309396018
1907959979352491
1907981309722137
1908041029974458
1908248712894349
1908256030001532
1908531549307195
1909049095920637
1909126566609361
1909328806512277
1909631556113304
1909662085867691
1909775579187634
1909951059157986
1910055145828020
1910114166123350
191039002732681
1910733756057919
1910934442419827
1910943639356418
1911221816352246
1911317725673819
1911341105725572
1911537699010961
1911797203007834
1911937148945519
1912097079274116
1912219702279541
1912399142614711
1912480705572586
1912642422231662
1912664935920824
1912679195581813
1913141276141150
1913154712531595
1913309718826653
1913450875470315
1913628768795143
1913649375876029
1914211515771032
1914318418734830
1914713255371553
1914746295367931
1914803495732937
1914817279297910
1915255565615063
1915376912555295
1915389879238891
1915459775560902
1915497045544845
1915779855244261
1916029305827482
1916287721861029
1916426182036444
1916628342469235
1916880135132727
1917333219121501
1917532142007943
1917688301721796
1917778952402276
1917807461704180
1917821005666686
1917979348373864
1918336868343216
1918653131616784
1918691548919823
1918925505557522
1919008645612543
1919114098240549
1919133155530020
1919647471719240
1919702498604364
1919735881515919
1919823495187308
1919841425145201
1919920791708622
1919940358399136
1920092851478110
1920195694828136
1920261101799934
1920398668107104
1920890631673287
1921225718246281
1921329591664072
1921635431567434
1921783921331973
1922247281848908
1922527228610694
1922535254818573
1922595921438083
1922800074786509
1923399305125677
1924100804431635
1924252315097839
1924277371697461
1924367847731234
1924817437878978
1924907108348968
1925042670996141
1925160704316871
1925168221173110
1925419871335875
1925433394270763
1925559011491259
1925636431626350
1926132961287402
1926236794822802
1926495354167843
1926667187530840
1926745577749628
1927283381445117
1927307787421911
1928281304634552
1928446404023511
1928560084162246
1928675590631945
1928734890798678
1928941004608688
1929061250823107
1929189323899397
1929613607205613
1929934027349818
1930007213830068
1930254287185211
1930270410470668
1930305931098070
1930436387108609
1930988017076757
1931214713683482
1931760130698444
1931780617299644
1931827713869733
1931907960510894
1932314370593767
1932375566917707
1932679334168391
1933005710530626
1933040480179010
1933311343760719
1933387913831560
1933760724043213
1933813523697751
1934837740246220
1934913010006629
1935113800176160
1935285813672261
1935560670529754
1935735649936615
1936279353800232
1936714796485417
1936993713749598
1937027986451308
1937272213096049
1937429489768422
1937664153057318
1938048773011085
1938241576374676
1938792983607634
1939041109930184
1939054443205627
1940995099613709
1941384829347274
1941475369533594
1941677992655565
1941962195960615
1942019212970178
1942565749873735
1942771226237549
1942802875874547
1943566156385209
1944459936003687
1944621915695183
1944906766323606
1944954849616965
1944972589032915
1945098092333524
1945293069169360
1945526875624823
1945762248920284
1945919162538988
1946080945860542
1946815999118712
1947335242387926
1947607652054309
1948223199168516
1948234052590096
1948370019307242
1948605621947176
1948845342262906
1949162255280001
1949238525598157
1949425145217802
1949468559242375
1950214035354806
1950973838751223
1951103775220851
1951802035241975
1951975278288369
1952099362228807
1952125198270348
1952377078519206
1952471908248386
1952683365063669
1952753154926956
1952873614870776
1952983668823610
1953155938484349
1953158444832813
1953587802125716
1954074018094035
1954242488467567
1954589344884995
1954988204997403
1955731968555347
1956498724797087
1956642421171665
1956726421476418
195691655599913
1956998564438249
1957052257792321
1957208971111733
1957430918045114
1957587284389473
1958540320972182
1958761204506842
1958914220913396
1958988367858172
1959031860927123
1959383147726387
1959727381520476
1960308220787934
1960427430783869
1960695684715190
1961557000658031
1961737681253715
1961755073965112
1961801720973207
1962509007623863
1962589600565083
1962590530558975
1962705344500001
1963061970507724
1963259757493602
1963293644032231
1964256843723772
1964385833727204
196513708974142
1965582976931452
1966715570148768
1966998973453699
1967091303429729
1968049033357528
1968085616672023
1968801883565439
1968850340315457
1969060420175031
1970032489827156
1970530683774121
1970567236675189
1970661923298463
1971163889949549
1971253509692991
1971438646528488
1971591503670340
1972157176577956
1972219966575358
1972248246616908
1972330786269271
1972499576252721
1973376699483229
1973669026347400
1973892386316447
1974186950034456
1974571466359420
1975191446021789
1975238952954352
1975578029920430
1976002672903608
1976104069222356
1976622029852825
1976659635820896
1976976119447367
1977105395787021
1978509928972748
1978742919138835
1979431569106939
1979610709202264
1980851688970050
1980904212060113
1981062382337390
1982001682623461
1982034051937872
1982450541928407
1983118612201293
1983484788799727
1983593022093590
1983747982047336
1984218108644693
1984473158386331
1984480728375083
1984580475252338
1985207168520502
1986298181524215
1986312615535556
1986548641777208
1986698501834402
1987331134968095
1987470588675226
1987673984951014
1987923071365256
1988083644901533
1988119884659191
1988582721945647
1988845811270879
1989176724826733
1989216124577989
1989806701351880
1989839567846277
1989983014693106
1990221674467323
1990639511281375
1990892811302715
1990927384675790
1991065691664100
1991111887723440
1991784227669500
1992435384890084
1992439574603051
1992455831206873
1992498980913928
1993536108139712
1993589217445814
199379585351617
1993847160769138
1994036577779316
1994612081288789
1994753637590458
1994756097707607
1994763621022138
1995012084294778
1995773114181719
1996205557527974
1996429420549584
1996987690836171
1997266700477178
1997622034081806
1998203100330409
1998314533924784
1999082686957123
1999107663563205
1999286250210026
1999605796861306
2000120534150723
2000577500091720
2000620163844755
2002504993249744
2002609583214164
2002658599890082
2002987693858535
2003037383171314
2003061303836197
2003062360502561
2003336873476850
2003417696810172
2003696343118648
2003747033335957
2004233003719697
2004287999728035
2004613019680063
2004622973018661
2004634876368434
2004751739912894
2005199643274083
2005336082967298
2005406136302125
2005517866594519
2005965712910585
2006318876214673
2006740309731680
2007218329416917
2007988606289853
2008285969323877
2008527279887615
2008557023219249
2008657525956605
2008755022925733
200878488323838
2008786763280941
2008860296237376
2008905669248933
2008917569255286
2009281292557290
2009288969490137
2009419922542081
2009789039451414
2009923219836360
2010386456131363
2010602456435144
2010846602651184
2011706545661074
2012169715866696
2012283982268742
2012300328942336
2012315839575043
2013006668872417
2013089972792051
2013110642188104
2013386269194297
2013566496140181
2013620822432890
2013896689072185
2014331429085911
2014348542377599
2014356302638181
2014486752064953
2016129235203148
2016509118519571
2016560938700209
2016634262122643
2016641525537505
2016724415763420
2016825858792272
2016901575392193
2016959855436354
2017267438726824
2018019608554138
2018065711943661
2018169551939308
2018502031663314
2018841578273754
2018853064928551
2019242548587909
2019684585237163
2019723614885364
2019827668489224
2020228338713739
2020267788138094
2020510628413499
2021420541348999
2021754317964662
2022000658244942
2022193498172450
2022205205252158
2022217001453505
2022819051857075
2023653684827129
2024026951308437
2024105564394433
2024410697731609
2024510601654320
2024623757721688
2024869710993391
2024911237664220
2025050251283345
2025058007667489
2025256397858299
202542705017802
2025572317625401
2025651020907392
2025699007867511
2025718834473325
2025731354243321
2025747874912179
2025821234484059
2026075627810380
2026211531246732
2026723011109713
2027129204112171
2027590670941248
2027839710993244
2028554197613076
2029046107257986
2029122374284338
2029153180575104
2029676603862715
2029819604514857
2029952707143052
2030016227139582
2030051797502493
2030238517147982
2030671533752837
2030681214403955
2030895250401285
2031273020557905
2031951670592984
2032094264199803
2032257900449248
2032654393570195
2033663266782267
2033817116759456
2034666043736701
2035442629944885
2036079069866423
2036121509868334
2036358240047680
2036730240110387
2037105893096379
2037113429761799
2037212683683872
2037227373303783
2037368193338150
2037485706785976
2037585640115950
2038239409650886
2038417323255801
2040196063083229
2040211183006458
2040411229674168
2041119509711652
2041348799369562
2041373249616882
2044459639242890
2044748245712814
2045016142372209
2045254119171091
2045518175613800
2045631525826812
2046146458860637
2046529505834214
2047835738986364
2048100342031875
2048243952221980
2048280365582395
2048791851967792
2049562898530641
2049783402063087
2049848548731485
2050552738416187
2050820235100289
2051758438310372
2052194301921303
2052468395087877
2053098054856058
2053976641674609
2054041994944926
2054237428073802
2054352894715445
2054795974870399
2054877614686107
2055087028234957
2057422071127463
2059384214201020
2059799897525907
2060289054112918
2061236860896049
2061779627644185
2062211977597837
206254431065139
2062606134223347
2062883127529622
2062979620510611
2063217607150753
2063262094134505
2063331004041046
2063686107350764
2063772324139348
2064009707398552
2064133340762530
2064194174058309
2064937840580172
2065281980586969
2065363883617626
2065430900505943
2065779543867271
2065811797267055
2065815090535780
2065870236885914
2066392430168759
2066710620486399
2066847236810032
2066883207096115
2067241360361194
2067631886748912
2068149056723424
2068831770123888
2068906770122457
2069547090042897
2070774803063888
2071110906383278
2071313083344784
2071385119886757
2071856026509039
2072215519587592
2072402323137260
2073475373061571
2075063672681509
2075179576304410
2076285196069682
2076373326107166
2076609646081101
2076917335815479
2077027656017877
2077115495759820
2077550885751961
207766264228277
2077962482380297
2078358595975661
2078472639237478
2078583385965251
2078631819144197
2079742485501909
2080443682130464
2080861042055451
2080919219088887
2081437082370155
2081884491984561
2082042752231961
2082122052122980
2082258832174047
2082265802539800
2082265802539800
2082405892282139
2082481158767923
2082894308767253
2083862045287324
2084529202000471
2084602371876941
2084605835349612
2084625061956864
2084721701881243
2084878011992960
2085268421677876
2085528181937097
2085710281607609
2086039901569060
2086749398439223
2086822361830829
2086937211502351
2087108744800577
2087212295125704
2087634251414692
2087716701715919
2087818941614104
2088197901323091
2088281011319967
2088935044924786
2089062037903632
2089245824562138
2089376694879371
208984667485363
209000900747506
2090030321186460
2091367067882026
2091950314551738
2091951651006095
2092067934568416
2092527017779576
2092540251233561
2093120881183394
2093178134750265
2093229260818362
209339994330149
2093406867463850
2093491288144315
2093949007788576
2094487780725205
2094733594375625
2094795874320851
2095074440884842
2095761623946651
2096190794231733
2096255837504262
2096630480867506
2096673424190038
2097014397125117
2097659987067029
2097845293988448
2098140537204244
2098549520659237
2098667530308021
2099375073792551
2100116846858667
2100595560363812
210064420632621
2100781693738386
2101054733734858
2101325283508340
2101433450224229
2101679413549639
210171020690267
2102075883268246
2102884050225356
2102988136787543
2103252796490496
210337247267518
2105381926512164
2105632049896092
2105901319842268
2105953166244132
2106246946521894
2106549326474403
2106612529834161
2107092083010559
2107188936474483
2107202582944000
2107790622956113
2107830212983577
2107970539714970
2108065309558862
2108065309558862
2108155332698629
2108330319677269
2108853319296822
2109575072876684
2109663789388044
2109968862508391
2110038695811803
2110071709469127
2110573792759957
2111011082664410
2111048879034263
2111160546056403
2111263605941024
2111320622672659
2112092012541844
2112123228929001
2112354165892868
2112427682518769
2112587855555811
2112617822539476
2112720125900905
2113906529113849
211458090457593
2114921008650460
2114975015374927
2115545928615407
2115836695593598
2115849268573069
2116262242109265
2116462891829728
2116552441818357
2116579395151459
2116588278811227
2116841085151918
2117170108433482
2117971285029715
2118484218313052
2118560668555086
2118894585212856
2118912128246144
2118952301578138
2119292788444724
2120065834836320
2120107174797462
2120356375063799
2120685591655721
2120759261741552
2121169038060731
2121373324704382
2121453461630248
2121648721322516
2121770891336299
2122024624987564
212254500731776
2122849944731747
2122918361468783
2123293621171957
2123947524700657
2124019351447758
2124155281303017
2124155281303017
2124204464397670
2124235487987256
2124364054561239
2124477681287449
2124987844328046
2125714661261591
2125782921187455
2126458740824445
2126615654482017
2126620991157322
2126639480869518
2126969171139522
2126983240777877
2127015120771604
2127390474094730
2127907157369170
2128586340845779
2129454077504510
2129636157235428
2129831994148154
2130101280746294
2130120307495130
2130629070685702
2130787650600113
2130792710767156
2130964740580274
213098037063590
2131117327394112
2131495084014867
2131870560590941
2132068417282982
2132167420554003
2132477620227322
2132581817084206
2132597920424075
2133134417062947
2134826826881051
2134843876658798
2135123446819467
2135432306843176
2135490453510737
2135534993414546
2135847469890527
2136109066726077
2136545356493285
2136548113167583
2136637153399805
2136686323341029
213698100204345
213752304294860
2137954583013024
2137959613074195
2138197299850385
213820580547509
2138268676513770
2138317766335233
2138697203176282
2138712733261086
2138806466472975
2139246566514746
2139579803215157
2140142266184624
2140229156129594
2140414253104205
2141103949415752
2141234906386325
2141314339585814
2141885106246204
2142086216170542
214236523483898
2142555102798341
2143065249237660
2143079555862903
2143090146072405
2143362222484090
2143808239129456
2143915025907221
2143918829320930
2144208429080329
2144566069330481
2144696542496500
2145544605898196
2145963622549656
2146301925718629
2146597629161193
2147723602283759
2148228142215071
2148325882235392
2148643305502956
2149010952211280
2149366218782323
2149745628755168
2150138755429187
2150524931808626
2150553395334635
2150655591995744
2150821825348537
2150869445055900
2150939165331028
2151276618344784
2151727651688942
2151831464958956
2152628391842737
2153683818096823
2154356198377176
2155236451520559
2155291644831645
2155618451451010
2156234721561265
2157748774367179
2158088481284725
2158317057846860
2158899627785496
2159330091259465
2159856957678779
2160312651005475
2160312651005475
2160917924207495
2160957217621115
2160984177584223
2161414494342695
2161625377534131
216302696544626
2163106410695492
2163296927506355
2163352240526273
2163913117084427
2163914627463575
2165076020636894
2165508427248316
2165675257101533
2166247573758337
2168245783560803
2169036190274308
2169489009878332
2170186283465247
2170452240102090
2171025766393848
2171288996366662
2171570223245401
2171688279882651
2171759576520936
2171767789823994
2172163503140662
2172946173049899
2172957456533677
2173782289423513
2174681309647215
2175490639286254
2175637882833464
2176137846111288
2176585569372690
2176611869381115
2177121812798067
2178356615949140
2179003275924498
2179205852530815
2179286049160317
2179490635521668
217986099844710
2181271155399475
2182143795311034
2182357618629749
2182664505492490
2182671221922227
2182730425264558
2182742178693803
2183193005444428
2183290065420478
2183434088527901
2183544222003295
2184143928708071
2184684168407230
2184845221724290
2184890584981007
2184890808347427
2185197321983127
218576329634870
2187015901679413
218720099616383
2187593778064107
2187790891644119
2187891304680238
218824696355825
2188339058680288
2188340928284640
2188452771328056
2188814721248772
2188910831244380
2189322991445641
2189988084772971
2190222491166975
2190513347807083
2190774598044825
2190780967935625
2191119131018112
2191507377930510
219158423054095
2191972904335329
2192176324266901
2194886207368228
2195216764008973
2195868843877524
2197094017098452
2197136917399307
2197261440433173
2197724190425694
219777926159557
2197866103710338
2198319153864179
2198364820599011
2198822494205850
2201216463342558
2201345196970693
2203418753168983
2203517079982025
2204221103074997
2205554019916177
220560996207689
2205616079889471
2206439209799508
2206551923096996
2207037926154804
2207291826354313
2207520656347634
2207881682739953
2208409439347968
2209229805897488
2209627526093247
2209731202537881
2210199149370537
2210576819299714
2210960182367867
2211678815877111
2211873705982779
2212303942555569
2213124432151399
2213725175431253
2213926658957229
2214102685722999
221453683277773
2214837315692399
2215275812015247
2216870905110899
2217362041779804
2217520315293247
2217609991704467
2218012911739323
2218257078546904
2219245978207959
2219266384898148
2219704124827751
2220110588378584
2220143521455933
2220243934989702
2220256758148104
2220576624993979
2220673091431840
2220807424983440
2221089741568687
2221321928002606
2221505547979343
2221811891528269
2221971924605770
2221988378164593
2222359354564477
2222421164780577
2222585521205864
2223157847842976
2223162538047590
2223426591366130
2223831564419938
2224244944625925
2224301677705778
2224304277905170
2224465361264929
2224963321355231
2225493034252154
2225707617785548
2225747410894498
2225768314295944
2225998370910813
2226203554409409
2226946101072691
2227214517636336
222722889300916
2227433184084002
2227566567621909
2228144787578589
2228696817260987
2228834937551076
2228928300598843
2228933847610466
2229246920543331
2229368937456285
2229383333863884
2229578820513575
2229592133842143
2229753490567136
2229765617486452
2229926114050019
2230107203849403
2230187667116406
2230299300740415
2232049356977581
2232158446975546
2232219543880369
2232244670244239
2232282200623133
2232336587236467
2232340747198527
2232452950218704
2232667640267686
2232949190490750
2233007530478518
2233124703791949
2233388750395799
2233827470298013
2234275060103961
2235003126888945
2236007259882318
2236314160139901
2237159420132711
2237476826383344
2237678846704156
224001979088941
2240179826115207
2240642266115360
2241564279579473
2241633026289878
2241674976263518
2243302429133059
2243304482489970
224364939042110
2245320768932360
2246059282422862
2246254695577331
2246712402355173
2246777105754081
2247702772344550
2248934548582373
2251953991872716
2252027334929210
2252351545156758
2252457878219277
2253831238155398
2254527831350500
2254745301364164
2255413981260039
2255684457941788
2256490801457890
225652939333964
2256892488114192
2257700514674508
2258602261251819
2258602261251819
2259201660912685
2260503381005442
2261980807584363
2263211900800928
2263225973810949
2263551317417830
2263555200441213
2263742130646400
2263866860412061
2263925873737674
2264929383939478
2266241020237492
2266316847067726
2266768660178667
2267074103764063
2267206080082508
2268298350684371
2268663983327432
2269741650080610
2269963309802138
2270103383123097
2270687810017370
2271059996423211
2271260379722406
2273077239715767
2274018479396785
2275458622587501
2275727056059102
2275949979202810
2276155982518093
2276926832743819
2278916632243267
2279160982468410
2279915495692178
2280042029044088
2280200778992019
2280874012044236
2282185861915145
2282844975220496
2283070585398681
2283594318491439
2283615515413317
2284360478366109
2285416018328381
2286382645079681
2286733071514424
2287142974950560
2287537708287325
2288103504869715
2288141294894914
2289593187838656
2290025854694417
2290050127853150
2290224581112100
2291016914590963
2291393301202765
2292831980853214
2293490754191949
2294333624332442
2294616960941252
2294951787557817
2295029284196953
2296215960831362
2296898123980129
2297047603760616
2297295643988939
2297437463721089
2297439070389542
2297700563724248
2297862130634473
2298959130237473
2300258550373701
2301172516934613
2301604153350523
2301876983341839
2302096446789616
2302152363499559
2305720893159756
2306584946181748
2306736832837651
2308105346058370
2309310096106197
2310062042744247
2311041119325264
2312993785538550
2313524749040789
2313649035642178
2314299559028182
2314455985599627
2315831798772125
2315930165510639
2316154482165265
2319946521774479
2321346811534962
2321494808036431
2321636757996198
2322121694824983
2322937818121733
2324097974608335
2324311467721576
2326490060883847
2326624387717621
2327639617420247
2327981447393292
2329872250485181
2331525270369165
2333698303433046
2334400153396305
2334721706679339
2336926563336071
2337446476388734
2337794693031795
2339062559791986
2340110802989311
2341299559357898
2344067459302971
234475058477484
2344818389021263
2344958972375642
2345587645630979
2347119419000690
2347237138942571
2350526221983628
2350814318595961
2351154961699195
2351352231890995
2352231588464464
2354155278332454
2354980851313566
2355457767919543
2356474167852442
2357305634460597
2357606307959511
2358542484519239
2359957700836903
2361403957336605
2361724793961748
2361837230856637
2370033073140578
2372409509594841
2372532732926634
2373764519633569
2375131566169388
2376237449191736
2376549815816523
2376592165818366
2378510488951859
2378678349097362
2379525072449323
2382520358760057
2384936018480185
23865412749797444
2386768071466556
23873213755711908
23876550451944057
23897452689933572
2389808304705456
2389967811133815
23911638345185437
2391225474562887
2392479314420868
2393330914337793
23936779775961647
23949174054687608
2395252443982342
2395523153949775
23963133813387440
2396613793853031
2397134557120310
23974890835527663
2399214120255973
23992995363725323
23998958846370144
2400230380341379
2400274607006705
24006267469011227
2401787660175442
2401881223290705
2402836820193184
2403590503177569
24037516935889560
24041702202091889
2404674939702813
2405671469576253
240598424895456
2406777479676227
24083697217895816
24086423887679776
24088043077542896
24096527539971990
24100083992981830
24100660696263773
2410750775992592
2410909982405815
2411459495885100
24116151548020888
2411827602515254
2411990448971140
2412895175723100
24129703403388246
241305174451524
2413236345506569
2413847808760172
24150771777865924
24153262410996349
24154101147512244
24155864990718655
24164488826510982
24170926695882190
2418534121639689
2418812801583753
2419113371818278
2419159164886644
24193231717036389
24214059438213270
2423055481181920
2423526291379370
24240531415602795
242430917572986
24254031337567431
24256021120746142
24262305660104918
242818400964220
24283097727966188
24287924340863970
24293625713662587
24295795390043112
24325380023791594
243257627568434
2433665173476373
24338318929156828
24338747289119906
24345782001729242
24357333573858902
24359171487046595
24362137316787554
24364800916494234
2436637966510593
24370055092627191
24371598325769302
2437826599717732
2437946386548128
24381791094812379
24390587510545903
2439649132877039
24398533243111105
24412972678334171
24413504184953815
24424055037231308
2444278542383571
2444474045716963
2444988099015424
2446281902398683
2446855722180578
2447012832146004
24499280299657389
2450078048695668
2450242261996013
2451405408351896
24514940154863443
24520333750885760
2453055135059542
2453143228204846
2453397108143062
2456512294554151
2457858447703182
2459493570882604
2460154307662754
2461036534042828
24611851505116433
2461653993999787
24617310594532494
24636967995916341
2465968123546983
24678664441756905
24689127724028729
2471979282966487
24720499024221941
2472108076266280
2472683259582361
2473500012792646
2473995232970780
24747282058259414
24762617406657651
2476939732707060
2476992072458523
2477485472618449
2477773289035910
2480059362138304
24812183001751909
2483000242075202
2483136418509520
2483153491819841
24838700329081547
2488832831485783
2489623671428222
2490032467810326
2490836507732126
24915369464745289
24917240217921486
2491824191186324
2495203260818173
24959637480295029
2496335420498579
2497679993905741
2498294200303857
2499040723808385
2500221436801326
2502495489896733
25030030003256516
25031735203083440
2503461843118774
2504347556624436
25045963968381848
2505106836517794
2506961159435443
2508664352612606
25094555700167968
25094555700167968
2510153342652435
2511247739014613
2511940759152591
2512109215650596
2513226565490832
25138193962436188
2515004808880109
2515085652120921
25161513256771490
2519376134903062
25206612898982646
2521298441349532
2522145684638275
25231924363076732
2523212367875292
2523307288031591
2523647694598024
2524767647691066
2525669684287742
2527736910747675
2528200787303804
2528660360762186
2528701757270106
2530338327141215
2531225350507204
2531476617160454
2531785400355326
2532255017071474
2532529130388216
2532572020370346
2532992956890351
2534904800242070
25360361006895764
2536231086683872
2537770466411376
2539140089728133
2539388272851770
2540746576234977
2540762286217529
2540851106060803
2541100129518228
2541508926002637
2542640719371335
2542757362755502
2543449045962068
2543912419299295
2543952535749681
2544820999027608
2545236602266619
2546709339039951
2546830795620904
2546976438826520
2547396982233710
254771460435385
2547813912093191
2548401128800477
2548643878778013
2549161395379020
2549284171916019
2549848148524046
2549860568654177
2550332678594854
2550630858565215
2551378781837512
2551542758310660
2551860958455186
2551920315114591
2553553738149556
2553792091594369
2554561458185809
2554612374842197
2555116028122797
2556524791413213
2556675897960723
2556879561168706
2557630907876424
2557960454512452
2557971437841004
2558010167838867
2558523944453349
2558660914443313
2558856294299110
25598994559700374
25598994559700374
2559926831019607
2560089514345601
2560415914116609
2561116407397906
2561541274139361
2561581460811906
2561857944111171
2561986270763812
2562785064076225
2563360487166075
2563416597287891
2564041107233864
2564293063876347
2565035927003715
2565119040456481
2565313916925580
2565621790270525
2566035870208351
2566137500347463
2566330627002429
2566619260313706
256701046150164
2567215646905992
2567299640245023
2567820700194434
2567972966914185
2567972966914185
2568339806842537
2568949283406210
2569056556721533
2569314560075107
2569986509970476
2570001429797156
2570317623091994
2570383916590886
2570730366621199
2571395699861221
2571664323135895
2571702092995262
257180229485481
2571861716450530
2571884349634415
257234142792944
2573438879496184
2574030089567136
2574116876218650
2574284996207810
2574298379540171
2574940872658885
2575110362856552
2575214472785564
2575370189423826
2576407812707636
2576669992637846
2576707295963637
2576797835947965
2577187745738354
2577275109242149
2577447915894394
2577457522601603
2578924499068971
2579180975806830
2579203999056140
25799963962983890
2580202852281539
2580664968904492
2580982012205569
2581439335497116
2581603815480387
2582222188616565
2582627845239804
2582755471916930
2583999261801664
2584115078398140
2584136605223752
2584250118384773
2585100894947689
2585953071708104
2586005244908477
2586057155033840
2586125835015464
2587213648114105
2587232394986306
2587580128202315
2588315834807827
2588608064777574
2588695141430795
2590103634619934
2590370474603603
2590383891255223
2590430611249618
2590476187766451
2590554674585139
2590621514576190
2590837117885039
2591166237857276
2591368614497466
2591549094478392
2591635617864466
2591748334466493
2592585394378188
2592971981004616
2593255274131669
2593609574096669
2593650894099380
2594482247523477
2595435570760065
2595648550767039
2595715097399094
2595719920580508
2596356407332604
2596366053998765
2596766403958146
2597808003845640
2597933813686995
2598254843815854
2598521280501958
2598676543764265
2598841136906525
2598986110307581
2599575320349941
2599780416995106
2599838346992145
2600349060269146
2601528020153410
2601887550113676
2602460419951508
2602531890053267
26028105180169675
2603252546531397
2603377369848083
2603712569767861
2603954586602218
260582699173343
2605898489600138
2605902992928572
2606957432939165
2607402509553526
2608606479434409
2608939542745849
2610836892391114
2611155652514197
261165685736688
2613170962215847
2613192548983005
2613390978994373
2613390978994373
2613522578942863
2614606002174086
2615654905407309
2615786138627265
2615980168604439
2616097012021299
2618505555113390
2620515961432960
2620807334770500
2621733091460863
2622118787934325
2622938994675706
2623060777994710
2623090987985114
2623841077925067
2624451481034807
2626757297629552
2626782557621986
2627184517580609
2627204730911784
2628309327523452
2628605830780967
26318756461046973
2632586490371703
2633067973567843
2633289976973367
2633575256779906
2633611900274120
2634193026784649
263448315463906
2634998236802394
2635933939864098
2636007463363290
2636462926696531
2636660306514468
2637017399930830
2637233383240859
2639440333020130
2639837732982392
2640093449626995
2640682062907500
2642424926047617
2642964272669574
2643004889183404
2643129412650345
2644396775851675
2644657732589542
2645757675724604
265002765360616
2650862658540169
26509465075334760
2651023845044882
2651751668305782
2651800731656528
2652326221627779
2652344901724639
2652459724911040
2652748305056982
2652927908189635
2653283745023504
2653309128193290
2654348431402773
2654976471459431
2656196691344447
2657331664559881
2658251211140355
2658689467769173
2659120984381139
2659659341001631
2659914637642768
2660996067531535
2661877287454001
2662197067406649
2662440830592667
2662763470689655
266438968595848
2665322207092453
2665600753579693
2665792923719351
2665894686933423
2666205587012167
266668941975763
2667162670260275
2668197186821845
26693565490287741
2670219873267977
2670296113263079
2670413536426492
2671599823130185
2672460462916385
2673228269652921
2673685659559055
2677016935817582
2678004582497047
2678195459137546
2678540535769499
267999815019743
2681025372204883
2681442642094325
2682127762079665
268343686277715
2683702195101035
2684405321757855
26847352444880539
2685108378448460
2685268648470767
2685918211708238
2686112404903320
268678698196192
2686879371608669
2689808521311177
2690543084576537
2691269081171573
2691444734340417
2691494407661052
2692368961058381
2693736317593960
2695084490782221
2696442697227416
2698595060432389
2702077316798861
2703568253143362
2704112143225114
2706117129678982
2706881276271142
27085685647714133
2709361895874967
2710536902577416
2711002025859273
2711191845845823
27130565639876258
271339541498776
271345348050670
2713656418940727
2715873248714528
2716218995176652
2716628748728434
2716726595165759
2717564738384602
2717602248530413
271836894622795
2720034328206538
2720408348249822
2722279694713695
2724665401084369
2725414957636681
2726009030925285
2726179804340857
272689907890658
2727634527546130
2728328467468046
27285740727679739
2728638557324383
2730886710406140
2731803627040266
2733446100295030
2733568996954919
2734643823422794
2735491783419044
2737167009928646
2738146376498255
2738549349700762
2738769413012312
2739317759705707
2739380959691216
2742103629263620
2744136755887366
2746787285652067
2747061045558358
274735894311206
2747646398881711
274803131004163
2748870275303259
2753972128248842
2756423714574266
2758653081113877
2759311581066166
2760130130851329
2760215554117331
2760878817557230
2761761527469281
2761808547322241
2762420107395869
2763594267286162
2764130477126051
2764296720529778
2765428707102104
2765430176914805
2765849163726537
2766243406926323
2766416973668926
2767030586881747
2767151863595192
2767945093515120
2768721049963671
2769177236728040
27694718406794123
2770278763115522
2770404733176580
2770983886498559
2771259716517457
2772619466233996
2772915202841277
2773592039446050
2774387309540480
2774778969503376
2774913709428594
2775427132707306
2777645952546412
2777718052539549
2778054959172175
2779058902316548
2779309322193554
2780781738899870
2781151948882023
2781225932169669
2781229425472706
2781280502180496
2782202025249153
2782240492025487
2782658988730773
27828408633440584
2783217308635610
2783230988592235
2783319445263297
2783648061945617
2783783041952531
2784847615179459
2784980838466074
2785495451751196
2785680978364554
2785906591670513
2786123158368735
2786268761683698
2787016704943139
2787055418226827
2787402631511117
2787979751514339
2788236284839440
2788604208070296
2788827611424598
2789138344670494
2789378861316693
2789926664615653
2790003334585661
2791495141071002
2792056484325463
2792906824292655
2794793097517635
2795229230788769
2795834564002577
2796416067237050
2796764290574188
2796927723864597
2797789913764412
2798468500405127
2799011717095096
2799460923604652
2799546370245133
2799734730338836
2800096776973391
2800265696857249
2801781676802090
2802194920110629
280308513736331
2803436263199022
2803589283149999
2803801476602362
2804249679885461
2804498676527854
2804571543096677
2805634139767212
2806271459623850
2806449409479921
2807056756223510
2807846052718028
2808013199323203
2808029312794073
2808524506125142
2808561476074789
2808766969373910
2808771542768559
2808878642756711
2809727732613732
2809835539265421
2809951119221824
2809998295968646
2810101479302936
2810315905948798
2810355502422500
2810485795947036
2810633489251089
2810639552577252
2810864245740743
2811028815894373
2811033439209726
2811332509177145
2812434419068676
2812821982442727
2812897989039977
2813201082275526
2813823485506972
2814199182124759
2814291222122157
2814541488853505
2815053342141848
2815859771931129
2815899958709351
2815953375219783
2816657198664492
2817546311892692
2817765118520441
2818001601844560
2818028421780608
281836183644816
2818392591808524
2818687104960768
2818823061620218
2819307898330073
2819371208376712
2819576354961603
2819725108292034
2820111651629484
28202513782727731
2820310924810086
2820433874875719
2820957081490017
2821232698129798
2821250924804852
2821638714627657
2821692411413913
2821707994713705
2821741274742595
2822161941366131
2822713414656119
2823373801234960
2823579917841778
2823776251210053
2824101561178935
2824568737806628
2824612957869106
2825056660968022
2825170604399569
2825229481064561
2825319097797542
2825638011021425
2825885711004728
2826446271003278
2826635634316605
2827089634218432
2827221010751664
2827652350822149
2827843257438156
2828434854062381
2828525400794892
2828934320693872
2829783037339874
2830038250578548
2830278637225135
2830290427284195
283031396700179
2830455007267223
2830530667257029
2830833850392020
2830898647224243
2831054223697618
2831142330369126
2831276330458593
2831552300319971
2831930167108456
2831939137057654
2832136347001744
2832230390310630
2832234223703540
2832396657027230
2832411856981344
2832449896967100
2832481050223191
2832602316881279
2832871843696435
2833016140281487
2833098950273692
283340263444867
283341274423725
2833529166903357
2833611056893478
2833651486852595
2833802283452107
2834107553569424
2834141250179933
2834229620223867
2834882080104617
2834929490084583
2834988900050170
2835084090138671
2835124546753424
2835531829992600
2835582359987840
2835662163351824
2835833656632349
2835871950011550
2836554776606552
2836696953327450
2836876189859667
2836894063368381
2837005199856373
2837060856545736
2837345673183010
2837357813259763
2837550403128829
2837848613021932
2837881503190994
2837885913126973
2838006766462856
2838342789798373
2838743236263927
2838799546434079
2839070199690042
2839184463058593
2839641246288471
2839744436167784
2839932449552796
2840087862799554
2840157792902569
2840860959496179
2841054639542904
2841086709486189
284126490105761
2841304826081147
2841373712787976
2841540712778026
2841732116086757
2841879949357096
2841974539449819
2842027672715797
2843300785919392
2843573512624094
2843584549281080
2843604062572258
2844489249148714
2845616752420761
2845963979050648
2846471735644865
2846712362133947
2847101198808920
2847401725499632
2847492042184631
2847516152243783
284788076629979
2848334718828891
2848388938737384
2848430028702795
2848641095463852
2848702948754762
2848873745328082
2849026402022020
2849308031958067
2849520121931986
2849743091931349
2849775245262762
2850509528495281
2850760345135785
2851018618493818
2851078811800424
2851590578504266
2851619998387583
2851643185048270
2851667905099122
2851811648405473
2851918861689545
2852094598365423
2852179898252393
2852686644981138
2853450048243208
2853592298227790
2853631361565380
2853694908106186
2853716481623019
2853913244857257
2854123271559986
2854214031507266
2854388138149340
2854724298103782
2854997011435386
2855153054702832
2855862504627171
2855878104654880
2855972524717928
2856600651335098
2856752717932813
2856854294576502
2856860804579055
2857506407848377
2857599354555230
2857831674468525
2858021591105603
2858102447744074
2858209104429801
2858279787773418
2858332717678072
2858533331077106
2858577997750466
2858863641022961
2858954654369806
2858975100982054
2859117717671063
2859304581054308
2859333740971695
2859404240968997
2859577924290974
2859968524258109
2859999424315310
2860001994253347
2860019847597288
2860365027571068
2860458997601923
2860630680817208
2860776877521930
2861011534151692
2861236394137198
2861293907463476
2861313407343712
2861505487404577
2861572864109469
2861696267430569
2861703364159776
2862022304146585
286210723238971
2862211607366944
2862307047315878
2862567490676302
2862571687220165
2862726690646813
2863114043943482
2863125667288296
2863297230576645
2863321200557524
2863325710593467
2863380680544076
2863937050524861
2863952547155905
2864124140493815
2864197517180681
2864565117140816
2864618557159996
2864794247104628
2865124327089610
2865424117007322
2865760223663543
2865765483678113
2866093080314672
2866672570301687
2866889493550760
2867061920233541
2867191253610005
2867304463582946
2867335556849279
2867454070238018
2867488786803198
2868047576784688
2868642013357718
2868734350063771
2868779766721915
2868820870051771
2869377769945255
2869563133362274
2869705689830528
2869994636584778
2870193689963819
2870410593224291
2870451713137599
2870540393209892
2870834306567677
2870962183124971
2871167863137013
2871371066447033
2871465889836110
287185586438514
2872080816392173
2872548412956628
2872636036343838
2872660166289071
2872682486383306
2872730079668666
2872744589639769
287279126210349
2872901592922077
2873361276315180
2873726042874340
2873831392945739
2874009759486822
2874112726250797
2874177906211137
2874391266222726
2874517259481607
2874754399439649
2874804202784267
2874849156101680
2875185849395853
2875210056032990
2875484449387104
2875692062682187
2875835035964222
2876306652581765
2876453929243929
2876545875966930
2876670349222688
2876679905907405
2876840015904393
2876934279189605
2876951739239259
2877189712609022
2877260192536386
2877390899215830
2877447969181010
2877455782546115
2877937549090844
2877995742510012
287812890912884252291725217
2878235819096886
2879463895654646
2879597772278838
2879666238960083
2879865208894306
2879872932148200
2880042138921289
2880629305510519
2880785395518177
2880952625493619
2881091958846096
2881231268857216
2881524545468835
2881722552067445
2881723015433648
2881767122081475
2881846738721986
2881959465455542
2882115008729081
2882338515370795
2882571865325777
2882625448651625
2882847818655721
2883081255305552
2883176188499658
2883211845287858
2883257651930075
2883294498574023
2883551315190254
2883854051873982
2883902518592794
2883909428514806
2883932335257443
2884204645165749
2884271128568068
2884572748476187
2884605838458200
2884676445088227
2884677248528400
2884763518405527
2884788108461576
2884793115065124
2884905651803402
2884974478407638
2884987208391502
2885249288415642
2885470908393133
2886076978386732
2886146161570657
2886501111588718
2886735198207444
288689653859193
2887337311536192
2887903901536569
2888008478136100
2888012061453858
2888210321426574
2888326211433631
2888719121387829
2888963934755863
2888977238049825
2889028618029728
2889202021319529
2889357567946836
2889602254626710
2889627091278834
2889804001292479
2889924721292791
2889965894580292
2890033984498579
2890259444521965
2890852304522648
2890897741165228
2890906617836071
2891184037831178
2891589231099238
2891708924429064
2891819021038453
2892087491059564
2892194651028746
2892243074383828
2892435607636931
2892439987742507
2892469390985268
2892577991020321
2892607584327183
2893038391012339
2893568187585385
2894071344165527
2894186004170003
2894496514171649
2894729297453393
2894731497501931
2894794260785579
2894813170788706
2894817527451859
2894915584079514
2895420190706047
2895470950614845
2895693220594943
2895828373964807
2896044693995687
2896145154032137
2896304343970853
2896365200603223
2896582760609466
2896662517257863
2896887883904726
2897057863892997
2897182730569725
2897296417197075
2897322640537144
2897509643707642
2897713060548590
2897999487120755
2898501547038572
28985624507703574
2898728260369572
2898828590380559
2899045670352391
2899355597019954
2899680193653496
2899810226909285
2900133796974837
2900816676830444
2900837846848162
2900895150228627
2900933366852732
2901160990159724
2901216850114505
2901229203527132
2901287446804144
290135999412760
2901793573468495
2901856690134567
2901979993431696
2902365236691228
2902485529888576
2902515673320138
2902646873348078
2902808986636152
2903073160021381
2903144643307223
2903355289802038
2903371453234469
2903528563236929
2903621356574742
2903630416622117
2904049266485499
2904100109894501
2904277183117660
2904340766551532
2904495793198007
2904657776529050
2904954146417991
2905181583144008
2905228379788054
2905531583027129
2906025522978202
2906113169603492
2906135516326366
2906406192950396
2906451602936622
2906583139612623
2906667412878159
2906716782980740
2906757496230335
2906772672916407
2906859042916213
2906864889620554
2906883869591553
2907015629561435
2907177546220541
2907207979547624
2907372836079975
2907385826196753
2907487549532788
2907490459411702
2907670012848963
2907736509487842
2908145262838508
2908237106102785
2908310329423472
2908592719408451
2908676276117902
2908700116124151
2908925876053104
2909117409260938
2909156569366118
2909382945983340
2909605025947749
2909672922687009
2909745649239252
2910075349311474
2910405469204663
2910443342607221
2910449512545895
2910869225818815
2910893372503743
2911022119186421
2911221782448368
2911413505766914
2911575002421265
2911692735824491
2911894415723407
2911910569097925
2912368342417785
2912433755751766
2912570029071325
2912689015672955
2912915259035763
2913066518971705
2913118202235342
2913167675563622
2913241972273866
2913271898938598
2913473738929789
2913555662251517
2913801568835966
2914218858789548
2914454155435119
2914754715508543
2914863758793543
2915019532101561
2915056295412602
2915295662091726
2915396698715953
2915431642045813
2915597068722711
2915641385346063
2915713988604869
2915926118678406
2915991661992206
2915991661992206
2916014351856347
2916032665345175
2916113681933534
2916281135356029
2916346068611263
2916482902003902
2916835628535223
2916985458620313
2917136685222682
2917208198557117
2917384001864417
2917502581850700
2917656285158481
2917811315198995
2917906878474049
29181481748105648
2918207308392119
2918247195077458
2918293171826010
2918494228393469
2918494551801578
2918576845046704
2918686931716288
2918717345032919
2918761691780192
2918792361667932
2919104115029666
2919227604985271
2919237118348251
2919298445019511
2919634041678836
2919934461584596
2920244824956357
2920389614906931
2920421198233264
2920492591435027
2920620978196215
2920664791547158
2920903364845940
2921166648155498
2921201661484570
2921306818111815
2921334474782907
2921554387981703
2921985968052526
2922335074714579
2922401601375978
2922478607964854
2922563704736728
2922928344619765
2922979504609841
2923002354642263
2923646167874992
2923664214584202
2923822734565876
2924149837903605
2924166051132591
2924194124487669
2924202451159641
2924328571170760
2924897001166456
2925125327744732
2925668447755245
2925710694226290
2925801004358562
2925987171009876
2926028084349624
2926034867717236
2926114034296112
2926422267628818
2926488924337993
2926910357626875
2927201694204782
2927308720861805
2927333887544352
2927393357505605
2927701684169403
2927720427554140
2927780274131252
2927877147487092
2928066237464101
2928296124116994
2928529197402200
2928557704066740
2928835670698938
2929064640744586
2929098573975084
2929390740640176
2929439097314410
2929596097322316
2929626357256314
2929686807250269
2929691903946473
2929723843906149
2929794820624771
2929842073924633
2929906323910607
2930228970632248
2930252897121813
2930307360612002
2930382787228435
2930609753876163
2930673727088835
2930720813872796
2930869793830940
2930876350537393
2930988407178353
293099189024446
2931457557083916
2931701863752943
2931760570387339
2931780583733184
2931877237069811
2931877303767792
2932017160386848
2932102557059309
2932233877020284
2933431563616866
2933465606938609
2933507376935292
2933740013563049
2933973003537326
2933981153529879
2934390310153110
2934393030152802
2934533670169061
2934627316816725
2934769813467303
2934900643462304
2935115506804722
2935153330004426
2935370916789468
2935397063396932
2935403036695903
2935538033381065
2935622556717281
2935863053337991
2935863053337991
2935920033392615
2936149403298433
2936149403298433
2936181779986380
2936239093313635
2936326476603889
293643548914121
2936509196607252
2936578996617622
2936681619924113
2936699113274831
2936817886606361
2936931193250352
293713008905825
2937139113172660
2937404676506532
2937414693214127
2937417199871278
2937516226529149
2937529666460737
2937811959843645
2937887246462255
2937949823147011
2938074443107651
2938372249779245
2938728713055809
2938792679737026
2938903173046809
2938903173046809
2938926363094561
2938941776378011
2939113616336400
2939269699653724
2939285619646574
2939411022939855
293960442228461
2939628746317159
2939844082890935
2939882362952128
2939954379584676
2940051006315896
2940100106209038
2940143409579812
2940189822931259
2940230219607768
2940314916251293
2940511872932161
2940559976191267
2940689592844745
2940792606158316
2940961946185766
2941160376210545
2941201222827997
2941203026200884
2941216952804139
2941309586144402
2941555152779021
2941695246088248
2941797559419028
2941941506018906
2942065539416046
2942257029392703
2942414976035453
2942528819350528
2942786202707800
2942789926006185
2943140242638360
2943264465806861
2943273052571449
2943275022659632
2943329772608555
2943500539196239
2943605949293622
2943830542519102
2943958742554385
2943975525814241
2944069242583070
2944263369149536
2944485242487350
2944816462429024
2944900892466262
2945156049122358
2945503352437245
2945715125727953
2945992732350913
2946080248992593
2946180035546820
2946230302366046
2946661842229303
2946746672272551
2946933375519944
2946934228777492
2946943352244304
2947005912255261
2947063855615353
2947359502203414
2947416075524401
2947479252198879
2947761208841243
2948056072138466
2948080022114416
2948106878840389
2948175672093608
2948208468731823
2948368815380571
2948388542146528
2948470232098614
2948481758770760
2948527898638075
2948655575375157
2948736158695404
2948956258758203
2948969935422152
2949004185388501
2949056105382436
2949320565341673
2949465902048289
2949616218639581
2949650435360689
2949679145289312
2949812775300229
2950080658593641
2950142431940474
2950175348551100
2950181071929902
2950329775287160
2950398371947976
2950586245263435
2950673251886783
2950787851801323
2950800261863182
2950837575239809
2950917608515336
2950931985179057
2951070945215066
2951158361833102
2951479201843903
2951764215082023
2951867698429069
2951873511765312
2951879735071857
2951952905121529
2952019211739426
2952157325105606
2952343404995371
2952836931666184
2953184578287543
2953601531575849
2953704794760887
2953786781549165
2953792914941407
2953897518269491
2953917844820111
2954038324721271
2954082538194739
2954148874869361
2954155694801107
2954321198134145
2954341001508409
2954353034887138
2954379014887497
2954766941514379
2954878898064936
2954981004719919
2955089338043363
2955464844692766
2955531058013768
2956110061326883
2956182854603538
2956965051204236
2957111634565161
295727102058227
2957385561250402
2957478724498146
2957567837788973
2957619447814853
2957869707790978
2958011777831370
2958103247741230
2958116371130191
2958212654460758
2958314507761873
2958407311153904
2958444861093951
2959092867637786
2959108664368395
2959191997649500
2959257291007519
2959440017608421
2959551107660022
2959746790925087
2959811727534942
2959958700908874
2960002550901309
2960037830985823
2960090860979904
2960126930884694
2960142677550689
2960287427589946
2960304914189254
2960502707603961
2960520910936690
2960612744183381
2960705407517730
2961205770816751
2961303680821162
2961423527351434
2961454157457531
2961572330812575
2961645020758950
2961719144074714
2961866064141707
2962105484078671
2962175880695411
2962236987421414
2962672540667919
2962696367341703
2962807484002199
2962914770611205
2962973100636291
2963002510595935
2963024200607163
2963122737344445
2963136497344259
2963400930610692
2963476270565957
2963762777218425
2963857043896521
2964004887189757
2964088423921465
2964153480533928
2964214783836115
296424195286699
2964580410447353
2964685743790113
2964904930466264
2965038480484918
2965291300373316
2965296203714975
2965389230371458
2965741243656346
2965756776912403
2965870097016651
2965952990391901
2965958217061239
2966369370313876
2966388670304649
2966398200262081
2966656210274180
2966700236808388
2966902186922612
2967050633551971
2967225123523666
2967316076844375
2967631636841464
2967736556825002
2967816540168457
2967835536786045
2967892956812510
2967993633416470
2968040566787770
2968105920093053
2968354863442843
2968359830114174
2968366460075705
2968467266722290
2968628126795917
2968771060030398
2968794123366429
2968811000015297
2968842130107949
2968883110057220
2968920740046289
2969310780056575
2969320910014524
2969604353365485
296966245918554
2969794983335603
2969882463329242
2969945219893656
2969978653231416
2970021426573556
2970268729912320
2970346273247987
2970529789906078
2970529999738774
2970563906598584
2970573626595992
2970608196592404
2970809863155955
2970922476562072
2971008813173208
2971169069811743
2971174209784506
2971229796357418
2971266576441111
2971619253113709
2971621803082143
2971838586470054
2971936126369210
2971977033021054
2972020426455212
2972101869775105
2972115216389764
2972585982958307
2972702499681682
2972923919652307
2973849549561574
2973939529553283
2974248402889126
2974299579485122
2974490376102658
2974648822780192
2974745136070215
2975152339382099
2975313982791547
2975316436059076
2975379152785205
2975601716031209
2975637899247317
2975706219381959
2975745822706968
2975841762665115
2975891265992457
2975931316067986
2976251825992083
2976391532637739
2976413805960687
2976431472581761
2976730829319522
2977207232552003
2977407302548245
2977453542530169
2977769232454651
2977938845862017
2978284819050540
2978920199030880
2979178688990143
2979784672344243
2980124752202878
2980201365548299
2980495602218329
2980503262205159
2980527798851367
2980690305486932
2980735622214431
2980783552167388
2980839972152412
2981028255463969
2981188585545068
2981484238750480
2981628995443509
298202961884221
2982632261970131
2982668488643070
2982811138708314
2983172651822848
2983844118519578
2983869258604732
2983877138494894
2983892308438665
298390751797922
2984177158486607
2984467098464784
2984990148492932
2985028238408745
2985051241741987
2985160151707107
2985351285043007
2985629538376405
2985831445043974
2986347708288549
2986406914938386
2986614834941693
2986778588265698
2987118131507746
2987124934752538
2987172598186918
2988308864787392
2988570978029754
2988684214747379
2988814581362122
2988815008021091
2988913108057711
2989151481360712
2989284401303406
2989354504629647
2989624494602440
2989654811219769
2990220904540752
2990257207913010
2990469784519414
2990612287845801
2991152074543574
2993954867549753
2994221037519210
2994338367486651
2994481504166351
2994596804108732
2994848164009907
2995676427343091
2995787150701253
2996633677281245
2996860730586180
2997577330464594
2998228130474632
2998287397113843
2998294187095452
2998668737085704
2999240530346137
2999705757020766
3000061573557817
3000085806878399
3000340483550309
3000358353505901
3000450750237969
3000456696942169
3000506473583546
3000675310256284
3000844150150237
3000907806902828
3001080716883879
3001097133452199
3001311330129094
3001710646730075
3002049386709165
3002510700033176
3002627416660142
3002727306668436
3002764466612200
3002968749989412
3003040889915371
3003195099938156
3003435589922461
3004090953238831
300448081488978
3004592173109263
3004964686399802
3005018459824352
3005318503023025
3005431703035668
3005443463063215
3005640213049638
3005990396390193
3005994759632993
3006367336310420
3006785239552587
3006911142908657
300706955103895
3007220329483552
3008324832787861
3008574916045572
3008611076021813
3009097565975715
3009122312695536
3009253362733039
3009482752678618
3009575842554274
3010327489197756
3010936159204719
3011041402509296
3011447145753150
301145818193833
3011560965727363
3012331118985893
3012354835676185
3013505128973734
3013596838885853
3013684942195446
3013703132244060
3013741795561980
301382458271831
3013837798845138
30143931801920325
3014684298763396
3014944642072257
3015014175398343
3015121518769131
3015372018693538
301597224954907
3016210388703804
3016266938659916
3016325528647292
3016555528589799
3017536211807802
3017598438399702
3017647161864693
3017672048467647
3017935061826633
3018120725090209
3018148485076730
3018275631789065
3019082808400447
301931078053427
3019558848267993
3019645948353339
3019768575015258
3020047331654339
3020272744901105
30209193415391136
3021386944852916
3021467174770204
3021526368168150
3021556831401425
3021567264830760
3022138494777759
3022560798016655
302268874700526
3022954691362636
3023010287833293
3023695147954255
30236951479542552931780583733184
3023992611228997
3024122177740391
302427288046582
3024346051135008
3024582311109847
3024800347754337
3024918911120647
3025181907719440
3025303674462907
3025303674462907
3025337774418330
3025581284327000
3025672644369368
3025871800969797
302623687910729
3026282910953462
3026287930857590
3026658460890733
3026762754315538
3026965621036362
3027345637501350
3027431210915338
3027455094144796
30276642118649740
3027707584109314
3027810734210390
3027810734210390
3027935707478006
3028003754103298
3028715300691645
3028751174080898
302944471365233
3029477764006157
302952274674186
3029615807357850
3029850743968589
3031155813779679
3031307907133844
3031541900447397
3031774533722316
3031805853718155
3031805853718155
3032004563712017
3032023660354260
3032025347081630
3032048967083008
3032448033644649
303335524731626
3033415523603457
3033430786890898
3033488986918762
3033700846861776
3033758390180673
3033763593541717
3033775203570603
3033861936897201
3033974356930047
3034014530218696
3034024996923004
3034069796813306
3034090913581556
3034127910208329
3034136213490541
3034178590177361
3034194150148522
3034278400159352
3034331670169396
3034345356795811
3034352273393704
3034377430115699
3034589573430636
3034606863433744
303462724671098
3034664193464708
3034713936779390
3034776413422203
3034847596750986
3035123883479875
3035160593425392
3035307276705380
3035567826675533
3035797423350371
3036089876627185
3036380416584247
3036497056602712
3037092563191064
3037234839842930
3037594666529653
3037871633112783
3038044466424096
3038076779754046
3038392056393989
3038701586421918
303875521099407
3038772549590757
3038894956388943
3039154136312787
3039484029604912
3039528596281592
3039690932972062
3040223836211493
3040223836211493
30403979735859973
3040492866179337
3040498626179157
3040511159608719
3040553882844294
3040553882844294
3040588416096705
3040742762814619
3040897252862868
3040913902893568
3041491242695277
3042279509333744
3042627089299647
304263431291984
3043018059321935
3043055822637054
3043413112650793
3043671695777804
304371771269647
3043749719284062
30437515049195813
3043775785852337
3044564962439253
3044824649098448
3044969715766128
3045132975721123
3045140645753538
3045371209010502
3045380509066094
3045392122342653
3045407669025062
3045539682432126
3045618609013253
3046200588972686
3046226839031775
3046361865640885
3046567455669554
3046772038914558
3047092988836829
3047137958847415
3047437402157005
3047753185503245
3047818062176707
3047976675430147
3048033218857322
3048104405314598
3048156778750913
3048892835371279
3049009075425222
3049030998688680
3049087611990185
3049729358641375
3050018121949254
3050331085197018
3050487818513719
3050639378550792
3050903261901572
3051055041870010
3051229811781396
3051280838461117
3051351508487127
3051477765101230
3051506171835308
3051597031741605
3051621105163474
3051906575129503
3051930271691256
3052293358427041
305256874478731
3052616131628394
3052860241609040
3053168141673017
3053197014967271
3053204248299769
3053858631515921
3053908891508067
3054048864884605
3054136841496491
3054410334779272
3054453784775932
3054869458070466
3055009978118906
3055106824775824
3055358474694621
3055358474694621
3055903101316203
3056196277987704
3056220691273004
3056308007931615
3056418124644270
3056487711343572
3056751564554061
3056820951218332
3056981584533248
3057131104438069
305737531072088
3057516704481682
3057706504458112
3057913054521470
3058030571102034
30581381274841321
3058308847823596
3058373391109375
3058482790967242
3058491341038462
3058695587788921
3058740870951857
3058814327719823
3059086837693311
3059705877590661
3059792900919150
3059796627576480
3060077207563298
3060379214185494
3060417304219938
3060435657545748
3060612194171788
3061013884134132
3061636494068314
3061805817307134
3062214564055027
3062252420685407
3062547237389274
3062811737288863
3063047497189260
3063057133930668
3063254353902417
3063419897223737
3063651007204227
3063704657198577
3064949710407405
3065292007049472
3065337330404989
3065373773720485
3065603676923149
3065670120370860
3066412256998659
3066590026919516
3066613176916481
3066865253544965
3067088413614002
3067153266935447
3067165756861318
30675498932096904
3067885670200739
3068063076832081
3068313706736569
3068320473385847
3068728556688762
3068825983362210
3069057336700186
3069121629990170
3069389493280719
3069456416553359
3070399573191534
3070410293192332
3071078523124049
3071169053208502
3071243283199954
3071435293077460
3071477463128730
3071543329798496
3071641843055885
3071647829785624
3072026939698373
3072069233027041
3072096399601230
3072207613023144
3072619932956921
3072802149665400
3072862082969987
3074190766158855
3074403466170584
3074839216073383
3075586052698259
30756625760650789
3075681475998682
3075766969319099
3075812605971076
3075813799331087
3076124289338970
3076228906036997
3076402972498611
3076523495884066
3076720595880583
3076794092643786
3076798639201985
3077051369181588
3077109345842220
307718357639359
3078210389075936
3078561949095871
3079118862364210
3079888338821836
3079914508955228
3080153628887340
3080434765512966
308063104049521
3080823728867850
3080901098822305
3081059362122375
3081135482201774
3081580052086296
3081795055305011
3082085152068484
3082946978608991
3083186098627606
3083361911961231
30835510309398308
3084314358460021
3084759228326695
308526630798868
3086260561516318
3086305364925070
3086848904898863
3087347224912249
308778400611553
308790270631331
3089199244664073
3089664187959649
3089664187959649
308967164273966
30898204836490473
3090281371229919
3091370867803149
3091497457686179
3091778380979231
309217790709084
3092464504344608
3093386214287275
3094809630746555
3095474067419454
3095567440708510
3096010217296278
3097165103898007
3097952463861872
3098013157165321
3098540307055150
3098814617030459
3100081136982519
3100541180252104
31006423072307036
3101316336757200
3103011296507648
3103934933097920
310395070696488
3106243776182261
310770750636910
310827480745965
311035340386918
3110523235936902
3112097455691100
3112859378941511
3114622165432523
3115105365476750
3115247471942913
3115468125267282
3115612415434253
311564920592695
3116581081902727
3117593608461759
3117603845083545
3118796951588271
3119589621640336
3121797101318592
3123776494453177
3124472661179769
3125685341041988
3125703704314136
312581006881785
3126901510876691
3127716020847199
312842740465232
312887063740272
3130072747258830
3131008257185777
3131297210526177
3131438563703208
3132839783603278
3133171433641164
3134520750123365
3135483570075220
3136623043273215
313680853481514
3138184603086088
3139119866352701
313956633475588
3139745102926776
3140633092899236
3141100752865631
314148333423935
3141773082806833
3142506319249634
3142691879302363
3142710482665399
31428519310130169
3144938542317072
3145175159049536
3145478858943342
314587406707688
314600576731636
3146673292158810
3147391162213828
3148142022083359
3149139792015250
3152237281763565
3152366798363649
3152911455036348
315341400182008
3153436641460591
3154108221532386
3154182381524310
3154277294811899
3154867414644095
3155852088034399
3156382437927805
3157149067757537
3157418741196823
3158129421126346
3158813204418999
3159327431055711
3160106340977364
316013463572889
3160311297589898
3160723364147798
3163582113892360
3164186717221277
3165044943723160
31651640594423031
3165577870417221
3165808907080737
3165948430342418
3166970510263343
3167480543479468
3167819460106772
3168393409960933
3169236016549291
3169304656623394
3169320100054488
31694538796826691
3170219883228588
3171352823092364
3171368226351113
3171689136440759
3172221556406013
3172453286231457
31728643560059892
3173725622957036
3175750096021583
317792283202019
3177998059130610
317829329960609
3178578435625972
3178664955735808
317874963114245
3178868349079902
3179734398982319
318014136458997
3180491145576724
3180791758865544
3180999215551901
3181566482114750
3182557708666786
318268099651047
3183179048620047
3183296378665855
3183616841899848
3183888488579730
318497256622828
318509919658616
3185539108343325
3185829118326771
3185849821660052
3186610944970655
3186761101621817
318684819687886
3186990161528009
3188221958147348
318936509608304
3189676821331347
3189978141301870
3191006911162851
3191147684525006
3192015821100619
3192405764419813
3193407237648679
3193556720887300
3193891514095458
3195218237275361
3195333137414263
3196937490443501
319722242835205
3197297867230838
319738119685283
3197598863801701
3198001363827965
3198123933756647
3198210743775622
3199925423609074
3200945583557605
3201556356808774
3203383586577391
3203908876508355
3203927526527545
3205315859760641
3206192296309193
3209823142668450
3210566235768700
3211731069126122
3215505115356347
3216149508701841
3216277418638396
321642272643076
3216643448661838
3216719025247170
32172311805700971
3217798515017444
3218300305118211
3218909295051920
321928115955105
3219933121609088
3220187634875045
3220256984890759
3220575861496392
3221633404729876
3223386391147632
3224661877832871
3225239534412074
3225721574334481
3227369544150081
3228006304119914
3228366120750661
3229778370486622
3230317590479291
3232197423606807
3233959053541350
3239925876139956
3240470256222554
3240629782867489
3243422072623463
3244278555784237
324486153091425
3244952619064863
3246748508881036
3247455385488304
3249613761845228
3251110238372999
3252831714851446
3253461038214468
3253775678099117
3257972432042059089646299
3258741707678530
3259646530943009
3259816177578163
3259950704283069
3259969377438832
3260191680785456
3261054814187297
3261099910850914
3261754717260407
326222545696967
3262862900672733
3263305667313901
3263799267120233
3264607146975196
3264801887136565
3264952810384360
3265516980269055
3265538360289049
3268178880139694
3269515720026299
3269774096458282
3269979826634170
3271397959802758
3276159852600584
3277214435887532
3279861912289810
328015858682887
3282413271993831
3282723861974815
3283177808494427
3283781245058681
3284630405026260
3285359118281812
3289283691203596
3292025290900667
3294197737534616
3295608677209268
3295740997408174
3298755493704710
3299268790369438
3299944596916219
3299991406926081
3300160310220030
3300526093562848
3302269263340643
3303017773318207
3303829919720240
3305831656186432
3307404059363067
3309131366080389
3309608449294792
330980295034005
3310236745783972
331377034999490
3315006488632499
3315756525343633
3318415864928188
3321663171438769
3321706284810111
3322520164552141
3323227507897116
3325536951093591
3326082701041108
3327149224243844
3327282220825850
3327450834216539
3327609560730411
3327635060833152
332865795066862
3330510913924534
3330939230548320
3335423543414257
3337079426601534
3338914399581575
3339346432857242
3339992652939952
3340573736247231
3341698822793067
3342283262578176
3342397796069818
3342847095941661
3343052745798186
3344326129003546
3345438719068135
3345786565762046
3349802488623360
3349812655323660
3350412685061372
3350489555166411
335201337949169
3352154238331735
3353262135003427
3353903261606231
3355300531464974
3357281267903007
3359656181025706
3360498757385756
3360504320894674
3361625047466521
3363911050537808
3368076783521255
3370570113236598
3370940459834267
337189434493323
3373740312846618
3374528532689771
3378166385822986
3378747329043454
3379537708926385
3379895255604862
3380247432245671
3380678735548998
3381161192200675
3381983998736668
3382945645282112
3383821595051083
3384466385019153
3384533601839155
3384881531726943
3385379625125905
3386177008260454
3388068074777630
3390661974535120
3391999721066287
3392182411039315
3392550094400736
3393375474280578
3395391664007433
3395628844076485
3396252537144328
3396580957144884
3396912747247740
3397229697192112
3397529980380295
3397704540444872
3397839093769353
3399090207012624
3401431800078959
3401592876783665
3401904320099286
3403732683211495
3404595656536365
3405492003034890
3405813016186925
3406740096029111
3407871136120711
3409149919405665
3409747045956542
3410579939178223
341073522077667
3410939549168629
341133387355762
3411739418927315
3411932749049584
3412077752225413
3412597512293814
3415339968565757
3415362751939921
3415984275386913
3416796985135510
3417070335218170
3419252375055945
3419927284910980
3420429068219830
3420586534894317
3421053624849391
3421146831432420
3424689954508435
3425920024337365
3426288317648903
3426475230945990
3426600267605335
3426923367566652
3428470260736021
3429720083937205
3429739707303045
3430134423754742
3430400090557271
3430420267239663
3430729850489523
3430765137218954
3430974767190336
3432012203705982
3433342073432695
3434882523317696
3435050023374761
3436579236654990
3438246836463076
3438406983146479
3439134702964743
3439282382976705
3439523849645742
3439608346141799
3440202316080984
3441314636198390
3441539142802473
3441834506095535
3443016309304077
3444539595835314
3444559879168087
3445850275627942
3446885068957092
3448065421962127
3448547195397692
3448848068720338
344930840661069
3449545615345165
3450687081856107
3452307705082819
34528560382884757268447839
3453351284919232
3455463851387374
3456043821318351
3458280447728714
3458404421090359
3458429487812960
3458929014395599
3459598254278375
3459627294285753
3460726784158978
3460747677548223
3461377427483194
3461988200714512
3462139930701818
3463005350618796
3463820783841963
3464911647092429
3465294490366313
3465399710393740
3466428040125790
3467266696922568
3468073943444878
3468723513358134
3468982899982026
3469026513413616
3469134526688475
3470764293024947
3471255096354214
3472310659755123
3472751996298276
3472925562953332
3473099069626969
3473225139587437
3474926016087402
3475431619441825
347870506706205
3478981629038246
3479373748831027
3480488442220778
3480716002257081
3482189368763225
3482905475280859
3484135981843151
3484916018419910
3486283475021868
3487181914858576
3487283044852778
3487335491543585
3487555258176787
3487730564804479
3488168304806342
3489307524683401
3490481514578179
3491462430955057
3491577944277235
3491867104367973
3493812864278514
3494427090823138
3494558497527661
3495712133908868
3497242040523518
3497465867197939
349850206496061
3499349296996205
3499417363526517
3499417363526517
3500547083378322
350186297780897
3505068256261051
3506099946303718
3509884822593521
3511495272397737
3514378828827265
3516100178678390
3516164971964940
3516796481925836
3517653738513825
3519781521459526
3519953364912545
3521685161341381
3522299508014550
3523457881089597
3523943954503155
3526059730994501
3526309540987329
352837757512603
3530405110537759
3533419633577012
3535343230124553
3537275756372785
3538182149797726
3539905512966391
3541609785940761
3541874469470145
3543987505827029
3544836389075269
3546039769057246
3547699068662936
3549548228656636
3549839052003533
3550038688434752
3551256308342580
3552213808213131
3552668801503907
3552796141492850
3553741561397543
355513809546833
3555926221306497
3556410557912247
3558110227820209
3558527977707172
3558770110891364
3559527164325165
3560122480891924
3560257304079730
3560389140728544
3560735174198220
3561139600658788
3561396874126304
3562894277363614
3563142687296957
3564178040353015
356552522660808
3565846726849894
3567283076829437
3567439327107534
3567494316879546
3569779556580916
3570275559864320
3570643026372929
3571584466280715
357193689393047
3574273819338813
3574360582670555
3574921416088003
3575000729488509
3575591029207938
3576109772494510
3576377209133120
3577458535899098
3577865935647620
3579726295461078
3580186755559508
3580589755507871
3581803208733648
3582034805355430
3584751491625056
3585147595085108
3585568978214082
3586406438248282
358683740195909593852
3589300887838237
3589321334684547
3589625667805802
3589697001248611
3589715111132651
3591930090912184
3593876800716145
3594563817478146
3595453577449960
3595708180655195
3597562977135379
3600463330276831
3600820093533107
3602563433181186
3603632019907308
3605624406210082
3608397829403987
3610813039144133
3612993929026299
3613317155628850
3617442335225276
3618219821768743
361874683414457
3618888635043354
3619099661749536
3619107891527781
3620386044854242
3621405134771884
3623258497950835
3624305851214229
3624429074525707
362473809862996
362497681845830
3625015561113589
3626227247479913
3626248794154030
3626409334310029
3626606567445873
3627112130846418
3630413423867803
3630788750556941
363101838465753
3631838773718107
3633887783604699
3637015859956537
3637604056344776
3639580856350016
3639822492945521
3640013322956201
3641320865972160
3642130599344642
364359546356020
3643865925719164
3644001625825355
3644934589057197
364500844978992
3645475935558815
3645653752213264
3645916555633344
3646075485667719
364705734958844
3647349455375900
3648270818793785
3648658225367893
3649870548650989
3653794441513183
3653811384932939
3655580928102000
3657845627694038
3658453704380195
3660017124226679
3660042994214498
366043121996416
3661063397350354
3662917167278464
366358008314536
3664558036987860
3664995840496010
3665289003717199
3667680110025160
3668237600096887
3668545243276885
3669401863335898
3670356576425045
3670622626587498
367304104745124
3673552939640574
3674213539461718
3675008572609151
3675692069226040
3677993115643286
3678545162416194
3680010405569291
3680898872196581
3683375898554074
368386534633647
3684056015037444
3685126068414069
3686465628125120
3686937238275015
3688501141276892
3688893527887583
369099384498268
369312704445392
3693562007433844
3693881947412785
3695443437364800
3695888490539278
3696053433855215
3696069433992128
3696123597373451
3696626827216234
369671695963078
369776441124187
3698046056987990
3700637616711261
3701205759990459
3702626243336315
3703721043190511
3703782699945166
370391789151277
3704341033003841
3705222346441265
3705280086266686
3705699399676671
3706330872924023
3706425282801396
3707697506024732
3707832189453510
370870374918908
370876130977587
3708847962711182
3709358222530194
3709921369135402
3711384915654517
3711741728952680
3711794325765184
3711906642275015
3712307032226021
371310400883925
3713770998859090
3714053638855974
3714073265486786
3714076875357595
3715647055362356
3716938228434058
3717580908364216
3717808345013434
3717968421760602
3719274461533989
3720258424874847
3720489408077065
3720528481392121
3720604208038479
3720989708023383
3721044181356453
3722727368026104
3724073957714670
3724875380975559
3724948004404082
3726061354306259
3726334024160345
3727335894175994
3727996973978042
3728203457414094
3730286460602932
3730457363901092
373068558173494
3731161470346133
3732188650443384
3733404193449707
3733679733576372
3734080193580074
3734188000167401
3734460343480753
3736792769887728
3736957343068164
3737029586538682
3737963099663303
373856137284628
3738937156344206
3739501092825218
3739547662822772
3739570436152068
374015637320812
3740204972881006
3740277642749715
3741462155981643
3741700002776753
3742477146066675
3743577065765269
3744151835818432
3744280685698372
3744286389116854
3744722972320371
3744955402442833
3745962148866808
3746290295504695
3746290295504695
3747899218864334
3748679485348770
3749124375199317
3749257065305065
375077277186434
3752279581652851
3752700901518678
3752759141517726
3753226541470133
3755569464552552
3755993407859797
3756558561293155
3756706641273551
3759346500843448
3760116497426561
3760759550689616
3760983854130588
3761317330783999
3762026797259218
3762507414032928
3763788817065889
3763788880567706
376424980338828
3764507100483159
3764699110324175
3765846890379423
3767280580036173
3767477060211887
3767567336645498
3769106059878810
3770019206442110
3770162913109109
3770352659750698
3772594586322092
3772870419631482
3772881376332476
3773092932740560
3773460712773223
3774892256141559
3778303819072779
3780187112107338
3780597431995106
378138736889133
378205994795819
3782250391902581
3782338388674510
3783477018429957
3784732721649564
3785247161762963
3785902778334441
3786091554989358
3786408084821480
3786943408094918
3787208578071742
3787817408010596
3788514937938670
3789797581117496
3790532231042742
3790532231042742
3791808660936818
3792221224209185
379247013367465
3793152734126402
3793807570904269
3794650097251453
3796374723822152
3797050383753957
3798134166961907
3798458266947473
3799097546855845
3799153200195807
3799196480393586
3800504330183088
3801993586575012
3802571419994584
3803178609811292
3804563222986303
3805016226262364
3805309339565441
3806667336279775
3807440466196489
3807796422786789
3808617649264731
3810472732394847
3812218205572356
3812372625557927
3812823858837180
3812831215481889
3813955888721149
3815282541914201
3815963438512092
3816422491818085
3816769258452286
3816948171919535
3817354701855156
381773306443213
3818049601576305
3818303618279288
3819045034890440
3821179038016476
3821313981314031
3821709808098046
3821891477931432
3822297301216336
3823561837691392
3823862141262148
3824085054307238
3824283290958724
3824564137758410
3825511930880644
3825736054140060
3826071487519304
3826489544116113
3826756380776826
3827135190717906
3827256304064243
3827883880612997
3829918847055893
3831437860299825
3831965987089067
3832288953565849
3833657166683542
3833845283384605
3834260819975772
3834825880109860
3835462273243852
3835637279897692
3835873700037937
3836060899850617
3836339576689349
3836394396582264
3836692039793930
3838119876476334
3838624359588032
3840364142728053
3842534442517045
3842870132469743
3842905059097116
3842964765816137
3843047195813214
3843856825857573
3844631825632807
3849621805156729
3850175308424170
3851488391614083
3852058951515888
3852134108247726
3852350118323242
3852381108164790
3853097208106471
3854582587993216
3854720771242094
3854981061254748
3855094637934614
3855236937923700
3855872337800727
3855973661166768
385676309209057
3857142057739403
3857922027845947
3857982567584798
3858006857662050
3858472124251601
3858695820888064
3860068097363550
3860172624036862
3860972207334657
3861862347293518
3861894744092779
3863064000455670
3864018676984776
3864469766981450
3864775750314912
3864803900416951
3865413893546240
3866329310130868
3866886283431586
3866930353568391
3866972600222697
3866977813396133
3867337503313430
3867394316678258
386771689070162
3867772879974464
3868350413219776
3868518319883657
3869944816454099
3870631039672782
3871225359655251
3871332789653414
3871557532957142
3872003979514450
3872475372870676
3872616369459412
3872836426157181
3873065876105115
3873362889380148
3873541436078450
3874198469576016
3874316919283179
3874611799326317
3875075162591606
3875425922553467
3875666329226734
3875730979142313
3876055489145183
3876202885761167
3877461762370312
3877485192307273
3877576805624289
3877673565620549
3877757562315205
3878099355740782
3878144208930172
3878162142239692
3878212682277087
3878393538882278
3878537115592384
3878872735494519
3878949805486941
3879127155739412
3879235742203831
3880893482023512
3880931962021770
3882263175192968
3882593835143740
3882791848626662
388375022494358
3884655971632229
3885021158281923
3886404154800140
3887341564646309
3887378991375302
3888037244642684
3888641361184406
3888785164551726
3888878191231070
3889114581178059
3889164054532182
3889521137792017
3889563101165911
3890948744336619
3891545564274965
3891858781140122
3892425510852585
389328062638304
3893707837412052
3893917830865841
3893978334172057
3894102907332007
3894649897277392
3894896897255294
3895342723906865
3895386217203976
3895537853857533
3895626573857902
3897215667037855
3897258566976713
3897906506931633
3898233856962561
3898258130294063
3898583377099056
3899143736871899
3899298220316133
3899536263474822
3899562000173134
3900466020008923
3901480543271105
3901498809937034
3903020216411824
3903081966455190
3903280613081030
3903390176409947
3903608429758415
3903875629726312
3903897726398511
3904110743004290
390431515316840
3904541346487997
3904921569555457
3905041206280179
3905845249510683
3906881089431901
3907185769357708
3907947299312326
3908057735954675
3910352912628556
3910402129080026
3910713265700217
3911095918926000
3911294248961428
3911836495601296
3912253332143968
3912335982416149
3912473958807296
3912956902087019
3913555555348290
3914974735288374
3915704788549359
391679645220953
3916902375214447
3917583788335941
3918275814875704
3918859591562230
3919113174834336
3920762654708741
3922739397818463
3922806061131716
3922833357796820
3922967127923148
3923506967763792
3924193414323217
392481908408365
3924826627783102
3925291747696200
3925695007477912
3926426237627425
3926695697408982
3927921403941282
3928308703927891
3928534150528735
3928819510568603
3928956293807585
3929017020720958
3929503613832116
3930120573741748
3930268853719989
3930722380381065
3930947656959685
3931667873560951
3932339460216985
3932799973439901
3933756003601938
3934230160026465
3934555373265260
3934796439900766
3934909016563180
3935518283211146
3935896889820999
3937184966373724
393719429313891
3937749889887257
3939119569499771
3939867046109084
3940056836078259
3940285819372143
3941542869294069
3941731569213616
3941896069229587
3942203079193095
3942297035826231
3943375629078360
3943479415772206
3943637542398973
394376092202579
394396101528779
3944372545661830
3945253298883802
3946099022152745
3946365408802487
3946569145458811
3946855102310642
3946941805353636
3947001978748031
3947027788720046
3947129245615541
3947351085333627
3947494858853963
3947662355486996
3947898685258904
3947940948593378
3948212011949853
3948235148596443
3948497658569430
3948616888736789
3948716725456678
3948757805241852
3948768851856933
3949101698540365
3949266872014017
3949270318524770
3949962321785421
3950013575106628
3950166895045797
3950200791733193
3950268351747571
3950442908345595
3950845048369468
3951000918351596
395151674777710
3951548434927921
3951871741600608
3952274984808164
3952352078330278
3952378511554211
3952436308350379
3952539511633042
3952637711488161
3952691744823179
3952827244752263
3953205668050179
3953241698046036
3953374881444019
3953394931364225
3953507664728384
3953729131330070
3953899968029835
3953907014662455
3953996668041276
3954380591458227
395443019511810
3954618517983715
3955084837860316
3955717214543855
3956111454466708
3956127251167976
3956313247737695
3956540324610619
3956690164642590
3956925044554338
3956973364408419
3957033417677057
3957157640986212
3957179234367836
3957201844369961
3957383584330785
3958018807584675
3958209240962342
3958334671110222
3958479167604883
3958848817496577
3958990370836134
3959571574125136
3959596370782690
3959758190746051
3959782097450611
3960395147375666
3960517907316925
3960707230716735
3960798314000777
3961032823944224
3961072437457612
3961424683979003
3961673440554605
3961797333880056
3961928547233685
3962049860557898
3962142750738963
3962318020555680
3962386483984177
3962652967184910
3963092797119015
3963188253793744
3963222693754384
3963269943792540
3963420310408363
3963513830436470
3964106570506804
3964389857147163
3964543403631874
3964585073629667
3964956463587216
3964993730259803
3965153463604781
3965197456932838
3965463886871109
3965513343534877
3965531350226689
3965534766887055
3965747973520132
3965834746840619
3965946713520746
3966014426877563
3966131426809732
3966266160130314
3967111216875448
3967164756695346
3967185113349700
3967299453349356
3967311293363591
3967463700021465
3967471833333998
3968220759940309
3968244109935459
3968330150107447
3968373736741135
3968380743214919
3968554006723263
3968725636780962
3968769103169609
3968774699878843
3968986403168241
3969177926484557
3969320579829651
3969555543132347
3969608043319244
3969659013089401
3969986446422240
3970148216432808
3970175099925734
3970324846391290
3970413439703991
3970444736612564
3970473016369722
3970474162989562
3970592546351184
3970630066360297
3970688262984599
3970726863022856
3971086949665120
3971097516337529
3971389346232679
3971580672897687
3971871296368594
3972108426158178
3972114856191709
3972330379551489
3972392146213623
3972582706159801
3973016719486632
3973025669431071
3973063619475735
3973075609428434
3973103999409671
3973185442729370
3973241733004688
3973255499408885
3973470879405585
3973718856048557
3974508622571621
3974564472632849
3974628689297215
3974707239284542
3974740912645361
3974860562601505
3975102222603400
3975355089450742
3975409079219143
3975433049212728
3975778902498869
3975826709178298
3976337555794252
3976558089105665
3976744472546898
3976962239017941
3977033555890462
3977101415743967
3977142632370922
3977150975841072
3977456529011961
3977501832362694
3977723652311449
3978114932270652
3978544548892375
3978690155577811
3978947158865352
3979087732168928
3979136882345419
3979386248944050
3979667275462908
3979953852089168
3980100125361004
3980420805379850
3980426755406126
3980565335370294
3980567285363792
3980813218665236
3982223755190420
3982363975143384
3982675265151377
3983069018621117
3983170415100665
3983192741756393
3983398471888905
3983443625105111
3983625878385720
3984235268298975
3984374418344965
3984590695000170
3984669138319220
3984695601612762
3984829814928740
3985164911599058
3985474631489331
3986151234863845
3986304138083166
3986337804775967
3987970854653410
3987971437923092
3987990414596242
3988009411510925
3988074381307918
3988320294755023
3988537607892580
3988804747865028
3988850154778588
3989337941104203
3989542727800801
3989861607766473
3990040327697767
3990393561054413
3990408211053501
3990483207700039
3990698854343918
3990701931022675
3990904307664250
3990972131228530
3991549881061216
3991838554238194
3992146594225919
3992422890846195
3992487977497022
3993024817447330
3993344887454580
3994266220681623
3995264113926917
3995363310539428
3995413847203326
3996267263808485
3996607883789359
3997362097037910
3997484880333556
3997629300350227
3997670810318952
3997958056959907
3998399600219554
3999269770186644
3999276503460345
3999733016775744
3999880413421895
4000798813333350
4001376606609553
4003297026398894
4003758643047973
4003932376374958
4004354356322410
4004430132972546
4005129199595246
4005258369594666
4005528209683729
4006419342781365
4006646592921994
4006867542760732
4006892382900309
400703381430136
4007599366188061
4008272342560160
4008657729225604
4009613729093086
4010782362324993
4011013002300484
4011437942285924
4013857405361192
4013993055326341
4014277705288397
4016556658423693
4016817608548221
4018075471595586
4018741578205987
4018768418453343
4019050798182026
4019925058030729
4020140844743770
4020360911377474
4020374424694372
4020758841348722
4021067414650190
4021602078156770
4022105944533569
4022420734473842
4022955791279383
4024425150930074
4025415920868723
4026825944063609
4027286360781474
4027443834005129
4028616770726916
4028678477366828
4029010377119882
4029296723955694
4030014473758261
4030704130345207
4031964816872338
4032494823537949
4032704956844012
4033962963390102
4034146050007541
4034388513336030
4034532249969325
4034853536571942
4035272039901191
4035311593224707
4035419753246219
4035838659787593
4036050059989948
4036060279939866
4036177013335578
4036302453103426
4036374049739642
4036578833066909
4036579523076315
4036621959934065
4036911439684951
4037016676355750
4037464509632761
4038735139548984
4038821646172001
4039229679503835
4039675209432248
4040006939659355
4040570339356459
4041209545959193
4041390899281504
4041752279272126
4041870305855861
4042384829357977
4042930319147519
4043387992410964
4044217475692450
4044326015661098
4045583212226755
4045706685526167
4045921055494975
4047124328663854
4047978091985343
4048942408664070
4049075988512906
4049162435152177
4049705861745715
4050765194959060
4051918428204795
4052139021546746
4052512835030778
4053055018110509
4054258591464366
4054905057903259
4055440194539609
4055652281338461
4055901311142041
4056520777768842
4057836281155187
4059066157515448
4059580867414404
4060026600726226
4060096574049742
4060140704100962
4060472184035357
4061489013944943
4061899323897495
406245404164837
4062628704024855
4062898484034786
4062937973729149
4063708600389073
4064401760318911
4065397363545344
4066329726743770
4066890353389396
4066980973621645
4067064823513225
4067313963388711
4067449450007675
4067875236605460
4068056359925156
4068110363211936
4069493353284667
4069657189739767
4071324119614082
4072102089779214
4072210793036708
4073264982928817
4073371146059523
4073609272699704
4073682026202858
4074115909529569
4074362772583793
4074667689263869
4074777119246759
4075360419178033
4076704505719368
4076864549036467
4076901065911716
4077343355637112
4077815685597656
4078081045752804
4078546419090173
4078689898876304
4079360675420037
4080396162025103
4081076965289209
4082289098553920
4082558921783342
4082565158471766
4082968228632017
4082987145123331
4083773455002197
4085041281768815
4085911524807297
4086845841361499
4086936291329056
4086985608055110
4087319688160522
4087405324813722
4087943907961274
4088837244526817
4089435904482301
4091694124247225
4091789190857536
4091863190870475
4091965860834886
4092150597509338
4092172581038888
4092507100772668
4092578700801481
4093012910790743
4093624134030486
4094063737303671
4094268970892405
4095449860511525
4095636593808253
4095704853856007
4095724107155762
4095922183969451
4095931777132618
4096403567089968
4097333103875356
4098123833803651
4098155540206233
4098348740426115
4098743823534840
4099727143419064
4100077256706898
4101056033287988
4101203446658278
4101488549907941
4101761256550755
4102300436502911
4102333176492729
4102404506449411
4103112906612049
4103128216412999
4103387629933698
4104733476308951
4106375016109279
4106526582718662
4106568576277091
4107471816206102
4108283695861345
4108660939200887
4109265655799351
4109827722373099
4110213542351624
4110247129289382
4110255142587970
4110517109037728
4110770182523388
4110770182523388
4111794018857616
4113225938953974
4113271442050111
4113405782265553
4113987985334760
4114042038661826
4114100848647869
4115304605220681
4115392725150672
4115738528660307
4115946228657259
4117605271628969
4117734398335200
4118621271491462
4119231088320008
4120755518201158
4122224544692570
4122245281168429
4123747434312344
4124828370901336
4124964600880676
4125346407559688
4126855460707927
4127850003924743
4128177223888401
4128253753862245
4128560837165651
4128892024010668
4128975964091811
4129058257354564
4129110623820300
4129734383744604
4129784400405165
4129983850356415
4131658566928225
4132814056783758
4133216693408698
4133245743429309
4134902676545324
4135164033243107
4136295859767477
4138511022868180
4139043322820121
4139064946154726
4139299706351718
4139404216113017
4139432509436853
4139971789381902
4139998706047774
4140728049319810
4140803029542721
4141120625931230
4143056155753817
4143077205736824
4143252472406879
4144727355549684
4145222772205385
4145459528850567
4145878612356044
4146204055402783
4146562122267691
4147225511991172
4147279191998773
4147299585351911
4147360195540790
4147753425483148
4148852565238695
4150399235003562
4150433701869651
4150572924999322
4151987168179336
4152833288156983
4152983961407575
4153230474913935
4153462341378780
4153917231318080
4154509177903943
4154602851265101
4154803517909751
4155253284517656
4155725924465796
4155770607811437
4155956094468538
4155960761295349
4156415521085605
4157606404296767
4158278710889062
4160479070658243
4160541557338270
4160562237519518
4161117397276115
4161661660558549
4163395133699203
4164194266957113
4164497283602419
4164630260242554
4165387843573207
4165807526815381
4165920436841282
4166199893411033
4166199893411033
4166645340068662
4167271049982933
4167787966600663
4167821653276424
4168485246749287
4169146799784043
4169406726443827
4169513413116476
4169658253082690
4169711389716348
4170308243032400
4170558519668015
4171160909602997
417160879390347
4171933406202540
4172888892949607
4172915392730646
4173282859368885
4173513892695265
4173935675961527
4174059722658516
4175806109147435
4176147042449826
4177315038986374
4177891235575691
4178152722467890
4178660102172481
4178660102172481
4179398205457012
4180126315371205
4180615365331090
4180757071991144
4181051791940817
4181916251860624
4182300818499062
4182327138478915
4182795085072215
4183823941681245
418445300369628
4184941898196801
4185622204836391
4186020201456866
4186220198083978
4186423631377197
4186610758097223
4187393514657498
4187552911307790
4188572034761137
4190278941011285
4190738610987349
4192636687681912
4193567337331426
4194384500888818
4194963250560483
4195606860763393
4196784170339912
4198115533789974
4198480703718522
4199349940108450
4200073866681447
4201164376796622
4201950730083218
4202753859776608
4203258076372988
4203354273028804
4203831623013709
4203842303033217
4203915909670559
4205295362824492
4206166806071172
4206203706068589
4206419859595556
420703463410704
420920036315982
4209626079087538
4210441922320146
4211949865586145
4213832765316112
4213883745398750
4214131908639183
4215593238471402
4215738798750537
4215738798750537
4216442281739502
4217402994979148
4218124221533009
4222049334505868
4222288884535463
4222857381272759
4223548971035027
4224023737661997
4225244280919096
4225752054160409
4226342560729787
4226788547364155
4229608600428944
4231592516908140
4232518923432974
4234609096863885
4236047579778714
4236411523246735
4237147616350941
4237560806276627
4237842299593341
4238014509564671
4238125922907041
4238141669550771
4238584439521492
4238609426171490
4238623842873398
4238949743093672
4239211209444144
4239241962975399
4239431729409914
4240172012682173
4240779626249187
4242548189304610
4242872459064743
4243849498969391
4245056879151179
4245432278849693
4245456142142509
4245674352219325
4246647352277314
4247323311966458
4250068421693861
4250861974958177
4251600954871239
4251605301518720
4252218111508632
4252649811434997
4253247781409281
4253711661422012
4255076031183070
4255753884472271
4256373141061520
4256553444363803
4258566590820574
4260221860657712
4260390470658290
4260553493963758
4260656300619840
4261699410533624
4262432760453912
4262900917124939
4263557653689239
4265095900180773
4265173603533733947607021941106
4265452426809547
4265990140091562
4266715133339121
4268557333188038
4269279609762745
4269760589723480
427049934936381
4270745013156044
4273708945982176
4274033079293820
4275200632525298
4275473055817196
4276177965755382
4276668495887462
4277089049009435
4278189178880903
4278376442193941
4279268142094150
4280154068684912
4282312551896463
428263475646034
4283827741627842
4283973018326737
4284437278256018
4285788228108959
4285856464792647
4285928884784119
4286229628073961
4287369434824028
4288281044516261
4289120817766952
4290408587713790
4292021714141789
4292789247397933
4293381057341075
4298062986870335
4299399013438725
4299626200261242
4300934746603610
430474719365650
4305412209686609
4305663039452985
4306339049652319
4307561459301378
4309545857174477701644
4309620099119525
4310365665681616
4310376675663571
4312270932150879
4313012178717576
4314420011960268
4318157555175592
4319253708188254
4319289868095920
4320170858007238
4320861837946141
4321884331155916
4323014044483894
4326501104066619
4327731353903803
4328802610487473
4330162293661007
4330177387006787
4330707800296054
4333568779988761
4333814433317993
4335754959769575
4338008376233604
4338100442880789
4340601039307435
4341752802543967
4342042572474939
4343430112355436
4344159388928129
4345324375500287
4345713732115815
4347891988567132
4348872925145748
4352408994771446
4353258638017893
4353978674612848
4354006961297804
4354938267852390
4356646787713993
4357181397634806
4357904267567603
4361210643900897
4363590380347517
4364239633586317
4364767543574715
4365972163432636
4365995083493830
4366651816702775
4368144203195554
4369187203142433
4369991223012378
4370400723029504
4371012916262811
4372496922774667
4374055699323570
4375275645816061
4377814072230094
4378761018875304
4379003102123248
4383801875211838
4389769597719970
4391248034257462
4392188864124485
4394824197216627
4395004090552250
4395186053895764
4395575887119686
4395792320431283
4396186330461712
4399951250224738
4401051683271780
4401098483259405
4404556942969454
4405446876134732
4405816332872607
4405855789442378
4405969022765156
4406496366098846
4408330819262338
4409819875696784
4410044262418996
4413305855374872
4413492788684007
4414794078555493
4416006101779500
4416186195072022
4423501124405712
4424635550880472
4424730354239780
4424836494215924
4426536294046963
4426937330672094
4428577060504907
4429555027057948
443229230310088
4432454813645833
444103280017780
4444952695535234
4445115485507633
4446793145354755
4448522878515198
4448607308500762
4448624575156665
4451099934921787
4451196198227810
4452601591460691
4452778798083869
4453391841348924
4455086764716892
4455501194494557
445558551523587
4457912084433002
4459140387452983
4459415227617745
4460374363990722
4461382477207345
4461697040543921
4462710337286972
4462989570432404
4463690380522156
4464694680310649
4465084646853911
4466777116703944
4470782719615751
4474019219490007
4474795992549545
4475492075803509
4476839695708387
4477021349054230
4477490025612211
4479292078752078
4482078925144931
4482487275105768
4484681378423177
4484726578223565
4484745604944187
4485191551540633
4485431438211546
448594139536401
4490380634323076
4490538270960481
4490874111137235
4491074917783420
4491414630915259
4491453060978319
4492351570792303
4492565530754483
4493050190724899
4494893507245840
4496504573699665
4498248876871318
4500792459950238
4501374326572341
4501891043157586
4503849172978283
4505148012837142
4505442206173305
4507057232641937
4507543776031788
450895249538490
4509292442433970
4511175095577742
451252159512183
4513814335510325
4514452948588103
4516399658389583
4517244921637534
4518005291758822
4520723821275174
4521447161218712
4521631014549401
4522431867785821
4524520170944892
4524721127543897
4525175521040340
4525395280810864
4525738177456110
4526222807390043
4528359490560411
4529789027040121
4530246073669917
4530339387045337
4534340776590509
453522802400807
45357365064077245559264932
4536847982998131
4537184749675945
4538784626137359
4539872442692734
4542104032486272
4547001592024393
4548471175181550
454869836208169
455097266260067
4552821271397965
455716725722845
4560421764059270
4562794503945023
4563477273671104
4565929663514704
456742765585196
4574233715926575
4579049148874895
457912535470894
4584234288260173
458479518749336
4585874658113492
4589796231245686
4590253511099588
4591601620894714
4592531990768672
4593017234117501
4593095134034645
4593759540668841
459396008675169
459975731947423
460681314997561
460973708505869
4610348912315170
4611120625568304
461295191765878
4614389095288871
4614952081866526
4617447555043219
4621158437900834
462392672323251
4628235397401080
4632615520110746
4634502433243504
4635007196526960
4637943632995659
4638421059614357
4642146369184568
4642764632407308
464308464779492
4647221645306362
465200691217870
4658767360876000
466110021343912
4661584977253832
466183857975079
466434234425845
466629181092855
466865784574623
4671652932864554
467219764530714
4682447631782076
4687262014634234
4687397407943897
468749924550985
469101737630292
4691990900924850
4692176281007719
4696273637065855
469655427674587
4697495823600152
4702030556567991
471148267738590
4711669772182792
471509074053831
471978674081244
472134150733346
472477270631817
472590650879519
4730480643645159
4730886080339572
473356657275958
473489457304412
473908757234197
474261170564303
4748948621799204
475048093765123
475149307040739
475343756854912
475346790346208
475486040339755
4759017507465923
4760323754063181
476370016921519
4765572963469603
476877880218988
476993970279203
477016156922620
4770533793171852
4770625119620140
477180343728338
477240200189924
4772676962759430
4775834739109897
4777656978917781
4780738381941187
478088184070842
4781193258573692
478292386752090
4788618951260161
479448070017230
479531256584015
479578039919783
4796127157088827
4797790556993281
480103943414164
4801681033195255
480742573248098
480815482976430
481117606495623
481593136412587
481605163043426
4816943091665364
481770523303757
483214412960502
483306042987279
4833453790014901
4835612969804263
4846570545390693
484658039252643
4855814281204503
4856057657786213
4857573484291594
4858679440921156
4861252007239133
486537990140272
486987396053561
487151219371962
487409226603124
487433075833411
4885512168238515
4885767598117464
488583818857272
488940912308774
489672245786471
4898718576876208
490049788910137
4904096486338329
4904787952881713
490568555419252
490672579036503
4909917009021657
4910977748991375
492208632244064
492880085482476
492936925242451
4931844883603568
4931934446908483
4932597870198687
493949011791360
4945872408863322
495058339182700
496009475170837
4961047180612169
4969331923179814
4972294052867876
497458351377953
497478728136891
4975556962564139
498183744702612
498377858023209
4986240018147575
5002462286547733
500589117863891
5010977885579938
5013182358696368
501531504376023
5025150257513889
502824887720675
5035172753273300
5035747789866036
5036112416492554
504587140855491
5046213078778339
504890437313733
5049850471947794
5054456434592198
505617863966105
5057524554327819
5059300407511698
5066800016708002
506802633848183
5072651846135497
507551667045646
5076600795767109
507766274000214
5078784348802931
5084903801595900
5086104338120553
508933283800655
509487430076432
5095052817270824
5096218263762737
5103982586280954
5105280366176926
5105397106194240
5105854226184518
5109142475779964
5109187719171311
5110310412322703
511923096793142
512364863115534
512401483096132
5127344917389699
5128473860572305
513451079810629
513592213135362
5136213543060092
5140461242684382
5140831909278567
514176569953358
5145746858847884
5149021741833782
515621679804033
515928779425800
5162431320446223
516443376375306
5165281400195010
516662696022056
516741332814758
516890246359197
5170063646373068
5173926422683739
517608849275873
5176296525785447
5180093482046758
518422806188948
518463249334633
518604595826091
518892666148848
5190725614305325
5194284140632962
5197404660298009
5198513903526755
5199350590134686
5208830835804288
521282205712416
521791828979042
5218382411528086
5221513224638891
522333385795354
5224243827678442
5225025070883736
5227713147340074
5238544026156180
5238625126201690
5252747128114092
5254259998032870
5255858101097745
5256492274461049
5256546204407661
5257554644367601
5259590767472995
5260330880673464
5261685340564483
526282628540765
5266349553439211
526755941945522
526806623343737
5274311462612497
5276183009063108
5276685769037221
527675428226365
5277795279003659
5286910108054037
5300597900034851
5305479976208522
530555014769522
530941918001154
531015354646614
5310162449054213
5311272052252785
531158017962493
5329294183813569
5329398133787123
533171081423068
5345377382203398
5346113495462953
5349393845414182
535357087631834
5354852911282304
535629647431560
5365290846820041
5366599996723539
5370033559734752
5372403976167256
5374438672626039
5374883379263611
5375487042504930
5376163109089630
5376611902408967
5376717685791244
5377456022338876
537803617760259
5380335478674802
5381544361917243
5385045921570525
538571320639732
538702598473184
5389880331054180
5392166107539505
5395234127214517
5395461720502839
5395626543828438
5395882177155482
5396142907135019
5397068513699352
5398754910199490
539882722518125
5400405516637854
5401701896567966
5403840183050295
5406944229347118
5406968576044551
5407182136018509
5407788439292247
5410435582364172
541075023545200
5411354558990778
5411497878886674
5414320015304943
5415673345207680
5415692991819459
5416931295044810
5418765598197811
5419831064724943
5420825177991978
5421265894611889
5422333504487498
5423689394370154
5423916581012615
5424340200928985
5425225484257626
5425702837508774
5425724777511422
5425811530840097
5426758497396504
5428005373939985
5429081367213481
5430115993691182
5431395713602435
5431973150206035
5432689790139283
5433504870032652
5435910219817072
543764091748301
5439492582792236
5442418869161717
5442532639145785
5444174118997453
5444557345573155
5447725355313612
544797296907844
5448425478562813
544943590114083
5450891718319603
5451564198247565
5451917784883413
5452926304748545
5453005374779683
5454434597959992
5455780847766715
5455802974448627
5456074694462604
5457338204341173
5457834097591667
5457922304277935
5458731030867221
5459370774133823
5460664780673303
546113981882386
5461834700554755
5462751110432644
5463299780378920
5465989380167294
5466389560100502
5466709233352949
5467910379949009
546796850293398
5469642286444461
5470140233057793
5471492059623800
5472687552805369
5475198152553112
5481438038598122
5488795787836925
5489868797751734
549400809364014
5494699543905822
5503100269797075
5504642676275633
5508195579253853
5510682962510196
5512589102186748
5513572458662269
5515056668535988
5519322294807591
5524733117599312
5525568657484247
5526191554120428
5526377897404279
5528308547242246
5530672016975103
5533270586714159
5533787913362358
5538051926236924
5540831582624979
5543405589035053
5545537828854716
5548909638494964
5551460911562926
5553646104707077
5560634890711060
5562203890517402
5565675503510638
5570181843040650
557196398594740
5577524652338713
5578196335584266
5583093158431801
5589848211086332
5592251020817328
5595746780467849
5598878670154828
5599506390121619
5599966400128422
5608882719146524
5615639391810547
561598661474385
561939498457314
5619980088077044
5621575257870715
5628410373857218
564300383375344
5653710451313581
5655515461184202
5658426010892270
566022777735455
5661893580502519
5666953743344480
567162467661219
5675331355847223
5677734632266745
5677854128922143
5680897998594960
5689175184456657
5698621380212970
5700146033351754
5701699543252271
5701730663272432
5708193005887609
5710466722341602
5711304008941967
5712446925448446
571443517724917
571448840494260
5716522808437887
5720706751303435
5721218894615755
5725393860902606
5729118407191391
5732278303479541
5739633169411444
5743903868983586
5745878468763108
574921776757525
5755012654539027
5757572817616948
5762062510476612
576585496654698
5767877489919833
577074522067506
5771638019602289
577777070195606
5778660652158896
5781017375249187
5785215424842667
5786848254771122
5790834610956778
5795388590504710
5796443893802495
5799585546778437
580243932941134
5806264199402040
5813211588733793
581896390024682
5819715218156958
5822601034527323
5823650254373979
5823873924297342
5840893909271038
584638542450422
5849834508425288
5851879338181404
585397212863227
5856706071091982
5863224147136372
587001192274518
5877585372303155
5883125988366664
588497115886371
5890973857587552
5896102173761056
5896542177060919
5899121296871395
5903359056436520
591125381793414
592297847297640
5923868827710639
592546962235660
5927975357298530
593034392098981
5932871936726830
5935653769849133
5941343579210962
5941607825965622
5946299095478790
594665798164117
594715683720662
5949069325212436
5949140725131849
5949528921832155
5949663151758864
5950542981718552
5953672714651466
5954614607949350
5968193919955096
596907778369705
5972271516146502
5975386919243804
5978692852156009
5980138575362103
5985456984814446
598686895004302
598894569060128
5991791564261623
599975739862455
5999798006722284
6008681855907422
6008743935843925
601006876286891
6012913438747337
6013686045360532
601866527964007
602297341188633
6023422454350211
6037225529624505
603910094514968
6039426609416397
6045436182151386
604571805923499
6052299904824408
605584232490074
6056108567736405
6061372087221762
6068663996504911
606930122350913
6076988352318673
6078362715596257
6078957182130546
6082704288474883
6096934087083354
6101638249779961155
6103121203047064
6106120126092449
6106356476087408
6111601392287467
6111922552190791
611256525407142
6113303932061230
6118962008173584
6119345758100004
6120107598086387
6120319681326917
6129509877118302
6130491447011879
6139919216096480
6146177048751590
6147842658572786
615277691516107
6173271276032206
6175373192530402
6178031962291734
6178325765586024
617884218067557
617956334484033
6183327871715388
6185388731487150
618559674651107
6189432227836951
6189572101164254
6191295074229584
619338155676838
6198711396821353
6201559143226077
6213710991988011
6224846640915798
6225083250945047
6235525773236294
6236236096416772
623781905687070
6240918879334872
624303043773248
6247319542019759
624954884026322
6250960195020653
6257363514326939
6258356507584267
6265984940166483
6267176620035418
626870825317404
6269556339815950
6272943086153606
6272956692780865
6276305302497701
6277650382317303
628122435706109
6294655273954645
6294985770549618
629513316620433
629928846854510
6304388202982621
6304531236293678
6312680212104655
631782799732832
631910887986280
6322045044501709
6323546331040161
6335429403240529
633638069399220
6336560339791275
6340445975981543
6342866865802168
634595917936682
6347474522000315
6350874658265995
6354250144600087
6357345581049167
6359744770752319
6360774097350334
6360913117315301
6365496813517563
6371190262931088
6377971645622018
6382081818515846
6384610494906786
638691125527644
6387207484706285
6388401614550573
6398587663529325
6402333963158402
6405084982867422
6406567169411433
6420336401339024
6430873667038811
643588655093030
6437788916270034
644736065343774
6449030935130905
645691761723918
646116618529878
646119134856987
6463025400471395
6471696252927502
6491255230906626
6494453873998969
649498396420788
6497883986909159
650573034101952
651661109018389
6516859645066207
653022367853052
653349015628651
6537706439660005
6542333829127543
6574504719235759
6583711358401913
6588425037867948
659594576934996
6596727573718939
660461599917900
660590191410550
662256921898890
6627754943911411
6635805303178782
6650660191681799
6689273501183410
6692983290772276
6697391903673767
671288062044740
6720065411451064
672266545334871
672704337424616
6731843986909582
6734774936590843
6735130116532043
673582605266736
6753212324715086
6757050047728041
6770363232984709
6783035918389375
679376454479229
680039967739757
6801555559907533
681011809882811
6840085209352776
684826740790399
6852572691518367
6858467704282022
6867871983323840
688093268569420
688717380895611
6888704314500946
6894522100567614
690036921742508
6903928356289630
690735620196718
691204440469850
6923186687694558
6933769680069593
6952489611534388
6952669521450791
697702442764278
6996758510445031
700063959160371
7023939931048539
703069015280121
7045088748854462
704851057045845
7070268182995638
7098709673585706
710652884965947
712642479821068
713631718348518
7137954036307285
7146011592097187
7147157711980321
7163712640398742
718255474602268
720849372232193
724690493285830
724908870555421
7250374715046361
7256706104370023
7260311744083540
7262414973867574
726722260242748
7275905675811615
7281382988575847
7289274497854791
7323931114302638
7325956484192952
7327823753987115
733109422899034
7331803563556053
7335584763180704
733933570611721
735192510776554
7354857651241982
7358069864287298
735952987093524
737764400227212
738030764255531
7382724055102383
7382973991804786
7394264513979260
739961625465705
740033755685690
740581276629929
7411269502269729
7411917958926857
741842305229862
742586766991439
742757471921253
742894018463142
742998179707728
745282021828151
745348766150282
745783116435388
746577961053809
746879958309821
7469628709792350
747047738209747
747327891447943
7477236105626736
748315311297423
749204081269919
750434912296499
7504687669577486
750773697928449
750852645586990
751786838839610
752393758781659
752881404195337
7535817616519973
753590451912893
7540745989360093
755574485324175
7563095800384983
756471684001505
757442543827181
757870623808467
758801015271614
758940080284181
759140908100052
760429883406851
7611317978886362
761637577881299
762071391126964
7622541341172756
762401896500345
762401896500345
7632592746810766
763260563326625
763444121034266
764151364251511
7644589182237680
764890364166737
765050878282164
7650601541706099
765080860860870
765465919745098
765908905175807
766393936033316
767127690608238
767322082876900
7690204514418389
7691610450910696
769308013781398
770150454116117
770583645295515
772586510088087
7731814996901718
773235215252266
773597960209856
774199169952028
774894459891665
776037826900776
776828171554334
777084750566165
777127441382388
7778700032160965
7783960165048846
779240749647565
779338704591974
7795924927149685
7805078839601422
780710502579425
781846673833018
783110412351435
783453606172135
783531668975560
783663037612856
783663037612856
783912307440472
784412587370937
784493566009925
7848747861841661
7849372395080162
785575623840861
786126715364841
786286187092928
786590405584461
786994700510159
787340043798266
787447155747520
7877275972375750
7887342267968723
7893578507406459
7896521857138770
7898477090232314
790028951883978
790186634940446
7904996279612747
7909790559148287
791369288150075
7919179304763674
792619044982736
7929446467104346
7933722103417658
794978791143920
795330849659290
795814286247295
796081012363284
796275762819498
797137970906974
7973766152696067
7974998769177440
7977350332278698
797968744477200
798225752777335
798640090766675
798846567426346
798996592988315
7993180177420488
7994497310640304
800014142479617
8001317249903771
800220892433494
801306975672763
801458004101091
8019446448176033
803313166971118
8037570899629429
8037829519571052
804024826901993
8044725035581721
8045176288930908
804879722061045
8055331391189427
8057923027632159
8059910184123528
806647791886537
806681306927721
8069177859841779
807310266868848
8081239481960813
808291313420314
8085470628203569
808759913385371
8089516797798657
8090567327663051
809410766679840
8094204250664803
810306716559233
8103844696337771
8106933906050140
811064852851190
8110982622341727
811783724691622
8131015140299950
813411469575904
8142159439190648
8144872328909792
8145426475504045
815146382476848
8161372320546724
8164943370249421
8176510589096709
8177725102287309
8183569748390086
818400735443877
8184260518278845
8190069667768624
8206282572810312
8206967346033220
820703528651443
8209143229169980
820968065507348
821159885162819
8213944335342909
8217953768297514
8228623170512722
824256455138266
824270121820991
824305638176898
8248208128561374
825024536612236
825361401520799
8253846641393828
825930311613981
8259656634138489
8262364913799378
827771148177052
8280685741952341
8288197317877401
8289083304501680
8295173617271130
8304132866357412
831076716257600
8317210621703762
8323071557736428
8328729393816664
8339076102863039
834014810796489
8341488679289597
834409187492410
8348408111904959
8354508138011122
835676387031200
8358830864217709
836277643922811
8368792639857613
8378154765581433
8379100992141830
838363716852258
838522930205769
8392133054159617
8396974960366859
841679786425088
841984209730345
8420784714636950
8437851652929255
8442388485842396
8443201935772188
844601462932285
846213869577970
847247702534756
8477906892265372
8482297161854621
8487558557935983
849807452550684
8498644613513122
8512542922112685
851469168781289
851704395719928
8517633468299135
8519617401423560
8522459121217180
8523620710983404
8523847287645730
8524671614219194
8535240293182863
8538162102915343
8539709542716185
854248415437359
855459158373621
8555623434520952
8556288204485271
8562354110558255
8570658912952543
857428705120645
8581275618663410
8583597288419485
859237994937784
859273381384094
859600274630138
8597387550329340
859779311273543
8629177810434140
8640530339382702
864562250766428
865225601006721
866328910585984
8676166822426485
868114627106963
8682950428397441
8683944291718162
8685665248155027
8700803920007700
8703653066319317
8708516152581114
8734451686629649
8737194799692032
8737538586332561
8743055209106275
875907262966890
876162896276586
8762102333879132
8762874977116482
8775243882492292
8776398045811770
8780170048675498
8809615802489319
8828380710619309
883053432252414
884105702204472
8859770624120730
8868783903146927
888135625115091
888509966390495
888755221707670
8890478867740544
890188944960521
8911999715555092
8917672281660659
892018668862840
8930560687005446
8930573843732780
8936453359704790
893760884680644
894166559110051
894365304456117
8949667448408776
895078164681635
8965485743519382
896600417829294
8967392196626024
898143232097918
8981866711941881
8994286827248415
8994379543914875
899602727577660
8997288060354022
900088190562496
901271330722381
9013738221999863
901810108330434
902025597312179
902074233797363
9021114307980028
903292287117398
9034981056583305
903540640501230
9040438696063603
904141137036973
9049580411741757
9050147591671141
905103866715708
905607583607467
9058000470891313
906531041209195
907250904314603
907725829792301
908235349998490
909127803239912
9112332505463429
911921442991669
9123749427747694
913671049477498
914845383282553
914873870135594
9156188307823283
915925288974045
916683880482412
9166896873360791
917435252368224
9174360552582196
917531935555248
919197892246488
919573752195162
919752112148673
9199222853435901
9201887066535483
9210128072343463
921169402005039
921321472044999
9214780228534492
9224360920931648
923063755117033
9235390956519771
925505418348827
9278553362247409
9283354345111563
9288853047869756
929339517843543
9294702583971925
929829821086605
929883477812405
9302276343118130
9303865159638652
9309802925702448
9315775251769419
9319756244706042
932013707617235
9322729654422698
932552064177103
9326468254103516
933124300835266
933557905022522
9350965478265725
9350979254965550
935155460667633
935202881288551
9354894221216333
9359175347527726
9360923777333949
937822750382197
9378904915483428
937931086989053
9384964004910405
938717133560308
938868784391984
939343050563673
941178043336566
9419287781420008
942990983085345
9437162759690743
943993183043242
944403209658767
944588086298069
945784207258874
946466276190954
9465853193488270
946615432544876
946724272821856
9481498308589690
948234562661506
9483685341673910
949208712507647
949418242525671
9497294370345312
950494555713387
950498612370240
951833335631605
9521402281265520
952242332194963
953418825408665
953508918755360
953768406593109
953900578715564
954261635328332
955390946755545
955390946755545
956352745412429
9579397665421207
957947254951824
958498598292644
9585758378142401
959026585845447
959854138124630
960544588032056
9617086728364337
9617218301639739
9622432471162461
9631941600149745
965170167355862
965448327690928
9676204535751417
970832023748931
970883147131279
971007257030258
972319343533057
9748161345263827
974835596671133
974946796581642
976467254607183
9768815953172175
977043711215370
9781194011944820
9783439431751056
978659962671194
978912910699463
979162286250352
979282139712463
9798231366970083
979885677668600
9827589403971858
9851283654991189
985515000229343
987104428765147
987438471980500
988885958601786
9901013016614676
9907476246015161
9910706942366505
991919521632132
991944359524977
992226748251794
994779837966842
996177512248099
997452647749139
id
