id,gt_lat,gt_lon,fractus_lat,fractus_lon,error_km
0,16.146444599998,168.1148514,16.146444599998,168.1148514,0.0
1,-33.98184925644,-32.612652918486,-33.98184925644,-32.612652918486,0.0
2,-35.595377,-62.4435055,-35.595377,-62.4435055,0.0
3,-3.9707426869888,122.5906746048,-3.9707426869888,122.5906746048,0.0
4,22.055194781733,-159.38694063739,22.055194781733,-159.38694063739,0.0
5,17.9971477,-15.6410917,17.9971477,-15.6410917,0.0
6,40.269087605668,-11.799009156275,40.269087605668,-11.799009156275,0.0
7,-4.5657694533971,136.87769099789,-4.5657694533971,136.87769099789,0.0
8,-35.3917309,-62.4237201,-35.3917309,-62.4237201,0.0
9,1.8509544711577,172.99873894097,1.8509544711577,172.99873894097,0.0
10,26.5579432,78.7202628,26.5579432,78.7202628,0.0
11,1.9828404529191,-157.35593335685,1.9828404529191,-157.35593335685,0.0
12,1.9902825470222,-157.37940550382,1.9902825470222,-157.37940550382,0.0
13,1.9831686861805,-157.3657819861,1.9831686861805,-157.3657819861,0.0
14,2.041881001924,-157.49023364798,2.041881001924,-157.49023364798,0.0
15,22.688583324679,131.12826227172,22.688583324679,131.12826227172,0.0
16,-14.893372827309,50.27758068755,-14.893372827309,50.27758068755,0.0
17,-35.025622222222,117.87645555556,-35.025622222222,117.87645555556,0.0
18,-77.8463677,166.6717459,-77.8463677,166.6717459,0.0
19,-27.100351125556,-109.37711997465,-27.100351125556,-109.37711997465,0.0
20,-27.140849,-109.411603,-27.140849,-109.411603,0.0
21,4.7914388888889,51.779036111111,4.7914388888889,51.779036111111,0.0
22,-18.612210349112,-174.00089703609,-18.612210349112,-174.00089703609,0.0
23,-27.098266705185,-109.37879372492,-27.098266705185,-109.37879372492,0.0
24,38.0006071919,-41.857120398158,38.0006071919,-41.857120398158,0.0
25,-77.8462596,166.6668388,-77.8462596,166.6668388,0.0
26,-8.1421162957581,-24.345313226706,-8.1421162957581,-24.345313226706,0.0
27,-35.086054043358,-32.561044387261,-35.086054043358,-32.561044387261,0.0
28,27.945975,179.8463067,27.945975,179.8463067,0.0
29,-67.567985,-68.122978333333,-67.567985,-68.122978333333,0.0
30,16.1335336,168.1298906,16.1335336,168.1298906,0.0
31,-27.100002753553,-109.37743984645,-27.100002753553,-109.37743984645,0.0
32,-18.846018,72.47929275,-18.846018,72.47929275,0.0
33,2.043164789686,-157.48663920077,2.043164789686,-157.48663920077,0.0
34,38.07843726052,-47.7175375166,38.07843726052,-47.7175375166,0.0
35,-6.2974772999722,176.3184621,-6.2974772999722,176.3184621,0.0
36,2.0221870330489,-157.48903094376,2.0221870330489,-157.48903094376,0.0
37,-54.2647463596,-36.501215547357,-54.2647463596,-36.501215547357,0.0
38,-4.5648755361457,136.86721415762,-4.5648755361457,136.86721415762,0.0
39,-77.8458894,166.6683252,-77.8458894,166.6683252,0.0
40,-6.2946952999722,176.3210907,-6.2946952999722,176.3210907,0.0
41,-54.262541080876,-36.49784015495,-54.262541080876,-36.49784015495,0.0
42,-33.713359,0.0,-33.713359,0.0,0.0
43,-77.8463774,166.6716091,-77.8463774,166.6716091,0.0
44,-4.5651456880952,136.87114504127,-4.5651456880952,136.87114504127,0.0
45,-36.035700762307,-32.667014264013,-36.035700762307,-32.667014264013,0.0
46,16.133585100003,168.129909,16.133585100003,168.129909,0.0
47,-27.101752896902,-109.37579874997,-27.101752896902,-109.37579874997,0.0
48,43.939628128418,-59.877183952711,43.939628128418,-59.877183952711,0.0
49,38.06805925288,-50.6117926804,38.06805925288,-50.6117926804,0.0
50,37.988889419167,-50.208898339331,37.988889419167,-50.208898339331,0.0
51,-4.1018456769078,138.93215966343,-4.1018456769078,138.93215966343,0.0
52,-13.682447,50.021800599998,-13.682447,50.021800599998,0.0
53,38.049576713333,-44.781052506667,38.049576713333,-44.781052506667,0.0
54,-4.3340244646271,-12.958938351019,-4.3340244646271,-12.958938351019,0.0
55,-27.094912359832,-109.38071075178,-27.094912359832,-109.38071075178,0.0
56,37.4989176,-46.501526449524,37.4989176,-46.501526449524,0.0
57,-6.2911852,176.3161641,-6.2911852,176.3161641,0.0
58,43.938013116899,-59.877024822532,43.938013116899,-59.877024822532,0.0
59,-35.539056218967,-33.267712202583,-35.539056218967,-33.267712202583,0.0
60,-6.3113029154066,-18.871094536472,-6.3113029154066,-18.871094536472,0.0
61,38.554098798333,-38.445941305,38.554098798333,-38.445941305,0.0
62,-5.2860474224098,-15.80553206994,-5.2860474224098,-15.80553206994,0.0
63,-35.698729345905,-32.629412049682,-35.698729345905,-32.629412049682,0.0
64,-27.098925492085,-109.37838422977,-27.098925492085,-109.37838422977,0.0
65,-25.4847222,-124.2436111,-19.1466667,8.4033333,12886.11014599562
66,-67.5718,-68.12929,-67.5718,-68.12929,0.0
67,-6.2938309999722,176.3158222,-6.2938309999722,176.3158222,0.0
68,38.07151858876,-49.647040959133,38.07151858876,-49.647040959133,0.0
69,-4.9953135567602,-14.937398257149,-4.9953135567602,-14.937398257149,0.0
70,-56.936228080158,-28.014700948282,-56.936228080158,-28.014700948282,0.0
71,-3.4052697078032,-10.182718105778,-3.4052697078032,-10.182718105778,0.0
72,-34.320209915173,-32.475584809236,-34.320209915173,-32.475584809236,0.0
73,-54.421741616696,3.3888923584485,-54.421741616696,3.3888923584485,0.0
74,0.0,-180.0,0.0,-180.0,0.0
75,1.5001989099929,124.89054551999,1.5001989099929,124.89054551999,0.0
76,-4.0130178068343,-11.983733670417,-4.0130178068343,-11.983733670417,0.0
77,-35.802749685671,-32.999954620824,-35.802749685671,-32.999954620824,0.0
78,-27.111154390683,-109.37230189964,-27.111154390683,-109.37230189964,0.0
79,-35.003961111111,117.51656111111,-35.003961111111,117.51656111111,0.0
80,-77.8461044,166.6672587,-77.8461044,166.6672587,0.0
81,-18.614455970495,-174.00302211366,-18.614455970495,-174.00302211366,0.0
82,-35.239222868994,-32.578136302866,-35.239222868994,-32.578136302866,0.0
83,-4.7734196759114,-14.272750836675,-4.7734196759114,-14.272750836675,0.0
84,27.945975,179.8463067,27.945975,179.8463067,0.0
85,-6.2868554,176.31439449997,-6.2868554,176.31439449997,0.0
86,-25.594301571447,-37.358759118259,-25.594301571447,-37.358759118259,0.0
87,-24.3366585,-128.3139861,-24.3366585,-128.3139861,0.0
88,-31.4055556,-130.3563889,-19.1466667,8.4033333,12877.402621072655
89,-6.5023393154404,-19.458263937371,-6.5023393154404,-19.458263937371,0.0
90,-54.269396534706,-36.502881743979,-54.269396534706,-36.502881743979,0.0
91,-5.7254426336942,-17.119344555597,-5.7254426336942,-17.119344555597,0.0
92,22.645468659512,131.39413603825,22.645468659512,131.39413603825,0.0
93,27.945975,179.8463067,27.945975,179.8463067,0.0
94,-67.570336666667,-68.12801,-67.570336666667,-68.12801,0.0
95,38.06892408685,-50.370604750083,38.06892408685,-50.370604750083,0.0
96,39.436501041056,-31.257868409167,39.436501041056,-31.257868409167,0.0
97,0.0,-180.0,0.0,-180.0,0.0
98,-54.421584682483,3.3908522688457,-54.421584682483,3.3908522688457,0.0
99,-29.5197898146,-38.539660931473,-29.5197898146,-38.539660931473,0.0
100,1.514422229991,124.91755734999,1.514422229991,124.91755734999,0.0
101,-7.7776670572399,-23.269001968737,-7.7776670572399,-23.269001968737,0.0
102,-67.568265,-68.123328333333,-67.568265,-68.123328333333,0.0
103,-3.9893352076181,122.51698689218,-3.9893352076181,122.51698689218,0.0
104,-32.25066772436,-34.912202475437,-32.25066772436,-34.912202475437,0.0
105,-4.7465500962417,-14.204061043894,-4.7465500962417,-14.204061043894,0.0
106,37.4989176,-30.458241265,37.4989176,-30.458241265,0.0
107,-3.8198401157788,-11.417453463835,-3.8198401157788,-11.417453463835,0.0
108,-4.0358005932902,122.491733147,-4.0358005932902,122.491733147,0.0
109,-6.3448808766815,-18.94717797344,-6.3448808766815,-18.94717797344,0.0
110,-33.981666666667,-112.43083333333,-33.981666666667,-112.43083333333,0.0
111,-30.36709345178,-37.414177169444,-30.36709345178,-37.414177169444,0.0
112,38.07930209449,-47.476349586284,38.07930209449,-47.476349586284,0.0
113,-18.660563336637,-174.03955954745,-18.660563336637,-174.03955954745,0.0
114,-35.016202777778,117.88049166667,-35.016202777778,117.88049166667,0.0
115,-54.441028512134,-36.189404474605,-54.441028512134,-36.189404474605,0.0
116,-6.6042330562628,-19.746969526909,-6.6042330562628,-19.746969526909,0.0
117,37.51046224,-48.92063152,37.51046224,-48.92063152,0.0
118,2.0165954729413,-157.4856113487,2.0165954729413,-157.4856113487,0.0
119,-4.9846274192707,-14.885168796677,-4.9846274192707,-14.885168796677,0.0
120,-4.0410943237708,-12.083063360581,-4.0410943237708,-12.083063360581,0.0
121,-4.5663216414502,136.88008716158,-4.5663216414502,136.88008716158,0.0
122,-14.893276637919,50.275164088591,-14.893276637919,50.275164088591,0.0
123,-21.201464098442,-172.02016182663,-21.201464098442,-172.02016182663,0.0
124,-61.33,-62.865,-61.33,-62.865,0.0
125,-4.3466909090097,55.770494705118,-4.3466909090097,55.770494705118,0.0
126,16.101726699997,168.1416623,16.101726699997,168.1416623,0.0
127,43.93884225067,-59.878215791549,43.93884225067,-59.878215791549,0.0
128,-26.011343926788,-36.421469743888,-26.011343926788,-36.421469743888,0.0
129,1.9878989667735,-157.37358445924,1.9878989667735,-157.37358445924,0.0
130,-5.680168410706,-16.979456438191,-5.680168410706,-16.979456438191,0.0
131,-54.421654530948,3.3899799496049,-54.421654530948,3.3899799496049,0.0
132,-4.5270764438418,-13.547285682209,-4.5270764438418,-13.547285682209,0.0
133,-35.005830555556,117.51788888889,-35.005830555556,117.51788888889,0.0
134,2.0353675101598,-157.494114485,2.0353675101598,-157.494114485,0.0
135,-77.8465337,166.6690092,-77.8465337,166.6690092,0.0
136,-8.4350464366143,-25.221188217143,-8.4350464366143,-25.221188217143,0.0
137,-35.024497222222,117.67413888889,-35.024497222222,117.67413888889,0.0
138,-35.004661111111,117.516975,-35.004661111111,117.516975,0.0
139,-5.2884801503168,-15.821256437898,-5.2884801503168,-15.821256437898,0.0
140,7.1279179283333,171.04672023429,7.1279179283333,171.04672023429,0.0
141,-31.57404395654,-35.810970083964,-31.57404395654,-35.810970083964,0.0
142,-8.4776021870389,-25.369242192533,-8.4776021870389,-25.369242192533,0.0
143,-6.2935173,176.31978829997,-6.2935173,176.31978829997,0.0
144,-21.335750389676,-174.95160531357,-21.335750389676,-174.95160531357,0.0
145,38.041619396467,-12.625897604052,38.041619396467,-12.625897604052,0.0
146,16.1464482,168.1146852,16.1464482,168.1146852,0.0
147,-77.8464808,166.6689583,-77.8464808,166.6689583,0.0
148,-54.421640590538,3.3909122925004,-54.421640590538,3.3909122925004,0.0
149,-24.3365736,-128.3137468,-24.3365736,-128.3137468,0.0
150,7.1126635,171.3677444,7.1126635,171.3677444,0.0
151,-7.3164904891179,-21.8486130997,-7.3164904891179,-21.8486130997,0.0
152,-3.9702937015353,122.5244264006,-3.9702937015353,122.5244264006,0.0
153,0.0,-180.0,0.0,-180.0,0.0
154,-67.571735,-68.129208333333,-67.571735,-68.129208333333,0.0
155,43.937842839936,-59.876854936037,43.937842839936,-59.876854936037,0.0
156,2.0120463371277,-157.48469543457,2.0120463371277,-157.48469543457,0.0
157,-77.8464256,166.6696661,-77.8464256,166.6696661,0.0
158,-63.875648472222,-57.584686277778,-63.875648472222,-57.584686277778,0.0
159,-77.8465053,166.6690148,-77.8465053,166.6690148,0.0
160,-77.8463268,166.6720834,-77.8463268,166.6720834,0.0
161,43.936907731838,-59.876141861196,43.936907731838,-59.876141861196,0.0
162,7.0574397,171.2488028,7.0574397,171.2488028,0.0
163,-46.3408333,-173.2888889,-19.1466667,8.4033333,12731.217581956915
164,-9.8426754814523,-29.392344427975,-9.8426754814523,-29.392344427975,0.0
165,39.436441571444,-31.257914090528,39.436441571444,-31.257914090528,0.0
166,0.0,-180.0,0.0,-180.0,0.0
167,-4.1649384300551,138.98490673006,-4.1649384300551,138.98490673006,0.0
168,-27.091308529562,-109.38150997192,-27.091308529562,-109.38150997192,0.0
169,-4.4260027509468,120.33299723012,-4.4260027509468,120.33299723012,0.0
170,2.0230271872221,-157.48961019591,2.0230271872221,-157.48961019591,0.0
171,16.146328,168.1148054,16.146328,168.1148054,0.0
172,-3.8382544231259,-11.482695552622,-3.8382544231259,-11.482695552622,0.0
173,-35.423025459759,-32.598646601592,-35.423025459759,-32.598646601592,0.0
174,43.938868926783,-59.878210268318,43.938868926783,-59.878210268318,0.0
175,-13.645410200002,50.019686699998,-13.645410200002,50.019686699998,0.0
176,-14.0528495,50.0209914,-14.0528495,50.0209914,0.0
177,-77.8463113,166.6721069,-77.8463113,166.6721069,0.0
178,-35.00045000696,117.10049753227,-35.00045000696,117.10049753227,0.0
179,-77.8462026,166.6667557,-77.8462026,166.6667557,0.0
180,-18.604768488634,-174.00143372019,-18.604768488634,-174.00143372019,0.0
181,16.500605099999,167.6505342067,16.500605099999,167.6505342067,0.0
182,16.1334975,168.1299944,16.1334975,168.1299944,0.0
183,-4.3490023445378,55.775615880318,-4.3490023445378,55.775615880318,0.0
184,16.1335172,168.1300091,16.1335172,168.1300091,0.0
185,-4.637199445484,55.475626619333,-4.637199445484,55.475626619333,0.0
186,-77.8464261,166.6684989,-77.8464261,166.6684989,0.0
187,37.4989176,-54.057005660952,37.4989176,-54.057005660952,0.0
188,-6.2926947999722,176.3152967,-6.2926947999722,176.3152967,0.0
189,-54.51134,158.920216,-54.51134,158.920216,0.0
190,-54.57393,158.917819,-54.57393,158.917819,0.0
191,0.0,-180.0,0.0,-180.0,0.0
192,-5.0417086888599,-15.082834567771,-5.0417086888599,-15.082834567771,0.0
193,-77.8458348,166.6686303,-77.8458348,166.6686303,0.0
194,-21.140748,-175.174959,-21.140748,-175.174959,0.0
195,1.3640267,173.0876742,1.3640267,173.0876742,0.0
196,-35.790630641287,-32.639667199045,-35.790630641287,-32.639667199045,0.0
197,43.938572942347,-59.878061913532,43.938572942347,-59.878061913532,0.0
198,1.9960876768496,-157.48045826007,1.9960876768496,-157.48045826007,0.0
199,37.4989176,-32.1110023425,37.4989176,-32.1110023425,0.0
200,43.937660267447,-59.876740960452,43.937660267447,-59.876740960452,0.0
201,39.436488719667,-31.257966812694,39.436488719667,-31.257966812694,0.0
202,-19.0472571665,72.5749023335,-19.0472571665,72.5749023335,0.0
203,38.554098525,-30.352058925,38.554098525,-30.352058925,0.0
204,0.0,-180.0,0.0,-180.0,0.0
205,2.0430406261333,-157.46662308782,2.0430406261333,-157.46662308782,0.0
206,39.436601875361,-31.257857261222,39.436601875361,-31.257857261222,0.0
207,-30.76331457708,-36.887871813099,-30.76331457708,-36.887871813099,0.0
208,37.4989176,-49.4014259225,37.4989176,-49.4014259225,0.0
209,0.0,-180.0,0.0,-180.0,0.0
210,-35.025302777778,117.66613611111,-35.025302777778,117.66613611111,0.0
211,38.0006071919,-41.857120398158,38.0006071919,-41.857120398158,0.0
212,-77.8458118,166.6687284,-77.8458118,166.6687284,0.0
213,13.9900736,-45.505196568333,13.9900736,-45.505196568333,0.0
214,0.0,-180.0,0.0,-180.0,0.0
215,-6.0633920106407,-18.144713214002,-6.0633920106407,-18.144713214002,0.0
216,38.012324964633,-33.505342456985,38.012324964633,-33.505342456985,0.0
217,38.0530599654,-54.79502241942,38.0530599654,-54.79502241942,0.0
218,-67.568078333333,-68.12311,-67.568078333333,-68.12311,0.0
219,39.436592278083,-31.257929513222,39.436592278083,-31.257929513222,0.0
220,39.436441571444,-31.257914090528,39.436441571444,-31.257914090528,0.0
221,38.053852990967,-54.57383842639,38.053852990967,-54.57383842639,0.0
222,39.436508836222,-31.257974859333,39.436508836222,-31.257974859333,0.0
223,38.07843726052,-47.7175375166,38.07843726052,-47.7175375166,0.0
224,-9.0209067183267,-26.972938198018,-9.0209067183267,-26.972938198018,0.0
225,-35.576194285396,-32.615738517197,-35.576194285396,-32.615738517197,0.0
226,1.9838180541992,-157.47537231445,1.9838180541992,-157.47537231445,0.0
227,-33.728012,0.116645,-33.728012,0.116645,0.0
228,38.052266939833,-55.01620641245,38.052266939833,-55.01620641245,0.0
229,2.0198804442477,-157.48738634093,2.0198804442477,-157.48738634093,0.0
230,-67.567956666667,-68.123108333333,-67.567956666667,-68.123108333333,0.0
231,-21.164244362182,-172.0490588164,-21.164244362182,-172.0490588164,0.0
232,39.436444756583,-31.257930770528,39.436444756583,-31.257930770528,0.0
233,38.08276143037,-46.511597865016,38.08276143037,-46.511597865016,0.0
234,16.133590100001,168.12990310078,16.133590100001,168.12990310078,0.0
235,37.4989176,-48.765748585,37.4989176,-48.765748585,0.0
236,-35.028508333333,117.60293333333,-35.028508333333,117.60293333333,0.0
237,-56.936207038698,-28.014660792178,-56.936207038698,-28.014660792178,0.0
238,-35.637461815651,-32.622575283439,-35.637461815651,-32.622575283439,0.0
239,39.436518684972,-31.257944516833,39.436518684972,-31.257944516833,0.0
240,-6.2828656630405,-18.801488575686,-6.2828656630405,-18.801488575686,0.0
241,-35.05542027823,-32.55762600414,-35.05542027823,-32.55762600414,0.0
242,-7.4387693439091,-22.234386842909,-7.4387693439091,-22.234386842909,0.0
243,-54.421776540929,3.3884561988282,-54.421776540929,3.3884561988282,0.0
244,-35.030335573313,117.91963302756,-35.030335573313,117.91963302756,0.0
245,-35.275362752264,-33.535469784341,-35.275362752264,-33.535469784341,0.0
246,43.937055388972,-59.876218041736,43.937055388972,-59.876218041736,0.0
247,-5.8475622254095,-17.494182301663,-5.8475622254095,-17.494182301663,0.0
248,-30.17203074394,-37.673281344875,-30.17203074394,-37.673281344875,0.0
249,-35.031101872333,117.9058002195,-35.031101872333,117.9058002195,0.0
250,39.486875571193,-12.294234047818,39.486875571193,-12.294234047818,0.0
251,-4.307602791442,-12.890510320524,-4.307602791442,-12.890510320524,0.0
252,-6.0916053097644,-18.214188293643,-6.0916053097644,-18.214188293643,0.0
253,-77.8462601,166.6717981,-77.8462601,166.6717981,0.0
254,22.603676838832,131.64982703791,22.603676838832,131.64982703791,0.0
255,-6.0183727745504,-17.995219546034,-6.0183727745504,-17.995219546034,0.0
256,-4.356925,55.830535,-4.356925,55.830535,0.0
257,-35.545560520268,-32.612320134076,-35.545560520268,-32.612320134076,0.0
258,-35.17795533874,-32.571299536624,-35.17795533874,-32.571299536624,0.0
259,-6.94128662024,-20.77181466074,-6.94128662024,-20.77181466074,0.0
260,38.0459227353,-56.78567835669,38.0459227353,-56.78567835669,0.0
261,-27.115144,-109.395431,-27.115144,-109.395431,0.0
262,-35.116687808485,-32.564462770382,-35.116687808485,-32.564462770382,0.0
263,-77.846125,166.6662063,-77.846125,166.6662063,0.0
264,15.12229,0.0,15.12229,0.0,0.0
265,38.0862829975,-42.669969274998,38.0862829975,-42.669969274998,0.0
266,-14.132214599998,50.061151,-14.132214599998,50.061151,0.0
267,12.504471833333,-40.7359809,12.504471833333,-40.7359809,0.0
268,-46.6594444,-173.115,-19.1466667,8.4033333,12696.191218066613
269,36.408523109135,-146.8458305345,36.408523109135,-146.8458305345,0.0
270,-64.933332999867,-63.665,-64.933332999867,-63.665,0.0
271,37.4989176,-34.526576225,37.4989176,-34.526576225,0.0
272,-33.408016,0.066667,-33.408016,0.066667,0.0
273,-35.023515,117.8836115,-35.023515,117.8836115,0.0
274,-35.032205714214,117.91534468068,-35.032205714214,117.91534468068,0.0
275,-54.442232237248,-36.190321035717,-54.442232237248,-36.190321035717,0.0
276,-56.936183569028,-28.014556388615,-56.936183569028,-28.014556388615,0.0
277,-27.111416997451,-109.37207851647,-27.111416997451,-109.37207851647,0.0
278,7.0700457,171.3033942,7.0700457,171.3033942,0.0
279,-56.93615297933,-28.014403465622,-56.93615297933,-28.014403465622,0.0
280,-54.421718035567,3.3906788054346,-54.421718035567,3.3906788054346,0.0
281,-35.668095580778,-32.62599366656,-35.668095580778,-32.62599366656,0.0
282,-24.336974,-128.3147973,-24.336974,-128.3147973,0.0
283,-4.0006011651073,122.51003332769,-4.0006011651073,122.51003332769,0.0
284,-7.0494194886865,-21.076084209179,-7.0494194886865,-21.076084209179,0.0
285,38.042750633033,-57.67041432881,38.042750633033,-57.67041432881,0.0
286,-27.092377102614,-109.38093769869,-27.092377102614,-109.38093769869,0.0
287,-67.568503333333,-68.124265,-67.568503333333,-68.124265,0.0
288,37.520001681111,-14.944791852222,37.520001681111,-14.944791852222,0.0
289,-77.8461737,166.6707932,-77.8461737,166.6707932,0.0
290,38.9531209,-47.633139477,38.9531209,-47.633139477,0.0
291,-4.0670831527789,122.40716848487,-4.0670831527789,122.40716848487,0.0
292,-35.026469,117.8838257,-35.026469,117.8838257,0.0
293,-67.567985,-68.122978333333,-67.567985,-68.122978333333,0.0
294,-77.8461786,166.6708044,-77.8461786,166.6708044,0.0
295,-77.8462186,166.6716697,-77.8462186,166.6716697,0.0
296,-14.891039010386,50.276139595549,-14.891039010386,50.276139595549,0.0
297,-21.337293819374,-174.95219271271,-21.337293819374,-174.95219271271,0.0
298,-54.567879,158.915987,-54.567879,158.915987,0.0
299,-54.421600243129,3.3908897514204,-54.421600243129,3.3908897514204,0.0
300,27.076292479169,142.2202502073,27.076292479169,142.2202502073,0.0
301,-27.139872,-109.411332,-27.139872,-109.411332,0.0
302,1.3358743,173.0159642,1.3358743,173.0159642,0.0
303,-77.8457734,166.668922,-77.8457734,166.668922,0.0
304,2.0437258824425,-157.48483068109,2.0437258824425,-157.48483068109,0.0
305,38.9531209,-46.2321647865,38.9531209,-46.2321647865,0.0
306,36.430076929541,-146.65980848922,36.430076929541,-146.65980848922,0.0
307,0.0,-180.0,0.0,-180.0,0.0
308,0.0,-180.0,0.0,-180.0,0.0
309,1.3645829,173.1013478,1.3645829,173.1013478,0.0
310,-14.891022151942,50.273827562734,-14.891022151942,50.273827562734,0.0
311,38.089963821313,-31.466093124865,38.089963821313,-31.466093124865,0.0
312,-54.266229663095,-36.502429246936,-54.266229663095,-36.502429246936,0.0
313,-6.2949682999722,176.32149469997,-6.2949682999722,176.32149469997,0.0
314,-35.030058457333,117.91998851183,-35.030058457333,117.91998851183,0.0
315,-19.0472571665,72.5749023335,-19.0472571665,72.5749023335,0.0
316,40.283316224324,-11.789429740841,40.283316224324,-11.789429740841,0.0
317,38.0732482567,-49.1646650985,38.0732482567,-49.1646650985,0.0
318,-4.0881291390422,-12.233734958839,-4.0881291390422,-12.233734958839,0.0
319,-54.421715535938,3.3892180742166,-54.421715535938,3.3892180742166,0.0
320,-18.63348579481,-174.0197468724,-18.63348579481,-174.0197468724,0.0
321,-18.632814257859,-174.01313631945,-18.632814257859,-174.01313631945,0.0
322,1.9994755983353,-157.48095703125,1.9994755983353,-157.48095703125,0.0
323,39.436515164556,-31.257971338917,39.436515164556,-31.257971338917,0.0
324,-27.097289419477,-109.3794099302,-27.097289419477,-109.3794099302,0.0
325,-6.5444697850104,-19.557705153378,-6.5444697850104,-19.557705153378,0.0
326,39.436438260611,-31.257892297583,39.436438260611,-31.257892297583,0.0
327,38.07065375479,-49.88822888945,38.07065375479,-49.88822888945,0.0
328,-21.18727,-175.19962,-21.18727,-175.19962,0.0
329,-3.971049018413,122.60293973273,-3.971049018413,122.60293973273,0.0
330,39.436517930583,-31.257961615917,39.436517930583,-31.257961615917,0.0
331,-6.2999904,176.3197656,-6.2999904,176.3197656,0.0
332,15.15,0.0,15.15,0.0,0.0
333,-31.63500105274,-35.730000029142,-31.63500105274,-35.730000029142,0.0
334,37.4989176,-43.5531944175,37.4989176,-43.5531944175,0.0
335,43.937485483464,-59.87660206675,43.937485483464,-59.87660206675,0.0
336,-34.902251452593,-32.540534088535,-34.902251452593,-32.540534088535,0.0
337,16.500714699999,167.6509539,16.500714699999,167.6509539,0.0
338,-18.661971644236,-174.03843261606,-18.661971644236,-174.03843261606,0.0
339,-35.269856634122,-32.581554685987,-35.269856634122,-32.581554685987,0.0
340,1.9831438527282,-157.47248293161,1.9831438527282,-157.47248293161,0.0
341,-14.895189326899,50.2794551423,-14.895189326899,50.2794551423,0.0
342,37.4989176,-43.42605895,37.4989176,-43.42605895,0.0
343,39.436304359694,-31.257877713056,39.436304359694,-31.257877713056,0.0
344,1.9989868012123,-157.38622852441,1.9989868012123,-157.38622852441,0.0
345,-10.03699740394,-29.972631453227,-10.03699740394,-29.972631453227,0.0
346,38.04958336,-48.85205728,38.04958336,-48.85205728,0.0
347,-29.641704007,-38.377720821828,-29.641704007,-38.377720821828,0.0
348,-4.0372901910703,122.48712089075,-4.0372901910703,122.48712089075,0.0
349,27.0988823,142.2053009,27.0988823,142.2053009,0.0
350,38.0506808887,-55.45857439851,38.0506808887,-55.45857439851,0.0
351,27.0595794,142.2048687,27.0595794,142.2048687,0.0
352,39.482557075624,-12.297089121678,39.482557075624,-12.297089121678,0.0
353,-43.742335,-176.5574336,-43.742335,-176.5574336,0.0
354,3.3418883,23.95937,3.3418883,23.95937,0.0
355,24.605440930789,69.210434278192,24.605440930789,69.210434278192,0.0
356,34.950841802087,10.498749320238,34.950841802087,10.498749320238,0.0
357,-3.4823344,152.2533422,-3.4823344,152.2533422,0.0
358,27.945975,179.8463067,27.945975,179.8463067,0.0
359,-16.454194,-39.0645619,-16.454194,-39.0645619,0.0
360,17.020263648128,-25.135702031455,17.020263648128,-25.135702031455,0.0
361,-35.449074302273,-72.475564662253,-35.449074302273,-72.475564662253,0.0
362,-21.2688361,-159.7395057,-21.2688361,-159.7395057,0.0
363,-3.2117356,151.9406875,-3.2117356,151.9406875,0.0
364,15.0959859,24.140637885625,15.0959859,24.140637885625,0.0
365,-19.357017046982,135.20990335211,-19.357017046982,135.20990335211,0.0
366,44.8567395,-106.98988559997,44.8567395,-106.98988559997,0.0
367,-12.8382104,45.1310708,-12.8382104,45.1310708,0.0
368,-13.4495361,-172.3660293,-13.4495361,-172.3660293,0.0
369,-19.676321666667,-42.979205,-19.676321666667,-42.979205,0.0
370,-8.5815115070424,-25.659125712362,-8.5815115070424,-25.659125712362,0.0
371,-9.4392626559078,160.12708187137,-9.4392626559078,160.12708187137,0.0
372,15.1498291,12.931791044091,15.1498291,12.931791044091,0.0
373,18.0466602,-15.8029732,18.0466602,-15.8029732,0.0
374,27.0659653,142.2170907,27.0659653,142.2170907,0.0
375,17.9973437,-15.6422955,17.9973437,-15.6422955,0.0
376,-34.930792230002,-57.989597879999,-34.930792230002,-57.989597879999,0.0
377,-34.9324563704,-57.9377458245,-34.9324563704,-57.9377458245,0.0
378,-35.3953061,-62.4282893,-35.3953061,-62.4282893,0.0
379,15.12283076,104.30435549,15.12283076,104.30435549,0.0
380,6.9068484,158.3219347,6.9068484,158.3219347,0.0
381,-16.278387069305,-39.022625123354,-16.278387069305,-39.022625123354,0.0
382,-6.169849,106.767166,-6.169849,106.767166,0.0
383,-21.2531397,-159.7304165,-21.2531397,-159.7304165,0.0
384,15.12266207,104.30443629,15.12266207,104.30443629,0.0
385,15.1498291,15.662588105758,15.1498291,15.662588105758,0.0
386,34.615351300667,10.007456116878,34.615351300667,10.007456116878,0.0
387,-6.172194,106.78049,-6.172194,106.78049,0.0
388,15.122746646667,104.30417212333,15.122746646667,104.30417212333,0.0
389,-13.6845304,50.021225099999,-13.6845304,50.021225099999,0.0
390,-5.4049710534412,-16.174387128948,-5.4049710534412,-16.174387128948,0.0
391,5.0106369237778,-52.4768394325,5.0106369237778,-52.4768394325,0.0
392,26.7001444,78.4357722,26.7001444,78.4357722,0.0
393,15.118850533446,15.147771337162,15.118850533446,15.147771337162,0.0
394,9.5837228824338,138.12076540134,9.5837228824338,138.12076540134,0.0
395,-6.7022016882509,155.71314000381,-6.7022016882509,155.71314000381,0.0
396,-34.935583387028,-57.967613634045,-34.935583387028,-57.967613634045,0.0
397,31.109353100002,27.829637899998,31.109353100002,27.829637899998,0.0
398,30.908561400002,29.433513699999,30.908561400002,29.433513699999,0.0
399,15.12266904,104.30449055,15.12266904,104.30449055,0.0
400,-18.846018,72.47929275,-18.846018,72.47929275,0.0
401,-6.170222,106.776676,-6.170222,106.776676,0.0
402,-12.8388057,45.1286142,-12.8388057,45.1286142,0.0
403,44.931056164167,-109.65017781583,44.931056164167,-109.65017781583,0.0
404,33.378474455917,134.21114629052,33.378474455917,134.21114629052,0.0
405,38.012324964633,-33.505342456985,38.012324964633,-33.505342456985,0.0
406,34.328559340733,10.004973369772,34.328559340733,10.004973369772,0.0
407,-45.0621169,170.0468342,-45.0621169,170.0468342,0.0
408,40.270324956105,-11.798340835015,40.270324956105,-11.798340835015,0.0
409,-6.169816,106.75658,-6.169816,106.75658,0.0
410,-6.171988,106.780476,-6.171988,106.780476,0.0
411,-21.2174047,-159.7489859,-21.2174047,-159.7489859,0.0
412,-34.514881568623,172.83783907733,-34.514881568623,172.83783907733,0.0
413,34.7875467,10.761916769531,34.7875467,10.761916769531,0.0
414,-12.8393213,45.1318835,-12.8393213,45.1318835,0.0
415,7.6082001503478,53.40029948713,7.6082001503478,53.40029948713,0.0
416,-6.166574,106.755112,-6.166574,106.755112,0.0
417,-5.8439183582409,-17.487937852317,-5.8439183582409,-17.487937852317,0.0
418,-12.8389523,45.1312524,-12.8389523,45.1312524,0.0
419,15.122903866667,104.30416717333,15.122903866667,104.30416717333,0.0
420,-18.770525434664,126.75332973114,-18.770525434664,126.75332973114,0.0
421,14.862965687202,-24.713157614087,14.862965687202,-24.713157614087,0.0
422,6.9196693536634,158.30761093356,6.9196693536634,158.30761093356,0.0
423,7.5052381,134.6146931,7.5052381,134.6146931,0.0
424,26.265029584245,-98.172193192428,26.265029584245,-98.172193192428,0.0
425,16.0321752,80.9116057,16.0321752,80.9116057,0.0
426,15.0967796,23.648350599998,15.0967796,23.648350599998,0.0
427,-6.168364,106.755473,-6.168364,106.755473,0.0
428,-14.848761111111,13.607780555556,-14.848761111111,13.607780555556,0.0
429,15.122801406667,104.30433484667,15.122801406667,104.30433484667,0.0
430,17.998154,-15.6502975,17.998154,-15.6502975,0.0
431,-31.85231132,115.8815606419,-31.85231132,115.8815606419,0.0
432,21.803641699999,-98.1078202,21.803641699999,-98.1078202,0.0
433,7.284443278125,51.181085113125,7.284443278125,51.181085113125,0.0
434,-6.169555,106.764944,-6.169555,106.764944,0.0
435,-6.7274217351857,155.68392184784,-6.7274217351857,155.68392184784,0.0
436,-32.753862472139,134.92361449049,-32.753862472139,134.92361449049,0.0
437,15.12184504,104.30762916,15.12184504,104.30762916,0.0
438,31.233654627398,29.958071127451,31.233654627398,29.958071127451,0.0
439,21.2680529,-97.5100517,21.2680529,-97.5100517,0.0
440,-2.23456,-80.921378,-2.23456,-80.921378,0.0
441,15.122619633333,104.30453664667,15.122619633333,104.30453664667,0.0
442,-28.45913634072,-39.948539885379,-28.45913634072,-39.948539885379,0.0
443,15.121991,104.30739258,15.121991,104.30739258,0.0
444,38.2954354,-107.931656,38.2954354,-107.931656,0.0
445,-6.167409,106.769377,-6.167409,106.769377,0.0
446,15.1227026,104.3043587,15.1227026,104.3043587,0.0
447,15.122714146667,104.30425288333,15.122714146667,104.30425288333,0.0
448,-45.5176193,167.7869838,-45.5176193,167.7869838,0.0
449,15.121892324438,104.30750465204,15.121892324438,104.30750465204,0.0
450,-8.0937781790669,-24.169761200708,-8.0937781790669,-24.169761200708,0.0
451,24.760344,90.442447300002,24.760344,90.442447300002,0.0
452,-67.570268333333,-68.128181666667,-67.570268333333,-68.128181666667,0.0
453,-6.169041,106.775603,-6.169041,106.775603,0.0
454,7.4917052417681,52.376266671246,7.4917052417681,52.376266671246,0.0
455,7.4152929741047,57.001487581543,7.4152929741047,57.001487581543,0.0
456,-8.6920017962929,125.5487606152,-8.6920017962929,125.5487606152,0.0
457,-12.8404007,45.1305141,-12.8404007,45.1305141,0.0
458,33.104336333306,-8.2499535,33.104336333306,-8.2499535,0.0
459,-1.0169444444444,-1.0169444444444,-1.0169444444444,-1.0169444444444,0.0
460,33.8293431,11.0085966,33.8293431,11.0085966,0.0
461,-6.169555,106.764904,-6.169555,106.764904,0.0
462,-3.9191281321429,143.9678079623,-3.9191281321429,143.9678079623,0.0
463,39.488171638755,-12.293451128313,39.488171638755,-12.293451128313,0.0
464,15.122714966667,104.30431643333,15.122714966667,104.30431643333,0.0
465,-9.4300717380952,147.3942588797,-9.4300717380952,147.3942588797,0.0
466,-5.7453889846802,-35.212810516357,-5.7453889846802,-35.212810516357,0.0
467,1.3620213,173.1626027,1.3620213,173.1626027,0.0
468,-52.340663,-68.382507,-52.340663,-68.382507,0.0
469,-8.5465833,125.5435278,-8.5465833,125.5435278,0.0
470,15.12269995,104.30430829,15.12269995,104.30430829,0.0
471,-18.554101063591,127.23010500452,-18.554101063591,127.23010500452,0.0
472,0.43333329999998,0.0,0.43333329999998,0.0,0.0
473,-51.697066980332,-57.826721178242,-51.697066980332,-57.826721178242,0.0
474,-35.719737067477,-72.533873192705,-35.719737067477,-72.533873192705,0.0
475,15.1228394,104.3040527,15.1228394,104.3040527,0.0
476,43.939432308631,-59.87752114818,43.939432308631,-59.87752114818,0.0
477,-28.92241027184,-39.33316746873,-28.92241027184,-39.33316746873,0.0
478,15.12264382,104.30448732,15.12264382,104.30448732,0.0
479,15.134072722288,104.30420340579,15.134072722288,104.30420340579,0.0
480,-19.692461104329,-42.992838333333,-19.692461104329,-42.992838333333,0.0
481,-34.9395599,-57.9713365,-34.9395599,-57.9713365,0.0
482,6.7984352,81.112763499972,6.7984352,81.112763499972,0.0
483,-4.4735869,26.6567384,-4.4735869,26.6567384,0.0
484,15.122906199998,23.621224199998,15.122906199998,23.621224199998,0.0
485,13.44809,144.81498155827,13.44809,144.81498155827,0.0
486,-12.8362898,45.151964099998,-12.8362898,45.151964099998,0.0
487,-5.7715911865234,-35.198287963867,-5.7715911865234,-35.198287963867,0.0
488,-45.84920405,170.61602543327,-45.84920405,170.61602543327,0.0
489,34.745688488287,10.19161100939,34.745688488287,10.19161100939,0.0
490,-8.5614167,125.5464167,-8.5614167,125.5464167,0.0
491,-34.930421354,-58.4885494784,-34.930421354,-58.4885494784,0.0
492,5.2652434252767,163.01069536008,5.2652434252767,163.01069536008,0.0
493,26.4040516,-99.014240700001,26.4040516,-99.014240700001,0.0
494,-8.55418,125.56494,-8.55418,125.56494,0.0
495,13.400523404496,144.70617605984,13.400523404496,144.70617605984,0.0
496,-14.998847799998,48.174752700003,-14.998847799998,48.174752700003,0.0
497,-10.2262213,150.87006329997,-10.2262213,150.87006329997,0.0
498,-12.8360564914,45.1712074969,-12.8360564914,45.1712074969,0.0
499,-35.729363111033,-32.632830432803,-35.729363111033,-32.632830432803,0.0
500,16.050338199972,80.909289299972,16.050338199972,80.909289299972,0.0
501,-25.0357079,45.126839,-25.0357079,45.126839,0.0
502,18.070036810661,-15.927153577196,18.070036810661,-15.927153577196,0.0
503,25.142386785366,55.431492196951,25.142386785366,55.431492196951,0.0
504,-34.9372698222,-57.9753917767,-34.9372698222,-57.9753917767,0.0
505,-1.0169444444444,-1.0169444444444,-1.0169444444444,-1.0169444444444,0.0
506,4.4346814693878,72.958999457143,4.4346814693878,72.958999457143,0.0
507,-8.6199100763779,125.46747075131,-8.6199100763779,125.46747075131,0.0
508,44.8718372,-108.316344,44.8718372,-108.316344,0.0
509,18.0019924,-15.6833541,17.9755001,-15.5600911,13.364911505389228
510,27.0946254,142.1950744,27.0946254,142.1950744,0.0
511,-8.6386290999722,126.38181059997,-8.6386290999722,126.38181059997,0.0
512,1.5577452499947,109.429019,1.5577452499947,109.429019,0.0
513,26.6844028,78.3719417,26.6844028,78.3719417,0.0
514,15.122947413333,104.30396807,15.122947413333,104.30396807,0.0
515,14.877201700002,-24.718425,14.877201700002,-24.718425,0.0
516,32.75174032,-16.74175545007,32.75174032,-16.74175545007,0.0
517,-3.3120689,152.0801044,-3.3120689,152.0801044,0.0
518,-8.5603889,125.5237778,-8.5603889,125.5237778,0.0
519,26.242853333333,-98.1589625,26.242853333333,-98.1589625,0.0
520,38.361949,-107.8075864,38.361949,-107.8075864,0.0
521,-8.755896105778,125.56602563859,-8.755896105778,125.56602563859,0.0
522,34.754017571714,10.197629786732,34.754017571714,10.197629786732,0.0
523,17.8654422,-15.2278538,17.8654422,-15.2278538,0.0
524,0.84607066888949,73.409249754264,0.84607066888949,73.409249754264,0.0
525,-8.5422087999722,126.15292019997,-8.5422087999722,126.15292019997,0.0
526,-8.5171890999722,126.98973789997,-8.5171890999722,126.98973789997,0.0
527,-8.5499167,125.5658056,-8.5499167,125.5658056,0.0
528,38.352358,-107.8908292,38.352358,-107.8908292,0.0
529,15.12280358,104.30453121333,15.12280358,104.30453121333,0.0
530,-12.8353867,45.133721,-12.8353867,45.133721,0.0
531,-8.4903773,126.6645843,-8.4903773,126.6645843,0.0
532,32.692919,-16.7739225,32.692919,-16.7739225,0.0
533,-27.100720756358,-109.37678890069,-27.100720756358,-109.37678890069,0.0
534,-12.8416443,45.1360512,-12.8416443,45.1360512,0.0
535,-77.8457665,166.6699591,-77.8457665,166.6699591,0.0
536,-29.34910994524,-38.766377084975,-29.34910994524,-38.766377084975,0.0
537,-8.7216822,125.42733699997,-8.7216822,125.42733699997,0.0
538,12.04962451,119.97051109556,12.04962451,119.97051109556,0.0
539,5.3665448438333,163.00823108121,5.3665448438333,163.00823108121,0.0
540,26.5266281,78.6937418,26.5266281,78.6937418,0.0
541,-5.7584133148193,-35.200141906738,-5.7584133148193,-35.200141906738,0.0
542,-47.7566597,-65.8933365,-47.7566597,-65.8933365,0.0
543,32.7231527,-16.7672988,32.7231527,-16.7672988,0.0
544,4.8922403,-1.8796619,4.8922403,-1.8796619,0.0
545,-8.5571667,125.5479444,-8.5571667,125.5479444,0.0
546,15.1227203,104.30428875,15.1227203,104.30428875,0.0
547,24.7175634,90.4309249,24.7175634,90.4309249,0.0
548,32.663897499972,-16.803717699972,32.663897499972,-16.803717699972,0.0
549,-8.5655433,125.552985,-8.5655433,125.552985,0.0
550,-25.0358789,45.1267758,-25.0358789,45.1267758,0.0
551,-2.225628,-80.938482,-2.225628,-80.938482,0.0
552,32.7436333,-16.7439151,32.7436333,-16.7439151,0.0
553,-43.809376,173.058908,-43.809376,173.058908,0.0
554,-15.955366430173,128.95809639164,-15.955366430173,128.95809639164,0.0
555,-52.385788,-68.417147,-52.385788,-68.417147,0.0
556,16.146311800002,168.114814,16.146311800002,168.114814,0.0
557,32.7413354,-16.7337107,32.7413354,-16.7337107,0.0
558,-0.5030972,166.9398662,-0.5030972,166.9398662,0.0
559,5.0118036848,-52.4766481575,5.0118036848,-52.4766481575,0.0
560,-5.7768359184265,-35.195659637451,-5.7768359184265,-35.195659637451,0.0
561,-8.5420278,125.5396111,-8.5420278,125.5396111,0.0
562,32.741497583489,-16.774775393808,32.741497583489,-16.774775393808,0.0
563,-8.6384188273969,125.45193130947,-8.6384188273969,125.45193130947,0.0
564,-36.810304809843,18.145548584971,-36.810304809843,18.145548584971,0.0
565,-35.3919935,-62.4189775,-35.3919935,-62.4189775,0.0
566,-8.5524633,125.5598383,-8.5524633,125.5598383,0.0
567,-35.4290091,-72.438719699972,-35.4290091,-72.438719699972,0.0
568,-13.5989957,-172.2047643,-13.5989957,-172.2047643,0.0
569,-0.54679590966833,166.92397357277,-0.54679590966833,166.92397357277,0.0
570,-35.372933,-62.2463832,-35.372933,-62.2463832,0.0
571,32.6685112,-16.8039154,32.6685112,-16.8039154,0.0
572,-3.051847805,-59.951631583333,-3.051847805,-59.951631583333,0.0
573,-18.441083333333,127.43261111111,-18.441083333333,127.43261111111,0.0
574,-6.2891951999723,176.31418059997,-6.2891951999723,176.31418059997,0.0
575,-45.371245,170.851508,-45.371245,170.851508,0.0
576,15.121971966667,104.3077528,15.121971966667,104.3077528,0.0
577,15.122900233333,104.30399195333,15.122900233333,104.30399195333,0.0
578,-45.587710396475,167.59712877387,-45.587710396475,167.59712877387,0.0
579,-8.7195137,125.43556429997,-8.7195137,125.43556429997,0.0
580,27.945975,179.8463067,27.945975,179.8463067,0.0
581,7.0894377,171.3797717,7.0894377,171.3797717,0.0
582,22.7843888,89.5423738,22.7843888,89.5423738,0.0
583,-8.5416922999722,126.8281996,-8.5416922999722,126.8281996,0.0
584,1.9929092897326,-157.38374008229,1.9929092897326,-157.38374008229,0.0
585,-8.5123826,126.9849032,-8.5123826,126.9849032,0.0
586,-12.8352227,45.1386137,-12.8352227,45.1386137,0.0
587,32.7199449,-16.7661973,32.7199449,-16.7661973,0.0
588,-5.7902302742004,-35.188323974609,-5.7902302742004,-35.188323974609,0.0
589,33.8448333,10.9882339,33.8448333,10.9882339,0.0
590,-25.204670127213,45.93468571923,-25.204670127213,45.93468571923,0.0
591,32.6820158,-16.7966264,32.6820158,-16.7966264,0.0
592,15.12181278,104.30765954,15.12181278,104.30765954,0.0
593,26.3290968,-98.695138190955,26.3290968,-98.695138190955,0.0
594,-8.6450790866192,-25.8400313026,-8.6450790866192,-25.8400313026,0.0
595,32.7324283,-16.7724781,32.7324283,-16.7724781,0.0
596,34.950704773537,10.49442155697,34.950704773537,10.49442155697,0.0
597,13.483807738375,144.85492566534,13.483807738375,144.85492566534,0.0
598,7.5243717128226,134.49965457863,7.5243717128226,134.49965457863,0.0
599,26.243535833333,-98.149476666667,26.243535833333,-98.149476666667,0.0
600,-34.440216600002,172.7024352,-34.440216600002,172.7024352,0.0
601,-8.5499,125.5391733,-8.5499,125.5391733,0.0
602,16.101741799998,168.1416147,16.101741799998,168.1416147,0.0
603,-8.559165,125.5300333,-8.559165,125.5300333,0.0
604,-0.54645035555556,166.92318720899,-0.54645035555556,166.92318720899,0.0
605,32.6895014,-16.788128,32.6895014,-16.788128,0.0
606,-8.5553056,125.5555278,-8.5553056,125.5555278,0.0
607,34.991289821167,10.064019132792,34.991289821167,10.064019132792,0.0
608,-8.4790981999722,126.4568033,-8.4790981999722,126.4568033,0.0
609,9.5199767,138.1219499,9.5199767,138.1219499,0.0
610,-8.5564722,125.5487222,-8.5564722,125.5487222,0.0
611,-25.171247300002,33.0752688,-25.171247300002,33.0752688,0.0
612,15.12286721,104.30410156,15.12286721,104.30410156,0.0
613,-8.4954964999722,126.99211139997,-8.4954964999722,126.99211139997,0.0
614,-12.8384993,45.1307687,-12.8384993,45.1307687,0.0
615,1.3848145,173.1443883,1.3848145,173.1443883,0.0
616,32.730262,-16.779131670024,32.730262,-16.779131670024,0.0
617,34.909746600002,10.343155,34.909746600002,10.343155,0.0
618,-8.5780833,125.5312222,-8.5780833,125.5312222,0.0
619,38.301459799998,-107.8770672,38.301459799998,-107.8770672,0.0
620,-5.7638964653015,-35.196876525879,-5.7638964653015,-35.196876525879,0.0
621,33.610743299997,10.2873248,33.610743299997,10.2873248,0.0
622,-4.6269546054833,-13.834813341456,-4.6269546054833,-13.834813341456,0.0
623,-16.283237299972,-39.029607699972,-16.283237299972,-39.029607699972,0.0
624,24.9078057,89.9569955,24.9078057,89.9569955,0.0
625,-16.3363522,-39.0183679,-16.3363522,-39.0183679,0.0
626,-35.01166928556,-33.8032273661,-35.01166928556,-33.8032273661,0.0
627,-26.229642594582,-35.956837725569,-26.229642594582,-35.956837725569,0.0
628,0.041510535849057,109.88876261132,0.041510535849057,109.88876261132,0.0
629,24.9221595,89.9508551,24.9221595,89.9508551,0.0
630,9.5829554,138.1215538,9.5829554,138.1215538,0.0
631,-8.4873761999722,126.45468169997,-8.4873761999722,126.45468169997,0.0
632,-8.5235742999722,126.9952337,-8.5235742999722,126.9952337,0.0
633,-8.5350002,126.17714379997,-8.5350002,126.17714379997,0.0
634,-43.7576872,-176.3210408,-43.7576872,-176.3210408,0.0
635,-32.0089727,115.8935566,-32.0089727,115.8935566,0.0
636,-33.595447,0.091102,-33.595447,0.091102,0.0
637,9.5144313,138.1076307,9.5144313,138.1076307,0.0
638,-45.4608799,167.7887092,-45.4608799,167.7887092,0.0
639,7.6259614,134.6334064,7.6259614,134.6334064,0.0
640,-17.53914978682,127.87126914586,-17.53914978682,127.87126914586,0.0
641,34.76694371831,10.385336438028,34.76694371831,10.385336438028,0.0
642,38.089963821313,-31.466093124865,38.089963821313,-31.466093124865,0.0
643,-45.231749499972,167.81186349997,-45.231749499972,167.81186349997,0.0
644,32.7026792,-16.774809,32.7026792,-16.774809,0.0
645,-3.4372003,152.1871097,-3.4372003,152.1871097,0.0
646,-5.7925934791565,-35.328304290771,-5.7925934791565,-35.328304290771,0.0
647,-34.932649203,-57.954682947,-34.932649203,-57.954682947,0.0
648,-0.6327960782343,73.224684431294,-0.6327960782343,73.224684431294,0.0
649,-9.7944441014379,-29.309894362641,-9.7944441014379,-29.309894362641,0.0
650,-21.2198103,-159.7501489,-21.2198103,-159.7501489,0.0
651,15.121920546667,104.30742734667,15.121920546667,104.30742734667,0.0
652,29.177323401595,-13.425580379789,29.177323401595,-13.425580379789,0.0
653,-23.463968598673,150.39977519486,-23.463968598673,150.39977519486,0.0
654,15.121199126667,104.30743385333,15.121199126667,104.30743385333,0.0
655,22.692167530845,131.10600934381,22.692167530845,131.10600934381,0.0
656,-17.738094124722,178.3897947425,-17.738094124722,178.3897947425,0.0
657,-43.7330008,-176.2677928,-43.7330008,-176.2677928,0.0
658,13.440189586114,144.80276470572,13.440189586114,144.80276470572,0.0
659,-34.620137147835,172.96322573701,-34.620137147835,172.96322573701,0.0
660,-19.055335,-43.045027777778,-19.055335,-43.045027777778,0.0
661,-21.2020593,-159.7878176,-21.2020593,-159.7878176,0.0
662,-35.851898171542,-32.646503965287,-35.851898171542,-32.646503965287,0.0
663,26.229172000326,-98.235304332155,26.229172000326,-98.235304332155,0.0
664,-16.3098759,-43.0821819,-16.3098759,-43.0821819,0.0
665,32.7187192,-16.7596948,32.7187192,-16.7596948,0.0
666,15.12165036,104.3075195,15.12165036,104.3075195,0.0
667,-6.171915,106.771241,-6.171915,106.771241,0.0
668,-5.373947,104.966288,-5.373947,104.966288,0.0
669,-30.37928487102,-37.397983158479,-30.37928487102,-37.397983158479,0.0
670,15.12142662,104.3074382,15.12142662,104.3074382,0.0
671,32.6882898,-16.7845041,32.6882898,-16.7845041,0.0
672,22.219725,-98.003661699997,22.219725,-98.003661699997,0.0
673,20.11869430542,-98.780967712402,20.11869430542,-98.780967712402,0.0
674,-5.371137,104.966311,-5.371137,104.966311,0.0
675,-21.2622366,-159.7824455,-21.2622366,-159.7824455,0.0
676,-6.170107,106.766494,-6.170107,106.766494,0.0
677,-21.2241667,-159.7927215,-21.2241667,-159.7927215,0.0
678,-11.487362671327,25.222101916413,-11.487362671327,25.222101916413,0.0
679,14.858987450353,-24.717558349043,14.858987450353,-24.717558349043,0.0
680,-35.147321573612,-32.567881153503,-35.147321573612,-32.567881153503,0.0
681,15.12142235,104.3076009,15.12142235,104.3076009,0.0
682,0.2132065378257,109.82665336433,0.2132065378257,109.82665336433,0.0
683,23.1804024,89.1935604,23.1804024,89.1935604,0.0
684,-3.9678617885568,-11.864094612972,-3.9678617885568,-11.864094612972,0.0
685,32.7081782,-16.7636136,32.7081782,-16.7636136,0.0
686,21.106992,-97.638133699998,21.106992,-97.638133699998,0.0
687,-21.2543998,-159.7310951,-21.2543998,-159.7310951,0.0
688,-77.8463822,166.6711724,-77.8463822,166.6711724,0.0
689,25.0210158,47.1874071,25.0210158,47.1874071,0.0
690,4.9666716,-1.7272677,4.9666716,-1.7272677,0.0
691,-14.89124408926,50.276313037082,-14.89124408926,50.276313037082,0.0
692,31.002062,28.625930600002,31.002062,28.625930600002,0.0
693,15.12286357,104.30416663,15.12286357,104.30416663,0.0
694,31.632288844367,-8.1978844028393,31.632288844367,-8.1978844028393,0.0
695,15.1219211,104.30771483333,15.1219211,104.30771483333,0.0
696,21.077715099998,-97.605589099999,21.077715099998,-97.605589099999,0.0
697,-34.9339799,-57.9446303,-34.9339799,-57.9446303,0.0
698,-33.856485690188,121.89507010551,-33.856485690188,121.89507010551,0.0
699,15.6188449,80.0976434,15.6188449,80.0976434,0.0
700,-11.685943270029,25.208873268462,-11.685943270029,25.208873268462,0.0
701,28.283272349736,69.46963696108,28.283272349736,69.46963696108,0.0
702,24.8513004,-98.1437694,24.8513004,-98.1437694,0.0
703,-45.253631954821,170.79617294764,-45.253631954821,170.79617294764,0.0
704,-52.208524407888,-69.039845860842,-52.208524407888,-69.039845860842,0.0
705,-43.7469639,-176.3788358,-43.7469639,-176.3788358,0.0
706,-37.188750764106,150.01731841025,-37.188750764106,150.01731841025,0.0
707,28.292887207898,68.773070659496,28.292887207898,68.773070659496,0.0
708,-2.2313643,-80.921566999972,-2.2313643,-80.921566999972,0.0
709,15.12185206,104.30757274,15.12185206,104.30757274,0.0
710,7.1198620069501,171.05604659705,7.1198620069501,171.05604659705,0.0
711,-5.505745028052,-16.462438312769,-5.505745028052,-16.462438312769,0.0
712,-5.387072,104.964133,-5.387072,104.964133,0.0
713,-34.94132908,-57.9393124685,-34.94132908,-57.9393124685,0.0
714,-4.357022,55.831538,-4.357022,55.831538,0.0
715,-35.41125602109,-72.436305381534,-35.41125602109,-72.436305381534,0.0
716,15.1498291,25.683033522121,15.1498291,25.683033522121,0.0
717,-10.3324197,150.5323959,-10.3324197,150.5323959,0.0
718,-32.763568194168,134.56729037873,-32.763568194168,134.56729037873,0.0
719,-54.510047222222,-67.189947222222,-54.510047222222,-67.189947222222,0.0
720,-18.569993260563,127.10579904204,-18.569993260563,127.10579904204,0.0
721,-45.4658253,167.8414964,-45.4658253,167.8414964,0.0
722,0.0,-103.2846314,0.0,-103.2846314,0.0
723,1.3654443184654,173.12088907207,1.3654443184654,173.12088907207,0.0
724,28.283037635465,69.015929997364,28.283037635465,69.015929997364,0.0
725,13.55202673187,144.83744524793,13.55202673187,144.83744524793,0.0
726,4.4373812217348,72.959707017747,4.4373812217348,72.959707017747,0.0
727,21.9696673,-98.4100173,21.9696673,-98.4100173,0.0
728,15.121993573333,104.30742734667,15.121993573333,104.30742734667,0.0
729,15.125117666667,17.381019416666,15.125117666667,17.381019416666,0.0
730,15.12196862,104.30746094,15.12196862,104.30746094,0.0
731,-11.820269609191,25.153872414086,-11.820269609191,25.153872414086,0.0
732,-21.2081257,-159.7897604,-21.2081257,-159.7897604,0.0
733,0.8411316265713,73.40884143879,0.8411316265713,73.40884143879,0.0
734,31.633576235953,-8.2276681870441,31.633576235953,-8.2276681870441,0.0
735,-6.7387058775077,-20.159817323175,-6.7387058775077,-20.159817323175,0.0
736,26.3714595,-98.8582796,26.3714595,-98.8582796,0.0
737,-3.6171994,152.3980014,-3.6171994,152.3980014,0.0
738,15.122793876667,104.30425889333,15.122793876667,104.30425889333,0.0
739,-34.9357375,-57.9769672,-34.9357375,-57.9769672,0.0
740,22.7859726,89.4632972,22.7859726,89.4632972,0.0
741,-6.7765623863378,155.70614822789,-6.7765623863378,155.70614822789,0.0
742,-2.2270926,-80.919404599972,-2.2270926,-80.919404599972,0.0
743,38.07670759258,-48.199913377234,38.07670759258,-48.199913377234,0.0
744,-36.549706350467,150.03652269707,-36.549706350467,150.03652269707,0.0
745,-25.213322117844,45.894338602388,-25.213322117844,45.894338602388,0.0
746,16.198723128832,-0.49635150152284,16.198723128832,-0.49635150152284,0.0
747,-32.747143578,134.70248980433,-32.747143578,134.70248980433,0.0
748,23.1128704,89.1155115,23.1128704,89.1155115,0.0
749,21.0219145,-97.5148432,21.0219145,-97.5148432,0.0
750,15.122021833333,104.30767146667,15.122021833333,104.30767146667,0.0
751,7.1085865,171.373401,7.1085865,171.373401,0.0
752,6.920662600002,158.3191843,6.920662600002,158.3191843,0.0
753,5.2153415,-1.0629862,5.2153415,-1.0629862,0.0
754,22.0381077,-98.4041215,22.0381077,-98.4041215,0.0
755,26.4623644,-98.1338305,26.4623644,-98.1338305,0.0
756,17.9088577,-15.3847669,17.9088577,-15.3847669,0.0
757,-3.2528794,152.0370072,-3.2528794,152.0370072,0.0
758,31.066538899999,28.081366700002,31.066538899999,28.081366700002,0.0
759,-2.2710363,-80.9246059,-2.2710363,-80.9246059,0.0
760,7.818233,52.217285,7.818233,52.217285,0.0
761,16.199810327027,-0.49282762882883,16.199810327027,-0.49282762882883,0.0
762,-45.5182606,167.8742461,-45.5182606,167.8742461,0.0
763,27.0941917,142.2044772,27.0941917,142.2044772,0.0
764,-32.0052723,115.8949077,-32.0052723,115.8949077,0.0
765,-16.1877393,-38.9801869,-16.1877393,-38.9801869,0.0
766,-8.2881001015542,-24.75004822596,-8.2881001015542,-24.75004822596,0.0
767,21.2064377,-98.1085412,21.2064377,-98.1085412,0.0
768,13.6425699,144.8554022,13.6425699,144.8554022,0.0
769,27.846682816526,67.948243546543,27.846682816526,67.948243546543,0.0
770,-2.227535,-80.921187,-2.227535,-80.921187,0.0
771,-34.940412455255,-58.61175976036,-34.940412455255,-58.61175976036,0.0
772,17.8765629,-15.2533914,17.8765629,-15.2533914,0.0
773,-34.929515884,-57.9858221704,-34.929515884,-57.9858221704,0.0
774,-35.386856,-62.4155663,-35.386856,-62.4155663,0.0
775,5.1603464317,-52.6281640492,5.1603464317,-52.6281640492,0.0
776,-45.5550394,167.7756431,-45.5550394,167.7756431,0.0
777,17.8698936,-15.236338,17.8698936,-15.236338,0.0
778,-2.224373,-80.921247,-2.224373,-80.921247,0.0
779,-5.7890577316284,-35.338924407959,-5.7890577316284,-35.338924407959,0.0
780,0.0,-180.0,0.0,-180.0,0.0
781,-9.441242860184,160.09799384812,-9.441242860184,160.09799384812,0.0
782,-32.715365597873,134.82689255932,-32.715365597873,134.82689255932,0.0
783,-6.6994940678049,155.71763008439,-6.6994940678049,155.71763008439,0.0
784,-43.7437708,-176.3585961,-43.7437708,-176.3585961,0.0
785,-13.4466944,-172.3799535,-13.4466944,-172.3799535,0.0
786,5.26200963068,163.0040780224,5.26200963068,163.0040780224,0.0
787,-3.5242008,152.3303306,-3.5242008,152.3303306,0.0
788,-16.2943194,-39.0324731,-16.2943194,-39.0324731,0.0
789,34.995529,25.5262887,34.995529,25.5262887,0.0
790,-19.997015,13.035556666667,-19.997015,13.035556666667,0.0
791,-15.807405437008,129.94025056821,-15.807405437008,129.94025056821,0.0
792,-32.0067608,115.8940994,-32.0067608,115.8940994,0.0
793,-0.5317314467631,166.95124195892,-0.5317314467631,166.95124195892,0.0
794,-35.389869,-62.414762,-35.389869,-62.414762,0.0
795,-5.1854974010413,-15.517611767263,-5.1854974010413,-15.517611767263,0.0
796,3.865841,10.074906,3.865841,10.074906,0.0
797,15.1498291,12.595253524086,15.1498291,12.595253524086,0.0
798,6.7395841190654,81.362983798684,6.7395841190654,81.362983798684,0.0
799,-35.873414099972,-72.662456899972,-35.873414099972,-72.662456899972,0.0
800,-18.231029544773,127.66118544764,-18.231029544773,127.66118544764,0.0
801,6.9368541,158.2786879,6.9368541,158.2786879,0.0
802,-35.484292990014,-32.605483367834,-35.484292990014,-32.605483367834,0.0
803,-63.898693083333,-57.611679055556,-63.898693083333,-57.611679055556,0.0
804,6.820651700002,158.2973281,6.820651700002,158.2973281,0.0
805,6.8437516234951,158.31861909417,6.8437516234951,158.31861909417,0.0
806,0.289649725,0.5773301866667,0.289649725,0.5773301866667,0.0
807,-33.756811398774,121.74766028595,-33.756811398774,121.74766028595,0.0
808,6.9140968,158.3015066,6.9140968,158.3015066,0.0
809,-32.722851068333,134.839948683,-32.722851068333,134.839948683,0.0
810,1.3577715,173.0630363,1.3577715,173.0630363,0.0
811,5.3680076204976,163.00562294749,5.3680076204976,163.00562294749,0.0
812,-18.59606855648,127.07484666105,-18.59606855648,127.07484666105,0.0
813,-32.012831653291,115.91939634584,-32.012831653291,115.91939634584,0.0
814,-0.55185376545455,166.93827765293,-0.55185376545455,166.93827765293,0.0
815,6.5697688981952,81.730252476485,6.5697688981952,81.730252476485,0.0
816,-32.0046244,115.8918678,-32.0046244,115.8918678,0.0
817,15.306656794821,-1.7212673601594,15.306656794821,-1.7212673601594,0.0
818,9.5478083000022,138.1628538,9.5478083000022,138.1628538,0.0
819,-34.9359228644,-58.518475517,-34.9359228644,-58.518475517,0.0
820,0.0,-180.0,0.0,-180.0,0.0
821,24.9842838,83.264191999972,24.9842838,83.264191999972,0.0
822,4.4367553279743,72.958173322508,4.4367553279743,72.958173322508,0.0
823,15.870401499407,-1.2388228144411,15.870401499407,-1.2388228144411,0.0
824,32.845187333306,-8.2170511666667,32.845187333306,-8.2170511666667,0.0
825,26.419190299999,-99.021835299998,26.419190299999,-99.021835299998,0.0
826,2.946336,9.917798,2.946336,9.917798,0.0
827,-9.4324981,160.0765172,-9.4324981,160.0765172,0.0
828,-35.3693392,-62.4430024,-35.3693392,-62.4430024,0.0
829,4.956787,10.718675,4.956787,10.718675,0.0
830,15.1498291,24.599742125758,15.1498291,24.599742125758,0.0
831,0.0,0.0,0.0,0.0,0.0
832,5.0159667245833,-52.478066626889,5.0159667245833,-52.478066626889,0.0
833,7.7904277234375,54.744325215938,7.7904277234375,54.744325215938,0.0
834,25.141356,55.441943,25.141356,55.441943,0.0
835,2.0438532631436,-157.48370593167,2.0438532631436,-157.48370593167,0.0
836,-34.9328888784,-57.981391168,-34.9328888784,-57.981391168,0.0
837,-29.047106903089,167.93353156519,-29.047106903089,167.93353156519,0.0
838,8.15731685875,57.69412569375,8.15731685875,57.69412569375,0.0
839,17.9755001,-15.5600911,17.9755001,-15.5600911,0.0
840,6.5794989885824,81.71499682598,6.5794989885824,81.71499682598,0.0
841,15.12285194,104.30427086,15.12285194,104.30427086,0.0
842,15.2659479,5.5985898,15.2659479,5.5985898,0.0
843,15.1216634,18.620823851481,15.1216634,18.620823851481,0.0
844,-25.20164002086,45.94883678047,-25.20164002086,45.94883678047,0.0
845,38.3368861,-107.898849,38.3368861,-107.898849,0.0
846,6.4183082999975,81.1350115,6.4183082999975,81.1350115,0.0
847,-54.4217031782,3.3907492486436,-54.4217031782,3.3907492486436,0.0
848,-23.53936489575,150.22043349934,-23.53936489575,150.22043349934,0.0
849,26.309647899998,-98.646239,26.309647899998,-98.646239,0.0
850,-9.4408880555556,160.12913194444,-9.4408880555556,160.12913194444,0.0
851,-32.45792185144,-34.636904289042,-32.45792185144,-34.636904289042,0.0
852,-3.2378011,151.9665597,-3.2378011,151.9665597,0.0
853,-63.881944444444,-57.621111111111,-63.881944444444,-57.621111111111,0.0
854,-43.761716111111,-176.31618277778,-43.761716111111,-176.31618277778,0.0
855,0.0,0.0,0.0,0.0,0.0
856,-25.0039848,45.1491369,-25.0039848,45.1491369,0.0
857,-43.726224641942,-176.52869598449,-43.726224641942,-176.52869598449,0.0
858,27.0387358,142.1757061,27.0387358,142.1757061,0.0
859,-51.838903236317,-58.239180395219,-51.838903236317,-58.239180395219,0.0
860,-4.0594310984318,122.43078403701,-4.0594310984318,122.43078403701,0.0
861,-35.549632099972,-72.5669876,-35.549632099972,-72.5669876,0.0
862,-45.414075699972,167.71577469997,-45.414075699972,167.71577469997,0.0
863,15.123138466667,104.30453664667,15.123138466667,104.30453664667,0.0
864,-35.474169899972,-72.242631799972,-35.474169899972,-72.242631799972,0.0
865,25.244438,48.6399246,25.244438,48.6399246,0.0
866,-13.4471336,-172.3901968,-13.4471336,-172.3901968,0.0
867,15.0697594,5.7559597999975,15.0697594,5.7559597999975,0.0
868,4.1251975122369,73.472215389192,4.1251975122369,73.472215389192,0.0
869,-34.9360704225,-57.976113249,-34.9360704225,-57.976113249,0.0
870,15.122903143333,104.30407496667,15.122903143333,104.30407496667,0.0
871,-17.978707299972,178.6009893,-17.978707299972,178.6009893,0.0
872,-43.7493058,-176.4278817,-43.7493058,-176.4278817,0.0
873,15.0695918,5.7540051,15.0695918,5.7540051,0.0
874,27.0686564,142.2040049,27.0686564,142.2040049,0.0
875,-23.482417513333,150.36658768,-23.482417513333,150.36658768,0.0
876,3.869986,10.073044,3.869986,10.073044,0.0
877,29.192516431168,-13.461705794897,29.192516431168,-13.461705794897,0.0
878,15.8799051,80.9068374,15.8799051,80.9068374,0.0
879,-5.7881879806519,-35.328884124756,-5.7881879806519,-35.328884124756,0.0
880,-6.1078578999722,177.3382444,-6.1078578999722,177.3382444,0.0
881,15.1219604,104.3074056,15.1219604,104.3074056,0.0
882,6.8964652,158.3125135,6.8964652,158.3125135,0.0
883,-17.634120299972,-149.6127333,-17.634120299972,-149.6127333,0.0
884,0.0,-180.0,0.0,-180.0,0.0
885,25.6316775,45.7567741,25.6316775,45.7567741,0.0
886,-14.903763961061,13.477588668478,-14.903763961061,13.477588668478,0.0
887,7.0559184,171.2210411,7.0559184,171.2210411,0.0
888,27.0854802,142.2087426,27.0854802,142.2087426,0.0
889,-23.488809583917,150.31539236987,-23.488809583917,150.31539236987,0.0
890,9.6002016,138.166284,9.6002016,138.166284,0.0
891,-32.75750222333,134.92936127069,-32.75750222333,134.92936127069,0.0
892,16.850613333333,7.9695233333333,16.850613333333,7.9695233333333,0.0
893,-43.7505406,-176.4525764,-43.7505406,-176.4525764,0.0
894,-18.292580199129,127.5936018716,-18.292580199129,127.5936018716,0.0
895,-5.695657,-35.2111633,-5.695657,-35.2111633,0.0
896,1.3653764,173.1306923,1.3653764,173.1306923,0.0
897,-51.859652216867,-58.226180741365,-51.859652216867,-58.226180741365,0.0
898,-32.0021627,115.8903408,-32.0021627,115.8903408,0.0
899,-32.73455015015,134.75914640774,-32.73455015015,134.75914640774,0.0
900,6.960866900002,158.277179,6.960866900002,158.277179,0.0
901,-32.003092,115.8940259,-32.003092,115.8940259,0.0
902,-18.026035325808,178.51979257192,-18.026035325808,178.51979257192,0.0
903,0.0,0.0,0.0,0.0,0.0
904,15.1219686,104.30744356667,15.1219686,104.30744356667,0.0
905,-19.046892777778,-43.057623333333,-19.046892777778,-43.057623333333,0.0
906,38.3398548,-107.8984886,38.3398548,-107.8984886,0.0
907,-9.5273573884932,160.09058710873,-9.5273573884932,160.09058710873,0.0
908,-33.780256851557,121.78560058449,-33.780256851557,121.78560058449,0.0
909,-33.8389472,121.8863615,-33.8389472,121.8863615,0.0
910,16.695818199998,7.9587041999973,16.695818199998,7.9587041999973,0.0
911,5.9814194444444,116.071975,5.9814194444444,116.071975,0.0
912,15.103814232684,26.71420343233,15.103814232684,26.71420343233,0.0
913,-13.4503621,-172.4001356,-13.4503621,-172.4001356,0.0
914,-44.7494579,169.1198701,-44.7494579,169.1198701,0.0
915,6.9206991197002,158.32236759165,6.9206991197002,158.32236759165,0.0
916,-0.5387864596649,166.94966168938,-0.5387864596649,166.94966168938,0.0
917,-9.464277535953,160.1043995051,-9.464277535953,160.1043995051,0.0
918,37.771797761232,-25.303561553388,37.771797761232,-25.303561553388,0.0
919,24.978344282238,56.264639496776,24.978344282238,56.264639496776,0.0
920,-54.4217939281,3.3882390549828,-54.4217939281,3.3882390549828,0.0
921,5.0160140824,-52.479728926,5.0160140824,-52.479728926,0.0
922,13.467829324238,144.79845198721,13.467829324238,144.79845198721,0.0
923,-33.72764425,121.62069525,-33.72764425,121.62069525,0.0
924,2.1734789,45.1183853,2.1734789,45.1183853,0.0
925,6.8381508,158.2986684,6.8381508,158.2986684,0.0
926,31.632708025895,-8.2080698336386,31.632708025895,-8.2080698336386,0.0
927,-22.6487422,-152.7936024,-22.6487422,-152.7936024,0.0
928,-33.858376979687,121.89415804429,-33.858376979687,121.89415804429,0.0
929,-31.8553013687,115.916365898,-31.8553013687,115.916365898,0.0
930,37.52537108,-48.92270186,37.52537108,-48.92270186,0.0
931,27.0968947,142.1946973,27.0968947,142.1946973,0.0
932,25.1213185,47.6273274,25.1213185,47.6273274,0.0
933,-33.8323217,121.8961317,-33.8323217,121.8961317,0.0
934,2.0203904717624,-157.48775046921,2.0203904717624,-157.48775046921,0.0
935,-13.4451003,-172.3598879,-13.4451003,-172.3598879,0.0
936,-21.2664768,-159.7711652,-21.2664768,-159.7711652,0.0
937,-21.2655861,-159.7410202,-21.2655861,-159.7410202,0.0
938,-21.2249287,-159.756075,-21.2249287,-159.756075,0.0
939,13.46727220676,144.79879792035,13.46727220676,144.79879792035,0.0
940,-6.2905141,176.3145172,-6.2905141,176.3145172,0.0
941,26.197388199997,-98.2553668,26.197388199997,-98.2553668,0.0
942,25.068528,47.3490334,25.068528,47.3490334,0.0
943,25.37781,49.275763,25.37781,49.275763,0.0
944,7.1297701975349,171.04536374742,7.1297701975349,171.04536374742,0.0
945,5.5601,10.314398,5.5601,10.314398,0.0
946,6.9612403,158.2650469,6.9612403,158.2650469,0.0
947,-63.874404888889,-57.609943388889,-63.874404888889,-57.609943388889,0.0
948,20.791843055556,-156.02405361111,20.791843055556,-156.02405361111,0.0
949,6.0568968,145.2127095,6.0568968,145.2127095,0.0
950,-28.058546782578,19.280112910272,-28.058546782578,19.280112910272,0.0
951,30.949792300003,28.773003,30.949792300003,28.773003,0.0
952,6.957953,158.278523,6.957953,158.278523,0.0
953,-17.971495699999,178.6187397,-17.971495699999,178.6187397,0.0
954,-3.6177156,152.3979783,-3.6177156,152.3979783,0.0
955,-19.297994774559,135.08511456743,-19.297994774559,135.08511456743,0.0
956,-32.2872944,18.5783479,-32.2872944,18.5783479,0.0
957,39.4363016775,-31.257876288139,39.4363016775,-31.257876288139,0.0
958,1.3293492,172.9879443,1.3293492,172.9879443,0.0
959,-6.1648378449785,-18.433157041253,-6.1648378449785,-18.433157041253,0.0
960,-5.5595169,150.2970222,-5.5595169,150.2970222,0.0
961,23.5303995,14.4465915,23.5303995,14.4465915,0.0
962,-17.809426099972,178.72236399997,-17.809426099972,178.72236399997,0.0
963,13.475512923248,144.76780515874,13.475512923248,144.76780515874,0.0
964,-35.3447242,-62.4811282,-35.3447242,-62.4811282,0.0
965,25.010841900002,56.363503399997,25.010841900002,56.363503399997,0.0
966,-22.661761829691,114.2584781012,-22.661761829691,114.2584781012,0.0
967,-23.8852658,-67.7545637,-23.8852658,-67.7545637,0.0
968,-22.721768856049,-22.721768856049,-22.721768856049,-22.721768856049,0.0
969,-9.4847300052264,160.11067891566,-9.4847300052264,160.11067891566,0.0
970,1.9765285,44.97474,1.9765285,44.97474,0.0
971,-16.329631,-39.0315121,-16.329631,-39.0315121,0.0
972,-35.020999308648,117.88358094085,-35.020999308648,117.88358094085,0.0
973,-12.8270776,45.1932549,-12.8270776,45.1932549,0.0
974,5.3685420657877,162.99585051884,5.3685420657877,162.99585051884,0.0
975,26.4981233049,-78.6876941286,26.4981233049,-78.6876941286,0.0
976,-35.029032885104,117.88765290815,-35.029032885104,117.88765290815,0.0
977,24.9675535,56.309415899999,24.9675535,56.309415899999,0.0
978,-3.6749316477006,-10.988219622534,-3.6749316477006,-10.988219622534,0.0
979,26.273273700002,-98.552740700002,26.273273700002,-98.552740700002,0.0
980,6.9607848,158.2657369,6.9607848,158.2657369,0.0
981,1.9634354,44.9634736,1.9634354,44.9634736,0.0
982,-27.113908509091,-109.36902542273,-27.113908509091,-109.36902542273,0.0
983,-67.570186666667,-68.127851666667,-67.570186666667,-68.127851666667,0.0
984,22.18940156011,-159.45744477717,22.18940156011,-159.45744477717,0.0
985,5.727725,10.181005,5.727725,10.181005,0.0
986,-16.744817709337,128.28292443063,-16.744817709337,128.28292443063,0.0
987,-25.214948534895,45.829867257375,-25.214948534895,45.829867257375,0.0
988,15.165934372873,120.57148586336,15.165934372873,120.57148586336,0.0
989,4.1247808299159,73.472573091848,4.1247808299159,73.472573091848,0.0
990,2.0351912837733,45.301177123287,2.0351912837733,45.301177123287,0.0
991,-34.9395572428,-57.971999571,-34.9395572428,-57.971999571,0.0
992,-23.744143901921,-65.471731500504,-23.744143901921,-65.471731500504,0.0
993,39.436438009139,-31.257899925111,39.436438009139,-31.257899925111,0.0
994,-45.4234183,167.73291459997,-45.4234183,167.73291459997,0.0
995,25.2574435,48.8048841,25.2574435,48.8048841,0.0
996,-12.835418928205,45.153527614256,-12.835418928205,45.153527614256,0.0
997,-37.196237322447,150.01810259058,-37.196237322447,150.01810259058,0.0
998,16.2542785,-61.574146899998,16.2542785,-61.574146899998,0.0
999,17.1571093798,-61.838893611,17.1571093798,-61.838893611,0.0
1000,-12.8341382,45.1320912,-12.8341382,45.1320912,0.0
1001,-3.8686554866423,-11.576959597155,-3.8686554866423,-11.576959597155,0.0
1002,-34.931911882,-57.9427570291,-34.931911882,-57.9427570291,0.0
1003,-19.317430312728,146.81445583333,-19.317430312728,146.81445583333,0.0
1004,1.9413685,44.9406782,1.9413685,44.9406782,0.0
1005,1.9662829,44.9660934,1.9662829,44.9660934,0.0
1006,-6.7126048422222,155.68885622296,-6.7126048422222,155.68885622296,0.0
1007,2.54634202,9.82600158,2.54634202,9.82600158,0.0
1008,-12.8339387,45.1312479,-12.8339387,45.1312479,0.0
1009,16.2509426,-61.5707278,16.2509426,-61.5707278,0.0
1010,-51.8975,-127.5963889,-19.1466667,8.4033333,11039.246410571186
1011,26.5093072783,-78.7075986341,26.5093072783,-78.7075986341,0.0
1012,-44.296145804997,170.87061081606,-44.296145804997,170.87061081606,0.0
1013,-11.561042723077,25.204765757542,-11.561042723077,25.204765757542,0.0
1014,7.810353079942,55.177297608812,7.810353079942,55.177297608812,0.0
1015,5.851721,10.159149,5.851721,10.159149,0.0
1016,16.2344971,-61.6009092,16.2344971,-61.6009092,0.0
1017,-13.456479633333,25.010236128783,-13.456479633333,25.010236128783,0.0
1018,-33.8665102,121.8923402,-33.8665102,121.8923402,0.0
1019,12.2562336,-39.845346248889,12.2562336,-39.845346248889,0.0
1020,27.0965318,142.2163549,27.0965318,142.2163549,0.0
1021,-5.783787727356,-35.332649230957,-5.783787727356,-35.332649230957,0.0
1022,-3.8213967181287,-11.426157117753,-3.8213967181287,-11.426157117753,0.0
1023,-18.8168948235,169.0273854858,-18.8168948235,169.0273854858,0.0
1024,-23.3009855,43.6570395,-23.3009855,43.6570395,0.0
1025,-11.300953844965,24.87308908993,-11.300953844965,24.87308908993,0.0
1026,5.368132730187,163.01889491758,5.368132730187,163.01889491758,0.0
1027,6.8695221,158.2870393,6.8695221,158.2870393,0.0
1028,16.223572,-61.614367400002,16.223572,-61.614367400002,0.0
1029,-4.4941666666667,145.4315608,-4.4941666666667,145.4315608,0.0
1030,16.17218886,-61.58751372,16.17218886,-61.58751372,0.0
1031,-12.834770200002,45.131512899998,-12.834770200002,45.131512899998,0.0
1032,-6.7949067071429,155.71629339246,-6.7949067071429,155.71629339246,0.0
1033,6.8426225,158.3093588,6.8426225,158.3093588,0.0
1034,-44.305736595048,170.99402695883,-44.305736595048,170.99402695883,0.0
1035,-34.9394850344,-57.93646988,-34.9394850344,-57.93646988,0.0
1036,6.9358576,158.2788063,6.9358576,158.2788063,0.0
1037,-12.8435456,45.1853102,-12.8435456,45.1853102,0.0
1038,-12.8385955,45.1322713,-12.8385955,45.1322713,0.0
1039,16.215564300001,-61.6424125,16.215564300001,-61.6424125,0.0
1040,-26.811994481667,-65.300828246389,-26.811994481667,-65.300828246389,0.0
1041,2.0361506851733,45.301717706827,2.0361506851733,45.301717706827,0.0
1042,22.139129444444,-159.300425,22.139129444444,-159.300425,0.0
1043,-11.26973259009,24.977510740541,-11.26973259009,24.977510740541,0.0
1044,-26.825100058207,-69.174731308963,-26.825100058207,-69.174731308963,0.0
1045,18.101838333366,-15.9281934615,18.101838333366,-15.9281934615,0.0
1046,-17.431296261261,127.99172458568,-17.431296261261,127.99172458568,0.0
1047,27.0940503,142.1938819,27.0940503,142.1938819,0.0
1048,15.298947495862,-13.960463708966,15.298947495862,-13.960463708966,0.0
1049,-0.2497346,42.6000929,-0.2497346,42.6000929,0.0
1050,-43.82156,173.051971,-43.82156,173.051971,0.0
1051,6.785165,81.1095988,6.785165,81.1095988,0.0
1052,16.2510602642,-61.5469235089,16.2510602642,-61.5469235089,0.0
1053,4.889811,10.782583,4.889811,10.782583,0.0
1054,1.3547342,172.9274953,1.3547342,172.9274953,0.0
1055,6.8403241,158.2994211,6.8403241,158.2994211,0.0
1056,17.1343257744,-61.8409146555,17.1343257744,-61.8409146555,0.0
1057,-34.522303,172.7747732,-34.522303,172.7747732,0.0
1058,0.22390150027548,0.057287927217629,0.22390150027548,0.057287927217629,0.0
1059,7.5472402,99.057103,7.5472402,99.057103,0.0
1060,-26.853352599998,-65.711385499288,-26.853352599998,-65.711385499288,0.0
1061,-12.8350018,45.1375457,-12.8350018,45.1375457,0.0
1062,-77.8464405,166.6701639,-77.8464405,166.6701639,0.0
1063,16.26629479,-61.51138159,16.26629479,-61.51138159,0.0
1064,16.00003005,-61.67469403,16.00003005,-61.67469403,0.0
1065,15.862129,-61.583239900001,15.862129,-61.583239900001,0.0
1066,15.4021048,-16.423928699998,15.4021048,-16.423928699998,0.0
1067,15.111075690091,120.71111428292,15.111075690091,120.71111428292,0.0
1068,-22.91284924,44.53907087,-22.91284924,44.53907087,0.0
1069,16.2541152164,-61.5232136194,16.2541152164,-61.5232136194,0.0
1070,-32.6275789,18.948694799972,-32.6275789,18.948694799972,0.0
1071,-27.114968355892,-109.36849010202,-27.114968355892,-109.36849010202,0.0
1072,16.017839899998,-16.48322,16.017839899998,-16.48322,0.0
1073,16.024863998885,-16.503919764857,16.024863998885,-16.503919764857,0.0
1074,2.0427679799453,-157.47017403299,2.0427679799453,-157.47017403299,0.0
1075,6.945096,158.2697921,6.945096,158.2697921,0.0
1076,25.153975434807,55.42287991304,25.153975434807,55.42287991304,0.0
1077,25.154391028907,55.484571182169,25.154391028907,55.484571182169,0.0
1078,-29.021201129667,167.96613409661,-29.021201129667,167.96613409661,0.0
1079,7.53298,99.0512439,7.53298,99.0512439,0.0
1080,-31.935783,115.880093,-31.935783,115.880093,0.0
1081,-3.0628994583333,-59.950345354167,-3.0628994583333,-59.950345354167,0.0
1082,16.2541848,-61.5963142,16.2541848,-61.5963142,0.0
1083,-22.721768856049,-22.721768856049,-22.721768856049,-22.721768856049,0.0
1084,-18.610327043083,-173.99896447628,-18.610327043083,-173.99896447628,0.0
1085,5.599341,10.293827,5.599341,10.293827,0.0
1086,18.10484319495,-15.99813101802,18.10484319495,-15.99813101802,0.0
1087,-10.323304,150.66012219997,-10.323304,150.66012219997,0.0
1088,15.872844100002,-61.5797894,15.872844100002,-61.5797894,0.0
1089,0.0,0.0,0.0,0.0,0.0
1090,-23.089992659674,150.27566436247,-23.089992659674,150.27566436247,0.0
1091,-12.8438406,45.1342887,-12.8438406,45.1342887,0.0
1092,-10.308333333333,150.45111111111,-10.308333333333,150.45111111111,0.0
1093,9.0761556,99.1757774,9.0761556,99.1757774,0.0
1094,-33.34789545596,-33.454741488637,-33.34789545596,-33.454741488637,0.0
1095,5.529243,10.355916,5.529243,10.355916,0.0
1096,25.1309672,47.5842053,25.1309672,47.5842053,0.0
1097,4.923485,45.2195984,4.923485,45.2195984,0.0
1098,38.3273618,-107.9025683,38.3273618,-107.9025683,0.0
1099,-33.019862642587,18.671234843849,-33.019862642587,18.671234843849,0.0
1100,-44.304710923195,170.99169919278,-44.304710923195,170.99169919278,0.0
1101,6.2183772013176,145.2389469,6.2183772013176,145.2389469,0.0
1102,-12.8436828,45.1854114,-12.8436828,45.1854114,0.0
1103,15.292653333333,5.6330383333333,15.292653333333,5.6330383333333,0.0
1104,-35.1143712,150.0878671,-35.1143712,150.0878671,0.0
1105,-33.867949183333,121.89217480083,-33.867949183333,121.89217480083,0.0
1106,-4.3879297999977,145.3177303,-4.3879297999977,145.3177303,0.0
1107,4.9605956,-1.7348844,4.9605956,-1.7348844,0.0
1108,3.878906,10.070216,3.878906,10.070216,0.0
1109,15.062671299998,-23.696555555556,15.062671299998,-23.696555555556,0.0
1110,-45.425802,170.702985,-45.425802,170.702985,0.0
1111,-34.94052637,-58.5114515748,-34.94052637,-58.5114515748,0.0
1112,-29.052975114103,167.95778731026,-29.052975114103,167.95778731026,0.0
1113,5.272858,-0.9831761,5.272858,-0.9831761,0.0
1114,5.3648041992941,162.98034452768,5.3648041992941,162.98034452768,0.0
1115,-0.2778793,36.101937,-0.2778793,36.101937,0.0
1116,-11.299902799972,-51.546944899972,-11.299902799972,-51.546944899972,0.0
1117,-34.9328510784,-57.9800964024,-34.9328510784,-57.9800964024,0.0
1118,16.662623799998,7.9541024,16.662623799998,7.9541024,0.0
1119,-34.9397337002,-57.971619554,-34.9397337002,-57.971619554,0.0
1120,-19.436333488155,135.4102779708,-19.436333488155,135.4102779708,0.0
1121,15.2784058,5.6018717,15.2784058,5.6018717,0.0
1122,26.5011127107,-78.6953509133,26.5011127107,-78.6953509133,0.0
1123,14.875369272062,-24.725514957216,14.875369272062,-24.725514957216,0.0
1124,-0.2821354,36.1002782,-0.2821354,36.1002782,0.0
1125,0.8445932846934,73.408397497232,0.8445932846934,73.408397497232,0.0
1126,-51.845689621501,-58.3159905643,-51.845689621501,-58.3159905643,0.0
1127,7.4855638,99.0893895,7.4855638,99.0893895,0.0
1128,-33.856351938693,121.89590161759,-33.856351938693,121.89590161759,0.0
1129,38.3178819,-107.9050601,38.3178819,-107.9050601,0.0
1130,-32.148689599972,18.8634236,-32.148689599972,18.8634236,0.0
1131,-44.304544661554,171.01066796662,-44.304544661554,171.01066796662,0.0
1132,5.1039832,-1.243323,5.1039832,-1.243323,0.0
1133,-13.4493638,-172.370235,-13.4493638,-172.370235,0.0
1134,-12.8413365,45.1242301,-12.8413365,45.1242301,0.0
1135,-6.8183309767959,155.73419542621,-6.8183309767959,155.73419542621,0.0
1136,-26.271034504961,-69.095951751946,-26.271034504961,-69.095951751946,0.0
1137,25.153992,55.483995,25.153992,55.483995,0.0
1138,-5.7644872665405,-35.332511901855,-5.7644872665405,-35.332511901855,0.0
1139,10.182924382222,99.096985459167,10.182924382222,99.096985459167,0.0
1140,-0.2919167,36.0969678,-0.2919167,36.0969678,0.0
1141,24.3167635,72.8614885,24.3167635,72.8614885,0.0
1142,-45.5774281,167.7595447,-45.5774281,167.7595447,0.0
1143,2.1250212,45.1155417,2.1250212,45.1155417,0.0
1144,7.4974775,99.0736378,7.4974775,99.0736378,0.0
1145,4.2117481000014,73.544146699999,4.2117481000014,73.544146699999,0.0
1146,-34.839074899998,173.1299521,-34.839074899998,173.1299521,0.0
1147,6.0658038,145.213391,6.0658038,145.213391,0.0
1148,6.8843647,158.2898803,6.8843647,158.2898803,0.0
1149,-44.6963913,169.1694557,-44.6963913,169.1694557,0.0
1150,6.8657545,158.2894664,6.8657545,158.2894664,0.0
1151,-22.721768856049,-22.721768856049,-22.721768856049,-22.721768856049,0.0
1152,43.938434578728,-59.877803840544,43.938434578728,-59.877803840544,0.0
1153,7.5542146,99.0724143,7.5542146,99.0724143,0.0
1154,4.2126591000024,73.540075700003,4.2126591000024,73.540075700003,0.0
1155,25.0277345,47.231738,25.0277345,47.231738,0.0
1156,-23.236336316584,150.49015202255,-23.236336316584,150.49015202255,0.0
1157,-19.31725,146.81058333333,-19.31725,146.81058333333,0.0
1158,0.037104999972222,109.24383039997,0.037104999972222,109.24383039997,0.0
1159,5.854714,10.158488,5.854714,10.158488,0.0
1160,-13.137407992892,24.985983471273,-13.137407992892,24.985983471273,0.0
1161,4.7631368,45.2306599,4.7631368,45.2306599,0.0
1162,1.9892614,44.9855204,1.9892614,44.9855204,0.0
1163,37.745120582402,-25.643317195084,37.745120582402,-25.643317195084,0.0
1164,1.3578837121379,172.932190733,1.3578837121379,172.932190733,0.0
1165,17.036064529429,-25.149063055817,17.036064529429,-25.149063055817,0.0
1166,-33.727183772423,121.61673598561,-33.727183772423,121.61673598561,0.0
1167,-30.310222649368,148.8301106497,-30.310222649368,148.8301106497,0.0
1168,-45.2332188,167.81156509997,-45.2332188,167.81156509997,0.0
1169,-29.671694444444,148.81126222222,-29.671694444444,148.81126222222,0.0
1170,7.5152978680556,99.060185752222,7.5152978680556,99.060185752222,0.0
1171,-34.9387823672,-58.5144744449,-34.9387823672,-58.5144744449,0.0
1172,-12.4609228,-69.138752233333,-12.4609228,-69.138752233333,0.0
1173,-34.9286959841,-57.9602793811,-34.9286959841,-57.9602793811,0.0
1174,13.551741480698,78.479359736448,13.551741480698,78.479359736448,0.0
1175,-33.841778455965,121.88751030791,-33.841778455965,121.88751030791,0.0
1176,-35.238935898667,150.00619321067,-35.238935898667,150.00619321067,0.0
1177,1.3321895304073,172.96884491279,1.3321895304073,172.96884491279,0.0
1178,-30.226454525308,149.42720057626,-30.226454525308,149.42720057626,0.0
1179,-9.8044147319706,-66.852764946974,-9.8044147319706,-66.852764946974,0.0
1180,38.9531209,-45.0313293375,38.9531209,-45.0313293375,0.0
1181,-12.8324745,45.1455449,-12.8324745,45.1455449,0.0
1182,15.5696658,80.0749939,15.5696658,80.0749939,0.0
1183,-30.042019,148.7764175,-30.042019,148.7764175,0.0
1184,-33.397175415,-70.6576362622,-33.397175415,-70.6576362622,0.0
1185,13.43374521896,144.78024677699,13.43374521896,144.78024677699,0.0
1186,7.0690484,171.2874743,7.0690484,171.2874743,0.0
1187,14.544747,-90.619945,14.544747,-90.619945,0.0
1188,-29.034608981522,167.94324659968,-29.034608981522,167.94324659968,0.0
1189,-31.854769015,115.88640678,-31.854769015,115.88640678,0.0
1190,-12.364315067475,-69.1522071116,-12.364315067475,-69.1522071116,0.0
1191,-30.017423875622,148.55346789701,-30.017423875622,148.55346789701,0.0
1192,7.1168786298595,171.05921473378,7.1168786298595,171.05921473378,0.0
1193,-30.2217484,149.4506862,-30.2217484,149.4506862,0.0
1194,-32.227438599972,18.851020999972,-32.227438599972,18.851020999972,0.0
1195,4.4381040188889,72.964451577475,4.4381040188889,72.964451577475,0.0
1196,-11.957428925,-69.131331225,-11.957428925,-69.131331225,0.0
1197,9.9470417401506,-73.090447330113,9.9470417401506,-73.090447330113,0.0
1198,20.835467590059,-103.8157408748,20.835467590059,-103.8157408748,0.0
1199,22.05840736535,-159.38927056378,22.05840736535,-159.38927056378,0.0
1200,22.187234444444,-159.34219111111,22.187234444444,-159.34219111111,0.0
1201,-31.8558555,115.91279975,-31.8558555,115.91279975,0.0
1202,-31.952295616921,115.88061140871,-31.952295616921,115.88061140871,0.0
1203,-34.9855168,173.5616279,-34.9855168,173.5616279,0.0
1204,-0.28726,36.09113,-0.28726,36.09113,0.0
1205,-35.4033227,-62.4461545,-35.4033227,-62.4461545,0.0
1206,15.164981263333,120.57173395667,15.164981263333,120.57173395667,0.0
1207,-34.7420752,173.08370119887,-34.7420752,173.08370119887,0.0
1208,-29.052604113486,167.93542615033,-29.052604113486,167.93542615033,0.0
1209,14.528595,-90.616765,14.528595,-90.616765,0.0
1210,-12.25890465,-69.148047170833,-12.25890465,-69.148047170833,0.0
1211,26.243561388889,-98.149675555556,26.243561388889,-98.149675555556,0.0
1212,-5.352933,104.962315,-5.352933,104.962315,0.0
1213,-32.920769399972,18.762814399972,-32.920769399972,18.762814399972,0.0
1214,18.083948813103,-15.901569908276,18.083948813103,-15.901569908276,0.0
1215,-12.719336598662,-69.487859395987,-12.719336598662,-69.487859395987,0.0
1216,-12.764945782813,-69.571752769866,-12.764945782813,-69.571752769866,0.0
1217,-16.33688,-39.0162099,-16.33688,-39.0162099,0.0
1218,-37.259208061889,150.04775663242,-37.259208061889,150.04775663242,0.0
1219,-19.685117857107,-42.984893333379,-19.685117857107,-42.984893333379,0.0
1220,0.372048,108.9531508,0.372048,108.9531508,0.0
1221,19.483183556574,-103.7969969008,19.483183556574,-103.7969969008,0.0
1222,8.500128,-79.957781,8.500128,-79.957781,0.0
1223,-0.53256871711864,166.91088908644,-0.53256871711864,166.91088908644,0.0
1224,-9.7459397702306,-66.635224410776,-9.7459397702306,-66.635224410776,0.0
1225,-26.8290265,-69.211725,-26.8290265,-69.211725,0.0
1226,-9.8461016,-66.867685,-9.8461016,-66.867685,0.0
1227,26.5033892356,-78.7039881293,26.5033892356,-78.7039881293,0.0
1228,7.90502,52.169018,7.90502,52.169018,0.0
1229,-34.940651440972,-57.963316747889,-34.940651440972,-57.963316747889,0.0
1230,-12.599677800499,-69.194768162575,-12.599677800499,-69.194768162575,0.0
1231,18.593632780747,-103.69538736503,18.593632780747,-103.69538736503,0.0
1232,2.4307041,45.0011564,2.4307041,45.0011564,0.0
1233,7.5470123,99.0766856,7.5470123,99.0766856,0.0
1234,-33.396218044,-70.657858396,-33.396218044,-70.657858396,0.0
1235,-9.8238248,-66.8768668,-9.8238248,-66.8768668,0.0
1236,-19.492944444444,135.52275,-19.492944444444,135.52275,0.0
1237,-34.928726824,-57.963391452,-34.928726824,-57.963391452,0.0
1238,-30.159740916252,148.93852767164,-30.159740916252,148.93852767164,0.0
1239,-30.372694444444,148.69663888889,-30.372694444444,148.69663888889,0.0
1240,-17.498312,-149.913269,-17.498312,-149.913269,0.0
1241,-26.06379193494,-65.950455092771,-26.06379193494,-65.950455092771,0.0
1242,-33.655123,0.281092,-33.655123,0.281092,0.0
1243,-22.707669697423,114.33987320409,-22.707669697423,114.33987320409,0.0
1244,38.3353871,-107.8999684,38.3353871,-107.8999684,0.0
1245,-9.7302409000024,-66.884212100002,-9.7302409000024,-66.884212100002,0.0
1246,-31.8560516977,115.8979668674,-31.8560516977,115.8979668674,0.0
1247,-16.284160799972,-39.0287815,-16.284160799972,-39.0287815,0.0
1248,9.0638762,99.1750979,9.0638762,99.1750979,0.0
1249,-12.198622944731,-69.122746720015,-12.198622944731,-69.122746720015,0.0
1250,-12.5923268875,-69.17537855,-12.5923268875,-69.17537855,0.0
1251,-34.928649380001,-57.987160540001,-34.928649380001,-57.987160540001,0.0
1252,10.149491521693,-73.113014434039,10.149491521693,-73.113014434039,0.0
1253,4.7443474,45.2106537,4.7443474,45.2106537,0.0
1254,4.0958549,73.4015559,4.0958549,73.4015559,0.0
1255,10.136635468333,-75.2710787475,10.136635468333,-75.2710787475,0.0
1256,-9.7726552,-66.8121935,-9.7726552,-66.8121935,0.0
1257,-4.4172794,26.6660024,-4.4172794,26.6660024,0.0
1258,21.031726598739,-104.24926757812,21.031726598739,-104.24926757812,0.0
1259,-22.721768856049,-22.721768856049,-22.721768856049,-22.721768856049,0.0
1260,15.8924207,80.908950399972,15.8924207,80.908950399972,0.0
1261,-19.967146666667,13.024823333333,-19.967146666667,13.024823333333,0.0
1262,-30.227057921954,149.68130760373,-30.227057921954,149.68130760373,0.0
1263,2.0270497679513,25.325646861663,2.0270497679513,25.325646861663,0.0
1264,-2.229193,-80.921425,-2.229193,-80.921425,0.0
1265,-4.25176,-56.005929699998,-4.25176,-56.005929699998,0.0
1266,-34.524907813808,172.77387672866,-34.524907813808,172.77387672866,0.0
1267,-30.386573362667,149.71377548267,-30.386573362667,149.71377548267,0.0
1268,4.9480389,45.200421,4.9480389,45.200421,0.0
1269,-19.327830423257,146.72557521622,-19.327830423257,146.72557521622,0.0
1270,-35.3875972,-62.4160981,-35.3875972,-62.4160981,0.0
1271,19.06640396039,-103.78252141805,19.06640396039,-103.78252141805,0.0
1272,14.241556976742,74.448919592623,14.241556976742,74.448919592623,0.0
1273,-2.22919,-80.927154,-2.22919,-80.927154,0.0
1274,10.436194156265,99.066891941108,10.436194156265,99.066891941108,0.0
1275,-21.320536344998,55.800018723335,-21.320536344998,55.800018723335,0.0
1276,18.945489534804,-104.11497573641,18.945489534804,-104.11497573641,0.0
1277,-45.6966325,167.6536928,-45.6966325,167.6536928,0.0
1278,9.93671672,-75.09110828,9.93671672,-75.09110828,0.0
1279,5.0725220521141,115.5491546881,5.0725220521141,115.5491546881,0.0
1280,26.5202990547,-78.7177038565,26.5202990547,-78.7177038565,0.0
1281,-33.478757316,-70.6573024572,-33.478757316,-70.6573024572,0.0
1282,10.42888109828,99.055432082064,10.42888109828,99.055432082064,0.0
1283,-12.8452192526,45.135428505,-12.8452192526,45.135428505,0.0
1284,8.465354,-79.969013,8.465354,-79.969013,0.0
1285,-34.9380411591,-57.9357197895,-34.9380411591,-57.9357197895,0.0
1286,-21.284063511668,55.795970016622,-21.284063511668,55.795970016622,0.0
1287,-35.1153889,150.0869471,-35.1153889,150.0869471,0.0
1288,10.4498444,-73.2545222,10.4498444,-73.2545222,0.0
1289,-9.7459246,-66.6349611,-9.7459246,-66.6349611,0.0
1290,0.83961789997222,108.8864391,0.83961789997222,108.8864391,0.0
1291,38.352756900002,-107.8443453,38.352756900002,-107.8443453,0.0
1292,-5.354813,104.972425,-5.354813,104.972425,0.0
1293,5.3671264,162.9865219,5.3671264,162.9865219,0.0
1294,-29.559391976736,149.60062439831,-29.559391976736,149.60062439831,0.0
1295,-3.145696457958,-59.999606957958,-3.145696457958,-59.999606957958,0.0
1296,-30.042962166667,148.78353408974,-30.042962166667,148.78353408974,0.0
1297,-26.177766462778,-65.213028061944,-26.177766462778,-65.213028061944,0.0
1298,15.1661633875,120.5700104675,15.1661633875,120.5700104675,0.0
1299,31.96537989378,35.825716358051,31.96537989378,35.825716358051,0.0
1300,-33.463317131,-70.6571568597,-33.463317131,-70.6571568597,0.0
1301,14.931230018248,-23.501862074088,14.931230018248,-23.501862074088,0.0
1302,0.0,-103.23307379998,0.0,-103.23307379998,0.0
1303,10.737461096667,-74.752684965556,10.737461096667,-74.752684965556,0.0
1304,22.101719722222,-159.35357583333,22.101719722222,-159.35357583333,0.0
1305,-34.928093925083,-57.973346784694,-34.928093925083,-57.973346784694,0.0
1306,-31.8551660076,115.8874928266,-31.8551660076,115.8874928266,0.0
1307,-44.675792,169.1289844,-44.675792,169.1289844,0.0
1308,10.40552116,-75.5032651126,10.40552116,-75.5032651126,0.0
1309,31.914859910309,35.891142823733,31.914859910309,35.891142823733,0.0
1310,10.4811222,-73.2816767,10.4811222,-73.2816767,0.0
1311,-30.226267833333,149.4414095,-30.226267833333,149.4414095,0.0
1312,-14.914994603266,13.452729958401,-14.914994603266,13.452729958401,0.0
1313,9.8052522331745,99.09962304633,9.8052522331745,99.09962304633,0.0
1314,4.8114696,45.2465728,4.8114696,45.2465728,0.0
1315,10.407203611111,-75.455979722222,10.407203611111,-75.455979722222,0.0
1316,15.134199906667,104.30401702111,15.134199906667,104.30401702111,0.0
1317,-17.567625,-149.32444694444,-17.567625,-149.32444694444,0.0
1318,10.4000068735,-75.482198037194,10.4000068735,-75.482198037194,0.0
1319,10.4771611,-73.2496694,10.4771611,-73.2496694,0.0
1320,10.8717465375,-74.783910615,10.8717465375,-74.783910615,0.0
1321,-2.04639067333,-60.0260353267,-2.04639067333,-60.0260353267,0.0
1322,-34.542589185772,172.85622844593,-34.542589185772,172.85622844593,0.0
1323,10.4746306,-73.2408167,10.4746306,-73.2408167,0.0
1324,9.7196581502732,-75.124453915301,9.7196581502732,-75.124453915301,0.0
1325,30.86859,28.8831012,30.86859,28.8831012,0.0
1326,10.428096055972,-75.530037581889,10.428096055972,-75.530037581889,0.0
1327,10.937250360972,-74.897261823283,10.937250360972,-74.897261823283,0.0
1328,0.0,0.0,0.0,0.0,0.0
1329,-10.322222222222,150.28833333333,-10.322222222222,150.28833333333,0.0
1330,10.4735139,-73.2867847,10.4735139,-73.2867847,0.0
1331,10.4524683,-73.2610928,10.4524683,-73.2610928,0.0
1332,31.963095184788,35.877676365059,31.963095184788,35.877676365059,0.0
1333,5.0084897317,115.0028180145,5.0084897317,115.0028180145,0.0
1334,-2.228007,-80.922877,-2.228007,-80.922877,0.0
1335,-34.9375072215,-57.9846429918,-34.9375072215,-57.9846429918,0.0
1336,2.1018937,45.0910745,2.1018937,45.0910745,0.0
1337,9.3039173816667,99.147053500556,9.3039173816667,99.147053500556,0.0
1338,10.736656134831,-74.761226404494,10.736656134831,-74.761226404494,0.0
1339,31.937709183712,35.847357681021,31.937709183712,35.847357681021,0.0
1340,-34.9374584388,-57.9935090337,-34.9374584388,-57.9935090337,0.0
1341,7.4879503,99.0849626,7.4879503,99.0849626,0.0
1342,-25.055883,45.1103728,-25.055883,45.1103728,0.0
1343,-45.4181932,167.7125989,-45.4181932,167.7125989,0.0
1344,10.4490539,-73.2831894,10.4490539,-73.2831894,0.0
1345,10.3942259587,-75.4736412875,10.3942259587,-75.4736412875,0.0
1346,-23.137668981141,113.7746069361,-23.137668981141,113.7746069361,0.0
1347,39.48734448392,-12.29395406995,39.48734448392,-12.29395406995,0.0
1348,4.7439306,45.2228021,4.7439306,45.2228021,0.0
1349,10.4911944,-73.2792861,10.4911944,-73.2792861,0.0
1350,11.05139106574,-74.857635447351,11.05139106574,-74.857635447351,0.0
1351,31.953473977,35.83371569775,31.953473977,35.83371569775,0.0
1352,10.257615195833,-75.343937170833,10.257615195833,-75.343937170833,0.0
1353,-23.314416845089,113.92918971845,-23.314416845089,113.92918971845,0.0
1354,10.4839083,-73.2769167,10.4839083,-73.2769167,0.0
1355,-13.4501541,-172.3992831,-13.4501541,-172.3992831,0.0
1356,-29.456040709843,149.8448607689,-29.456040709843,149.8448607689,0.0
1357,-30.306480364241,149.33243431705,-30.306480364241,149.33243431705,0.0
1358,-44.270328134266,170.0442398958,-44.270328134266,170.0442398958,0.0
1359,-44.6965559,169.1715924,-44.6965559,169.1715924,0.0
1360,17.9809397,-15.5810731,17.9809397,-15.5810731,0.0
1361,-19.317424610588,134.87350378507,-19.317424610588,134.87350378507,0.0
1362,-32.908224384927,18.766155561523,-32.908224384927,18.766155561523,0.0
1363,12.108977814208,21.563126100226,12.108977814208,21.563126100226,0.0
1364,13.64043773,79.39743723,13.64043773,79.39743723,0.0
1365,7.9796916,99.2728584,7.9796916,99.2728584,0.0
1366,5.3685378227403,162.99637681597,5.3685378227403,162.99637681597,0.0
1367,-0.89977777777778,-89.608708333306,-0.89977777777778,-89.608708333306,0.0
1368,-23.0405976,44.2688025,-23.0405976,44.2688025,0.0
1369,22.063265150533,-159.39425274088,22.063265150533,-159.39425274088,0.0
1370,9.0747579001019,99.2224908,9.0747579001019,99.2224908,0.0
1371,4.9035022,45.2333718,4.9035022,45.2333718,0.0
1372,5.0130861998,115.0338963512,5.0130861998,115.0338963512,0.0
1373,-17.601630042097,168.24568030859,-17.601630042097,168.24568030859,0.0
1374,-33.4546756065,-70.6579877938,-33.4546756065,-70.6579877938,0.0
1375,10.040219798611,99.069606643056,10.040219798611,99.069606643056,0.0
1376,-44.6857524,169.18279451,-44.6857524,169.18279451,0.0
1377,-2.222191,-80.920459,-2.222191,-80.920459,0.0
1378,-7.254118,112.7825431,-7.254118,112.7825431,0.0
1379,31.911827460118,35.852546975948,31.911827460118,35.852546975948,0.0
1380,-2.227166,-80.936391,-2.227166,-80.936391,0.0
1381,3.9982087165155,10.016656760136,3.9982087165155,10.016656760136,0.0
1382,2.1033285,45.0927536,2.1033285,45.0927536,0.0
1383,-7.3028233933333,112.79983191333,-7.3028233933333,112.79983191333,0.0
1384,-30.402919749004,149.70437475647,-30.402919749004,149.70437475647,0.0
1385,13.3736497,144.7713052,13.3736497,144.7713052,0.0
1386,7.0607606,171.2572471,7.0607606,171.2572471,0.0
1387,31.944827500731,35.836014176533,31.944827500731,35.836014176533,0.0
1388,14.185535044809,79.869910275228,14.185535044809,79.869910275228,0.0
1389,31.943153225631,35.861858989578,31.943153225631,35.861858989578,0.0
1390,-26.8416151,-69.2222741,-26.8416151,-69.2222741,0.0
1391,-0.53942416620833,166.91645890428,-0.53942416620833,166.91645890428,0.0
1392,-26.912606847001,-68.603111358604,-26.912606847001,-68.603111358604,0.0
1393,-29.473093681577,149.91669559642,-29.473093681577,149.91669559642,0.0
1394,31.955172992999,35.905297673013,31.955172992999,35.905297673013,0.0
1395,-7.2496608666667,112.7964525,-7.2496608666667,112.7964525,0.0
1396,-12.834819,45.1361703,-12.834819,45.1361703,0.0
1397,-17.7985089,178.52705979997,-17.7985089,178.52705979997,0.0
1398,13.640689653439,79.373231637566,13.640689653439,79.373231637566,0.0
1399,-19.2438837,146.808956,-19.2438837,146.808956,0.0
1400,19.458361078343,-103.79439281806,19.458361078343,-103.79439281806,0.0
1401,27.0387466,142.1757218,27.0387466,142.1757218,0.0
1402,-1.0169444444444,-1.0169444444444,-1.0169444444444,-1.0169444444444,0.0
1403,-14.927347283824,13.558787181986,-14.927347283824,13.558787181986,0.0
1404,29.189492866351,-13.463887766851,29.189492866351,-13.463887766851,0.0
1405,7.9928527794033,99.130249693648,7.9928527794033,99.130249693648,0.0
1406,2.1146267,45.1046015,2.1146267,45.1046015,0.0
1407,14.3424173,79.7695424,14.3424173,79.7695424,0.0
1408,-12.835989,45.150642699999,-12.835989,45.150642699999,0.0
1409,18.878891925553,-103.8470169161,18.878891925553,-103.8470169161,0.0
1410,5.0146183278,115.0630209502,5.0146183278,115.0630209502,0.0
1411,-23.110159281655,150.30299891226,-23.110159281655,150.30299891226,0.0
1412,-23.159477492333,150.43893695367,-23.159477492333,150.43893695367,0.0
1413,27.0723173,142.2197125,27.0723173,142.2197125,0.0
1414,-35.022752777778,117.85938888889,-35.022752777778,117.85938888889,0.0
1415,5.3690948078705,162.99956962897,5.3690948078705,162.99956962897,0.0
1416,2.0745461,45.3404957,2.0745461,45.3404957,0.0
1417,13.370520234091,62.066009067338,13.370520234091,62.066009067338,0.0
1418,17.017223815654,-25.135971151108,17.017223815654,-25.135971151108,0.0
1419,7.0811144046914,171.15521286617,7.0811144046914,171.15521286617,0.0
1420,-35.318748086885,139.80241044344,-35.318748086885,139.80241044344,0.0
1421,-44.315051467,171.013074205,-44.315051467,171.013074205,0.0
1422,15.16573234,120.545764995,15.16573234,120.545764995,0.0
1423,-56.936169438562,-28.01449480592,-56.936169438562,-28.01449480592,0.0
1424,-36.796179261988,139.99723982988,-36.796179261988,139.99723982988,0.0
1425,3.9188069,45.5877018,3.9188069,45.5877018,0.0
1426,10.425796707912,99.043672398664,10.425796707912,99.043672398664,0.0
1427,-9.7986764285385,-66.845664982952,-9.7986764285385,-66.845664982952,0.0
1428,-44.3169943568,171.01496631893,-44.3169943568,171.01496631893,0.0
1429,-12.8369812,45.129561099972,-12.8369812,45.129561099972,0.0
1430,31.910991375335,35.901980440132,31.910991375335,35.901980440132,0.0
1431,-22.721768856049,-22.721768856049,-22.721768856049,-22.721768856049,0.0
1432,-14.685303485035,13.897741204141,-14.685303485035,13.897741204141,0.0
1433,7.0807711740164,171.15577031269,7.0807711740164,171.15577031269,0.0
1434,-8.34578835,113.60496022,-8.34578835,113.60496022,0.0
1435,4.8218745,45.2450489,4.8218745,45.2450489,0.0
1436,-44.256687588801,170.1007790442,-44.256687588801,170.1007790442,0.0
1437,-9.7633294289,-66.765118032533,-9.7633294289,-66.765118032533,0.0
1438,-19.68891455553,-42.990579555513,-19.68891455553,-42.990579555513,0.0
1439,-19.735638111043,-43.018403777747,-19.735638111043,-43.018403777747,0.0
1440,3.8504459000011,10.0862026,3.8504459000011,10.0862026,0.0
1441,-44.6989147,169.1274146,-44.6989147,169.1274146,0.0
1442,14.925198107056,-24.356216096069,14.925198107056,-24.356216096069,0.0
1443,3.8746752,45.5780625,3.8746752,45.5780625,0.0
1444,-17.569602777778,-149.60576944444,-17.569602777778,-149.60576944444,0.0
1445,13.643198327634,79.38685755169,13.643198327634,79.38685755169,0.0
1446,10.057718423615,99.074965331487,10.057718423615,99.074965331487,0.0
1447,-6.107934,177.33813829997,-6.107934,177.33813829997,0.0
1448,-23.133600333333,150.40603525,-23.133600333333,150.40603525,0.0
1449,38.2975282,-107.9244368,38.2975282,-107.9244368,0.0
1450,-44.304193563721,171.01085015995,-44.304193563721,171.01085015995,0.0
1451,-35.21880583,150.02502690733,-35.21880583,150.02502690733,0.0
1452,-8.15612528,113.69851705,-8.15612528,113.69851705,0.0
1453,-11.554515155556,25.205504507571,-11.554515155556,25.205504507571,0.0
1454,-33.4030106664,-70.6584642269,-33.4030106664,-70.6584642269,0.0
1455,-33.356904850114,-70.661570944688,-33.356904850114,-70.661570944688,0.0
1456,5.0340302289,115.0767689478,5.0340302289,115.0767689478,0.0
1457,-13.4493646,-172.3703818,-13.4493646,-172.3703818,0.0
1458,7.9256125650049,99.269808446644,7.9256125650049,99.269808446644,0.0
1459,13.3102971,144.730929,13.3102971,144.730929,0.0
1460,5.059449,9.992135,5.059449,9.992135,0.0
1461,-17.717802945938,168.56910715938,-17.717802945938,168.56910715938,0.0
1462,-33.702195680013,121.83690898799,-33.702195680013,121.83690898799,0.0
1463,14.8785732,-24.730177699999,14.8785732,-24.730177699999,0.0
1464,-36.889671037425,139.83372273384,-36.889671037425,139.83372273384,0.0
1465,-4.162439569255,138.98267981102,-4.162439569255,138.98267981102,0.0
1466,-21.704363971058,149.35802913772,-21.704363971058,149.35802913772,0.0
1467,-27.107448200002,-65.566541,-27.107448200002,-65.566541,0.0
1468,2.0554783,45.3033546,2.0554783,45.3033546,0.0
1469,-51.855983647264,-58.223206896517,-51.855983647264,-58.223206896517,0.0
1470,-0.66426666666667,-90.395727777778,-0.66426666666667,-90.395727777778,0.0
1471,-23.106425241541,150.29626185561,-23.106425241541,150.29626185561,0.0
1472,-0.73172777777778,-90.327561111111,-0.73172777777778,-90.327561111111,0.0
1473,38.2764628,-107.817056,38.2764628,-107.817056,0.0
1474,-45.3872892,167.9078725,-45.3872892,167.9078725,0.0
1475,0.0,0.0,0.0,0.0,0.0
1476,4.7438462,45.2242678,4.7438462,45.2242678,0.0
1477,-3.0435501867168,-59.97338577736,-3.0435501867168,-59.97338577736,0.0
1478,18.883277714039,-103.84993016663,18.883277714039,-103.84993016663,0.0
1479,37.751832527419,-25.621608713859,37.751832527419,-25.621608713859,0.0
1480,12.046071672778,119.97356973583,12.046071672778,119.97356973583,0.0
1481,-30.468124422908,148.1952813777,-30.468124422908,148.1952813777,0.0
1482,19.242196847633,-103.69938388288,19.242196847633,-103.69938388288,0.0
1483,-30.315905223553,147.84498621291,-30.315905223553,147.84498621291,0.0
1484,13.3247173,79.9471259,13.3247173,79.9471259,0.0
1485,-3.1051900916667,-60.020477821667,-3.1051900916667,-60.020477821667,0.0
1486,-4.2251485,-69.9544572,-4.2251485,-69.9544572,0.0
1487,17.9521408,-15.5015537,17.9521408,-15.5015537,0.0
1488,4.7449468,45.2245411,4.7449468,45.2245411,0.0
1489,-0.55243504148148,166.92384569111,-0.55243504148148,166.92384569111,0.0
1490,38.3020741,-107.9196044,38.3020741,-107.9196044,0.0
1491,0.87073675001153,108.934900125,0.87073675001153,108.934900125,0.0
1492,5.743748,10.163085,5.743748,10.163085,0.0
1493,-19.2434815,146.8061222,-19.2434815,146.8061222,0.0
1494,-9.4403586349059,160.08344157539,-9.4403586349059,160.08344157539,0.0
1495,4.4339865337904,72.958513734868,4.4339865337904,72.958513734868,0.0
1496,-3.0490835125,-59.950680521667,-3.0490835125,-59.950680521667,0.0
1497,-22.963780899998,44.3437672,-22.963780899998,44.3437672,0.0
1498,14.067558333333,79.857485833333,14.067558333333,79.857485833333,0.0
1499,31.047614,28.3368275,31.047614,28.3368275,0.0
1500,-29.019859048802,167.9592681972,-29.019859048802,167.9592681972,0.0
1501,-21.2067886,-159.7702415,-21.2067886,-159.7702415,0.0
1502,-18.1324744631,127.72867586106,-18.1324744631,127.72867586106,0.0
1503,22.096724722222,-159.36067,22.096724722222,-159.36067,0.0
1504,-9.747109,-66.6450308,-9.747109,-66.6450308,0.0
1505,2.0411896705627,-157.49159240723,2.0411896705627,-157.49159240723,0.0
1506,26.28329598727,-98.165747624323,26.28329598727,-98.165747624323,0.0
1507,-35.031062067433,117.90000789727,-35.031062067433,117.90000789727,0.0
1508,-22.721768856049,-22.721768856049,-22.721768856049,-22.721768856049,0.0
1509,0.0,0.0,0.0,0.0,0.0
1510,39.436451378278,-31.25793135725,39.436451378278,-31.25793135725,0.0
1511,14.397369166667,79.698794444444,14.397369166667,79.698794444444,0.0
1512,-33.5093783,-70.6565392,-33.5093783,-70.6565392,0.0
1513,-35.3755078,139.5613315,-35.3755078,139.5613315,0.0
1514,-44.287855868461,170.08660929755,-44.287855868461,170.08660929755,0.0
1515,-5.384009,104.969677,-5.384009,104.969677,0.0
1516,-0.52007782916667,166.95843524603,-0.52007782916667,166.95843524603,0.0
1517,-30.569475499333,147.49241989973,-30.569475499333,147.49241989973,0.0
1518,5.0323727913248,118.41064025659,5.0323727913248,118.41064025659,0.0
1519,-23.040094,44.2701094,-23.040094,44.2701094,0.0
1520,-63.902222222222,-57.607777777778,-63.902222222222,-57.607777777778,0.0
1521,-12.588425,-69.1717917,-12.588425,-69.1717917,0.0
1522,30.836243900001,29.238791699999,30.836243900001,29.238791699999,0.0
1523,-14.847316034152,13.577682338668,-14.847316034152,13.577682338668,0.0
1524,32.4291968,117.4967279,32.4291968,117.4967279,0.0
1525,-26.2819426475,-48.849475315,-26.2819426475,-48.849475315,0.0
1526,4.7887883333333,52.155773333333,4.7887883333333,52.155773333333,0.0
1527,24.0251892,90.2784382,24.0251892,90.2784382,0.0
1528,-36.8488330176,-59.9676433216,-36.8488330176,-59.9676433216,0.0
1529,-33.201131857889,-70.656419629194,-33.201131857889,-70.656419629194,0.0
1530,-29.03209625593,167.94797988571,-29.03209625593,167.94797988571,0.0
1531,24.96966237001,56.219976540715,24.96966237001,56.219976540715,0.0
1532,7.21549445,56.147897466,7.21549445,56.147897466,0.0
1533,-17.544789925691,127.86244096339,-17.544789925691,127.86244096339,0.0
1534,13.628652461417,79.277966738117,13.628652461417,79.277966738117,0.0
1535,-26.211151116667,-48.533348083333,-26.211151116667,-48.533348083333,0.0
1536,-9.775973399998,-66.817502750275,-9.775973399998,-66.817502750275,0.0
1537,-30.568156986388,147.49164403187,-30.568156986388,147.49164403187,0.0
1538,-10.225847599972,150.8727197,-10.225847599972,150.8727197,0.0
1539,-33.4108793315,-70.659324531,-33.4108793315,-70.659324531,0.0
1540,-17.764461111111,-149.40061666667,-17.764461111111,-149.40061666667,0.0
1541,-25.545144732594,-49.29853376385,-25.545144732594,-49.29853376385,0.0
1542,-43.75691,172.997957,-43.75691,172.997957,0.0
1543,-12.380632322261,-69.146333733569,-12.380632322261,-69.146333733569,0.0
1544,-25.152328116339,45.100685673205,-25.152328116339,45.100685673205,0.0
1545,-25.489088399972,-49.294364,-25.489088399972,-49.294364,0.0
1546,-35.3963076,-62.4224238,-35.3963076,-62.4224238,0.0
1547,5.722709,10.185999,5.722709,10.185999,0.0
1548,10.077254598599,-75.137409257758,10.077254598599,-75.137409257758,0.0
1549,10.4547944,-73.2625528,10.4547944,-73.2625528,0.0
1550,15.126359573162,104.30471602371,15.126359573162,104.30471602371,0.0
1551,-33.3760903,-70.6581512,-33.3760903,-70.6581512,0.0
1552,10.4706917,-73.2401056,10.4706917,-73.2401056,0.0
1553,7.7125399470175,52.334574924211,7.7125399470175,52.334574924211,0.0
1554,10.745715968526,-74.754051081545,10.745715968526,-74.754051081545,0.0
1555,-45.4057228,167.7131024,-45.4057228,167.7131024,0.0
1556,14.742552461834,74.257503863905,14.742552461834,74.257503863905,0.0
1557,-25.417687499972,-49.288684099972,-25.417687499972,-49.288684099972,0.0
1558,-17.675958333333,-149.30808055556,-17.675958333333,-149.30808055556,0.0
1559,-26.27057758068,-48.89503774159,-26.27057758068,-48.89503774159,0.0
1560,10.79195346495,-74.912067248212,10.79195346495,-74.912067248212,0.0
1561,-9.4386317392354,160.08205375186,-9.4386317392354,160.08205375186,0.0
1562,10.401008464286,-75.464619452381,10.401008464286,-75.464619452381,0.0
1563,10.960473333333,-74.7872681575,10.960473333333,-74.7872681575,0.0
1564,7.905012,52.169003,7.905012,52.169003,0.0
1565,-45.871285,170.69591,-45.871285,170.69591,0.0
1566,-25.214027872598,45.896177094123,-25.214027872598,45.896177094123,0.0
1567,10.460375,-73.2376,10.460375,-73.2376,0.0
1568,1.0578156,25.2750076,1.0578156,25.2750076,0.0
1569,9.5227018368362,61.307597200904,9.5227018368362,61.307597200904,0.0
1570,10.378956675,-75.486646308333,10.378956675,-75.486646308333,0.0
1571,-30.32478518719,147.84263241162,-30.32478518719,147.84263241162,0.0
1572,5.059722,9.99084,5.059722,9.99084,0.0
1573,-6.6414250407109,-19.866700020367,-6.6414250407109,-19.866700020367,0.0
1574,10.3920821194,-75.5052627716,10.3920821194,-75.5052627716,0.0
1575,-37.470260296411,139.99087786826,-37.470260296411,139.99087786826,0.0
1576,-16.34139530129,-39.006207225968,-16.34139530129,-39.006207225968,0.0
1577,-7.1747818,112.7810644,-7.1747818,112.7810644,0.0
1578,10.9351972625,-74.7732170125,10.9351972625,-74.7732170125,0.0
1579,4.898843,-1.7550753,4.898843,-1.7550753,0.0
1580,-19.31821078012,146.80176279468,-19.31821078012,146.80176279468,0.0
1581,10.4388661,-73.2601764,10.4388661,-73.2601764,0.0
1582,10.9524892922,-74.8278142232,10.9524892922,-74.8278142232,0.0
1583,-25.505163888889,-49.295777777778,-25.505163888889,-49.295777777778,0.0
1584,-19.2454535,146.808662,-19.2454535,146.808662,0.0
1585,-9.6732389,-66.8790326,-9.6732389,-66.8790326,0.0
1586,10.4807103,-73.2866558,10.4807103,-73.2866558,0.0
1587,-29.6295,148.08269444444,-29.6295,148.08269444444,0.0
1588,22.211761111111,-159.40467861111,22.211761111111,-159.40467861111,0.0
1589,-23.900244,-67.7109774,-23.900244,-67.7109774,0.0
1590,-29.928971932998,148.16112975879,-29.928971932998,148.16112975879,0.0
1591,-23.4638855,150.3999978,-23.4638855,150.3999978,0.0
1592,-3.0492135,-59.950490291667,-3.0492135,-59.950490291667,0.0
1593,10.962628386667,-74.791101136667,10.962628386667,-74.791101136667,0.0
1594,22.168819166667,-159.31534861111,22.168819166667,-159.31534861111,0.0
1595,10.745999297297,-74.767559202703,10.745999297297,-74.767559202703,0.0
1596,10.9448190127,-74.8336727545,10.9448190127,-74.8336727545,0.0
1597,-22.56206234,45.41150098,-22.56206234,45.41150098,0.0
1598,10.403064759389,-75.519484262889,10.403064759389,-75.519484262889,0.0
1599,10.924051058288,-74.794515181239,10.924051058288,-74.794515181239,0.0
1600,10.9988527,-74.789766334,10.9988527,-74.789766334,0.0
1601,10.771305206868,-74.848854864322,10.771305206868,-74.848854864322,0.0
1602,15.0869585,5.709749,15.0869585,5.709749,0.0
1603,24.2962716,72.9500081,24.2962716,72.9500081,0.0
1604,5.3690878,162.999637,5.3690878,162.999637,0.0
1605,-13.4494312,-172.3717887,-13.4494312,-172.3717887,0.0
1606,-25.329316999972,-49.2931432,-25.329316999972,-49.2931432,0.0
1607,-12.56846826258,-69.168463429567,-12.56846826258,-69.168463429567,0.0
1608,5.736092,10.169928,5.736092,10.169928,0.0
1609,25.6536187,45.7080443,25.6536187,45.7080443,0.0
1610,-36.783408175645,-59.830179343201,-36.783408175645,-59.830179343201,0.0
1611,-17.752357782226,127.80478559923,-17.752357782226,127.80478559923,0.0
1612,15.231859633333,120.56395582667,15.231859633333,120.56395582667,0.0
1613,-10.3428388,150.57404379997,-10.3428388,150.57404379997,0.0
1614,-29.989319173333,146.90763429033,-29.989319173333,146.90763429033,0.0
1615,-26.212495158333,-48.913244716667,-26.212495158333,-48.913244716667,0.0
1616,-4.6086811,-56.3244187,-4.6086811,-56.3244187,0.0
1617,-26.196212455254,-48.529877771683,-26.196212455254,-48.529877771683,0.0
1618,-31.95229741446,115.8814723847,-31.95229741446,115.8814723847,0.0
1619,-23.7462950846,-65.5021550036,-23.7462950846,-65.5021550036,0.0
1620,-26.290981066667,-48.8131381,-26.290981066667,-48.8131381,0.0
1621,-9.7531684538333,-66.697150569133,-9.7531684538333,-66.697150569133,0.0
1622,-16.334198374315,128.23918663676,-16.334198374315,128.23918663676,0.0
1623,4.4393411887526,72.962231800613,4.4393411887526,72.962231800613,0.0
1624,-19.681756555607,-42.981760888897,-19.681756555607,-42.981760888897,0.0
1625,-21.957643345309,149.43070572122,-21.957643345309,149.43070572122,0.0
1626,-26.203458,-49.1437544,-26.203458,-49.1437544,0.0
1627,5.606082,10.291912,5.606082,10.291912,0.0
1628,-21.154482,-175.21656,-21.154482,-175.21656,0.0
1629,13.352110069804,60.171895205882,13.352110069804,60.171895205882,0.0
1630,-22.721768856049,-22.721768856049,-22.721768856049,-22.721768856049,0.0
1631,-8.59071710625,115.0754258875,-8.59071710625,115.0754258875,0.0
1632,-26.197277091516,-48.531080916637,-26.197277091516,-48.531080916637,0.0
1633,7.9377898292517,56.270847649252,7.9377898292517,56.270847649252,0.0
1634,-29.988205111772,148.15565808714,-29.988205111772,148.15565808714,0.0
1635,-9.7563857589863,-66.723268618306,-9.7563857589863,-66.723268618306,0.0
1636,-13.693092,-172.1961196,-13.693092,-172.1961196,0.0
1637,-26.317873186667,-48.87234244,-26.317873186667,-48.87234244,0.0
1638,-19.684456333333,-42.982267,-19.684456333333,-42.982267,0.0
1639,-15.904739432087,129.78929332211,-15.904739432087,129.78929332211,0.0
1640,-26.162789008767,-48.907372162867,-26.162789008767,-48.907372162867,0.0
1641,32.4518682,117.5400108,32.4518682,117.5400108,0.0
1642,-36.75861296,-59.80522606,-36.75861296,-59.80522606,0.0
1643,-3.3538898,-64.72186,-3.3538898,-64.72186,0.0
1644,-21.2229213,-159.7376883,-21.2229213,-159.7376883,0.0
1645,-26.233694099999,-48.499441694169,-26.233694099999,-48.499441694169,0.0
1646,0.0,-103.16964390002,0.0,-103.16964390002,0.0
1647,-29.660403057157,147.81503779589,-29.660403057157,147.81503779589,0.0
1648,2.956185,9.910938,2.956185,9.910938,0.0
1649,-26.278175553376,-48.891938913202,-26.278175553376,-48.891938913202,0.0
1650,-26.3014866875,-48.842229055,-26.3014866875,-48.842229055,0.0
1651,7.300275015,52.896162250833,7.300275015,52.896162250833,0.0
1652,-23.116052072685,113.86199479229,-23.116052072685,113.86199479229,0.0
1653,-7.280755990524,112.78126401338,-7.280755990524,112.78126401338,0.0
1654,-7.2340232800633,112.77820307998,-7.2340232800633,112.77820307998,0.0
1655,-29.049095437615,167.95870302795,-29.049095437615,167.95870302795,0.0
1656,15.792004178374,80.40941464257,15.792004178374,80.40941464257,0.0
1657,-35.5106533,-62.3067627,-35.5106533,-62.3067627,0.0
1658,-16.269752038076,128.29468389997,-16.269752038076,128.29468389997,0.0
1659,25.0768527,46.4871116,25.0768527,46.4871116,0.0
1660,-7.2321484085443,112.77855504565,-7.2321484085443,112.77855504565,0.0
1661,-23.8829856,-67.7713461,-23.8829856,-67.7713461,0.0
1662,22.129168333333,-159.32280777778,22.129168333333,-159.32280777778,0.0
1663,8.459581,-79.984178,8.459581,-79.984178,0.0
1664,16.7893618,7.9844935,16.7893618,7.9844935,0.0
1665,-22.721768856049,-22.721768856049,-22.721768856049,-22.721768856049,0.0
1666,7.0829138321906,171.15182736939,7.0829138321906,171.15182736939,0.0
1667,-4.5470725,-56.3052217,-4.5470725,-56.3052217,0.0
1668,15.165506309524,120.55940164881,15.165506309524,120.55940164881,0.0
1669,-5.7911758422852,-35.331783294678,-5.7911758422852,-35.331783294678,0.0
1670,-14.881535237669,13.545699007822,-14.881535237669,13.545699007822,0.0
1671,-43.797543,172.992988,-43.797543,172.992988,0.0
1672,-9.7863062000024,-66.8355745,-9.7863062000024,-66.8355745,0.0
1673,25.0310132,47.2419157,25.0310132,47.2419157,0.0
1674,-9.761908,-66.7564826,-9.761908,-66.7564826,0.0
1675,-37.215148843844,150.01407156632,-37.215148843844,150.01407156632,0.0
1676,-23.050159,-67.861712,-23.050159,-67.861712,0.0
1677,-9.8583421,-66.843785,-9.8583421,-66.843785,0.0
1678,-3.3454894,-64.708358,-3.3454894,-64.708358,0.0
1679,-3.0384344229229,-60.01619963964,-3.0384344229229,-60.01619963964,0.0
1680,-3.0827381433333,-60.047670974167,-3.0827381433333,-60.047670974167,0.0
1681,-22.721768856049,-22.721768856049,-22.721768856049,-22.721768856049,0.0
1682,-8.8234415973783,115.10494337453,-8.8234415973783,115.10494337453,0.0
1683,-9.772292946272,-66.810521613498,-9.772292946272,-66.810521613498,0.0
1684,-3.116589935,-60.02682029,-3.116589935,-60.02682029,0.0
1685,-2.9875074916667,-60.005094528333,-2.9875074916667,-60.005094528333,0.0
1686,15.115047941678,120.70930975901,15.115047941678,120.70930975901,0.0
1687,10.08333101,119.12253071,10.08333101,119.12253071,0.0
1688,-3.0645020918164,-60.015556209581,-3.0645020918164,-60.015556209581,0.0
1689,-3.0840828333333,-60.0552754825,-3.0840828333333,-60.0552754825,0.0
1690,-3.1113123375,-60.072907694167,-3.1113123375,-60.072907694167,0.0
1691,-67.569901666667,-68.127576666667,-67.569901666667,-68.127576666667,0.0
1692,-7.2404338928006,112.77933269549,-7.2404338928006,112.77933269549,0.0
1693,-3.0722813266667,-60.066551696667,-3.0722813266667,-60.066551696667,0.0
1694,-3.0875811055556,-60.01902995,-3.0875811055556,-60.01902995,0.0
1695,-54.421820158747,3.3879114672851,-54.421820158747,3.3879114672851,0.0
1696,26.1840975,-98.185873900002,26.1840975,-98.185873900002,0.0
1697,-23.135,150.3675667,-23.135,150.3675667,0.0
1698,-3.0460111158333,-60.0765067175,-3.0460111158333,-60.0765067175,0.0
1699,-19.67534,-42.976875157714,-19.67534,-42.976875157714,0.0
1700,-7.3084593508772,112.80431589599,-7.3084593508772,112.80431589599,0.0
1701,-7.2956590225564,112.78194791165,-7.2956590225564,112.78194791165,0.0
1702,-9.4392421531027,160.10392317382,-9.4392421531027,160.10392317382,0.0
1703,-31.8505589994,115.880294851,-31.8505589994,115.880294851,0.0
1704,38.07843726052,-47.7175375166,38.07843726052,-47.7175375166,0.0
1705,0.0,-180.0,0.0,-180.0,0.0
1706,-21.2057909,-159.7842546,-21.2057909,-159.7842546,0.0
1707,-23.18671752883,-65.362700157057,-23.18671752883,-65.362700157057,0.0
1708,-44.6949959,169.1347793,-44.6949959,169.1347793,0.0
1709,-45.5126125,167.8296561,-45.5126125,167.8296561,0.0
1710,-7.3007728256423,112.78177132587,-7.3007728256423,112.78177132587,0.0
1711,-7.2930114564489,112.80177721357,-7.2930114564489,112.80177721357,0.0
1712,-3.07657019,-60.050451166667,-3.07657019,-60.050451166667,0.0
1713,-18.022109471072,178.50624938018,-18.022109471072,178.50624938018,0.0
1714,-7.265203737475,112.79586616566,-7.265203737475,112.79586616566,0.0
1715,13.350607023721,69.509873395349,13.350607023721,69.509873395349,0.0
1716,-7.2221243183333,112.77787087167,-7.2221243183333,112.77787087167,0.0
1717,-3.0179792908333,-60.0157345875,-3.0179792908333,-60.0157345875,0.0
1718,-21.2222193,-159.7409752,-21.2222193,-159.7409752,0.0
1719,-3.1386582083333,-60.016958583333,-3.1386582083333,-60.016958583333,0.0
1720,13.3615316,69.390244323871,13.3615316,69.390244323871,0.0
1721,22.102368888889,-159.37330805556,22.102368888889,-159.37330805556,0.0
1722,6.7624728999722,81.2514077,6.7624728999722,81.2514077,0.0
1723,5.9266795,144.72335139996,5.9266795,144.72335139996,0.0
1724,-18.816780962978,169.02748308089,-18.816780962978,169.02748308089,0.0
1725,15.39433,-3.14301,15.39433,-3.14301,0.0
1726,-3.1348487263099,-60.008725129877,-3.1348487263099,-60.008725129877,0.0
1727,-3.108260279732,-60.023210554439,-3.108260279732,-60.023210554439,0.0
1728,-19.317683164685,146.7892237291,-19.317683164685,146.7892237291,0.0
1729,4.8974757,-1.7568324,4.8974757,-1.7568324,0.0
1730,2.0321961330251,-157.42200697466,2.0321961330251,-157.42200697466,0.0
1731,-25.0917093,45.0985465,-25.0917093,45.0985465,0.0
1732,-9.7805158,-66.842458100001,-9.7805158,-66.842458100001,0.0
1733,7.5781514,134.5829281,7.5781514,134.5829281,0.0
1734,16.89112,7.9678333333333,16.89112,7.9678333333333,0.0
1735,22.1981079376,-159.458832348,22.1981079376,-159.458832348,0.0
1736,-2.9882194257028,-60.015033104418,-2.9882194257028,-60.015033104418,0.0
1737,5.519448,10.352924,5.519448,10.352924,0.0
1738,22.170098333333,-159.31309305556,22.170098333333,-159.31309305556,0.0
1739,-3.1274376983333,-60.084865725833,-3.1274376983333,-60.084865725833,0.0
1740,-3.0764912083333,-60.07930048,-3.0764912083333,-60.07930048,0.0
1741,-3.11373325,-60.0106235,-3.11373325,-60.0106235,0.0
1742,15.102482766667,17.388853616667,15.102482766667,17.388853616667,0.0
1743,-9.1615810443694,-27.38627713126,-9.1615810443694,-27.38627713126,0.0
1744,12.184676961043,21.472306838258,12.184676961043,21.472306838258,0.0
1745,-67.570451666667,-68.12832,-67.570451666667,-68.12832,0.0
1746,-3.7056786003367,-11.085198804887,-3.7056786003367,-11.085198804887,0.0
1747,-7.276288125,112.80244419417,-7.276288125,112.80244419417,0.0
1748,-9.7740154,-66.8150527,-9.7740154,-66.8150527,0.0
1749,34.377013,139.9799507,34.377013,139.9799507,0.0
1750,13.3435343,60.136726463935,13.3435343,60.136726463935,0.0
1751,-4.0875138888889,-63.141616666667,-4.0875138888889,-63.141616666667,0.0
1752,1.997574187396,-157.48056902833,1.997574187396,-157.48056902833,0.0
1753,-8.068883760544,-24.126344479097,-8.068883760544,-24.126344479097,0.0
1754,-26.270704485031,-48.894987297164,-26.270704485031,-48.894987297164,0.0
1755,-4.5062942,145.461565,-4.5062942,145.461565,0.0
1756,26.51222608711,-78.64256699162,26.51222608711,-78.64256699162,0.0
1757,-8.584803845,115.1250906825,-8.584803845,115.1250906825,0.0
1758,8.455256,-79.998748,8.455256,-79.998748,0.0
1759,-37.215844615033,150.0140722819,-37.215844615033,150.0140722819,0.0
1760,14.7020806,-17.455594699999,14.7020806,-17.455594699999,0.0
1761,-3.0103494492132,-60.015966319742,-3.0103494492132,-60.015966319742,0.0
1762,29.197930599944,-13.461774199972,29.197930599944,-13.461774199972,0.0
1763,6.9056084549451,158.32050694176,6.9056084549451,158.32050694176,0.0
1764,-8.5281679075,115.14154701083,-8.5281679075,115.14154701083,0.0
1765,-2.229184,-80.933213,-2.229184,-80.933213,0.0
1766,-3.0095255,-60.07696214787,-3.0095255,-60.07696214787,0.0
1767,-2.28580666667,-60.042294724985,-2.28580666667,-60.042294724985,0.0
1768,-18.557109544208,127.19685671993,-18.557109544208,127.19685671993,0.0
1769,-8.6863766267677,115.15555707115,-8.6863766267677,115.15555707115,0.0
1770,-23.891644080835,-65.458425896207,-23.891644080835,-65.458425896207,0.0
1771,-3.129992652419,-60.024081516385,-3.129992652419,-60.024081516385,0.0
1772,7.828204,52.186279,7.828204,52.186279,0.0
1773,12.033260352909,21.630785996096,12.033260352909,21.630785996096,0.0
1774,-9.8468361,-66.8581099,-9.8468361,-66.8581099,0.0
1775,-3.0132247508333,-60.076720395833,-3.0132247508333,-60.076720395833,0.0
1776,-3.0296887657658,-60.004819944444,-3.0296887657658,-60.004819944444,0.0
1777,16.6791247,7.9571513,16.6791247,7.9571513,0.0
1778,-25.428775,-49.295275,-25.428775,-49.295275,0.0
1779,0.96277777333333,0.0,0.96277777333333,0.0,0.0
1780,-8.6454141381381,115.11433646547,-8.6454141381381,115.11433646547,0.0
1781,-7.7027210844737,-23.03150074105,-7.7027210844737,-23.03150074105,0.0
1782,-3.092167825,-60.03694034,-3.092167825,-60.03694034,0.0
1783,-23.8065615,-67.8668307,-23.8065615,-67.8668307,0.0
1784,-33.8393683,121.8874948,-33.8393683,121.8874948,0.0
1785,-34.55058023,172.864608165,-34.55058023,172.864608165,0.0
1786,-8.3655491707951,115.15805742737,-8.3655491707951,115.15805742737,0.0
1787,-3.9171800426945,143.94486336584,-3.9171800426945,143.94486336584,0.0
1788,3.5367898475072,72.92871982451,3.5367898475072,72.92871982451,0.0
1789,-5.7928552627563,-35.32878112793,-5.7928552627563,-35.32878112793,0.0
1790,-25.49475,-49.294111111111,-25.49475,-49.294111111111,0.0
1791,5.3684972,163.0180421,5.3684972,163.0180421,0.0
1792,-26.18731976466,-48.534067969879,-26.18731976466,-48.534067969879,0.0
1793,-9.444878956643,160.13295690153,-9.444878956643,160.13295690153,0.0
1794,6.8669387,158.2879326,6.8669387,158.2879326,0.0
1795,7.5212014583223,134.51801135152,7.5212014583223,134.51801135152,0.0
1796,-26.280810016667,-48.810941258333,-26.280810016667,-48.810941258333,0.0
1797,6.0387556999975,145.2281905,6.0387556999975,145.2281905,0.0
1798,38.938127966667,-40.026085066667,38.938127966667,-40.026085066667,0.0
1799,-19.317029730603,146.6960782654,-19.317029730603,146.6960782654,0.0
1800,16.1018592,168.1416576,16.1018592,168.1416576,0.0
1801,12.872992185874,21.797833217833,12.872992185874,21.797833217833,0.0
1802,15.1498291,4.5588512930303,15.1498291,4.5588512930303,0.0
1803,-25.353915426667,-49.291619428315265,-25.353915426667,-49.291619428315265,0.0
1804,-19.314116472435,134.90137542405,-19.314116472435,134.90137542405,0.0
1805,25.2480322,48.6639663,25.2480322,48.6639663,0.0
1806,25.2503142,48.7488655,25.2503142,48.7488655,0.0
1807,26.240975555556,-98.146779166667,26.240975555556,-98.146779166667,0.0
1808,15.1498291,0.97044854257577,15.1498291,0.97044854257577,0.0
1809,-23.457994748588,150.4148124106,-23.457994748588,150.4148124106,0.0
1810,-26.309042548333,-48.840958915833,-26.309042548333,-48.840958915833,0.0
1811,-5.7916445732117,-35.33581161499,-5.7916445732117,-35.33581161499,0.0
1812,-12.8423867,45.1838714,-12.8423867,45.1838714,0.0
1813,-33.675144344689,121.72109572604,-33.675144344689,121.72109572604,0.0
1814,-8.3789126628176,115.03226586952,-8.3789126628176,115.03226586952,0.0
1815,-9.7045202999987,-66.863162300001,-9.7045202999987,-66.863162300001,0.0
1816,-35.974433232052,-32.660177497771,-35.974433232052,-32.660177497771,0.0
1817,16.756963333333,7.97059,16.756963333333,7.97059,0.0
1818,-26.297025674167,-48.864246523611,-26.297025674167,-48.864246523611,0.0
1819,-4.8590037971545,120.30046364187,-4.8590037971545,120.30046364187,0.0
1820,-23.073778,-67.973458,-23.073778,-67.973458,0.0
1821,15.12047912,104.30460289,15.12047912,104.30460289,0.0
1822,8.2292080050964,63.446379393526,8.2292080050964,63.446379393526,0.0
1823,4.928722,10.754384,4.928722,10.754384,0.0
1824,-26.2772174,-48.848414225,-26.2772174,-48.848414225,0.0
1825,13.079759026876,21.859130747615,13.079759026876,21.859130747615,0.0
1826,13.3435343,65.095960111481,13.3435343,65.095960111481,0.0
1827,-10.327223999972,150.5163655,-10.327223999972,150.5163655,0.0
1828,13.370462927273,61.143010746061,13.370462927273,61.143010746061,0.0
1829,7.4018864,134.5089864,7.4018864,134.5089864,0.0
1830,-26.296595658333,-48.852470833333,-26.296595658333,-48.852470833333,0.0
1831,-8.6153963708333,115.1517839125,-8.6153963708333,115.1517839125,0.0
1832,24.995728181639,56.32630893029,24.995728181639,56.32630893029,0.0
1833,-27.102951899998,-65.5167475,-27.102951899998,-65.5167475,0.0
1834,-12.8371148,45.1511313,-12.8371148,45.1511313,0.0
1835,-9.462902,160.132781,-9.462902,160.132781,0.0
1836,-26.293409075,-48.848062991667,-26.293409075,-48.848062991667,0.0
1837,3.9551904844157,10.086422357718,3.9551904844157,10.086422357718,0.0
1838,-8.8239765325,115.10629019583,-8.8239765325,115.10629019583,0.0
1839,22.209683055556,-159.40616138889,22.209683055556,-159.40616138889,0.0
1840,-15.905388888889,129.78633333333,-15.905388888889,129.78633333333,0.0
1841,-8.539702,115.12654,-8.539702,115.12654,0.0
1842,17.9946102,-15.6322541,17.9946102,-15.6322541,0.0
1843,-4.4494444444444,145.36527777778,-4.4494444444444,145.36527777778,0.0
1844,-8.2375994595517,115.13826691365,-8.2375994595517,115.13826691365,0.0
1845,-21.2079919,-159.7718118,-21.2079919,-159.7718118,0.0
1846,15.162957398333,120.57937561333,15.162957398333,120.57937561333,0.0
1847,-25.378397222222,-49.292288888889,-25.378397222222,-49.292288888889,0.0
1848,-9.4409546126214,160.09966045922,-9.4409546126214,160.09966045922,0.0
1849,-3.0647796916667,-60.055200358333,-3.0647796916667,-60.055200358333,0.0
1850,-8.2962614116667,115.17549917833,-8.2962614116667,115.17549917833,0.0
1851,-54.421662584625,3.3909061330093,-54.421662584625,3.3909061330093,0.0
1852,-8.8134173725982,115.10216907435,-8.8134173725982,115.10216907435,0.0
1853,-25.454102777778,-49.293794444444,-25.454102777778,-49.293794444444,0.0
1854,-45.3738903,167.6979706,-45.3738903,167.6979706,0.0
1855,-3.0870115,-60.012000658635,-3.0870115,-60.012000658635,0.0
1856,-4.7520374415205,-61.309960934837,-4.7520374415205,-61.309960934837,0.0
1857,-3.0045956533333,-60.020302246667,-3.0045956533333,-60.020302246667,0.0
1858,6.8758414000023,158.333766,6.8758414000023,158.333766,0.0
1859,-26.212216083333,-48.913243075,-26.212216083333,-48.913243075,0.0
1860,-61.33,-62.865,-61.33,-62.865,0.0
1861,12.176596303473,21.389245362955,12.176596303473,21.389245362955,0.0
1862,-19.684108698865,135.791152494,-19.684108698865,135.791152494,0.0
1863,-3.3475711,-64.7112361,-3.3475711,-64.7112361,0.0
1864,-3.115427015,-60.029745816667,-3.115427015,-60.029745816667,0.0
1865,18.065410833333,-15.892582777778,18.065410833333,-15.892582777778,0.0
1866,-26.273599174167,-48.827668116667,-26.273599174167,-48.827668116667,0.0
1867,-44.305915603735,171.00991576716,-44.305915603735,171.00991576716,0.0
1868,-9.7026359000024,-66.863901,-9.7026359000024,-66.863901,0.0
1869,-9.8182968155798,-66.644143874271,-9.8182968155798,-66.644143874271,0.0
1870,-26.285084908333,-48.866572625,-26.285084908333,-48.866572625,0.0
1871,-21.809916869949,118.82006315901,-21.809916869949,118.82006315901,0.0
1872,-35.237336521602,150.0069075663,-35.237336521602,150.0069075663,0.0
1873,-16.3028535,-39.024513,-16.3028535,-39.024513,0.0
1874,-3.0346507541667,-60.013032860833,-3.0346507541667,-60.013032860833,0.0
1875,15.2772734,5.6001828,15.2772734,5.6001828,0.0
1876,-45.893954281802,170.51712413487,-45.893954281802,170.51712413487,0.0
1877,-9.7810283907969,-66.842397503134,-9.7810283907969,-66.842397503134,0.0
1878,-3.0900050543071,-60.060900539326,-3.0900050543071,-60.060900539326,0.0
1879,-2.9705476,-60.0253533,-2.9705476,-60.0253533,0.0
1880,-45.441524,170.711484,-45.441524,170.711484,0.0
1881,-26.277206441667,-48.80837185,-26.277206441667,-48.80837185,0.0
1882,26.250532693709,127.67463055928,26.250532693709,127.67463055928,0.0
1883,-0.286618,36.0878738,-0.286618,36.0878738,0.0
1884,26.222569605248,127.69840448759,26.222569605248,127.69840448759,0.0
1885,-0.2878427,36.1085464,-0.2878427,36.1085464,0.0
1886,13.3536438,20.126451949099,13.3536438,20.126451949099,0.0
1887,0.0,-180.0,0.0,-180.0,0.0
1888,-2.6509846,-60.0499383,-2.6509846,-60.0499383,0.0
1889,-3.0974834324034,-60.049925134478,-3.0974834324034,-60.049925134478,0.0
1890,-21.2067389,-159.7559216,-21.2067389,-159.7559216,0.0
1891,26.649159099972,127.87486529997,26.649159099972,127.87486529997,0.0
1892,38.948175753333,-32.022092026667,38.948175753333,-32.022092026667,0.0
1893,-3.0851648098827,-60.038968313233,-3.0851648098827,-60.038968313233,0.0
1894,16.797443333333,7.9862266666667,16.797443333333,7.9862266666667,0.0
1895,-2.9696825971524,-60.003577742044,-2.9696825971524,-60.003577742044,0.0
1896,-8.6160945833333,115.090502135,-8.6160945833333,115.090502135,0.0
1897,-3.0850493066667,-60.054962235,-3.0850493066667,-60.054962235,0.0
1898,15.164063407778,120.54776773056,15.164063407778,120.54776773056,0.0
1899,-17.151139584987,128.15486147711,-17.151139584987,128.15486147711,0.0
1900,-3.5044744,152.2959169,-3.5044744,152.2959169,0.0
1901,-3.10509566,-60.04491339,-3.10509566,-60.04491339,0.0
1902,-0.288354,36.1163573,-0.288354,36.1163573,0.0
1903,-45.461392799972,167.7894603,-45.461392799972,167.7894603,0.0
1904,-3.0373292846442,-60.015121970037,-3.0373292846442,-60.015121970037,0.0
1905,17.9205919,-15.4172323,17.9205919,-15.4172323,0.0
1906,-3.1135848,-60.0428373,-3.1135848,-60.0428373,0.0
1907,3.6343090973529,72.958521433431,3.6343090973529,72.958521433431,0.0
1908,27.097104514141,142.19480861287,27.097104514141,142.19480861287,0.0
1909,26.1959106,127.6924885,26.1959106,127.6924885,0.0
1910,-3.3542361,-64.7128283,-3.3542361,-64.7128283,0.0
1911,-22.721768856049,-22.721768856049,-22.721768856049,-22.721768856049,0.0
1912,-9.8583504,-66.8437631,-9.8583504,-66.8437631,0.0
1913,-25.536483333333,-49.301091666667,-25.536483333333,-49.301091666667,0.0
1914,-23.149792758741,113.77099474261,-23.149792758741,113.77099474261,0.0
1915,-9.751495,-66.6829942,-9.751495,-66.6829942,0.0
1916,26.231531111111,-98.160886944444,26.231531111111,-98.160886944444,0.0
1917,-33.3584477,22.0541538,-33.3584477,22.0541538,0.0
1918,-12.8427262,45.1364053,-12.8427262,45.1364053,0.0
1919,43.939152820382,-59.877997179588,43.939152820382,-59.877997179588,0.0
1920,-9.2858032052941,147.22828098176,-9.2858032052941,147.22828098176,0.0
1921,-0.6734094,-90.3861592,-0.6734094,-90.3861592,0.0
1922,-29.057806617552,167.95597681921,-29.057806617552,167.95597681921,0.0
1923,-0.2796691,36.1132625,-0.2796691,36.1132625,0.0
1924,26.3442817,127.8582418,26.3442817,127.8582418,0.0
1925,-9.7801212,-66.6300481,-9.7801212,-66.6300481,0.0
1926,29.187098,-13.422839506173,29.187098,-13.422839506173,0.0
1927,-0.2832355,36.1266066,-0.2832355,36.1266066,0.0
1928,-26.292673375,-48.8143842,-26.292673375,-48.8143842,0.0
1929,26.6155572,128.0168879,26.6155572,128.0168879,0.0
1930,26.2104703,127.6750307,26.2104703,127.6750307,0.0
1931,-3.0535643966667,-59.950932693333,-3.0535643966667,-59.950932693333,0.0
1932,-9.820647699999,-66.872840599998,-9.820647699999,-66.872840599998,0.0
1933,14.882658214158,-24.35596210297,14.882658214158,-24.35596210297,0.0
1934,-26.294192758333,-48.884188783333,-26.294192758333,-48.884188783333,0.0
1935,-22.678998721557,114.34124550675,-22.678998721557,114.34124550675,0.0
1936,15.1498291,21.710965068788,15.1498291,21.710965068788,0.0
1937,26.4103126,127.81947429997,26.4103126,127.81947429997,0.0
1938,38.08449109831,-46.029222004383,38.08449109831,-46.029222004383,0.0
1939,-26.227773682568,-48.505820766312,-26.227773682568,-48.505820766312,0.0
1940,-0.53889224746974,166.94962695084,-0.53889224746974,166.94962695084,0.0
1941,-35.3803189,-62.2465263,-35.3803189,-62.2465263,0.0
1942,26.3362809,127.7900717,26.3362809,127.7900717,0.0
1943,-26.21527726492,-48.528169602766,-26.21527726492,-48.528169602766,0.0
1944,22.0576021176,-159.38819631066,22.0576021176,-159.38819631066,0.0
1945,0.0,-103.1532103,0.0,-103.1532103,0.0
1946,-34.928637120436,-59.994458535062,-34.928637120436,-59.994458535062,0.0
1947,-8.5956531883333,115.07283399667,-8.5956531883333,115.07283399667,0.0
1948,-7.1558159604167,112.78250388083,-7.1558159604167,112.78250388083,0.0
1949,26.32519324483,127.79301441487,26.32519324483,127.79301441487,0.0
1950,-25.395733333333,-49.285722222222,-25.395733333333,-49.285722222222,0.0
1951,15.165512994924,120.54231083188,15.165512994924,120.54231083188,0.0
1952,-9.7592353,-66.7402699,-9.7592353,-66.7402699,0.0
1953,-25.400380555556,-49.301302777778,-25.400380555556,-49.301302777778,0.0
1954,1.4959285604108,124.84476179898,1.4959285604108,124.84476179898,0.0
1955,-26.22355134483,-48.520155641861,-26.22355134483,-48.520155641861,0.0
1956,-9.7677699719078,-66.788262008386,-9.7677699719078,-66.788262008386,0.0
1957,26.288350402328,127.78647498492,26.288350402328,127.78647498492,0.0
1958,-8.5664390916667,115.15426392708,-8.5664390916667,115.15426392708,0.0
1959,26.8151306,87.2703453,26.8151306,87.2703453,0.0
1960,-9.8024672,-66.8502922,-9.8024672,-66.8502922,0.0
1961,26.2140944,127.6818047,26.2140944,127.6818047,0.0
1962,-19.2407094,146.8063408,-19.2407094,146.8063408,0.0
1963,16.788765700001,7.98401,16.788765700001,7.98401,0.0
1964,-8.7952010018727,115.14293615418,-8.7952010018727,115.14293615418,0.0
1965,-9.7787224,-66.6293403,-9.7787224,-66.6293403,0.0
1966,-35.3988832,-62.4347771,-35.3988832,-62.4347771,0.0
1967,3.852976,10.085215,3.852976,10.085215,0.0
1968,22.139708333333,-159.30170722222,22.139708333333,-159.30170722222,0.0
1969,-9.4259276077014,147.42521812637,-9.4259276077014,147.42521812637,0.0
1970,-19.2434734,146.8086391,-19.2434734,146.8086391,0.0
1971,-9.7831081,-66.8263132,-9.7831081,-66.8263132,0.0
1972,24.968254458333,56.273122333333,24.968254458333,56.273122333333,0.0
1973,26.2563793,127.7646748,26.2563793,127.7646748,0.0
1974,-25.450980555556,-49.296069444444,-25.450980555556,-49.296069444444,0.0
1975,12.388750948011,21.56463635154,12.388750948011,21.56463635154,0.0
1976,-8.1572032466667,115.03367006667,-8.1572032466667,115.03367006667,0.0
1977,-33.402907233694,-70.658176057,-33.402907233694,-70.658176057,0.0
1978,-9.7463892,-66.63890665,-9.7463892,-66.63890665,0.0
1979,-0.2970299,36.1255259,-0.2970299,36.1255259,0.0
1980,-8.51279769375,115.16673784479,-8.51279769375,115.16673784479,0.0
1981,-8.6370577127303,115.13233021273,-8.6370577127303,115.13233021273,0.0
1982,16.7914612,7.9858408,16.7914612,7.9858408,0.0
1983,-12.8413744,45.124962,-12.8413744,45.124962,0.0
1984,-25.432258333333,-49.300927777778,-25.432258333333,-49.300927777778,0.0
1985,-8.5976803249581,115.10725279816,-8.5976803249581,115.10725279816,0.0
1986,-8.2353666416667,114.9509597,-8.2353666416667,114.9509597,0.0
1987,-0.2869684,36.1252552,-0.2869684,36.1252552,0.0
1988,-26.270238001667,-48.813868548333,-26.270238001667,-48.813868548333,0.0
1989,-3.9349592255896,144.02060695487,-3.9349592255896,144.02060695487,0.0
1990,-8.3708282531333,115.16461301307,-8.3708282531333,115.16461301307,0.0
1991,16.680107,7.9571892,16.680107,7.9571892,0.0
1992,26.215533,127.6877832,26.215533,127.6877832,0.0
1993,43.4878733,-114.2745131,43.4878733,-114.2745131,0.0
1994,-25.219920126803,45.817582892981,-25.219920126803,45.817582892981,0.0
1995,-14.937702777778,13.482955555556,-14.937702777778,13.482955555556,0.0
1996,-0.2786003,36.1141242,-0.2786003,36.1141242,0.0
1997,-8.821389998325,115.14501253266,-8.821389998325,115.14501253266,0.0
1998,-9.444497,160.04689,-9.444497,160.04689,0.0
1999,-5.360577,104.96659,-5.360577,104.96659,0.0
2000,-25.534502777778,-49.299158333333,-25.534502777778,-49.299158333333,0.0
2001,26.218804244715,127.67535431601,26.218804244715,127.67535431601,0.0
2002,26.7041231,128.1287742,26.7041231,128.1287742,0.0
2003,-8.8051273566667,115.117201285,-8.8051273566667,115.117201285,0.0
2004,-8.5357859183333,115.147283425,-8.5357859183333,115.147283425,0.0
2005,-25.505994444444,-49.303469444444,-25.505994444444,-49.303469444444,0.0
2006,7.3424597,134.4760014,7.3424597,134.4760014,0.0
2007,-8.1440950255255,115.05046643093,-8.1440950255255,115.05046643093,0.0
2008,15.261958333333,5.2111383333333,15.261958333333,5.2111383333333,0.0
2009,-5.7579970359802,-35.200664520264,-5.7579970359802,-35.200664520264,0.0
2010,-28.007329736739,18.832708053045,-28.007329736739,18.832708053045,0.0
2011,32.058437542719,118.76632377072,32.058437542719,118.76632377072,0.0
2012,-8.5708731458333,115.11194501667,-8.5708731458333,115.11194501667,0.0
2013,7.6391926,99.0319865,7.6391926,99.0319865,0.0
2014,-23.7092541,-67.817705,-23.7092541,-67.817705,0.0
2015,3.933994,10.053848,3.933994,10.053848,0.0
2016,-53.030267122727,-70.834086752182,-53.030267122727,-70.834086752182,0.0
2017,-0.2871368,36.104592,-0.2871368,36.104592,0.0
2018,-52.802988989757,-71.153076415057,-52.802988989757,-71.153076415057,0.0
2019,-16.2833155,-39.0248897,-16.2833155,-39.0248897,0.0
2020,37.801712174398,-25.766389094952,37.801712174398,-25.766389094952,0.0
2021,-13.4467028,-172.3798923,-13.4467028,-172.3798923,0.0
2022,-45.0768863,-72.0908437,-45.0768863,-72.0908437,0.0
2023,-0.2906563,36.0933225,-0.2906563,36.0933225,0.0
2024,-54.267900637402,-36.501806094345,-54.267900637402,-36.501806094345,0.0
2025,-36.828688539357,139.85100925524,-36.828688539357,139.85100925524,0.0
2026,-17.509227777778,-149.43158888889,-17.509227777778,-149.43158888889,0.0
2027,-45.49522,-72.6636628,-45.49522,-72.6636628,0.0
2028,-52.542455400739,-70.552268449552,-52.542455400739,-70.552268449552,0.0
2029,43.00674949348,-114.39530623602,43.00674949348,-114.39530623602,0.0
2030,3.849534,10.086518,3.849534,10.086518,0.0
2031,-4.4350729,-56.2869506,-4.4350729,-56.2869506,0.0
2032,-35.3995554,-62.4231316,-35.3995554,-62.4231316,0.0
2033,26.5423442,78.75764,26.5423442,78.75764,0.0
2034,-52.133832635743,-70.028258280221,-52.133832635743,-70.028258280221,0.0
2035,-5.202375,-80.627382,-5.202375,-80.627382,0.0
2036,24.038386,90.2405498,24.038386,90.2405498,0.0
2037,-25.3860375,30.1327652,-25.3860375,30.1327652,0.0
2038,6.8882861,158.2961692,6.8882861,158.2961692,0.0
2039,-52.593712916545,-70.495341996364,-52.593712916545,-70.495341996364,0.0
2040,-43.827724,173.04444,-43.827724,173.04444,0.0
2041,-45.571988,-72.0597232,-45.571988,-72.0597232,0.0
2042,-52.596101937321,-70.51818445625,-52.596101937321,-70.51818445625,0.0
2043,-0.2767229,36.117331,-0.2767229,36.117331,0.0
2044,0.0,0.0,0.0,0.0,0.0
2045,-52.9226909798,-70.89147080408,-52.9226909798,-70.89147080408,0.0
2046,-45.4978217,-72.1463824,-45.4978217,-72.1463824,0.0
2047,25.014427,46.5192725,25.014427,46.5192725,0.0
2048,-52.242243133663,-70.279633137562,-52.242243133663,-70.279633137562,0.0
2049,14.6790262,-17.4622654,14.6790262,-17.4622654,0.0
2050,-25.4601544,31.5354386,-25.4601544,31.5354386,0.0
2051,-0.2957129,36.0915909,-0.2957129,36.0915909,0.0
2052,-45.2153976,-71.8508078,-45.2153976,-71.8508078,0.0
2053,33.6840497331,-117.62593733213,33.6840497331,-117.62593733213,0.0
2054,6.8504161,158.319049,6.8504161,158.319049,0.0
2055,-52.76925247549,-71.31773240287,-52.76925247549,-71.31773240287,0.0
2056,43.938773456416,-59.878209842326,43.938773456416,-59.878209842326,0.0
2057,13.35065796,62.340742199999,13.35065796,62.340742199999,0.0
2058,-16.3387692,-39.0162093,-16.3387692,-39.0162093,0.0
2059,14.556685294372,62.119627237403,14.556685294372,62.119627237403,0.0
2060,15.133629784958,104.30443096065,15.133629784958,104.30443096065,0.0
2061,-11.330184505159,25.228564075694,-11.330184505159,25.228564075694,0.0
2062,33.675266388889,-117.62824305556,33.675266388889,-117.62824305556,0.0
2063,-51.741960718277,-72.484245568188,-51.741960718277,-72.484245568188,0.0
2064,-0.2815012,36.1086591,-0.2815012,36.1086591,0.0
2065,-46.2367256,-71.9533054,-46.2367256,-71.9533054,0.0
2066,-0.5438828,166.9179968,-0.5438828,166.9179968,0.0
2067,-26.6370865,-60.868478700002,-26.6370865,-60.868478700002,0.0
2068,15.879722291552,-1.2317951320236,15.879722291552,-1.2317951320236,0.0
2069,33.672119352363,-117.6504635173,33.672119352363,-117.6504635173,0.0
2070,7.495314,99.0750435,7.495314,99.0750435,0.0
2071,43.151276200787,-114.34272539526,43.151276200787,-114.34272539526,0.0
2072,7.5818179841838,99.066085270069,7.5818179841838,99.066085270069,0.0
2073,12.983766035178,21.834339592603,12.983766035178,21.834339592603,0.0
2074,33.682668055556,-117.62913305556,33.682668055556,-117.62913305556,0.0
2075,-52.598954412143,-70.1866993725,-52.598954412143,-70.1866993725,0.0
2076,33.68121239468,-117.62580264931,33.68121239468,-117.62580264931,0.0
2077,32.627539833306,-8.1862864999722,32.627539833306,-8.1862864999722,0.0
2078,-51.740044943091,-72.486334831013,-51.740044943091,-72.486334831013,0.0
2079,-52.846481575326,-70.966428002453,-52.846481575326,-70.966428002453,0.0
2080,10.3275135,39.934229700002,10.3275135,39.934229700002,0.0
2081,-43.787157,173.069834,-43.787157,173.069834,0.0
2082,-52.597379200849,-70.638878613428,-52.597379200849,-70.638878613428,0.0
2083,33.690388055556,-117.620725,33.690388055556,-117.620725,0.0
2084,-0.2929032,36.120131,-0.2929032,36.120131,0.0
2085,-2.253361,40.106968,-2.253361,40.106968,0.0
2086,13.3630046,62.343037202846,13.3630046,62.343037202846,0.0
2087,-52.611021276948,-70.202202302255,-52.611021276948,-70.202202302255,0.0
2088,7.5470564,99.0461496,7.5470564,99.0461496,0.0
2089,-52.938516482407,-70.858756173148,-52.938516482407,-70.858756173148,0.0
2090,-25.323883127417,31.879492644217,-25.323883127417,31.879492644217,0.0
2091,-52.603211332727,-70.590237266061,-52.603211332727,-70.590237266061,0.0
2092,27.945975,179.8463067,27.945975,179.8463067,0.0
2093,-52.592242480976,-70.448551840518,-52.592242480976,-70.448551840518,0.0
2094,-52.951870831636,-70.840111745818,-52.951870831636,-70.840111745818,0.0
2095,12.983382772652,21.834012027838,12.983382772652,21.834012027838,0.0
2096,7.9404567,99.2913965,7.9404567,99.2913965,0.0
2097,-0.4538913,-90.2801349,-0.4538913,-90.2801349,0.0
2098,-45.3903985,-71.5387171,-45.3903985,-71.5387171,0.0
2099,-52.599480528817,-70.19167114427,-52.599480528817,-70.19167114427,0.0
2100,-51.737118612917,-72.476776314636,-51.737118612917,-72.476776314636,0.0
2101,-23.5854008,-65.4027663,-23.5854008,-65.4027663,0.0
2102,0.0,0.0,0.0,0.0,0.0
2103,-52.596608420126,-70.726781013836,-52.596608420126,-70.726781013836,0.0
2104,-2.635515,-56.7516735,-2.635515,-56.7516735,0.0
2105,-0.53753740850575,166.94476204552,-0.53753740850575,166.94476204552,0.0
2106,-52.592026502798,-70.439534260881,-52.592026502798,-70.439534260881,0.0
2107,14.87568072259,-24.392669741577,14.87568072259,-24.392669741577,0.0
2108,15.1898134,5.6877627,15.1898134,5.6877627,0.0
2109,-45.5255597,-72.0796604,-45.5255597,-72.0796604,0.0
2110,26.3396519,127.9610031,26.3396519,127.9610031,0.0
2111,13.35218628,62.3451465,13.35218628,62.3451465,0.0
2112,9.0258402063366,38.826750587327,9.0258402063366,38.826750587327,0.0
2113,12.629861111111,21.804919531571,12.629861111111,21.804919531571,0.0
2114,-25.4986434,31.5118381,-25.4986434,31.5118381,0.0
2115,-45.9315108,-71.8412383,-45.9315108,-71.8412383,0.0
2116,26.279242199972,127.74497669997,26.279242199972,127.74497669997,0.0
2117,12.019052356481,21.686783395706,12.019052356481,21.686783395706,0.0
2118,31.970738600002,-8.210461699999,31.970738600002,-8.210461699999,0.0
2119,-16.285691199972,-39.0262887,-16.285691199972,-39.0262887,0.0
2120,-45.8633164,-72.0640596,-45.8633164,-72.0640596,0.0
2121,26.2123971,127.6754825,26.2123971,127.6754825,0.0
2122,26.440992749302,127.77111262505,26.440992749302,127.77111262505,0.0
2123,-53.04299178125,-70.846545463125,-53.04299178125,-70.846545463125,0.0
2124,9.0544670809237,38.737924933534,9.0544670809237,38.737924933534,0.0
2125,-45.5813487,-72.0304563,-45.5813487,-72.0304563,0.0
2126,-22.818478599998,43.5977844,-22.818478599998,43.5977844,0.0
2127,-53.166195957273,-70.907669255,-53.166195957273,-70.907669255,0.0
2128,26.460280499972,127.8700924,26.460280499972,127.8700924,0.0
2129,-19.325760657371,146.70762780478,-19.325760657371,146.70762780478,0.0
2130,-45.867510913145,170.54269499555,-45.867510913145,170.54269499555,0.0
2131,-52.666833488929,-70.822031407857,-52.666833488929,-70.822031407857,0.0
2132,26.7456774,128.1801308,26.7456774,128.1801308,0.0
2133,-52.416780058968,-70.575116748004,-52.416780058968,-70.575116748004,0.0
2134,-17.765111111111,-149.40322222222,-17.765111111111,-149.40322222222,0.0
2135,-43.81837,172.991678,-43.81837,172.991678,0.0
2136,33.677395,-117.628815,33.677395,-117.628815,0.0
2137,26.547046,78.6970475,26.547046,78.6970475,0.0
2138,10.6224753,37.0448035,10.6224753,37.0448035,0.0
2139,26.3454518,127.8842478,26.3454518,127.8842478,0.0
2140,-22.724708700002,43.635637100002,-22.724708700002,43.635637100002,0.0
2141,-17.9103254,178.56551569997,-17.9103254,178.56551569997,0.0
2142,26.212904918006,127.65622213281,26.212904918006,127.65622213281,0.0
2143,-5.367024,104.969186,-5.367024,104.969186,0.0
2144,6.5139199000018,81.6923032,6.5139199000018,81.6923032,0.0
2145,14.8680945,-24.706412299999,14.8680945,-24.706412299999,0.0
2146,-2.6621579,-56.7888571,-2.6621579,-56.7888571,0.0
2147,-44.7017681,169.1334391,-44.7017681,169.1334391,0.0
2148,9.3227007,36.5110405,9.3227007,36.5110405,0.0
2149,26.223358222045,127.71418293826,26.223358222045,127.71418293826,0.0
2150,-35.206660250914,150.03553747325,-35.206660250914,150.03553747325,0.0
2151,-16.440261708163,38.621197258163,-16.440261708163,38.621197258163,0.0
2152,-5.182931,-80.6242,-5.182931,-80.6242,0.0
2153,5.0028638821,115.052782204,5.0028638821,115.052782204,0.0
2154,10.2945418,50.2150787,10.2945418,50.2150787,0.0
2155,-16.531881433665,38.920789994323,-16.531881433665,38.920789994323,0.0
2156,26.232915555145,127.70311542231,26.232915555145,127.70311542231,0.0
2157,9.0632042645355,38.748428876823,9.0632042645355,38.748428876823,0.0
2158,26.2141201,127.6745611,26.2141201,127.6745611,0.0
2159,-3.9708299518607,122.5906712068,-3.9708299518607,122.5906712068,0.0
2160,14.669653699972,-17.3985616,14.669653699972,-17.3985616,0.0
2161,12.6163538,37.456887899972,12.6163538,37.456887899972,0.0
2162,10.779762199997,37.6867528,10.779762199997,37.6867528,0.0
2163,-5.5573742,150.2979314,-5.5573742,150.2979314,0.0
2164,33.112626277778,139.769415,33.112626277778,139.769415,0.0
2165,13.145446200002,37.985927400003,13.145446200002,37.985927400003,0.0
2166,-0.73133055555556,-90.321041666667,-0.73133055555556,-90.321041666667,0.0
2167,4.794375,10.822687,4.794375,10.822687,0.0
2168,-3.2330664,151.9766689,-3.2330664,151.9766689,0.0
2169,10.671991,37.0560949,10.671991,37.0560949,0.0
2170,-5.182333,-80.623762,-5.182333,-80.623762,0.0
2171,-5.210786,-80.62373,-5.210786,-80.62373,0.0
2172,-25.023203557356,31.904466021806,-25.023203557356,31.904466021806,0.0
2173,-13.6359454,-172.194997,-13.6359454,-172.194997,0.0
2174,-16.340998564564,-39.006330624625,-16.340998564564,-39.006330624625,0.0
2175,26.2192259,127.6884061,26.2192259,127.6884061,0.0
2176,26.251541272676,127.74117280285,26.251541272676,127.74117280285,0.0
2177,14.66732884,-17.44050066,14.66732884,-17.44050066,0.0
2178,-37.3129743,-59.0940602,-37.3129743,-59.0940602,0.0
2179,27.945975,179.8463067,27.945975,179.8463067,0.0
2180,13.369125302273,39.598879198203,13.369125302273,39.598879198203,0.0
2181,26.210722246244,127.68883323272,26.210722246244,127.68883323272,0.0
2182,26.463176099972,127.9308299,26.463176099972,127.9308299,0.0
2183,12.09433060605,21.35891025641,12.09433060605,21.35891025641,0.0
2184,-26.693972699999,-65.8028114,-26.693972699999,-65.8028114,0.0
2185,26.389013829392,127.74091544681,26.389013829392,127.74091544681,0.0
2186,26.24136056628,127.74024973084,26.24136056628,127.74024973084,0.0
2187,26.726333499972,127.81234399997,26.726333499972,127.81234399997,0.0
2188,-0.50553932103448,166.94932479362,-0.50553932103448,166.94932479362,0.0
2189,-37.3287817,-59.0870922,-37.3287817,-59.0870922,0.0
2190,-19.319707255167,146.83481135283,-19.319707255167,146.83481135283,0.0
2191,9.1784099,36.5072779,9.1784099,36.5072779,0.0
2192,37.823686041895,-25.751855916209,37.823686041895,-25.751855916209,0.0
2193,-23.4245552,-67.9984326,-23.4245552,-67.9984326,0.0
2194,-3.2359831,151.9522522,-3.2359831,151.9522522,0.0
2195,26.238153120905,127.72757941787,26.238153120905,127.72757941787,0.0
2196,-13.4475932,-172.3929694,-13.4475932,-172.3929694,0.0
2197,43.4967458,-114.2790283,43.4967458,-114.2790283,0.0
2198,37.4989176,-46.307796213333,37.4989176,-46.307796213333,0.0
2199,43.4979914,-114.2860467,43.4979914,-114.2860467,0.0
2200,-33.4512256,22.2571119,-33.4512256,22.2571119,0.0
2201,-35.3747444,-62.2461496,-35.3747444,-62.2461496,0.0
2202,32.1592299,117.4612045,32.1592299,117.4612045,0.0
2203,15.051364914414,-3.1573752177932,15.051364914414,-3.1573752177932,0.0
2204,-34.644315707965,172.97017565664,-34.644315707965,172.97017565664,0.0
2205,-19.430646631712,135.39367005978,-19.430646631712,135.39367005978,0.0
2206,32.039881413587,118.74835974201,32.039881413587,118.74835974201,0.0
2207,-5.7253823280334,-35.203563690186,-5.7253823280334,-35.203563690186,0.0
2208,13.370419597727,60.445133966558,13.370419597727,60.445133966558,0.0
2209,26.3149553,127.8084875,26.3149553,127.8084875,0.0
2210,-35.4170517,-62.4320268,-35.4170517,-62.4320268,0.0
2211,14.6770264,-17.457062599998,14.6770264,-17.457062599998,0.0
2212,-16.46114471379,38.651959002877,-16.46114471379,38.651959002877,0.0
2213,26.505281933385,-78.654590731534,26.505281933385,-78.654590731534,0.0
2214,26.21744546114,127.68235617856,26.21744546114,127.68235617856,0.0
2215,-26.553943799998,-65.958901799997,-26.553943799998,-65.958901799997,0.0
2216,32.4609,139.76305,32.4609,139.76305,0.0
2217,26.2048534,127.6629254,26.2048534,127.6629254,0.0
2218,-4.9250045642153,-14.724589888937,-4.9250045642153,-14.724589888937,0.0
2219,-33.3948189,22.0479732,-33.3948189,22.0479732,0.0
2220,26.217785338646,127.6822480077,26.217785338646,127.6822480077,0.0
2221,26.23121070564,127.7407747803,26.23121070564,127.7407747803,0.0
2222,-0.6350023,-90.395503399972,-0.6350023,-90.395503399972,0.0
2223,15.2720428,5.5915393,15.2720428,5.5915393,0.0
2224,13.35536784,20.77188802,13.35536784,20.77188802,0.0
2225,27.097182377518,142.19487218418,27.097182377518,142.19487218418,0.0
2226,0.0,-180.0,0.0,-180.0,0.0
2227,15.1650438,13.887645399999,15.1650438,13.887645399999,0.0
2228,43.939560752599,-59.877240795773,43.939560752599,-59.877240795773,0.0
2229,15.133491366667,104.30453826667,15.133491366667,104.30453826667,0.0
2230,24.3099384,72.9496985,24.3099384,72.9496985,0.0
2231,26.7877441,87.3115424,26.7877441,87.3115424,0.0
2232,12.464254293591,21.636098697784,12.464254293591,21.636098697784,0.0
2233,-23.247643400002,43.627672,-23.247643400002,43.627672,0.0
2234,-44.3075821768,171.0092717141,-44.3075821768,171.0092717141,0.0
2235,16.8058828,7.9858749000022,16.8058828,7.9858749000022,0.0
2236,16.101851500153,168.1416141,16.101851500153,168.1416141,0.0
2237,9.6125857000011,138.1729952,9.6125857000011,138.1729952,0.0
2238,-23.35059232,43.66910833,-23.35059232,43.66910833,0.0
2239,15.103440719115,24.098181206814,15.103440719115,24.098181206814,0.0
2240,-5.19862,-80.62807,-5.19862,-80.62807,0.0
2241,-14.922830699997,13.479362200002,-14.922830699997,13.479362200002,0.0
2242,-33.5988677,22.1686912,-33.5988677,22.1686912,0.0
2243,-26.114663,-65.9707792,-26.114663,-65.9707792,0.0
2244,-23.4606767,-68.1055,-23.4606767,-68.1055,0.0
2245,-63.901260361111,-57.608837111111,-63.901260361111,-57.608837111111,0.0
2246,24.0115814,90.3164616,24.0115814,90.3164616,0.0
2247,-26.8330255,-65.204404100001,-26.8330255,-65.204404100001,0.0
2248,25.5154775,45.971057,25.5154775,45.971057,0.0
2249,-33.6315607,21.9534872,-33.6315607,21.9534872,0.0
2250,-29.043033642321,167.97008976143,-29.043033642321,167.97008976143,0.0
2251,26.5217259,78.6792476,26.5217259,78.6792476,0.0
2252,-5.187891,-80.614252,-5.187891,-80.614252,0.0
2253,-33.617594,21.917252,-33.617594,21.917252,0.0
2254,-26.9405804,-65.710873699999,-26.9405804,-65.710873699999,0.0
2255,43.938252927735,-59.877236150531,43.938252927735,-59.877236150531,0.0
2256,9.0202034749355,38.800576318992,9.0202034749355,38.800576318992,0.0
2257,27.686482183544,86.732192506908,27.686482183544,86.732192506908,0.0
2258,-27.142808,-109.412132,-27.142808,-109.412132,0.0
2259,26.72486132721,128.21272970462,26.72486132721,128.21272970462,0.0
2260,-14.932977777778,13.564625,-14.932977777778,13.564625,0.0
2261,-44.31128707719,170.89602139772,-44.31128707719,170.89602139772,0.0
2262,-2.950286,40.099983,-2.950286,40.099983,0.0
2263,0.0,0.0,0.0,0.0,0.0
2264,26.665082763587,127.90714400498,26.665082763587,127.90714400498,0.0
2265,4.9666152,-1.7298081,4.9666152,-1.7298081,0.0
2266,0.21521999997222,109.1306564,0.21521999997222,109.1306564,0.0
2267,-25.5531490501,31.618982506911,-25.5531490501,31.618982506911,0.0
2268,-15.077752128063,39.202379498518,-15.077752128063,39.202379498518,0.0
2269,-33.4050873,21.984346,-33.4050873,21.984346,0.0
2270,-33.362554,22.074663,-33.362554,22.074663,0.0
2271,-35.75999687616,-32.636248815924,-35.75999687616,-32.636248815924,0.0
2272,43.4947936,-114.2827539,43.4947936,-114.2827539,0.0
2273,-36.261938583551,-59.347392331896,-36.261938583551,-59.347392331896,0.0
2274,38.9531209,-31.4218609155,38.9531209,-31.4218609155,0.0
2275,-12.418589540625,130.83233970937,-12.418589540625,130.83233970937,0.0
2276,-3.2501097,152.0226436,-3.2501097,152.0226436,0.0
2277,0.0,-180.0,0.0,-180.0,0.0
2278,-32.913081967083,18.665427204586,-32.913081967083,18.665427204586,0.0
2279,-14.894738704911,13.467218829331,-14.894738704911,13.467218829331,0.0
2280,-5.186706,-80.610899,-5.186706,-80.610899,0.0
2281,12.010455457494,21.721455555556,12.010455457494,21.721455555556,0.0
2282,22.659830012976,131.30584166938,22.659830012976,131.30584166938,0.0
2283,33.106311695056,139.78573070604,33.106311695056,139.78573070604,0.0
2284,-33.6156898,21.9475577,-33.6156898,21.9475577,0.0
2285,-9.4145455654349,147.4436789542,-9.4145455654349,147.4436789542,0.0
2286,0.630077,124.532888,0.630077,124.532888,0.0
2287,43.464010502252,-114.26083585258,43.464010502252,-114.26083585258,0.0
2288,-26.248058276412,-35.916202322883,-26.248058276412,-35.916202322883,0.0
2289,-44.299136574587,171.01505855167,-44.299136574587,171.01505855167,0.0
2290,16.240813383333,-52.95677517,16.240813383333,-52.95677517,0.0
2291,26.5592485,78.7227017,26.5592485,78.7227017,0.0
2292,-5.187837,-80.612993,-5.187837,-80.612993,0.0
2293,32.033455950609,118.77888534757,32.033455950609,118.77888534757,0.0
2294,0.0,-103.1916011,0.0,-103.1916011,0.0
2295,23.9148118,90.2590329,23.9148118,90.2590329,0.0
2296,-3.4804231,152.2484458,-3.4804231,152.2484458,0.0
2297,9.0254646085886,38.825794992673,9.0254646085886,38.825794992673,0.0
2298,-17.525469166667,-149.53842222222,-17.525469166667,-149.53842222222,0.0
2299,-33.4520228,22.2577678,-33.4520228,22.2577678,0.0
2300,32.886039833306,-8.2188273333056,32.886039833306,-8.2188273333056,0.0
2301,-6.2958736,176.3171006,-6.2958736,176.3171006,0.0
2302,-34.1513076,21.983832799972,-34.1513076,21.983832799972,0.0
2303,-25.1056399,30.4510094,-25.1056399,30.4510094,0.0
2304,14.556678764912,39.826600825263,14.556678764912,39.826600825263,0.0
2305,43.501020277778,-114.28414722222,43.501020277778,-114.28414722222,0.0
2306,0.820702,108.86538249997,0.820702,108.86538249997,0.0
2307,15.048996557783,-23.580621945203,15.048996557783,-23.580621945203,0.0
2308,-37.3303197,-59.0812522,-37.3303197,-59.0812522,0.0
2309,-35.3435634,-62.4364423,-35.3435634,-62.4364423,0.0
2310,40.273605377934,-11.796267212939,40.273605377934,-11.796267212939,0.0
2311,-26.8369232,-65.203051799989,-26.8369232,-65.203051799989,0.0
2312,5.83214,10.157411,5.83214,10.157411,0.0
2313,-34.1057643,21.9047805,-34.1057643,21.9047805,0.0
2314,-7.1607602726399,-21.428590022425,-7.1607602726399,-21.428590022425,0.0
2315,-4.2509255,-56.007023,-4.2509255,-56.007023,0.0
2316,9.0356497239516,38.749985507849,9.0356497239516,38.749985507849,0.0
2317,-12.401056,130.852295,-12.401056,130.852295,0.0
2318,-5.2082,-80.621253,-5.2082,-80.621253,0.0
2319,4.4377851794846,72.962156243905,4.4377851794846,72.962156243905,0.0
2320,11.9806828,38.9866243,11.9806828,38.9866243,0.0
2321,10.7679845,37.719270299999,10.7679845,37.719270299999,0.0
2322,40.163283853441,-75.052349316859,40.163283853441,-75.052349316859,0.0
2323,-20.3571857,15.6958222,-20.3571857,15.6958222,0.0
2324,-20.949703,14.945485,-20.949703,14.945485,0.0
2325,0.098607121838035,109.90291073685,0.098607121838035,109.90291073685,0.0
2326,-3.3992017,152.15612,-3.3992017,152.15612,0.0
2327,-12.4297339,-41.7876579,-12.4297339,-41.7876579,0.0
2328,40.152975281686,-75.028808651575,40.152975281686,-75.028808651575,0.0
2329,40.144857956762,-74.954838823552,40.144857956762,-74.954838823552,0.0
2330,9.0114497155512,38.735411564075,9.0114497155512,38.735411564075,0.0
2331,-35.6795139,-62.3486374,-35.6795139,-62.3486374,0.0
2332,-12.440822,-41.544116,-12.440822,-41.544116,0.0
2333,9.5839296,138.155697,9.5839296,138.155697,0.0
2334,-3.2330375,151.9811128,-3.2330375,151.9811128,0.0
2335,9.0188384129168,38.752290998155,9.0188384129168,38.752290998155,0.0
2336,-4.6961261,145.6126706,-4.6961261,145.6126706,0.0
2337,14.678884106827,-17.436893599573,14.678884106827,-17.436893599573,0.0
2338,9.7457689774881,36.648029298874,9.7457689774881,36.648029298874,0.0
2339,-23.048873100001,43.577178200002,-23.048873100001,43.577178200002,0.0
2340,-12.4720258,-41.3886134,-12.4720258,-41.3886134,0.0
2341,23.928195708167,90.265177041031,23.928195708167,90.265177041031,0.0
2342,-19.321059643357,146.7455843951,-19.321059643357,146.7455843951,0.0
2343,40.162819163816,-75.0646184543,40.162819163816,-75.0646184543,0.0
2344,15.125810955535,104.30465057229,15.125810955535,104.30465057229,0.0
2345,23.916926520748,90.260130033386,23.916926520748,90.260130033386,0.0
2346,-54.421707176581,3.390627498388,-54.421707176581,3.390627498388,0.0
2347,-25.189546880807,46.010310453196,-25.189546880807,46.010310453196,0.0
2348,-3814396932019565.0,-25.6861805823,-3814396932019565.0,-25.6861805823,0.0
2349,13.369047029545,38.338198564264,13.369047029545,38.338198564264,0.0
2350,15.010901067964,-3.0012723718563,15.010901067964,-3.0012723718563,0.0
2351,15.129662176612,104.30412565155,15.129662176612,104.30412565155,0.0
2352,16.96726,-25.279087,16.96726,-25.279087,0.0
2353,23.9384707,90.2697873,23.9384707,90.2697873,0.0
2354,9.0263412349895,38.762103260922,9.0263412349895,38.762103260922,0.0
2355,23.6566781,-15.9978093,23.6566781,-15.9978093,0.0
2356,24.3147317,72.950409,24.3147317,72.950409,0.0
2357,-12.527744099972,-41.363638199972,-12.527744099972,-41.363638199972,0.0
2358,-33.420406,21.9519502,-33.420406,21.9519502,0.0
2359,9.5289458710657,37.111505502061,9.5289458710657,37.111505502061,0.0
2360,-25.22417668235,45.926293415258,-25.22417668235,45.926293415258,0.0
2361,14.6913969,-17.4739637,14.6913969,-17.4739637,0.0
2362,15.12427492,29.04594724,15.12427492,29.04594724,0.0
2363,-12.4403992,-41.5245033,-12.4403992,-41.5245033,0.0
2364,-9.2847270655058,147.22828161416,-9.2847270655058,147.22828161416,0.0
2365,15.121612426667,104.30439236667,15.121612426667,104.30439236667,0.0
2366,7.4228586510204,51.74655839102,7.4228586510204,51.74655839102,0.0
2367,-35.4027379,-62.4337697,-35.4027379,-62.4337697,0.0
2368,24.7227894,90.4309569,24.7227894,90.4309569,0.0
2369,-19.329494957248,146.72534051035,-19.329494957248,146.72534051035,0.0
2370,-25.3568671,30.160458,-25.3568671,30.160458,0.0
2371,0.0,0.0,0.0,0.0,0.0
2372,-12.4976451,-40.4075791,-12.4976451,-40.4075791,0.0
2373,24.3092232,72.9496087,24.3092232,72.9496087,0.0
2374,25.537983421224,89.024873509115,25.537983421224,89.024873509115,0.0
2375,-3.007615,151.5705578,-3.007615,151.5705578,0.0
2376,-12.40057918371,130.88481760903,-12.40057918371,130.88481760903,0.0
2377,-12.469319099972,-41.020206899972,-12.469319099972,-41.020206899972,0.0
2378,-19.343631166167,146.7284153535,-19.343631166167,146.7284153535,0.0
2379,-4.9198847463395,-14.710688331894,-4.9198847463395,-14.710688331894,0.0
2380,25.1461625,88.5603124,25.1461625,88.5603124,0.0
2381,-8.7682433,-40.1940417,-8.7682433,-40.1940417,0.0
2382,-18.97895625,72.5260620835,-18.97895625,72.5260620835,0.0
2383,-25.433256402611,31.953621357678,-25.433256402611,31.953621357678,0.0
2384,24.3147639,72.8625132,24.3147639,72.8625132,0.0
2385,39.4365902245,-31.25793227925,39.4365902245,-31.25793227925,0.0
2386,9.0397646995806,38.863914799581,9.0397646995806,38.863914799581,0.0
2387,-23.987674150588,-65.454576195866,-23.987674150588,-65.454576195866,0.0
2388,26.6888028,78.3952694,26.6888028,78.3952694,0.0
2389,-25.231499525936,45.801193812545,-25.231499525936,45.801193812545,0.0
2390,-22.834416199998,43.5875604,-22.834416199998,43.5875604,0.0
2391,-23.1956336,43.619770200002,-23.1956336,43.619770200002,0.0
2392,27.0383605,142.1752881,27.0383605,142.1752881,0.0
2393,-13.6942942,-172.1995207,-13.6942942,-172.1995207,0.0
2394,8.5156631000027,39.278204899998,8.5156631000027,39.278204899998,0.0
2395,25.7236212,88.3991862,25.7236212,88.3991862,0.0
2396,-34.657294018605,172.96785402184,-34.657294018605,172.96785402184,0.0
2397,26.5569849,78.7192147,26.5569849,78.7192147,0.0
2398,43.936943033382,-59.876151317985,43.936943033382,-59.876151317985,0.0
2399,9.895760203131,36.728997371102,9.895760203131,36.728997371102,0.0
2400,-34.9201948,173.2677354,-34.9201948,173.2677354,0.0
2401,7.0691544,171.2902118,7.0691544,171.2902118,0.0
2402,11.552260600002,39.2193124,11.552260600002,39.2193124,0.0
2403,-13.12380361557,136.82375144958,-13.12380361557,136.82375144958,0.0
2404,-12.4714367,-41.0651287,-12.4714367,-41.0651287,0.0
2405,-0.50297730000112,166.9390952,-0.50297730000112,166.9390952,0.0
2406,27.501890886255,88.538009884795,27.501890886255,88.538009884795,0.0
2407,9.297722,36.5124797,9.297722,36.5124797,0.0
2408,-17.704231160903,168.30358772789,-17.704231160903,168.30358772789,0.0
2409,-23.76782071876,150.1676968732,-23.76782071876,150.1676968732,0.0
2410,-45.870706604467,170.52288551371,-45.870706604467,170.52288551371,0.0
2411,27.059658,142.2026886,27.059658,142.2026886,0.0
2412,-64.626667,-62.543333,-64.626667,-62.543333,0.0
2413,-17.755691971307,168.31462459713,-17.755691971307,168.31462459713,0.0
2414,-25.4399918,30.0947959,-25.4399918,30.0947959,0.0
2415,-12.5944039,-41.4982189,-12.5944039,-41.4982189,0.0
2416,-12.4996056,-41.2007097,-12.4996056,-41.2007097,0.0
2417,7.828032,52.186474,7.828032,52.186474,0.0
2418,-12.4500487,-41.4873781,-12.4500487,-41.4873781,0.0
2419,-34.613636118725,172.95696291036,-34.613636118725,172.95696291036,0.0
2420,13.023009340339,38.106231399998,13.023009340339,38.106231399998,0.0
2421,-37.473883415735,139.9949964229,-37.473883415735,139.9949964229,0.0
2422,9.9154181235087,36.778814127486,9.9154181235087,36.778814127486,0.0
2423,26.5137255,78.6953717,26.5137255,78.6953717,0.0
2424,-13.510151711708,-172.29962471244,-13.510151711708,-172.29962471244,0.0
2425,-11.9979834,-42.6277805,-11.9979834,-42.6277805,0.0
2426,-11.955321799998,-42.573848600003,-11.955321799998,-42.573848600003,0.0
2427,-2.6321323,-56.7471485,-2.6321323,-56.7471485,0.0
2428,4.4395753226943,72.962859302176,4.4395753226943,72.962859302176,0.0
2429,13.0403192,38.0355442,13.0403192,38.0355442,0.0
2430,25.1003653,89.0334918,25.1003653,89.0334918,0.0
2431,-12.493162167748,-41.166626250507,-12.493162167748,-41.166626250507,0.0
2432,-4.3734396,-56.253321,-4.3734396,-56.253321,0.0
2433,-9.4181027208333,147.42759038917,-9.4181027208333,147.42759038917,0.0
2434,3.3253976580251,24.02922072487,3.3253976580251,24.02922072487,0.0
2435,12.712178207001,21.865241406487,12.712178207001,21.865241406487,0.0
2436,4.88059181353,-1.7618758001017,4.88059181353,-1.7618758001017,0.0
2437,-12.457405899972,-41.637750699972,-12.457405899972,-41.637750699972,0.0
2438,15.102111878006,120.70215840208,15.102111878006,120.70215840208,0.0
2439,13.126206900226,38.016253899999,13.126206900226,38.016253899999,0.0
2440,-8.82246,-40.2885617,-8.82246,-40.2885617,0.0
2441,-8.87161,-40.2198317,-8.87161,-40.2198317,0.0
2442,-3.9335689557143,144.01568659714,-3.9335689557143,144.01568659714,0.0
2443,24.9899718,56.3028474,24.9899718,56.3028474,0.0
2444,38.087203203453,-39.869000237465,38.087203203453,-39.869000237465,0.0
2445,0.0,-180.0,0.0,-180.0,0.0
2446,9.5742469969022,36.633375251597,9.5742469969022,36.633375251597,0.0
2447,-0.29990178278343,73.423316460438,-0.29990178278343,73.423316460438,0.0
2448,9.1465737612613,38.149238913617,9.1465737612613,38.149238913617,0.0
2449,9.0167043571939,38.716580792538,9.0167043571939,38.716580792538,0.0
2450,-37.167230821355,139.77539525694,-37.167230821355,139.77539525694,0.0
2451,-11.737972366135,24.919363662948,-11.737972366135,24.919363662948,0.0
2452,-12.5640975,-41.5403628,-12.5640975,-41.5403628,0.0
2453,40.26489342837,-11.801411461167,40.26489342837,-11.801411461167,0.0
2454,-13.615882432874,24.976012701673,-13.615882432874,24.976012701673,0.0
2455,10.281594,50.2249472,10.281594,50.2249472,0.0
2456,15.103084782655,21.605265909558,15.103084782655,21.605265909558,0.0
2457,-13.1478652,-41.5981353,-13.1478652,-41.5981353,0.0
2458,9.8780059811387,36.672969743786,9.8780059811387,36.672969743786,0.0
2459,5.2556317811881,-1.0217915475378,5.2556317811881,-1.0217915475378,0.0
2460,0.41291249997222,108.94688039997,0.41291249997222,108.94688039997,0.0
2461,24.0377119,90.2561157,24.0377119,90.2561157,0.0
2462,-64.242777777778,-56.6225,-64.242777777778,-56.6225,0.0
2463,12.644101520998,21.826587757098,12.644101520998,21.826587757098,0.0
2464,-25.213818006261,45.83721908328,-25.213818006261,45.83721908328,0.0
2465,0.0,-103.33210709999,0.0,-103.33210709999,0.0
2466,-12.5010754,-40.4266943,-12.5010754,-40.4266943,0.0
2467,12.7802965,36.4046018,12.7802965,36.4046018,0.0
2468,-77.8462184,166.670845,-77.8462184,166.670845,0.0
2469,24.0384364,90.2553476,24.0384364,90.2553476,0.0
2470,-58.4019444,50.6038889,-19.1466667,8.4033333,5532.678096389868
2471,4.9076107,-1.7590286,4.9076107,-1.7590286,0.0
2472,0.0,0.0,0.0,0.0,0.0
2473,-12.553156,-41.5137312,-12.553156,-41.5137312,0.0
2474,-23.680768029129,150.1251304717,-23.680768029129,150.1251304717,0.0
2475,14.913321899972,100.40413619997,14.913321899972,100.40413619997,0.0
2476,-12.4524466,-40.5990215,-12.4524466,-40.5990215,0.0
2477,12.0323738,39.0417502,12.0323738,39.0417502,0.0
2478,14.9199442,101.9497577,14.9199442,101.9497577,0.0
2479,25.1510889,88.5676002,25.1510889,88.5676002,0.0
2480,-35.3947787,-62.4925917,-35.3947787,-62.4925917,0.0
2481,8.4994899000563,39.285491,8.4994899000563,39.285491,0.0
2482,7.4122661501412,57.625380835254,7.4122661501412,57.625380835254,0.0
2483,-13.000211700001,-41.363497099999,-13.000211700001,-41.363497099999,0.0
2484,-17.581094444444,-149.30983333333,-17.581094444444,-149.30983333333,0.0
2485,15.1200491025,23.461431885,15.1200491025,23.461431885,0.0
2486,25.1378867,88.5570483,25.1378867,88.5570483,0.0
2487,-4.5904021999976,145.5382634,-4.5904021999976,145.5382634,0.0
2488,14.893553713333,103.44963977333,14.893553713333,103.44963977333,0.0
2489,38.095485057033,-14.660278899665,38.095485057033,-14.660278899665,0.0
2490,-37.21693138356,150.01821896733,-37.21693138356,150.01821896733,0.0
2491,26.5462637,78.6995246,26.5462637,78.6995246,0.0
2492,14.904661545467,101.91360439743,14.904661545467,101.91360439743,0.0
2493,14.928169699998,100.0846993,14.928169699998,100.0846993,0.0
2494,43.5123755,-119.1681453,43.5123755,-119.1681453,0.0
2495,-3.41419,152.1628847,-3.41419,152.1628847,0.0
2496,9.0420329566061,38.877447354121,9.0420329566061,38.877447354121,0.0
2497,14.908884079999,101.92362654321,14.908884079999,101.92362654321,0.0
2498,37.520006643333,-44.834375556667,37.520006643333,-44.834375556667,0.0
2499,-11.305238291449,24.811396574145,-11.305238291449,24.811396574145,0.0
2500,-35.003638888889,117.86605555556,-35.003638888889,117.86605555556,0.0
2501,9.7411141015417,36.6493112,9.7411141015417,36.6493112,0.0
2502,14.889998156125,103.0661647688,14.889998156125,103.0661647688,0.0
2503,-33.301564157,-70.6612337753,-33.301564157,-70.6612337753,0.0
2504,14.883718638776,103.48228246003,14.883718638776,103.48228246003,0.0
2505,-44.7659627,169.0953799,-44.7659627,169.0953799,0.0
2506,0.0,-103.33642130001,0.0,-103.33642130001,0.0
2507,-12.4299542,-41.7892937,-12.4299542,-41.7892937,0.0
2508,32.540729,117.625942,32.540729,117.625942,0.0
2509,-9.454031636471525,-8.416955978992476,-9.454031636471525,-8.416955978992476,0.0
2510,-32.89681294408,-34.053919894322,-32.89681294408,-34.053919894322,0.0
2511,26.5166857,78.6802159,26.5166857,78.6802159,0.0
2512,5.2052323612778,-52.742179054778,5.2052323612778,-52.742179054778,0.0
2513,-44.6904763,169.1334412,-44.6904763,169.1334412,0.0
2514,15.017035586667,27.716354160001,15.017035586667,27.716354160001,0.0
2515,23.9347589,90.2680271,23.9347589,90.2680271,0.0
2516,4.9138479,-1.7591854,4.9138479,-1.7591854,0.0
2517,10.547407407407,37.025913700001,10.547407407407,37.025913700001,0.0
2518,26.5078918263,-78.7092493661,26.5078918263,-78.7092493661,0.0
2519,38.07757242655,-47.958725446917,38.07757242655,-47.958725446917,0.0
2520,-17.755789167359,168.3145826354,-17.755789167359,168.3145826354,0.0
2521,38.940045833333,-56.036519093334,38.940045833333,-56.036519093334,0.0
2522,-20.890575,13.447186666667,-20.890575,13.447186666667,0.0
2523,26.811651,87.320239,26.811651,87.320239,0.0
2524,-25.214999110336,45.85886961709,-25.214999110336,45.85886961709,0.0
2525,14.6390422,62.087312132265,14.6390422,62.087312132265,0.0
2526,24.0318229,90.2635312,24.0318229,90.2635312,0.0
2527,14.181661,39.748366712189,14.181661,39.748366712189,0.0
2528,7.6942756333333,59.182804744762,7.6942756333333,59.182804744762,0.0
2529,10.497041899998,37.024062899999,10.497041899998,37.024062899999,0.0
2530,14.6390422,37.433410393074,14.6390422,37.433410393074,0.0
2531,25.334195034921,47.865215699193,25.334195034921,47.865215699193,0.0
2532,25.1095942,88.551044,25.1095942,88.551044,0.0
2533,-43.873995,172.866825,-43.873995,172.866825,0.0
2534,-25.188655042114,46.013287356149,-25.188655042114,46.013287356149,0.0
2535,-19.329056300866,146.84339646537,-19.329056300866,146.84339646537,0.0
2536,26.5354268,78.7311885,26.5354268,78.7311885,0.0
2537,25.319129242657,87.042179661538,25.319129242657,87.042179661538,0.0
2538,12.622210300001,37.464413300002,12.622210300001,37.464413300002,0.0
2539,-45.839218083584,170.65352622492,-45.839218083584,170.65352622492,0.0
2540,-17.691844568313,168.27314511534,-17.691844568313,168.27314511534,0.0
2541,15.167177827869,120.5681025592,15.167177827869,120.5681025592,0.0
2542,-36.857316257556,139.84489751467,-36.857316257556,139.84489751467,0.0
2543,-13.4409827,-172.3554241,-13.4409827,-172.3554241,0.0
2544,6.0425572,145.216152,6.0425572,145.216152,0.0
2545,9.0546467629532,38.773161398756,9.0546467629532,38.773161398756,0.0
2546,-23.907530989874,150.19717351062,-23.907530989874,150.19717351062,0.0
2547,25.0829569,48.0163631,25.0829569,48.0163631,0.0
2548,4.82399,10.822102,4.82399,10.822102,0.0
2549,25.3013179,89.2261769,25.3013179,89.2261769,0.0
2550,13.35371134,62.351855459999,13.35371134,62.351855459999,0.0
2551,14.6390422,37.500678883495,14.6390422,37.500678883495,0.0
2552,25.729639496575,89.263419082534,25.729639496575,89.263419082534,0.0
2553,-5.1789493417579,-15.465455821929,-5.1789493417579,-15.465455821929,0.0
2554,-34.742379099998,173.0903814,-34.742379099998,173.0903814,0.0
2555,25.6395592,94.0196359,25.6395592,94.0196359,0.0
2556,13.255185185185,38.217860100002,13.255185185185,38.217860100002,0.0
2557,-33.502998012149,-70.656333882427,-33.502998012149,-70.656333882427,0.0
2558,5.3655584448672,162.99335264043,5.3655584448672,162.99335264043,0.0
2559,-33.455346904,-70.65658581,-33.455346904,-70.65658581,0.0
2560,14.9483504,102.12600399997,14.9483504,102.12600399997,0.0
2561,0.84227106873913,73.408631432312,0.84227106873913,73.408631432312,0.0
2562,25.957820700001,89.273217700001,25.957820700001,89.273217700001,0.0
2563,-12.003315749543,-42.622543044467,-12.003315749543,-42.622543044467,0.0
2564,-16.013115529796,39.682096871122,-16.013115529796,39.682096871122,0.0
2565,-11.9826258,-42.61977,-11.9826258,-42.61977,0.0
2566,15.1498291,13.078264949118,15.1498291,13.078264949118,0.0
2567,-3.5241666666667,152.20972222222,-3.5241666666667,152.20972222222,0.0
2568,-33.4506621632,-70.6562939304,-33.4506621632,-70.6562939304,0.0
2569,-11.8954357,-42.6926847,-11.8954357,-42.6926847,0.0
2570,-24.105463492447,150.13445374824,-24.105463492447,150.13445374824,0.0
2571,6.8298967,80.9928185,6.8298967,80.9928185,0.0
2572,-15.002058342304,38.95952642433,-15.002058342304,38.95952642433,0.0
2573,-2.22038,-80.918027,-2.22038,-80.918027,0.0
2574,4.2142852349142,73.537180922739,4.2142852349142,73.537180922739,0.0
2575,27.499819481896,88.537163168213,27.499819481896,88.537163168213,0.0
2576,0.0260312,109.25823909997,0.0260312,109.25823909997,0.0
2577,12.46359493118,21.631877738983,12.46359493118,21.631877738983,0.0
2578,4.9662261,-1.7315795,4.9662261,-1.7315795,0.0
2579,6.8233713,80.986229,6.8233713,80.986229,0.0
2580,-24.104780322355,150.35832641617,-24.104780322355,150.35832641617,0.0
2581,40.157753752984,-75.038184559573,40.157753752984,-75.038184559573,0.0
2582,-35.02291075,117.91245175,-35.02291075,117.91245175,0.0
2583,-0.51659897763441,166.95827440495,-0.51659897763441,166.95827440495,0.0
2584,-35.390206276579,139.81272706604,-35.390206276579,139.81272706604,0.0
2585,-5.355609,104.962517,-5.355609,104.962517,0.0
2586,1.3300902,172.9947103,1.3300902,172.9947103,0.0
2587,-15.1088743956,39.2265066432,-15.1088743956,39.2265066432,0.0
2588,4.9063124,-1.7574514,4.9063124,-1.7574514,0.0
2589,-4.6210552,145.5604292,-4.6210552,145.5604292,0.0
2590,-35.7763023,-62.0128584,-35.7763023,-62.0128584,0.0
2591,-1.4992222522398,40.032759216639,-1.4992222522398,40.032759216639,0.0
2592,38.08362626434,-46.2704099347,38.08362626434,-46.2704099347,0.0
2593,-3.0005672,151.5648619,-3.0005672,151.5648619,0.0
2594,-12.4012621,-42.3913664,-12.4012621,-42.3913664,0.0
2595,-34.753655299997,173.0477317,-34.753655299997,173.0477317,0.0
2596,-56.936164012476,-28.014464377404,-56.936164012476,-28.014464377404,0.0
2597,-5.243961,-80.630596,-5.243961,-80.630596,0.0
2598,25.952641899999,89.250807300002,25.952641899999,89.250807300002,0.0
2599,-12.4416724,-40.8516048,-12.4416724,-40.8516048,0.0
2600,25.384940743565,88.993619907849,25.384940743565,88.993619907849,0.0
2601,-45.893808360903,170.5189910636,-45.893808360903,170.5189910636,0.0
2602,-17.707130555556,-149.58407222222,-17.707130555556,-149.58407222222,0.0
2603,7.2897656333334,55.4684288,7.2897656333334,55.4684288,0.0
2604,-25.200724998872,45.953148343067,-25.200724998872,45.953148343067,0.0
2605,40.16307809825,-75.06080544815,40.16307809825,-75.06080544815,0.0
2606,15.12026579295,24.964466560315,15.12026579295,24.964466560315,0.0
2607,40.1451746,-75.008066,40.1451746,-75.008066,0.0
2608,4.9114366,-1.7564878,4.9114366,-1.7564878,0.0
2609,40.144700586523,-75.006717145319,40.144700586523,-75.006717145319,0.0
2610,25.233299632464,86.973491651963,25.233299632464,86.973491651963,0.0
2611,14.878135047353,-24.732251331471,14.878135047353,-24.732251331471,0.0
2612,-24.109025977121,150.15452654459,-24.109025977121,150.15452654459,0.0
2613,13.3435343,61.61063850086,13.3435343,61.61063850086,0.0
2614,5.504877,9.998125,5.504877,9.998125,0.0
2615,40.155536327365,-75.140917857966,40.155536327365,-75.140917857966,0.0
2616,-35.113159,150.0895307,-35.113159,150.0895307,0.0
2617,40.144952931122,-75.007080848017,40.144952931122,-75.007080848017,0.0
2618,23.9394854,90.2703764,23.9394854,90.2703764,0.0
2619,6.7872156999722,81.2792247,6.7872156999722,81.2792247,0.0
2620,-35.3921486,-62.4128741,-35.3921486,-62.4128741,0.0
2621,-35.216507499832,150.02611707059,-35.216507499832,150.02611707059,0.0
2622,-35.3937965,-62.4988093,-35.3937965,-62.4988093,0.0
2623,40.151936429769,-75.0258148677,40.151936429769,-75.0258148677,0.0
2624,-5.3781872999722,-80.624970899972,-5.3781872999722,-80.624970899972,0.0
2625,18.301106450001,42.72378509999,18.301106450001,42.72378509999,0.0
2626,19.873057549296,41.347216591549,19.873057549296,41.347216591549,0.0
2627,40.15898344353,-75.040706194674,40.15898344353,-75.040706194674,0.0
2628,5.13299749,9.9723354600001,5.13299749,9.9723354600001,0.0
2629,-26.272275899998,-61.7403938,-26.272275899998,-61.7403938,0.0
2630,40.147388700566,-75.01383298129,40.147388700566,-75.01383298129,0.0
2631,40.163231237144,-75.099220238895,40.163231237144,-75.099220238895,0.0
2632,-24.3368839,-128.3147495,-24.3368839,-128.3147495,0.0
2633,-5.352196,104.962331,-5.352196,104.962331,0.0
2634,-24.583468521453,-39.520749153334,-24.583468521453,-39.520749153334,0.0
2635,-1.0169444444444,-1.0169444444444,-1.0169444444444,-1.0169444444444,0.0
2636,40.145188570902,-75.007503921519,40.145188570902,-75.007503921519,0.0
2637,-4.7671167156556,120.37324508552,-4.7671167156556,120.37324508552,0.0
2638,-37.3141422,-59.0919702,-37.3141422,-59.0919702,0.0
2639,40.155421351638,-75.033962309348,40.155421351638,-75.033962309348,0.0
2640,24.0124461,90.311467,24.0124461,90.311467,0.0
2641,40.1624737,-75.0853766,40.1624737,-75.0853766,0.0
2642,14.891352449107,-24.354230247679,14.891352449107,-24.354230247679,0.0
2643,-21.140172,-175.181182,-21.140172,-175.181182,0.0
2644,40.159586104577,-75.128209309928,40.159586104577,-75.128209309928,0.0
2645,40.153156116667,-74.946459716667,40.153156116667,-74.946459716667,0.0
2646,-13.136932034935,25.005698068669,-13.136932034935,25.005698068669,0.0
2647,-33.745918168335,121.71449476743,-33.745918168335,121.71449476743,0.0
2648,16.768646666667,-3.004655,16.768646666667,-3.004655,0.0
2649,7.0640317,171.1974885,7.0640317,171.1974885,0.0
2650,26.508347999769,-78.648306693202,26.508347999769,-78.648306693202,0.0
2651,13.489791311858,144.86086581824,13.489791311858,144.86086581824,0.0
2652,23.997371010278,90.253806458611,23.997371010278,90.253806458611,0.0
2653,27.945975,179.8463067,27.945975,179.8463067,0.0
2654,15.110073907836,-23.661895065412,15.110073907836,-23.661895065412,0.0
2655,-45.4307222,167.7624616,-45.4307222,167.7624616,0.0
2656,13.370520234091,62.066009067338,13.370520234091,62.066009067338,0.0
2657,-24.144863634667,150.28716288333,-24.144863634667,150.28716288333,0.0
2658,-4.4072569998411,-13.177907098628,-4.4072569998411,-13.177907098628,0.0
2659,-5.863799,120.514493,-5.863799,120.514493,0.0
2660,-25.225440432679,45.810371725814,-25.225440432679,45.810371725814,0.0
2661,-24.137412090743,150.31187749534,-24.137412090743,150.31187749534,0.0
2662,-5.3732712642452,-16.045742847181,-5.3732712642452,-16.045742847181,0.0
2663,16.202270756102,-0.21269915541339,16.202270756102,-0.21269915541339,0.0
2664,22.464700159638,114.15848099637,22.464700159638,114.15848099637,0.0
2665,14.87669518318,-24.718913531534,14.87669518318,-24.718913531534,0.0
2666,26.512622683817,93.750617793278,26.512622683817,93.750617793278,0.0
2667,40.163236805951,-75.097993310371,40.163236805951,-75.097993310371,0.0
2668,-36.702987610192,-59.75308944995,-36.702987610192,-59.75308944995,0.0
2669,26.5178962,78.6786895,26.5178962,78.6786895,0.0
2670,22.669235100001,113.8847268,22.669235100001,113.8847268,0.0
2671,43.322493045919,-114.28116854839,43.322493045919,-114.28116854839,0.0
2672,40.162667540989,-75.111400679566,40.162667540989,-75.111400679566,0.0
2673,25.0913228,47.9080201,25.0913228,47.9080201,0.0
2674,27.945975,179.8463067,27.945975,179.8463067,0.0
2675,23.585014501048,119.563446373,23.585014501048,119.563446373,0.0
2676,-29.035323887644,167.96355786105,-29.035323887644,167.96355786105,0.0
2677,-19.537448681003,-32.904817063275,-19.537448681003,-32.904817063275,0.0
2678,40.157147427366,-75.037077708527,40.157147427366,-75.037077708527,0.0
2679,15.5852064,-50.712258862222,15.5852064,-50.712258862222,0.0
2680,5.057706,9.963726,5.057706,9.963726,0.0
2681,22.679726300002,113.9745957,22.679726300002,113.9745957,0.0
2682,14.6979295,-17.4434047,14.6979295,-17.4434047,0.0
2683,22.9409488,114.0623867,22.9409488,114.0623867,0.0
2684,23.025643358,113.98209246507,23.025643358,113.98209246507,0.0
2685,26.5346711,78.7555749,26.5346711,78.7555749,0.0
2686,-3.6491818342425,-10.92018423547,-3.6491818342425,-10.92018423547,0.0
2687,40.151824448224,-75.025835803874,40.151824448224,-75.025835803874,0.0
2688,-44.717134,169.2166631,-44.717134,169.2166631,0.0
2689,1.1579398999988,25.255915799998,1.1579398999988,25.255915799998,0.0
2690,-25.234076375675,45.797499784896,-25.234076375675,45.797499784896,0.0
2691,24.023562,90.2826813,24.023562,90.2826813,0.0
2692,-33.4054735,21.9957402,-33.4054735,21.9957402,0.0
2693,43.023760669069,-114.39542761644,43.023760669069,-114.39542761644,0.0
2694,22.452743877678,114.1402998102,22.452743877678,114.1402998102,0.0
2695,-2.2269901999722,-80.9176772,-2.2269901999722,-80.9176772,0.0
2696,26.5337964,78.7303044,26.5337964,78.7303044,0.0
2697,5.788075,10.161461,5.788075,10.161461,0.0
2698,22.6232784,114.0192875,22.6232784,114.0192875,0.0
2699,2.964565,9.91216,2.964565,9.91216,0.0
2700,37.749726907291,-25.638826475585,37.749726907291,-25.638826475585,0.0
2701,37.770336374641,-25.30468368629,37.770336374641,-25.30468368629,0.0
2702,-15.049425307459,13.238109969026,-15.049425307459,13.238109969026,0.0
2703,6.0372874160396,116.1223747701,6.0372874160396,116.1223747701,0.0
2704,26.5329889,78.6713248,26.5329889,78.6713248,0.0
2705,40.163225455666,-75.05797773613,40.163225455666,-75.05797773613,0.0
2706,-22.721768856049,-22.721768856049,-22.721768856049,-22.721768856049,0.0
2707,40.163089578777,-75.060055918042,40.163089578777,-75.060055918042,0.0
2708,40.162660373911,-75.089513948093,40.162660373911,-75.089513948093,0.0
2709,-20.3266409875,15.451282784167,-20.3266409875,15.451282784167,0.0
2710,14.687577799972,-17.451893099972,14.687577799972,-17.451893099972,0.0
2711,22.578828699999,114.059592,22.578828699999,114.059592,0.0
2712,-16.3420466,-39.0222113,-16.3420466,-39.0222113,0.0
2713,-3.2186719,151.9440783,-3.2186719,151.9440783,0.0
2714,-23.3920861,-57.4379806,-23.3920861,-57.4379806,0.0
2715,22.489007972202,114.06003990221,22.489007972202,114.06003990221,0.0
2716,15.093379710145,-23.6484436,15.093379710145,-23.6484436,0.0
2717,-9.6799995352533,-28.943656926503,-9.6799995352533,-28.943656926503,0.0
2718,-22.735077777778,-55.242127777778,-22.735077777778,-55.242127777778,0.0
2719,15.1118327,17.478035516667,15.1118327,17.478035516667,0.0
2720,40.143671,-74.973589,40.143671,-74.973589,0.0
2721,-19.738968216772,-43.019116948504,-19.738968216772,-43.019116948504,0.0
2722,-23.848060894825,150.26152369792,-23.848060894825,150.26152369792,0.0
2723,37.421521313333,-16.29665148,37.421521313333,-16.29665148,0.0
2724,22.43756379,114.0370517783,22.43756379,114.0370517783,0.0
2725,-33.369730200003,22.108935700001,-33.369730200003,22.108935700001,0.0
2726,-35.3911093,-62.4280376,-35.3911093,-62.4280376,0.0
2727,-33.3612253,22.0579882,-33.3612253,22.0579882,0.0
2728,25.9797534,92.932813,25.9797534,92.932813,0.0
2729,16.133590100001,168.12990310078,16.133590100001,168.12990310078,0.0
2730,40.163415154556,-75.054582595039,40.163415154556,-75.054582595039,0.0
2731,-54.185130555556,-67.231627777778,-54.185130555556,-67.231627777778,0.0
2732,-1.326150046461,123.28884505493,-1.326150046461,123.28884505493,0.0
2733,-29.044149694586,167.92336143273,-29.044149694586,167.92336143273,0.0
2734,37.771900036917,-25.313379982454,37.771900036917,-25.313379982454,0.0
2735,-13.4467037,-172.3819071,-13.4467037,-172.3819071,0.0
2736,32.492789,117.542464,32.492789,117.542464,0.0
2737,13.426925120185,144.78225003024,13.426925120185,144.78225003024,0.0
2738,43.500708055556,-114.28408916667,43.500708055556,-114.28408916667,0.0
2739,-24.231159717066,150.1413288009,-24.231159717066,150.1413288009,0.0
2740,26.217651599977,93.051265495076,26.217651599977,93.051265495076,0.0
2741,23.5648225,119.6555781,23.5648225,119.6555781,0.0
2742,-13.6730772,50.023912,-13.6730772,50.023912,0.0
2743,19.994525560207,41.512433616342,19.994525560207,41.512433616342,0.0
2744,25.6571015,94.0862243,25.6571015,94.0862243,0.0
2745,7.0836691675706,171.14992450768,7.0836691675706,171.14992450768,0.0
2746,18.3012164,42.717684270003,18.3012164,42.717684270003,0.0
2747,22.461713771357,114.15109050471,22.461713771357,114.15109050471,0.0
2748,-19.2420672,146.8036601,-19.2420672,146.8036601,0.0
2749,-34.602171413274,172.94479131062,-34.602171413274,172.94479131062,0.0
2750,26.5380474,78.7237048,26.5380474,78.7237048,0.0
2751,-1.0169444444444,-1.0169444444444,-1.0169444444444,-1.0169444444444,0.0
2752,27.975181,108.219907,27.975181,108.219907,0.0
2753,26.016652446904,88.891288026701,26.016652446904,88.891288026701,0.0
2754,-4.4133777,-56.285828,-4.4133777,-56.285828,0.0
2755,15.072327570265,-23.699710743279,15.072327570265,-23.699710743279,0.0
2756,-22.721768856049,-22.721768856049,-22.721768856049,-22.721768856049,0.0
2757,13.472779558969,144.78714067374,13.472779558969,144.78714067374,0.0
2758,25.378401666667,88.994461666667,25.378401666667,88.994461666667,0.0
2759,22.400071209862,113.98397398188,22.400071209862,113.98397398188,0.0
2760,24.503770263194,118.44079945694,24.503770263194,118.44079945694,0.0
2761,-45.394949199972,167.7587058,-45.394949199972,167.7587058,0.0
2762,6.7798322,81.2674587,6.7798322,81.2674587,0.0
2763,25.244445,105.806399,25.244445,105.806399,0.0
2764,-51.699215,-57.841948,-51.699215,-57.841948,0.0
2765,4.2584366,73.5592341,4.2584366,73.5592341,0.0
2766,32.139918,-8.229267,32.139918,-8.229267,0.0
2767,13.587296740118,144.86956461603,13.587296740118,144.86956461603,0.0
2768,-2.2285344999722,-80.925249899972,-2.2285344999722,-80.925249899972,0.0
2769,-35.4651177,-62.3617633,-35.4651177,-62.3617633,0.0
2770,-22.803930776012,-54.731025830761,-22.803930776012,-54.731025830761,0.0
2771,-33.3604268,22.057643,-33.3604268,22.057643,0.0
2772,-37.072505,-58.999594,-37.072505,-58.999594,0.0
2773,-34.853739497403,173.11105464286,-34.853739497403,173.11105464286,0.0
2774,-45.3842697,167.8878064,-45.3842697,167.8878064,0.0
2775,-22.721768856049,-22.721768856049,-22.721768856049,-22.721768856049,0.0
2776,15.1323222,23.310400477911,15.1323222,23.310400477911,0.0
2777,-8.916088,147.9194515,-8.916088,147.9194515,0.0
2778,25.6871202,89.5873205,25.6871202,89.5873205,0.0
2779,-77.8461777,166.6666765,-77.8461777,166.6666765,0.0
2780,-34.1793379,21.970968899972,-34.1793379,21.970968899972,0.0
2781,15.088502,-23.650653,15.088502,-23.650653,0.0
2782,-21.364071514117,55.77207064118,-21.364071514117,55.77207064118,0.0
2783,34.168166103805,134.33173967559,34.168166103805,134.33173967559,0.0
2784,27.501789780033,88.537818493727,27.501789780033,88.537818493727,0.0
2785,-16.3359181,-39.023955,-16.3359181,-39.023955,0.0
2786,1.93996,109.373569,1.93996,109.373569,0.0
2787,42.8805745,-117.9628941,42.8805745,-117.9628941,0.0
2788,-8.737685037416,125.56460391312,-8.737685037416,125.56460391312,0.0
2789,5.061883,9.984038,5.061883,9.984038,0.0
2790,43.5856916,-119.0448763,43.5856916,-119.0448763,0.0
2791,5.546099,10.328427,5.546099,10.328427,0.0
2792,-23.920093666667,150.28636283333,-23.920093666667,150.28636283333,0.0
2793,26.7962704,87.3265823,26.7962704,87.3265823,0.0
2794,12.522806162014,21.712377620863,12.522806162014,21.712377620863,0.0
2795,25.233657144199,86.973546708867,25.233657144199,86.973546708867,0.0
2796,10.4139548,50.1650117,10.4139548,50.1650117,0.0
2797,42.72191685,-118.451228075,42.72191685,-118.451228075,0.0
2798,42.7963517,-117.8737431,42.7963517,-117.8737431,0.0
2799,32.858471524288,3.7396966999983,32.858471524288,3.7396966999983,0.0
2800,-35.6164129,-62.4181749,-35.6164129,-62.4181749,0.0
2801,26.5570533,78.6994353,26.5570533,78.6994353,0.0
2802,23.9158538,90.2594832,23.9158538,90.2594832,0.0
2803,-8.5540755931368,125.57296268654,-8.5540755931368,125.57296268654,0.0
2804,26.8305999,87.2837356,26.8305999,87.2837356,0.0
2805,-35.3847242,-62.4161963,-35.3847242,-62.4161963,0.0
2806,42.91283585,-118.33883138333,42.91283585,-118.33883138333,0.0
2807,14.6757307,-17.4154848,14.6757307,-17.4154848,0.0
2808,-44.6679803,169.1255413,-44.6679803,169.1255413,0.0
2809,25.0195155,88.5291283,25.0195155,88.5291283,0.0
2810,-25.21431561228,45.865699732758,-25.21431561228,45.865699732758,0.0
2811,-24.148160821977,150.28970073547,-24.148160821977,150.28970073547,0.0
2812,-17.600123265443,168.49674186194,-17.600123265443,168.49674186194,0.0
2813,0.0166667,0.0,0.0166667,0.0,0.0
2814,-4.6579324,55.410345699999,-4.6579324,55.410345699999,0.0
2815,-45.4115234,167.7077716,-45.4115234,167.7077716,0.0
2816,-25.218002673377,45.820946711288,-25.218002673377,45.820946711288,0.0
2817,-0.50492783991755,166.93296437107,-0.50492783991755,166.93296437107,0.0
2818,-8.7232394599881,125.43155827,-8.7232394599881,125.43155827,0.0
2819,-13.383593227273,25.071613654545,-13.383593227273,25.071613654545,0.0
2820,12.163859163412,21.502480264753,12.163859163412,21.502480264753,0.0
2821,-34.431286545838,172.68294668356,-34.431286545838,172.68294668356,0.0
2822,-24.042680122964,150.1370740108,-24.042680122964,150.1370740108,0.0
2823,13.35095216,62.42947916,13.35095216,62.42947916,0.0
2824,42.789469666667,-118.43084776667,42.789469666667,-118.43084776667,0.0
2825,15.1498291,17.646748010882,15.1498291,17.646748010882,0.0
2826,4.2068402777778,73.538023900002,4.2068402777778,73.538023900002,0.0
2827,15.168438142857,120.543492,15.168438142857,120.543492,0.0
2828,37.4989176,-33.6366279525,37.4989176,-33.6366279525,0.0
2829,-33.3747625,-70.6617195,-33.3747625,-70.6617195,0.0
2830,-8.5729444,125.5358056,-8.5729444,125.5358056,0.0
2831,-8.4963990999722,126.4535623,-8.4963990999722,126.4535623,0.0
2832,-20.761692942778,14.843115024167,-20.761692942778,14.843115024167,0.0
2833,-18.608850136257,-173.93285722456,-18.608850136257,-173.93285722456,0.0
2834,-8.5763917,125.5578567,-8.5763917,125.5578567,0.0
2835,13.479787913451,144.86026643746,13.479787913451,144.86026643746,0.0
2836,5.128034,-1.2506916,5.128034,-1.2506916,0.0
2837,32.459583333333,139.76946666667,32.459583333333,139.76946666667,0.0
2838,15.12048729,10.43115397,15.12048729,10.43115397,0.0
2839,25.348325,106.242399,25.348325,106.242399,0.0
2840,25.921011166389,88.865745775278,25.921011166389,88.865745775278,0.0
2841,-20.073013333333,13.064565,-20.073013333333,13.064565,0.0
2842,26.01592,105.118646,26.01592,105.118646,0.0
2843,-51.839011521966,-58.351767155567,-51.839011521966,-58.351767155567,0.0
2844,43.4796431,-118.8375965,43.4796431,-118.8375965,0.0
2845,-54.421689305292,3.3895456619143,-54.421689305292,3.3895456619143,0.0
2846,-8.5169750999722,126.0038555,-8.5169750999722,126.0038555,0.0
2847,-8.5597222,125.5461111,-8.5597222,125.5461111,0.0
2848,27.676803,108.084263,27.676803,108.084263,0.0
2849,-8.7740275,125.1008079,-8.7740275,125.1008079,0.0
2850,-1.0169444444444,-1.0169444444444,-1.0169444444444,-1.0169444444444,0.0
2851,-24.11353743043,150.1902085292,-24.11353743043,150.1902085292,0.0
2852,-11.435092632182,24.749703468312,-11.435092632182,24.749703468312,0.0
2853,24.981348691506,56.219571931273,24.981348691506,56.219571931273,0.0
2854,5.1615820917913,-1.1957517803893,5.1615820917913,-1.1957517803893,0.0
2855,7.0709539,171.1787885,7.0709539,171.1787885,0.0
2856,-8.4721697999722,126.45741669997,-8.4721697999722,126.45741669997,0.0
2857,24.5919994,72.5616138,24.5919994,72.5616138,0.0
2858,34.097762143222,134.40926706719,34.097762143222,134.40926706719,0.0
2859,-33.504145578512,-70.656389789722,-33.504145578512,-70.656389789722,0.0
2860,25.468512,105.565098,25.468512,105.565098,0.0
2861,-8.5235362,127.00752769997,-8.5235362,127.00752769997,0.0
2862,-17.032111111111,135.76858333333,-17.032111111111,135.76858333333,0.0
2863,42.7785028,-117.8552222,42.7785028,-117.8552222,0.0
2864,-21.780158093812,149.3720998513,-21.780158093812,149.3720998513,0.0
2865,44.4797003,-117.4660033,44.4797003,-117.4660033,0.0
2866,42.777208866667,-118.43916566667,42.777208866667,-118.43916566667,0.0
2867,42.807122941667,-118.423275475,42.807122941667,-118.423275475,0.0
2868,-8.5638333,125.5529444,-8.5638333,125.5529444,0.0
2869,37.829286010708,-25.752699691652,37.829286010708,-25.752699691652,0.0
2870,-23.233625175972,150.48771519708,-23.233625175972,150.48771519708,0.0
2871,-24.143784916667,150.29042658333,-24.143784916667,150.29042658333,0.0
2872,-23.3932722,-57.4491944,-23.3932722,-57.4491944,0.0
2873,40.273692972635,-11.796231321058,40.273692972635,-11.796231321058,0.0
2874,-8.7237402999722,125.4323798,-8.7237402999722,125.4323798,0.0
2875,-8.5500618705546,125.52494982854,-8.5500618705546,125.52494982854,0.0
2876,0.476761,124.41242,0.476761,124.41242,0.0
2877,-2.2269643999722,-80.917882399972,-2.2269643999722,-80.917882399972,0.0
2878,5.1112889125991,-1.2569386325788,5.1112889125991,-1.2569386325788,0.0
2879,28.506140346138,105.89244818156,28.506140346138,105.89244818156,0.0
2880,22.674303654107,131.21703545072,22.674303654107,131.21703545072,0.0
2881,26.8105422,87.2853545,26.8105422,87.2853545,0.0
2882,-4.4837398,26.6421438,-4.4837398,26.6421438,0.0
2883,-35.1128484,150.0897039,-35.1128484,150.0897039,0.0
2884,-67.569588333333,-68.126346666667,-67.569588333333,-68.126346666667,0.0
2885,-8.7847512900902,125.43932019419,-8.7847512900902,125.43932019419,0.0
2886,-44.304954237768,171.01040281116,-44.304954237768,171.01040281116,0.0
2887,25.0708636,88.5316884,25.0708636,88.5316884,0.0
2888,42.407898366667,-118.63103175,42.407898366667,-118.63103175,0.0
2889,-6.4577679858347,-19.30903203169,-6.4577679858347,-19.30903203169,0.0
2890,1.9865728860564,-157.47187537393,1.9865728860564,-157.47187537393,0.0
2891,34.193465965479,134.43483699353,34.193465965479,134.43483699353,0.0
2892,-23.4252222,-57.4342556,-23.4252222,-57.4342556,0.0
2893,14.674404504021,-17.45252619895,14.674404504021,-17.45252619895,0.0
2894,15.102135618761,14.95749178354,15.102135618761,14.95749178354,0.0
2895,-0.50723979745715,166.95185644732,-0.50723979745715,166.95185644732,0.0
2896,-35.3869557,-62.4196587,-35.3869557,-62.4196587,0.0
2897,14.891065094314,103.72376911373,14.891065094314,103.72376911373,0.0
2898,25.453643,105.937881,25.453643,105.937881,0.0
2899,15.4800460885,-88.011852554,15.4800460885,-88.011852554,0.0
2900,15.422668101005,-88.012340524623,15.422668101005,-88.012340524623,0.0
2901,15.154868295,-88.257757738,15.154868295,-88.257757738,0.0
2902,5.23636154,9.98386283,5.23636154,9.98386283,0.0
2903,27.0375418,142.1762509,27.0375418,142.1762509,0.0
2904,-19.301083875149,135.00890166538,-19.301083875149,135.00890166538,0.0
2905,-24.13507163839,150.07558229541718,-24.13507163839,150.07558229541718,0.0
2906,14.9390808,103.78711374,14.9390808,103.78711374,0.0
2907,-8.9163824,147.85659,-8.9163824,147.85659,0.0
2908,17.2770408,-88.6742564,17.2770408,-88.6742564,0.0
2909,-23.681225853,150.12530722317,-23.681225853,150.12530722317,0.0
2910,-54.281364383692,-36.507863779586,-54.281364383692,-36.507863779586,0.0
2911,28.366265998948,108.23490205376,28.366265998948,108.23490205376,0.0
2912,14.73416266,-86.138335694545,14.73416266,-86.138335694545,0.0
2913,15.062957400002,-23.697440300003,15.062957400002,-23.697440300003,0.0
2914,13.489521195132,144.8443563,13.489521195132,144.8443563,0.0
2915,3.930502,10.055628,3.930502,10.055628,0.0
2916,14.840678906673,-86.289593426987,14.840678906673,-86.289593426987,0.0
2917,33.961727292207,134.66033464527,33.961727292207,134.66033464527,0.0
2918,14.900123422143,103.72543378571,14.900123422143,103.72543378571,0.0
2919,9.862175,-83.913619,9.862175,-83.913619,0.0
2920,-45.4827958,167.7561664,-45.4827958,167.7561664,0.0
2921,-24.065849230795,150.1351037151,-24.065849230795,150.1351037151,0.0
2922,27.097448954166,142.19640820057,27.097448954166,142.19640820057,0.0
2923,26.5116990544,-78.6908126995,26.5116990544,-78.6908126995,0.0
2924,26.8030483,87.2884299,26.8030483,87.2884299,0.0
2925,15.535029,-88.039755,15.535029,-88.039755,0.0
2926,-0.51254254563415,166.92534909861,-0.51254254563415,166.92534909861,0.0
2927,9.7939307337369,-83.973831981901,9.7939307337369,-83.973831981901,0.0
2928,15.548797,-88.035766,15.548797,-88.035766,0.0
2929,-23.4134527,-57.4507462,-23.4134527,-57.4507462,0.0
2930,15.421161519095,-88.174404121608,15.421161519095,-88.174404121608,0.0
2931,38.9531209,-33.623392572,38.9531209,-33.623392572,0.0
2932,15.530762649,-88.014285463,15.530762649,-88.014285463,0.0
2933,-22.818925413559,-54.699967876949,-22.818925413559,-54.699967876949,0.0
2934,-35.821264406415,-32.643085582166,-35.821264406415,-32.643085582166,0.0
2935,4.9422251,-1.744506,4.9422251,-1.744506,0.0
2936,-23.3939972,-57.4255556,-23.3939972,-57.4255556,0.0
2937,-14.581368910822,132.16767344536,-14.581368910822,132.16767344536,0.0
2938,25.21550126,105.74550761,25.21550126,105.74550761,0.0
2939,-37.183380254747,150.01119254196,-37.183380254747,150.01119254196,0.0
2940,-14.851314293777,132.98299530621,-14.851314293777,132.98299530621,0.0
2941,9.887887282,-83.935214192,9.887887282,-83.935214192,0.0
2942,34.217169300003,134.7307093,34.217169300003,134.7307093,0.0
2943,9.2432005,-83.8515735,9.2432005,-83.8515735,0.0
2944,-0.54520618892206,166.92126943012,-0.54520618892206,166.92126943012,0.0
2945,17.192341159114,-88.982236376115,17.192341159114,-88.982236376115,0.0
2946,26.521647,78.727889,26.521647,78.727889,0.0
2947,13.927758140537,-89.852329473685,13.927758140537,-89.852329473685,0.0
2948,15.681885614538,-85.933139228495,15.681885614538,-85.933139228495,0.0
2949,17.016180381732,-88.31901538059,17.016180381732,-88.31901538059,0.0
2950,-55.0368607,-66.5878908,-55.0368607,-66.5878908,0.0
2951,24.943964250905,56.209088789683,24.943964250905,56.209088789683,0.0
2952,-23.223406765228,150.47885430673,-23.223406765228,150.47885430673,0.0
2953,15.481886,-87.977399,15.481886,-87.977399,0.0
2954,8.4752436999985,-82.478726100001,8.4752436999985,-82.478726100001,0.0
2955,24.96640562996,56.21982724406,24.96640562996,56.21982724406,0.0
2956,-33.1981185,-70.6597627,-33.1981185,-70.6597627,0.0
2957,25.469045973756,86.617673877285,25.469045973756,86.617673877285,0.0
2958,7.4265711895833,57.794209274417,7.4265711895833,57.794209274417,0.0
2959,8.7362248,-83.4134337,8.7362248,-83.4134337,0.0
2960,-44.999689,169.208836,-44.999689,169.208836,0.0
2961,9.930997,-84.005315,9.930997,-84.005315,0.0
2962,-9.2887515499376,147.22830856991,-9.2887515499376,147.22830856991,0.0
2963,15.13461472,24.337228743333,15.13461472,24.337228743333,0.0
2964,9.86541,-83.919872,9.86541,-83.919872,0.0
2965,15.5181004125,-88.022790445,15.5181004125,-88.022790445,0.0
2966,-44.287588443717,171.00097483198,-44.287588443717,171.00097483198,0.0
2967,15.524856177889,-88.023430675879,15.524856177889,-88.023430675879,0.0
2968,17.158694323579,-88.685237888,17.158694323579,-88.685237888,0.0
2969,-17.550546,-149.880588,-17.550546,-149.880588,0.0
2970,-35.3711291,-62.246648,-35.3711291,-62.246648,0.0
2971,8.7756514549,-82.4353794102,8.7756514549,-82.4353794102,0.0
2972,-0.54332717233186,166.94815721705,-0.54332717233186,166.94815721705,0.0
2973,15.698133021055,-86.502849586907,15.698133021055,-86.502849586907,0.0
2974,34.212748038416,134.36446865508,34.212748038416,134.36446865508,0.0
2975,9.6739228374347,-83.890825485118,9.6739228374347,-83.890825485118,0.0
2976,-35.019746083333,117.91216925,-35.019746083333,117.91216925,0.0
2977,-35.3949758,-62.4228025,-35.3949758,-62.4228025,0.0
2978,-36.777356278679,-59.823041202402,-36.777356278679,-59.823041202402,0.0
2979,15.287097717071,-85.701686337172,15.287097717071,-85.701686337172,0.0
2980,-33.10406707116,-33.778621707926,-33.10406707116,-33.778621707926,0.0
2981,2.0024788107217,-157.48201470537,2.0024788107217,-157.48201470537,0.0
2982,8.4389765998992,-82.435214,8.4389765998992,-82.435214,0.0
2983,-23.4183389,-57.4491164,-23.4183389,-57.4491164,0.0
2984,-22.754655,-54.050910033333,-22.754655,-54.050910033333,0.0
2985,15.4389031225,-87.979545225,15.4389031225,-87.979545225,0.0
2986,9.941838,-84.065896,9.941838,-84.065896,0.0
2987,9.9301399,-84.071533,9.9301399,-84.071533,0.0
2988,24.967978,56.219609,24.967978,56.219609,0.0
2989,9.9381676704434,-84.078087666798,9.9381676704434,-84.078087666798,0.0
2990,-23.3992694,-57.4209972,-23.3992694,-57.4209972,0.0
2991,25.38016,105.636433,25.38016,105.636433,0.0
2992,-4.4280479,-56.2878237,-4.4280479,-56.2878237,0.0
2993,9.8730734,-83.943887,9.8730734,-83.943887,0.0
2994,14.677853718534,-17.457851037553,14.677853718534,-17.457851037553,0.0
2995,-35.4663358,-62.3602939,-35.4663358,-62.3602939,0.0
2996,5.059509,9.991617,5.059509,9.991617,0.0
2997,17.036594983066,-25.12026837828124,17.036594983066,-25.12026837828124,0.0
2998,34.04035275,-109.59859797,34.04035275,-109.59859797,0.0
2999,15.426463,-88.039351,15.426463,-88.039351,0.0
3000,14.9146152,100.40404959997,14.9146152,100.40404959997,0.0
3001,-23.35002595,43.66944677,-23.35002595,43.66944677,0.0
3002,15.479372295477,-88.027754673869,15.479372295477,-88.027754673869,0.0
3003,5.032298,9.960571,5.032298,9.960571,0.0
3004,9.1121370401198,-83.288725782635,9.1121370401198,-83.288725782635,0.0
3005,14.943426022767,-86.149796342493,14.943426022767,-86.149796342493,0.0
3006,9.8409187939699,-83.917988125628,9.8409187939699,-83.917988125628,0.0
3007,8.7426564283889,-82.432898283,8.7426564283889,-82.432898283,0.0
3008,9.9327154789515,-83.882352031056,9.9327154789515,-83.882352031056,0.0
3009,13.935312330071,-89.85635873816,13.935312330071,-89.85635873816,0.0
3010,43.42426721001,-114.25223067336,43.42426721001,-114.25223067336,0.0
3011,5.10007549,9.9344592899999,5.10007549,9.9344592899999,0.0
3012,9.9223643735385,-84.080820846862,9.9223643735385,-84.080820846862,0.0
3013,8.9474626,-83.4601855,8.9474626,-83.4601855,0.0
3014,-33.3787068868,-70.6511319172,-33.3787068868,-70.6511319172,0.0
3015,-51.717595181437,-58.075647900599,-51.717595181437,-58.075647900599,0.0
3016,8.6472993222008,-82.438834608398,8.6472993222008,-82.438834608398,0.0
3017,8.5614942,-82.4157736,8.5614942,-82.4157736,0.0
3018,-19.57363842672,135.63519575652,-19.57363842672,135.63519575652,0.0
3019,15.100220773131,-85.850103214747,15.100220773131,-85.850103214747,0.0
3020,9.94609,-84.06319,9.94609,-84.06319,0.0
3021,-21.281631651664,55.795688251667,-21.281631651664,55.795688251667,0.0
3022,25.934546766667,88.856393834444,25.934546766667,88.856393834444,0.0
3023,8.7517027,-83.3515175,8.7517027,-83.3515175,0.0
3024,-35.3989778,-62.4347881,-35.3989778,-62.4347881,0.0
3025,9.867002,-83.931083,9.867002,-83.931083,0.0
3026,-24.146340240593,150.28661155678,-24.146340240593,150.28661155678,0.0
3027,17.2253354,-88.4105073,17.2253354,-88.4105073,0.0
3028,-16.292845599972,-39.0305472,-16.292845599972,-39.0305472,0.0
3029,15.5077319275,-88.0192865145,15.5077319275,-88.0192865145,0.0
3030,15.590032674747,-85.709238575758,15.590032674747,-85.709238575758,0.0
3031,14.680991517861,-86.301352334446,14.680991517861,-86.301352334446,0.0
3032,-44.7006822,169.1896112,-44.7006822,169.1896112,0.0
3033,32.900303333306,-8.2326864999722,32.900303333306,-8.2326864999722,0.0
3034,9.867043,-83.932105,9.867043,-83.932105,0.0
3035,14.0054651722,-89.5477335434,14.0054651722,-89.5477335434,0.0
3036,34.01673637,-109.5694386,34.01673637,-109.5694386,0.0
3037,1.9984778165817,-157.48052978516,1.9984778165817,-157.48052978516,0.0
3038,9.929792,-84.078946,9.929792,-84.078946,0.0
3039,27.68998625,86.72905215,27.68998625,86.72905215,0.0
3040,-16.482247612576,168.21599591704,-16.482247612576,168.21599591704,0.0
3041,15.399326047,-88.1679611575,15.399326047,-88.1679611575,0.0
3042,7.0920896215771,171.12379742448,7.0920896215771,171.12379742448,0.0
3043,-17.792207146648,168.45618045696,-17.792207146648,168.45618045696,0.0
3044,-54.355288888889,-67.251233333333,-54.355288888889,-67.251233333333,0.0
3045,-23.396677777778,-57.445024722222,-23.396677777778,-57.445024722222,0.0
3046,15.383719808,-87.98231432,15.383719808,-87.98231432,0.0
3047,9.935565,-84.057667,9.935565,-84.057667,0.0
3048,9.9084066599296,-83.975223283656,9.9084066599296,-83.975223283656,0.0
3049,-45.406789,167.7204559,-45.406789,167.7204559,0.0
3050,17.223766716213,-88.925949297928,17.223766716213,-88.925949297928,0.0
3051,-19.680512001063,-42.981190024644,-19.680512001063,-42.981190024644,0.0
3052,9.2800891,-83.8251871,9.2800891,-83.8251871,0.0
3053,9.9269745017737,-84.061892301651,9.9269745017737,-84.061892301651,0.0
3054,13.3852907,144.6575184,13.3852907,144.6575184,0.0
3055,26.117764357673,88.61392499669,26.117764357673,88.61392499669,0.0
3056,-23.407752777778,-57.450469444444,-23.407752777778,-57.450469444444,0.0
3057,9.945246,-84.061387,9.945246,-84.061387,0.0
3058,9.880976665,-83.919842535,9.880976665,-83.919842535,0.0
3059,-36.830575365672,139.85098981219,-36.830575365672,139.85098981219,0.0
3060,9.8855632,-84.083868899972,9.8855632,-84.083868899972,0.0
3061,43.457089171483,-114.2575078509,43.457089171483,-114.2575078509,0.0
3062,-29.028140127086,167.94383302513,-29.028140127086,167.94383302513,0.0
3063,33.934691623393,-109.93722865887,33.934691623393,-109.93722865887,0.0
3064,15.1659176,120.57501999997,15.1659176,120.57501999997,0.0
3065,9.940101,-84.002387,9.940101,-84.002387,0.0
3066,1.3855242999722,173.1423037,1.3855242999722,173.1423037,0.0
3067,9.90189045,-84.05305571,9.90189045,-84.05305571,0.0
3068,-44.304875124675,171.01044618643,-44.304875124675,171.01044618643,0.0
3069,21.002346038818,-89.611503601074,21.002346038818,-89.611503601074,0.0
3070,21.189701080322,-86.848236083984,21.189701080322,-86.848236083984,0.0
3071,25.22524532,105.73618924,25.22524532,105.73618924,0.0
3072,19.304811,-81.097622,19.304811,-81.097622,0.0
3073,-77.8461786,166.6669886,-77.8461786,166.6669886,0.0
3074,17.231439039901,-88.844331895665,17.231439039901,-88.844331895665,0.0
3075,9.94093,-83.998881,9.94093,-83.998881,0.0
3076,15.291338878,-88.255677115,15.291338878,-88.255677115,0.0
3077,9.912664,-84.029818,9.912664,-84.029818,0.0
3078,-21.037976666667,13.545701666667,-21.037976666667,13.545701666667,0.0
3079,-17.68685,168.262851,-17.68685,168.262851,0.0
3080,15.608949,-87.956353,15.608949,-87.956353,0.0
3081,21.070970535278,-86.780166625977,21.070970535278,-86.780166625977,0.0
3082,20.740955046734,-88.197528193467,20.740955046734,-88.197528193467,0.0
3083,-34.868303123045,173.38132564897,-34.868303123045,173.38132564897,0.0
3084,9.90876,-84.040269,9.90876,-84.040269,0.0
3085,-12.375212916849,130.88511664506,-12.375212916849,130.88511664506,0.0
3086,13.581495048142,144.85507908216,13.581495048142,144.85507908216,0.0
3087,25.441905,105.950494,25.441905,105.950494,0.0
3088,-24.126294307859,150.23594659957,-24.126294307859,150.23594659957,0.0
3089,26.4970748127,-78.6899376288,26.4970748127,-78.6899376288,0.0
3090,14.923266399972,100.2722157,14.923266399972,100.2722157,0.0
3091,32.5204835,117.7581709,32.5204835,117.7581709,0.0
3092,26.5471156,78.6968615,26.5471156,78.6968615,0.0
3093,14.6785118,-17.444354499972,14.6785118,-17.444354499972,0.0
3094,4.1756209690313,73.517351560709,4.1756209690313,73.517351560709,0.0
3095,25.281585,105.781886,25.281585,105.781886,0.0
3096,-0.54144053830303,166.91309048485,-0.54144053830303,166.91309048485,0.0
3097,-37.3301354,-59.0792038,-37.3301354,-59.0792038,0.0
3098,-32.340431767865,121.75908483167,-32.340431767865,121.75908483167,0.0
3099,-33.633826,0.282452,-33.633826,0.282452,0.0
3100,-36.523222836533,150.03330627393,-36.523222836533,150.03330627393,0.0
3101,25.5301152,45.943164,25.5301152,45.943164,0.0
3102,-77.8459036,166.6704244,-77.8459036,166.6704244,0.0
3103,33.97625862,-109.50099453,33.97625862,-109.50099453,0.0
3104,-45.434213599972,167.7142776,-45.434213599972,167.7142776,0.0
3105,15.1498291,25.274303431183,15.1498291,25.274303431183,0.0
3106,2.8017032934959,24.723140097561,2.8017032934959,24.723140097561,0.0
3107,33.505888905731,0.70893594624506,33.505888905731,0.70893594624506,0.0
3108,23.9889144,90.2578945,23.9889144,90.2578945,0.0
3109,14.901704426667,103.69720592667,14.901704426667,103.69720592667,0.0
3110,12.432020804847,21.610332140698,12.432020804847,21.610332140698,0.0
3111,21.4902259,39.2478194,21.4902259,39.2478194,0.0
3112,21.604196927651,39.207954823685,21.604196927651,39.207954823685,0.0
3113,-34.501717887411,172.80136984964,-34.501717887411,172.80136984964,0.0
3114,14.939090966667,103.78583986667,14.939090966667,103.78583986667,0.0
3115,13.369450972727,44.844211121558,13.369450972727,44.844211121558,0.0
3116,5.2909592,48.4277465,5.2909592,48.4277465,0.0
3117,-20.932166892059,55.531194989489,-20.932166892059,55.531194989489,0.0
3118,32.4417047,117.80139,32.4417047,117.80139,0.0
3119,-19.433387013221,135.40090971074,-19.433387013221,135.40090971074,0.0
3120,-34.72844450303,173.04375060636,-34.72844450303,173.04375060636,0.0
3121,24.6165251,72.5245432,24.6165251,72.5245432,0.0
3122,40.279406221822,-11.792088068569,40.279406221822,-11.792088068569,0.0
3123,33.949517554447,-109.81791283481,33.949517554447,-109.81791283481,0.0
3124,-9.4380805555556,160.10615027778,-9.4380805555556,160.10615027778,0.0
3125,-9.4357311159177,160.11165036673,-9.4357311159177,160.11165036673,0.0
3126,-9.5303173482686,160.08964730468,-9.5303173482686,160.08964730468,0.0
3127,4.2516849,73.5534998,4.2516849,73.5534998,0.0
3128,6.6435409000025,81.1179308,6.6435409000025,81.1179308,0.0
3129,0.0,-103.2216722,0.0,-103.2216722,0.0
3130,15.1323222,21.595718931822,15.1323222,21.595718931822,0.0
3131,14.859162303614,-24.71673476988,14.859162303614,-24.71673476988,0.0
3132,33.962667463665,-109.92479187412,33.962667463665,-109.92479187412,0.0
3133,-46.041150516873,170.06419097089,-46.041150516873,170.06419097089,0.0
3134,-21.2719856,-159.749406,-21.2719856,-159.749406,0.0
3135,20.4956304,39.7997792,20.4956304,39.7997792,0.0
3136,-19.73367441665,135.8618696665,-19.73367441665,135.8618696665,0.0
3137,-2.227335,-80.920331,-2.227335,-80.920331,0.0
3138,11.223044299998,41.450356299998,11.223044299998,41.450356299998,0.0
3139,17.923612,-15.4242923,17.923612,-15.4242923,0.0
3140,34.023256941576,-109.90584868077,34.023256941576,-109.90584868077,0.0
3141,21.484461333333,39.1862495,21.484461333333,39.1862495,0.0
3142,-20.11237,13.100541666667,-20.11237,13.100541666667,0.0
3143,7.6570255,42.2262728,7.6570255,42.2262728,0.0
3144,14.885019359583,103.65310552917,14.885019359583,103.65310552917,0.0
3145,7.8237321,48.0103852,7.8237321,48.0103852,0.0
3146,-13.847755972994,136.43263049667,-13.847755972994,136.43263049667,0.0
3147,9.6220772,41.816716,9.6220772,41.816716,0.0
3148,34.03979958,-109.58995942,34.03979958,-109.58995942,0.0
3149,14.900047628761,103.71995311038,14.900047628761,103.71995311038,0.0
3150,8.3438844018678,59.867232891092,8.3438844018678,59.867232891092,0.0
3151,-45.340982,170.550262,-45.340982,170.550262,0.0
3152,26.534107,78.752606,26.534107,78.752606,0.0
3153,15.1498291,24.549786293634,15.1498291,24.549786293634,0.0
3154,34.028916872058,-109.91057527952,34.028916872058,-109.91057527952,0.0
3155,5.113883866002,-1.2453707680118,5.113883866002,-1.2453707680118,0.0
3156,-27.12554,-109.291269,-27.12554,-109.291269,0.0
3157,17.9983586,-15.6536668,17.9983586,-15.6536668,0.0
3158,43.374686728169,-114.26708150159,43.374686728169,-114.26708150159,0.0
3159,-33.857605533434,121.89686374306,-33.857605533434,121.89686374306,0.0
3160,14.892222936374,103.66506770302,14.892222936374,103.66506770302,0.0
3161,21.463426648883,39.235056667419,21.463426648883,39.235056667419,0.0
3162,13.369220347727,41.129705682273,13.369220347727,41.129705682273,0.0
3163,33.968008235805,-109.92527781374,33.968008235805,-109.92527781374,0.0
3164,21.682335957905,39.109821058846,21.682335957905,39.109821058846,0.0
3165,13.3568278,44.734489319259,13.3568278,44.734489319259,0.0
3166,14.6994175,-17.468104700002,14.6994175,-17.468104700002,0.0
3167,14.892626131425,103.66604036213,14.892626131425,103.66604036213,0.0
3168,15.532738681095,-1.3519321562189,15.532738681095,-1.3519321562189,0.0
3169,-6.1068420999723,177.3402091,-6.1068420999723,177.3402091,0.0
3170,33.692863184046,0.95324521960375,33.692863184046,0.95324521960375,0.0
3171,14.925724038462,103.77534891154,14.925724038462,103.77534891154,0.0
3172,14.896674066667,103.67629867778,14.896674066667,103.67629867778,0.0
3173,13.3576497,47.765939310345,13.3576497,47.765939310345,0.0
3174,-17.8929891,178.56230289997,-17.8929891,178.56230289997,0.0
3175,14.90025573,103.7153141,14.90025573,103.7153141,0.0
3176,7.1190922971934,171.05716343059,7.1190922971934,171.05716343059,0.0
3177,14.9429962,103.82267255,14.9429962,103.82267255,0.0
3178,24.958359,56.211654499966,24.958359,56.211654499966,0.0
3179,-21.2250183,-159.7400304,-21.2250183,-159.7400304,0.0
3180,25.3311887,49.1139595,25.3311887,49.1139595,0.0
3181,-33.8614333,121.8914733,-33.8614333,121.8914733,0.0
3182,-28.3246616,17.9927988,-28.3246616,17.9927988,0.0
3183,-51.834702691182,-58.428713201603,-51.834702691182,-58.428713201603,0.0
3184,15.811923597531,-1.292467132716,15.811923597531,-1.292467132716,0.0
3185,6.437578,46.7852912,6.437578,46.7852912,0.0
3186,-34.872496812999,173.36811823378,-34.872496812999,173.36811823378,0.0
3187,-9.4575177777778,160.101945,-9.4575177777778,160.101945,0.0
3188,12.156738652845,21.381376096981,12.156738652845,21.381376096981,0.0
3189,16.0251797,80.9155776,16.0251797,80.9155776,0.0
3190,27.0955076,142.2166695,27.0955076,142.2166695,0.0
3191,11.584476480718,43.154736104537,11.584476480718,43.154736104537,0.0
3192,27.099466781143,142.21354140026,27.099466781143,142.21354140026,0.0
3193,14.972543,-23.6629137,14.972543,-23.6629137,0.0
3194,33.983024946517,-109.83969265358,33.983024946517,-109.83969265358,0.0
3195,23.504881399998,39.867796,23.504881399998,39.867796,0.0
3196,12.966388888889,21.823623329403,12.966388888889,21.823623329403,0.0
3197,14.902459216667,103.73419922333,14.902459216667,103.73419922333,0.0
3198,21.787364747336,39.156194352816,21.787364747336,39.156194352816,0.0
3199,14.5159078,62.45962568,14.5159078,62.45962568,0.0
3200,14.906755616667,103.74979651667,14.906755616667,103.74979651667,0.0
3201,-4.389450280303,26.657759656566,-4.389450280303,26.657759656566,0.0
3202,7.905012,52.168987,7.905012,52.168987,0.0
3203,14.895235746667,103.67069874,14.895235746667,103.67069874,0.0
3204,21.554654518496,39.163199987278,21.554654518496,39.163199987278,0.0
3205,13.2490336,44.773002099972,13.2490336,44.773002099972,0.0
3206,-2.227212,-80.936511,-2.227212,-80.936511,0.0
3207,7.5759921566667,58.876260876667,7.5759921566667,58.876260876667,0.0
3208,-4.0122310731154,122.50960788849,-4.0122310731154,122.50960788849,0.0
3209,1.3601312,173.0730544,1.3601312,173.0730544,0.0
3210,15.1025614,50.52573893,15.1025614,50.52573893,0.0
3211,15.123375416667,17.383723966667,15.123375416667,17.383723966667,0.0
3212,13.370444756818,60.850352741753,13.370444756818,60.850352741753,0.0
3213,-20.922998187309,55.526974462026,-20.922998187309,55.526974462026,0.0
3214,11.1213289072,42.3327255564,11.1213289072,42.3327255564,0.0
3215,-9.494379,160.338409,-9.494379,160.338409,0.0
3216,21.3782391,39.8059065,21.3782391,39.8059065,0.0
3217,24.786888155298,70.50969469253,24.786888155298,70.50969469253,0.0
3218,21.470985233334,3.3460405000001,21.470985233334,3.3460405000001,0.0
3219,-0.89901916666667,-89.609458055556,-0.89901916666667,-89.609458055556,0.0
3220,1.357597,172.9327985,1.357597,172.9327985,0.0
3221,-17.379032503611,178.15388054583,-17.379032503611,178.15388054583,0.0
3222,25.012352100001,56.362534100002,25.012352100001,56.362534100002,0.0
3223,31.6508532,119.0308152,31.6508532,119.0308152,0.0
3224,-27.10138270576,-109.37621989616,-27.10138270576,-109.37621989616,0.0
3225,21.570044180493,39.190098083358,21.570044180493,39.190098083358,0.0
3226,21.532881888581,39.159117545969,21.532881888581,39.159117545969,0.0
3227,-33.869755555113,121.89185665654,-33.869755555113,121.89185665654,0.0
3228,37.825240856854,-25.740106349899,37.825240856854,-25.740106349899,0.0
3229,12.289610306205,-69.073845720956,12.289610306205,-69.073845720956,0.0
3230,12.189393781414,-69.061380847349,12.189393781414,-69.061380847349,0.0
3231,15.117137638159447,15.1498291,15.117137638159447,15.1498291,0.0
3232,0.0,-103.29921299991,0.0,-103.29921299991,0.0
3233,-33.826027777778,121.852,-33.826027777778,121.852,0.0
3234,9.7461979379415,118.75123734521,9.7461979379415,118.75123734521,0.0
3235,15.1498698,10.2181476936,15.1498698,10.2181476936,0.0
3236,-43.823186,173.057538,-43.823186,173.057538,0.0
3237,-23.4798632,-67.9884014,-23.4798632,-67.9884014,0.0
3238,-33.753513036036,121.74037542543,-33.753513036036,121.74037542543,0.0
3239,6.5317362,47.2164857,6.5317362,47.2164857,0.0
3240,-19.693923,135.805071333,-19.693923,135.805071333,0.0
3241,24.0270185,90.2736105,24.0270185,90.2736105,0.0
3242,-44.3168002735,171.01490873503,-44.3168002735,171.01490873503,0.0
3243,-20.287767,15.8727759,-20.287767,15.8727759,0.0
3244,-4.2614567,-55.9938996,-4.2614567,-55.9938996,0.0
3245,33.942020944295,-109.73593230496,33.942020944295,-109.73593230496,0.0
3246,-25.5643344,18.4176136,-25.5643344,18.4176136,0.0
3247,34.039689799722,-109.83338862524,34.039689799722,-109.83338862524,0.0
3248,31.870225,118.638437,31.870225,118.638437,0.0
3249,-20.730938818056,14.843537304444,-20.730938818056,14.843537304444,0.0
3250,7.061648,171.2041856,7.061648,171.2041856,0.0
3251,-35.114396166667,150.0877535,-35.114396166667,150.0877535,0.0
3252,-25.5639917,18.4185003,-25.5639917,18.4185003,0.0
3253,-20.9398932,55.5309671,-20.9398932,55.5309671,0.0
3254,7.296020125,56.001028106667,7.296020125,56.001028106667,0.0
3255,34.000955,-109.54711066,34.000955,-109.54711066,0.0
3256,0.2166667,0.0,0.2166667,0.0,0.0
3257,0.87112369997222,108.93770139997,0.87112369997222,108.93770139997,0.0
3258,5.0100307446,-52.4712931272,5.0100307446,-52.4712931272,0.0
3259,-13.845443829823,136.19146438148,-13.845443829823,136.19146438148,0.0
3260,32.478968312757,3.6855716999989,32.478968312757,3.6855716999989,0.0
3261,-25.4968629775,16.311907013611,-25.4968629775,16.311907013611,0.0
3262,9.5804404,138.1551829,9.5804404,138.1551829,0.0
3263,7.2615662122881,56.451149947119,7.2615662122881,56.451149947119,0.0
3264,0.0,0.0,0.0,0.0,0.0
3265,2.0118458434924,-157.48403696767,2.0118458434924,-157.48403696767,0.0
3266,12.819484421053,21.805398054422,12.819484421053,21.805398054422,0.0
3267,-17.370394281944,178.2470915,-17.370394281944,178.2470915,0.0
3268,-35.002573125664,117.87282231308,-35.002573125664,117.87282231308,0.0
3269,32.450724286781,139.76354495378,32.450724286781,139.76354495378,0.0
3270,18.808306999972,79.4133494,18.808306999972,79.4133494,0.0
3271,-21.2004776,-159.80921,-21.2004776,-159.80921,0.0
3272,7.6033977812672,58.490973689201,7.6033977812672,58.490973689201,0.0
3273,33.945222703435,-109.73963821006,33.945222703435,-109.73963821006,0.0
3274,14.6793867,-17.4434052,14.6793867,-17.4434052,0.0
3275,17.9419891,-15.4748438,17.9419891,-15.4748438,0.0
3276,34.041782055467,-109.83164282969,34.041782055467,-109.83164282969,0.0
3277,0.0,-103.2975248,0.0,-103.2975248,0.0
3278,-3.9296903176471,144.01260088824,-3.9296903176471,144.01260088824,0.0
3279,-43.7429961,-176.3397781,-43.7429961,-176.3397781,0.0
3280,-9.268698170333,147.23242178971,-9.268698170333,147.23242178971,0.0
3281,-19.527909126819,135.57135050992,-19.527909126819,135.57135050992,0.0
3282,-23.0687021,-68.1090352,-23.0687021,-68.1090352,0.0
3283,33.112133333333,139.78556666667,33.112133333333,139.78556666667,0.0
3284,-19.740972089199,135.87230370156,-19.740972089199,135.87230370156,0.0
3285,33.977383954048,-109.76155383315,33.977383954048,-109.76155383315,0.0
3286,5.1488321809846,45.426035665822,5.1488321809846,45.426035665822,0.0
3287,5.6098142,-0.2031353,5.6098142,-0.2031353,0.0
3288,5.1042168,-1.2504419,5.1042168,-1.2504419,0.0
3289,22.276842927297,39.113411647983,22.276842927297,39.113411647983,0.0
3290,24.478533072399,39.595192680136,24.478533072399,39.595192680136,0.0
3291,15.119287300135,18.177325604595,15.119287300135,18.177325604595,0.0
3292,24.7176038,90.4301317,24.7176038,90.4301317,0.0
3293,34.03251933,-109.34991783,34.03251933,-109.34991783,0.0
3294,-45.4117179,-72.67812,-45.4117179,-72.67812,0.0
3295,15.169003362519,120.58410703763,15.169003362519,120.58410703763,0.0
3296,-52.218713494559,-68.973790053672,-52.218713494559,-68.973790053672,0.0
3297,6.9161073,81.621441799972,6.9161073,81.621441799972,0.0
3298,6.7373334523353,81.365210283623,6.7373334523353,81.365210283623,0.0
3299,5.1060783,-1.2417426,5.1060783,-1.2417426,0.0
3300,-35.028160300732,117.8841640499,-35.028160300732,117.8841640499,0.0
3301,-45.004523,170.758391,-45.004523,170.758391,0.0
3302,40.267987765868,-11.799677584132,40.267987765868,-11.799677584132,0.0
3303,37.4989176,-47.857638102857,37.4989176,-47.857638102857,0.0
3304,34.0537705,-109.7539606,34.0537705,-109.7539606,0.0
3305,34.05107238237,-109.84128757939,34.05107238237,-109.84128757939,0.0
3306,14.931308684968,-23.490544977948,14.931308684968,-23.490544977948,0.0
3307,-32.598664543877,134.7207436046,-32.598664543877,134.7207436046,0.0
3308,15.292861538485,-1.5607545924227,15.292861538485,-1.5607545924227,0.0
3309,-6.8131364,155.7211179,-6.8131364,155.7211179,0.0
3310,-33.91479645062,-32.70171997879,-33.91479645062,-32.70171997879,0.0
3311,34.045419,-109.79725878974,34.045419,-109.79725878974,0.0
3312,5.6264200619444,-0.1763932125,5.6264200619444,-0.1763932125,0.0
3313,21.3889315,39.8084387,21.3889315,39.8084387,0.0
3314,-36.826225545455,139.86258296529,-36.826225545455,139.86258296529,0.0
3315,23.565594699999,39.8533665,23.565594699999,39.8533665,0.0
3316,-33.396045448,-70.659404829,-33.396045448,-70.659404829,0.0
3317,14.866675117908,61.364778363072,14.866675117908,61.364778363072,0.0
3318,14.9646635,-23.6641137,14.9646635,-23.6641137,0.0
3319,26.5058647469,-78.7192136049,26.5058647469,-78.7192136049,0.0
3320,5.6126729,-0.1828115,5.6126729,-0.1828115,0.0
3321,-4.1607952655771,138.98153361073,-4.1607952655771,138.98153361073,0.0
3322,-43.74837,-176.463784,-43.74837,-176.463784,0.0
3323,-4.3470823857974,55.771082108892,-4.3470823857974,55.771082108892,0.0
3324,0.0,-103.29669,0.0,-103.29669,0.0
3325,25.1112033,47.7757932,25.1112033,47.7757932,0.0
3326,37.748009180642,-25.634664801393,37.748009180642,-25.634664801393,0.0
3327,26.7178545,0.174687,26.7178545,0.174687,0.0
3328,-32.696121814371,134.81035936261,-32.696121814371,134.81035936261,0.0
3329,32.901574833306,-8.2381701666667,32.901574833306,-8.2381701666667,0.0
3330,0.0,0.0,0.0,0.0,0.0
3331,22.71647638919,39.106521878284,22.71647638919,39.106521878284,0.0
3332,7.0994806940606,171.10295871798,7.0994806940606,171.10295871798,0.0
3333,24.0496353,90.2359792,24.0496353,90.2359792,0.0
3334,33.622669718868,10.294942888679,33.622669718868,10.294942888679,0.0
3335,-23.721087536369,-65.461649089712,-23.721087536369,-65.461649089712,0.0
3336,13.35060622907,61.415154651163,13.35060622907,61.415154651163,0.0
3337,34.07275082,-109.84633303,34.07275082,-109.84633303,0.0
3338,-8.0386548822392,-24.055691469164,-8.0386548822392,-24.055691469164,0.0
3339,-36.70785512247,-59.758814696964,-36.70785512247,-59.758814696964,0.0
3340,-33.5149873782,-70.656648191,-33.5149873782,-70.656648191,0.0
3341,17.018030909692,-25.05914180616,17.018030909692,-25.05914180616,0.0
3342,33.406681810282,0.74231184153226,33.406681810282,0.74231184153226,0.0
3343,-21.0416902509,55.7221234962,-21.0416902509,55.7221234962,0.0
3344,14.6390422,60.035623174434,14.6390422,60.035623174434,0.0
3345,-0.5356668,-90.314485199972,-0.5356668,-90.314485199972,0.0
3346,5.3685249233733,162.99629379498,5.3685249233733,162.99629379498,0.0
3347,1.3598446,173.1596394,1.3598446,173.1596394,0.0
3348,33.54334170607,-117.17708836172,33.54334170607,-117.17708836172,0.0
3349,-17.32230999,178.20360305,-17.32230999,178.20360305,0.0
3350,-4.3489367561455,55.775363668851,-4.3489367561455,55.775363668851,0.0
3351,-1.489798,40.032366,-1.489798,40.032366,0.0
3352,-17.632104707778,178.26022862444,-17.632104707778,178.26022862444,0.0
3353,5.6181448420561,-0.18194835794393,5.6181448420561,-0.18194835794393,0.0
3354,21.972451918883,39.123579620299,21.972451918883,39.123579620299,0.0
3355,1.5248857274728,124.92104307916,1.5248857274728,124.92104307916,0.0
3356,-16.621899689718,38.871172961895,-16.621899689718,38.871172961895,0.0
3357,-37.3244203,-59.0841813,-37.3244203,-59.0841813,0.0
3358,21.4024046,39.8108485,21.4024046,39.8108485,0.0
3359,34.243429299998,134.6625304,34.243429299998,134.6625304,0.0
3360,21.403283846928,39.426723589577,21.403283846928,39.426723589577,0.0
3361,15.1216634,10.353487120741,15.1216634,10.353487120741,0.0
3362,12.516874372957,21.700426116588,12.516874372957,21.700426116588,0.0
3363,-23.5796657,-67.8957698,-23.5796657,-67.8957698,0.0
3364,12.090495298614,21.578670172019,12.090495298614,21.578670172019,0.0
3365,-44.421906592222,169.1842398325,-44.421906592222,169.1842398325,0.0
3366,-0.54398893019401,166.94993553696,-0.54398893019401,166.94993553696,0.0
3367,6.5443541,47.2560126,6.5443541,47.2560126,0.0
3368,-4.3939996,-56.2814659,-4.3939996,-56.2814659,0.0
3369,5.261213349,162.9990026172,5.261213349,162.9990026172,0.0
3370,-0.0423506,42.4184216,-0.0423506,42.4184216,0.0
3371,32.2922644112,-64.7848806996,32.2922644112,-64.7848806996,0.0
3372,5.6243066918144,-0.2188053274109,5.6243066918144,-0.2188053274109,0.0
3373,-15.47637659106,145.2576314671,-15.47637659106,145.2576314671,0.0
3374,-4.7203781,145.6388097,-4.7203781,145.6388097,0.0
3375,12.060128711166,21.389909964054,12.060128711166,21.389909964054,0.0
3376,7.3043688666667,56.841081385333,7.3043688666667,56.841081385333,0.0
3377,14.6792341,-17.459748,14.6792341,-17.459748,0.0
3378,-17.810102499972,178.7224448,-17.810102499972,178.7224448,0.0
3379,14.701645,-17.4751342,14.701645,-17.4751342,0.0
3380,7.6984305515625,54.096463379063,7.6984305515625,54.096463379063,0.0
3381,-45.4177963,-72.6822369,-45.4177963,-72.6822369,0.0
3382,16.189701200401,-0.53975112895792,16.189701200401,-0.53975112895792,0.0
3383,33.103440258251,139.78782078136,33.103440258251,139.78782078136,0.0
3384,5.6293520516667,-0.12414067972222,5.6293520516667,-0.12414067972222,0.0
3385,5.368917529142,163.01393001594,5.368917529142,163.01393001594,0.0
3386,-20.921518067536,55.528952042294,-20.921518067536,55.528952042294,0.0
3387,-11.660040578636,25.203943478335,-11.660040578636,25.203943478335,0.0
3388,-32.560083428285,134.68011480441,-32.560083428285,134.68011480441,0.0
3389,26.244355623438,-98.232268480505,26.244355623438,-98.232268480505,0.0
3390,-36.5734436443,150.0267862879,-36.5734436443,150.0267862879,0.0
3391,6.9595593000019,81.1151275,6.9595593000019,81.1151275,0.0
3392,5.1730138888889,-52.646413888889,5.1730138888889,-52.646413888889,0.0
3393,34.036405579381,-109.86253072514,34.036405579381,-109.86253072514,0.0
3394,-33.489564703752,-70.656743589636,-33.489564703752,-70.656743589636,0.0
3395,37.762200096026,-25.286472920368,37.762200096026,-25.286472920368,0.0
3396,-43.747709166667,-176.28150111111,-43.747709166667,-176.28150111111,0.0
3397,0.0,0.0,0.0,0.0,0.0
3398,-13.449392,-172.3707112,-13.449392,-172.3707112,0.0
3399,34.03467270686,-109.79248248628,34.03467270686,-109.79248248628,0.0
3400,34.038601745803,-109.83462206346,34.038601745803,-109.83462206346,0.0
3401,-0.5284872,166.9115176,-0.5284872,166.9115176,0.0
3402,2.0010597705841,-157.48152160645,2.0010597705841,-157.48152160645,0.0
3403,33.549661806032,-117.18168053265,33.549661806032,-117.18168053265,0.0
3404,-0.53723069469401,166.91755350729,-0.53723069469401,166.91755350729,0.0
3405,-20.929103783333,55.548932855556,-20.929103783333,55.548932855556,0.0
3406,33.547045472428,-117.20677415514,33.547045472428,-117.20677415514,0.0
3407,6.0391359161472,121.02259953639,6.0391359161472,121.02259953639,0.0
3408,33.994611638541,-109.86351367488,33.994611638541,-109.86351367488,0.0
3409,10.937230784503,49.243189831047,10.937230784503,49.243189831047,0.0
3410,0.0,0.0,0.0,0.0,0.0
3411,13.62038008113,61.92160832791,13.62038008113,61.92160832791,0.0
3412,7.0529083999722,125.5435844,7.0529083999722,125.5435844,0.0
3413,24.940962,56.260126999926,24.940962,56.260126999926,0.0
3414,-20.925392711111,55.550320675,-20.925392711111,55.550320675,0.0
3415,-51.788470938961,-58.933084950649,-51.788470938961,-58.933084950649,0.0
3416,15.1498291,22.597615117462,15.1498291,22.597615117462,0.0
3417,34.07918613,-109.79795031,34.07918613,-109.79795031,0.0
3418,-13.4487858,-172.373981,-13.4487858,-172.373981,0.0
3419,-36.848649216187,-59.965363676619,-36.848649216187,-59.965363676619,0.0
3420,-43.7499725,-176.4491922,-43.7499725,-176.4491922,0.0
3421,26.224443055556,-98.149479166667,26.224443055556,-98.149479166667,0.0
3422,-23.5420796,-67.9557068,-23.5420796,-67.9557068,0.0
3423,14.990034174881,-24.420269216651,14.990034174881,-24.420269216651,0.0
3424,-32.377135666667,134.34160698507,-32.377135666667,134.34160698507,0.0
3425,-16.429847851645,179.37420373579,-16.429847851645,179.37420373579,0.0
3426,-21.2153494,-159.7487364,-21.2153494,-159.7487364,0.0
3427,-6.1724307661297,-18.455137697671,-6.1724307661297,-18.455137697671,0.0
3428,16.180886453543,-0.64409613937008,16.180886453543,-0.64409613937008,0.0
3429,7.0690599871245,125.61444151574,7.0690599871245,125.61444151574,0.0
3430,-29.39177991258,-38.709698046599,-29.39177991258,-38.709698046599,0.0
3431,-45.3972691,-72.6775956,-45.3972691,-72.6775956,0.0
3432,-21.2010009,-159.8049844,-21.2010009,-159.8049844,0.0
3433,5.0085899793,115.0027019251,5.0085899793,115.0027019251,0.0
3434,6.053045235,121.0286566,6.053045235,121.0286566,0.0
3435,16.047886999972,80.909509499972,16.047886999972,80.909509499972,0.0
3436,-13.6753905,50.023684100002,-13.6753905,50.023684100002,0.0
3437,6.9292669,81.3690926,6.9292669,81.3690926,0.0
3438,5.1111462,-1.247524,5.1111462,-1.247524,0.0
3439,13.369583756818,46.98286576842,13.369583756818,46.98286576842,0.0
3440,-20.936258999,55.5309644675,-20.936258999,55.5309644675,0.0
3441,-45.436252,170.726888,-45.436252,170.726888,0.0
3442,-23.9672767,-65.4600591,-23.9672767,-65.4600591,0.0
3443,-21.2004887,-159.801957,-21.2004887,-159.801957,0.0
3444,6.3361344,125.2601025,6.3361344,125.2601025,0.0
3445,-0.3638796,42.5349556,-0.3638796,42.5349556,0.0
3446,-13.501598,-172.299623,-13.501598,-172.299623,0.0
3447,7.111296011396,125.58317420157,7.111296011396,125.58317420157,0.0
3448,-23.7469436,-65.4990734,-23.7469436,-65.4990734,0.0
3449,32.3657147773,-64.6513409726,32.3657147773,-64.6513409726,0.0
3450,-13.5917174,-172.2090271,-13.5917174,-172.2090271,0.0
3451,7.0722737,125.6121401,7.0722737,125.6121401,0.0
3452,-20.938531578569,55.529078986794,-20.938531578569,55.529078986794,0.0
3453,25.178914945125,46.401780289235,25.178914945125,46.401780289235,0.0
3454,-45.830683446751,170.67283417158,-45.830683446751,170.67283417158,0.0
3455,13.3615316,46.371902406452,13.3615316,46.371902406452,0.0
3456,-20.935436025774,55.528499566579,-20.935436025774,55.528499566579,0.0
3457,35.2502397,-91.7713692,35.2502397,-91.7713692,0.0
3458,0.0,-103.17436450006,0.0,-103.17436450006,0.0
3459,-20.924438928266,55.531704155325,-20.924438928266,55.531704155325,0.0
3460,34.0714786,-109.20046333,34.0714786,-109.20046333,0.0
3461,17.018392113454,-25.057060374194,17.018392113454,-25.057060374194,0.0
3462,-13.286830061892,-50.467365614504,-13.286830061892,-50.467365614504,0.0
3463,13.3435343,46.642183361212,13.3435343,46.642183361212,0.0
3464,15.8452554,80.3781729,15.8452554,80.3781729,0.0
3465,9.7497690271206,49.195275094472,9.7497690271206,49.195275094472,0.0
3466,-36.412142621667,150.04769050667,-36.412142621667,150.04769050667,0.0
3467,-14.8365394265,-56.436310946333,-14.8365394265,-56.436310946333,0.0
3468,-14.9018089,-52.2782995,-14.9018089,-52.2782995,0.0
3469,-11.432754767295,-55.355132353226,-11.432754767295,-55.355132353226,0.0
3470,-47.7397259,-65.8986763,-47.7397259,-65.8986763,0.0
3471,-13.285879516126,-50.18941758063,-13.285879516126,-50.18941758063,0.0
3472,5.167327635,-52.6511008758,5.167327635,-52.6511008758,0.0
3473,-14.521238290915,-56.217848497161,-14.521238290915,-56.217848497161,0.0
3474,6.2516813999981,145.2369852,6.2516813999981,145.2369852,0.0
3475,-22.993502333333,-54.39653356,-22.993502333333,-54.39653356,0.0
3476,-12.003440071905,-55.517241555389,-12.003440071905,-55.517241555389,0.0
3477,-33.705025702045,121.64974804956,-33.705025702045,121.64974804956,0.0
3478,24.9296215,56.2540523,24.9296215,56.2540523,0.0
3479,-14.724670287546,-56.299666487679,-14.724670287546,-56.299666487679,0.0
3480,7.0480272322322,125.57204075526,7.0480272322322,125.57204075526,0.0
3481,35.2515281,-91.7406569,35.2515281,-91.7406569,0.0
3482,5.2222124207778,-52.762574907389,5.2222124207778,-52.762574907389,0.0
3483,-23.256352666667,-54.228240033333,-23.256352666667,-54.228240033333,0.0
3484,-13.297592961839,-50.334977865562,-13.297592961839,-50.334977865562,0.0
3485,39.436442912556,-31.257918952028,39.436442912556,-31.257918952028,0.0
3486,38.07670759258,-48.199913377234,38.07670759258,-48.199913377234,0.0
3487,-54.713008333333,-68.067952777778,-54.713008333333,-68.067952777778,0.0
3488,24.626329550326,-76.146048366276,24.626329550326,-76.146048366276,0.0
3489,-54.421750310282,3.3887837865259,-54.421750310282,3.3887837865259,0.0
3490,-6.232459601199,-18.628742383218,-6.232459601199,-18.628742383218,0.0
3491,33.955591292,-109.92679716756,33.955591292,-109.92679716756,0.0
3492,-44.694936861944,169.13499388833,-44.694936861944,169.13499388833,0.0
3493,15.046470599998,-23.706315,15.046470599998,-23.706315,0.0
3494,-11.7864362482,25.030496744,-11.7864362482,25.030496744,0.0
3495,16.0237356,80.9224216,16.0237356,80.9224216,0.0
3496,-20.9364561,14.9556087,-20.9364561,14.9556087,0.0
3497,-13.447187,-172.3856599,-13.447187,-172.3856599,0.0
3498,7.5709921166667,58.920633143334,7.5709921166667,58.920633143334,0.0
3499,0.0,0.0,0.0,0.0,0.0
3500,-11.21937116066,-55.303323886364,-11.21937116066,-55.303323886364,0.0
3501,-23.413366666667,-57.450213888889,-23.413366666667,-57.450213888889,0.0
3502,-12.681753304667,-55.796655157667,-12.681753304667,-55.796655157667,0.0
3503,-23.417433333333,-57.426319444444,-23.417433333333,-57.426319444444,0.0
3504,-14.894530130876,50.278079864542,-14.894530130876,50.278079864542,0.0
3505,7.1111579294294,125.63224614114,7.1111579294294,125.63224614114,0.0
3506,6.0424945164476,121.02591477469,6.0424945164476,121.02591477469,0.0
3507,7.0654245027322,125.57174927732,7.0654245027322,125.57174927732,0.0
3508,31.6332647,118.9939051,31.6332647,118.9939051,0.0
3509,-11.74150766954,25.190648035749,-11.74150766954,25.190648035749,0.0
3510,-10.28730512167,-55.024525225083,-10.28730512167,-55.024525225083,0.0
3511,26.5378093,78.7229582,26.5378093,78.7229582,0.0
3512,34.004164194622,-109.90452755269,34.004164194622,-109.90452755269,0.0
3513,-23.4155722,-57.4327361,-23.4155722,-57.4327361,0.0
3514,14.6978736,-17.446638,14.6978736,-17.446638,0.0
3515,-36.5569132024,150.0352581426,-36.5569132024,150.0352581426,0.0
3516,-11.306550732255,-55.322845520153,-11.306550732255,-55.322845520153,0.0
3517,7.1298682516667,125.62538022667,7.1298682516667,125.62538022667,0.0
3518,5.1743406057,-52.6480797864,5.1743406057,-52.6480797864,0.0
3519,7.0623158603604,125.59491931532,7.0623158603604,125.59491931532,0.0
3520,14.7064852,-17.4742675,14.7064852,-17.4742675,0.0
3521,34.041878705997,-109.85667895301,34.041878705997,-109.85667895301,0.0
3522,-25.191354402716,46.004461217158,-25.191354402716,46.004461217158,0.0
3523,-6.5392027991688,-19.527464998692,-6.5392027991688,-19.527464998692,0.0
3524,5.2755249204346,162.97659317324,5.2755249204346,162.97659317324,0.0
3525,33.961706611378,-109.83161214631,33.961706611378,-109.83161214631,0.0
3526,10.95642902348,49.227522936295,10.95642902348,49.227522936295,0.0
3527,33.995959530855,-109.74937617286,33.995959530855,-109.74937617286,0.0
3528,27.0992788,142.2094339,27.0992788,142.2094339,0.0
3529,-23.3996139,-57.4144333,-23.3996139,-57.4144333,0.0
3530,34.323797,119.495064,34.323797,119.495064,0.0
3531,7.1241336306533,125.66032265745,7.1241336306533,125.66032265745,0.0
3532,-10.977788082832,-55.231689457248,-10.977788082832,-55.231689457248,0.0
3533,1.3507000096386,172.94461038735,1.3507000096386,172.94461038735,0.0
3534,-36.5372926715,150.0300567752,-36.5372926715,150.0300567752,0.0
3535,-10.647085790848,-55.133018325588,-10.647085790848,-55.133018325588,0.0
3536,19.893457828689,41.297122509016,19.893457828689,41.297122509016,0.0
3537,-45.4093358,-72.680896,-45.4093358,-72.680896,0.0
3538,23.064965256667,3.6806229166667,23.064965256667,3.6806229166667,0.0
3539,-10.241814227756,-54.986534479084,-10.241814227756,-54.986534479084,0.0
3540,-23.5851749,-65.4023163,-23.5851749,-65.4023163,0.0
3541,-11.15931270324,-55.314035535404,-11.15931270324,-55.314035535404,0.0
3542,-18.02245745237,178.50470545562,-18.02245745237,178.50470545562,0.0
3543,-52.213209699633,-68.988883065659,-52.213209699633,-68.988883065659,0.0
3544,9.5303855555556,118.58988083333,9.5303855555556,118.58988083333,0.0
3545,-11.506830216753,-55.373447407168,-11.506830216753,-55.373447407168,0.0
3546,12.188147834275,21.390459481627,12.188147834275,21.390459481627,0.0
3547,15.1498291,28.192497457419,15.1498291,28.192497457419,0.0
3548,26.6997194,78.3667528,26.6997194,78.3667528,0.0
3549,-20.92431115,55.516652716667,-20.92431115,55.516652716667,0.0
3550,32.3697793297,-64.6525531635,32.3697793297,-64.6525531635,0.0
3551,7.1229269133333,125.630995775,7.1229269133333,125.630995775,0.0
3552,-32.56154891498,-34.499255195844,-32.56154891498,-34.499255195844,0.0
3553,6.9046856999722,81.5439827,6.9046856999722,81.5439827,0.0
3554,37.741817681181,-25.672639895046,37.741817681181,-25.672639895046,0.0
3555,14.932511860006,-23.490034912022,14.932511860006,-23.490034912022,0.0
3556,-9.457551,160.141643,-9.457551,160.141643,0.0
3557,34.04056366,-109.45793209,34.04056366,-109.45793209,0.0
3558,-27.099543671785,-109.37790542822,-27.099543671785,-109.37790542822,0.0
3559,22.592573893657,131.7168637167,22.592573893657,131.7168637167,0.0
3560,7.1168785833333,125.65453286583,7.1168785833333,125.65453286583,0.0
3561,24.941807,56.216321,24.941807,56.216321,0.0
3562,-22.949360405079,-54.117076759444,-22.949360405079,-54.117076759444,0.0
3563,-20.9248767206,55.5293440532,-20.9248767206,55.5293440532,0.0
3564,-9.9379623583584,-54.903388153654,-9.9379623583584,-54.903388153654,0.0
3565,-11.170722711602,-55.312006172329,-11.170722711602,-55.312006172329,0.0
3566,-9.5513971,-50.869254,-9.5513971,-50.869254,0.0
3567,-23.037034357143,-50.074852716484,-23.037034357143,-50.074852716484,0.0
3568,-32.5676446246,-34.491158190362,-32.5676446246,-34.491158190362,0.0
3569,0.0,0.0,0.0,0.0,0.0
3570,5.6165341938889,-0.24553846555556,5.6165341938889,-0.24553846555556,0.0
3571,-0.52846489999767,166.9115198,-0.52846489999767,166.9115198,0.0
3572,-45.43739,170.728813,-45.43739,170.728813,0.0
3573,5.1133898,-1.2589405,5.1133898,-1.2589405,0.0
3574,-13.27686988884,-50.49943911117,-13.27686988884,-50.49943911117,0.0
3575,-10.3016776529,-55.03258521606,-10.3016776529,-55.03258521606,0.0
3576,6.8658843,81.0519393,6.8658843,81.0519393,0.0
3577,15.058108156193,-3.1772574024169,15.058108156193,-3.1772574024169,0.0
3578,-45.3973123,-72.6708138,-45.3973123,-72.6708138,0.0
3579,-13.2887685,-50.2035805,-13.2887685,-50.2035805,0.0
3580,14.944860181098,-24.385018708537,14.944860181098,-24.385018708537,0.0
3581,-36.539414559018,150.03279499208,-36.539414559018,150.03279499208,0.0
3582,7.07427048,125.56552439333,7.07427048,125.56552439333,0.0
3583,-9.4363564184792,147.44483497952,-9.4363564184792,147.44483497952,0.0
3584,6.0565844885105,121.0156956271,6.0565844885105,121.0156956271,0.0
3585,-13.302666692984,-50.268708557034,-13.302666692984,-50.268708557034,0.0
3586,12.067547616533,21.38161825016,12.067547616533,21.38161825016,0.0
3587,-23.4083969,-57.4302222,-23.4083969,-57.4302222,0.0
3588,15.1145569,24.876906183077,15.1145569,24.876906183077,0.0
3589,-23.2773298,-55.5354475,-23.2773298,-55.5354475,0.0
3590,-12.299360130703,-55.571909993839,-12.299360130703,-55.571909993839,0.0
3591,34.826169755967,10.776301377778,34.826169755967,10.776301377778,0.0
3592,-21.077073333333,13.557615,-21.077073333333,13.557615,0.0
3593,-10.629106150833,-55.129745851417,-10.629106150833,-55.129745851417,0.0
3594,-13.29714787879,-50.340807424227,-13.29714787879,-50.340807424227,0.0
3595,-23.371590451043,-59.060065156565,-23.371590451043,-59.060065156565,0.0
3596,-13.252088774392,-50.131473051449,-13.252088774392,-50.131473051449,0.0
3597,-23.307629399997,43.660030699998,-23.307629399997,43.660030699998,0.0
3598,-23.037268984,-50.074134748,-23.037268984,-50.074134748,0.0
3599,24.995111986002,56.324276486411,24.995111986002,56.324276486411,0.0
3600,1.781789,109.341585,1.781789,109.341585,0.0
3601,38.06027574715,-52.78248405325,38.06027574715,-52.78248405325,0.0
3602,-35.0209,117.882885,-35.0209,117.882885,0.0
3603,13.3615316,43.578414309677,13.3615316,43.578414309677,0.0
3604,-10.035846041385,-54.909984478437,-10.035846041385,-54.909984478437,0.0
3605,-10.40193127006,-55.053067626553,-10.40193127006,-55.053067626553,0.0
3606,-20.8884787,15.5405202,-20.8884787,15.5405202,0.0
3607,5.3321715,45.967582,5.3321715,45.967582,0.0
3608,10.2078892,49.037881,10.2078892,49.037881,0.0
3609,12.335745384919,21.53513967991,12.335745384919,21.53513967991,0.0
3610,19.685063587573,-79.884443516787,19.685063587573,-79.884443516787,0.0
3611,10.7872433,49.3043965,10.7872433,49.3043965,0.0
3612,7.075202676681,125.61030728898,7.075202676681,125.61030728898,0.0
3613,5.27001415852,162.97682557848,5.27001415852,162.97682557848,0.0
3614,27.076252,142.2061877,27.076252,142.2061877,0.0
3615,7.0944787923977,125.61421338304,7.0944787923977,125.61421338304,0.0
3616,31.039444444444,28.446609399998,31.039444444444,28.446609399998,0.0
3617,-16.278046472717,-39.02231514971,-16.278046472717,-39.02231514971,0.0
3618,-6.2925478,176.31524139997,-6.2925478,176.31524139997,0.0
3619,5.2779843000015,162.9776444,5.2779843000015,162.9776444,0.0
3620,-4.6486111111111,145.57861111111,-4.6486111111111,145.57861111111,0.0
3621,-9.4577274153145,160.10198785786,-9.4577274153145,160.10198785786,0.0
3622,8.3250504,48.3652268,8.3250504,48.3652268,0.0
3623,19.1412555,41.069775699999,19.1412555,41.069775699999,0.0
3624,18.321250415123,-77.904101998787,18.321250415123,-77.904101998787,0.0
3625,-44.672833,169.1280394,-44.672833,169.1280394,0.0
3626,6.0212217000024,145.2643947,6.0212217000024,145.2643947,0.0
3627,3.3760905,23.918209700001,3.3760905,23.918209700001,0.0
3628,19.726274268747,-79.81292724512,19.726274268747,-79.81292724512,0.0
3629,19.69666127594,-79.87082987428,19.69666127594,-79.87082987428,0.0
3630,18.303378770017,42.721523860005,18.303378770017,42.721523860005,0.0
3631,-33.844833333333,121.84688888889,-33.844833333333,121.84688888889,0.0
3632,6.7624817,81.2513955,6.7624817,81.2513955,0.0
3633,10.664638483792,49.067387731524,10.664638483792,49.067387731524,0.0
3634,12.832878869959,21.808788534256,12.832878869959,21.808788534256,0.0
3635,15.080827,-23.7039004,15.080827,-23.7039004,0.0
3636,36.972818055556,-120.54532305556,36.972818055556,-120.54532305556,0.0
3637,7.4524719000012,5.8495775,7.4524719000012,5.8495775,0.0
3638,23.494327,-110.20657,23.494327,-110.20657,0.0
3639,-0.69276666666667,-90.336352777778,-0.69276666666667,-90.336352777778,0.0
3640,-0.54871624339487,166.94328570213,-0.54871624339487,166.94328570213,0.0
3641,-16.2938526,-39.037040599972,-16.2938526,-39.037040599972,0.0
3642,35.2486306,-91.7213103,35.2486306,-91.7213103,0.0
3643,19.890816786221,41.305233205048,19.890816786221,41.305233205048,0.0
3644,-33.981944444444,-112.43083333333,-33.981944444444,-112.43083333333,0.0
3645,-9.2688294455,147.2323951093,-9.2688294455,147.2323951093,0.0
3646,-36.378553682071,-59.48025155302,-36.378553682071,-59.48025155302,0.0
3647,35.0077675,-94.6440672,35.0077675,-94.6440672,0.0
3648,0.11462165960452,0.76325007728813,0.11462165960452,0.76325007728813,0.0
3649,36.997064722222,-120.58143138889,36.997064722222,-120.58143138889,0.0
3650,40.279806295328,-11.791765821074,40.279806295328,-11.791765821074,0.0
3651,10.61645,49.5886971,10.61645,49.5886971,0.0
3652,36.971719415593,-121.79561777511,36.971719415593,-121.79561777511,0.0
3653,20.949836111111,-76.963591666667,20.949836111111,-76.963591666667,0.0
3654,19.439305,98.3391283,19.439305,98.3391283,0.0
3655,23.7050104,-15.9430369,23.7050104,-15.9430369,0.0
3656,22.810595699999,90.2796376,22.810595699999,90.2796376,0.0
3657,23.740738380806,90.526415773573,23.740738380806,90.526415773573,0.0
3658,23.535442,90.181154,23.535442,90.181154,0.0
3659,37.028884722222,-122.03972138889,37.028884722222,-122.03972138889,0.0
3660,35.2268264,-91.7526219,35.2268264,-91.7526219,0.0
3661,23.5220676,90.2829662,23.5220676,90.2829662,0.0
3662,15.32958170663,99.83076447956,15.32958170663,99.83076447956,0.0
3663,23.8286423,90.379781,23.8286423,90.379781,0.0
3664,18.809992201584,99.004004299208,18.809992201584,99.004004299208,0.0
3665,15.305922408,99.705321428,15.305922408,99.705321428,0.0
3666,23.6118956,90.2495966,23.6118956,90.2495966,0.0
3667,-9.460191130227,160.16287734562,-9.460191130227,160.16287734562,0.0
3668,24.1144058,90.0701855,24.1144058,90.0701855,0.0
3669,-20.466103333333,13.318988333333,-20.466103333333,13.318988333333,0.0
3670,24.09120790404,-110.29909956727,24.09120790404,-110.29909956727,0.0
3671,-44.6816638,169.1241814,-44.6816638,169.1241814,0.0
3672,7.1425128999722,125.65835819997,7.1425128999722,125.65835819997,0.0
3673,-13.4513386,-172.4033042,-13.4513386,-172.4033042,0.0
3674,-37.312517,-59.0969604,-37.312517,-59.0969604,0.0
3675,7.1417379122807,125.60095025188,7.1417379122807,125.60095025188,0.0
3676,30.8941838,28.847132899998,30.8941838,28.847132899998,0.0
3677,-16.3327,-39.0228018,-16.3327,-39.0228018,0.0
3678,-16.3383611,-39.0185137,-16.3383611,-39.0185137,0.0
3679,12.750856122004,21.833169730378,12.750856122004,21.833169730378,0.0
3680,-20.923039928772,55.526617777083,-20.923039928772,55.526617777083,0.0
3681,25.024250899998,90.861073700002,25.024250899998,90.861073700002,0.0
3682,25.4332926,92.9459906,25.4332926,92.9459906,0.0
3683,31.789912,118.852037,31.789912,118.852037,0.0
3684,19.70550861055,-79.84290229907,19.70550861055,-79.84290229907,0.0
3685,-37.091614146646,139.804967833,-37.091614146646,139.804967833,0.0
3686,19.68832780295,-79.862215809667,19.68832780295,-79.862215809667,0.0
3687,25.6569856,94.0873424,25.6569856,94.0873424,0.0
3688,5.2767039000019,162.9350345,5.2767039000019,162.9350345,0.0
3689,25.2514938,93.0015377,25.2514938,93.0015377,0.0
3690,13.447515016627,144.816691127,13.447515016627,144.816691127,0.0
3691,36.981593557522,-120.5646477309,36.981593557522,-120.5646477309,0.0
3692,-44.7170224,169.2163572,-44.7170224,169.2163572,0.0
3693,7.1255588764045,125.63252134332,7.1255588764045,125.63252134332,0.0
3694,-37.344516394739,-59.12804800415,-37.344516394739,-59.12804800415,0.0
3695,36.981088598293,-121.38227982458,36.981088598293,-121.38227982458,0.0
3696,7.1201330822604,125.62255711588,7.1201330822604,125.62255711588,0.0
3697,-5.5189177777778,80.841740833333,-5.5189177777778,80.841740833333,0.0
3698,16.1824353394,-0.6197813288,16.1824353394,-0.6197813288,0.0
3699,25.2755101,93.2677594,25.2755101,93.2677594,0.0
3700,-45.5724956,167.7070347,-45.5724956,167.7070347,0.0
3701,25.280988,92.9818912,25.280988,92.9818912,0.0
3702,37.067318055556,-120.43719305556,37.067318055556,-120.43719305556,0.0
3703,37.017986668729,-120.8366077131,37.017986668729,-120.8366077131,0.0
3704,7.0879285488889,125.57122483333,7.0879285488889,125.57122483333,0.0
3705,35.24802,-97.486481,35.24802,-97.486481,0.0
3706,25.4049234,93.0594961,25.4049234,93.0594961,0.0
3707,25.3112339,93.3173785,25.3112339,93.3173785,0.0
3708,-44.695962085629,169.13298598862,-44.695962085629,169.13298598862,0.0
3709,-0.3823472,42.4966454,-0.3823472,42.4966454,0.0
3710,12.058009430764,21.622077701612,12.058009430764,21.622077701612,0.0
3711,35.155870899999,-94.6728168,35.155870899999,-94.6728168,0.0
3712,-4.1143268589849,-12.30203210819,-4.1143268589849,-12.30203210819,0.0
3713,36.97636515285,-121.88510221286,36.97636515285,-121.88510221286,0.0
3714,-32.649951475333,134.76852294283,-32.649951475333,134.76852294283,0.0
3715,-17.809461599972,178.7220628,-17.809461599972,178.7220628,0.0
3716,-23.253570600002,43.629361300076,-23.253570600002,43.629361300076,0.0
3717,25.4232859,92.9998359,25.4232859,92.9998359,0.0
3718,31.920515,118.6675673,31.920515,118.6675673,0.0
3719,35.2441572,-91.7363672,35.2441572,-91.7363672,0.0
3720,-23.21344182,-54.211324,-23.21344182,-54.211324,0.0
3721,-20.932073427778,55.542114486111,-20.932073427778,55.542114486111,0.0
3722,25.7155218,94.1071411,25.7155218,94.1071411,0.0
3723,7.068119219716,125.60922194027,7.068119219716,125.60922194027,0.0
3724,7.6629885666667,58.935177946667,7.6629885666667,58.935177946667,0.0
3725,12.495994932432,-69.932530674847,12.495994932432,-69.932530674847,0.0
3726,27.3604416,99.964780399972,27.3604416,99.964780399972,0.0
3727,25.3136186,93.0958532,25.3136186,93.0958532,0.0
3728,25.3091667,93.1316825,25.3091667,93.1316825,0.0
3729,-23.7382725,-67.7934826,-23.7382725,-67.7934826,0.0
3730,7.138725005,125.64932736,7.138725005,125.64932736,0.0
3731,36.977121150078,-121.87285502276,36.977121150078,-121.87285502276,0.0
3732,7.1621640125,125.63093881667,7.1621640125,125.63093881667,0.0
3733,25.3600555,93.2506145,25.3600555,93.2506145,0.0
3734,24.9150988,72.2752609,24.9150988,72.2752609,0.0
3735,5.6175725438889,-0.24607457194444,5.6175725438889,-0.24607457194444,0.0
3736,-20.926342945,55.525936193833,-20.926342945,55.525936193833,0.0
3737,-77.8464606,166.6686199,-77.8464606,166.6686199,0.0
3738,0.42570429997222,108.94632479997,0.42570429997222,108.94632479997,0.0
3739,5.1028069000018,-1.2639977000027,5.1028069000018,-1.2639977000027,0.0
3740,36.981581388889,-120.55901,36.981581388889,-120.55901,0.0
3741,39.480827932808,-12.298261441382,39.480827932808,-12.298261441382,0.0
3742,40.2779877802,-11.7933163833,40.2779877802,-11.7933163833,0.0
3743,-29.040711196587,167.95824352008,-29.040711196587,167.95824352008,0.0
3744,-20.935920797222,55.541530322222,-20.935920797222,55.541530322222,0.0
3745,25.3523286,93.1481495,25.3523286,93.1481495,0.0
3746,5.3686298999979,163.0158901,5.3686298999979,163.0158901,0.0
3747,25.3930114,93.39181715089904,25.3930114,93.39181715089904,0.0
3748,26.273519544285,93.131098860765,26.273519544285,93.131098860765,0.0
3749,36.95254780003,-120.51532591315,36.95254780003,-120.51532591315,0.0
3750,26.6998528,78.3684028,26.6998528,78.3684028,0.0
3751,36.976785351581,-120.59051168527,36.976785351581,-120.59051168527,0.0
3752,18.30471675998,42.727510250103,18.30471675998,42.727510250103,0.0
3753,-5.0137627777777,80.743470833333,-5.0137627777777,80.743470833333,0.0
3754,12.24918031973,-69.051446107506,12.24918031973,-69.051446107506,0.0
3755,24.3238452,72.8602915,24.3238452,72.8602915,0.0
3756,25.3447644,93.3717899,25.3447644,93.3717899,0.0
3757,12.492853865722,-69.925113887312,12.492853865722,-69.925113887312,0.0
3758,25.3882399,92.9833398,25.3882399,92.9833398,0.0
3759,36.977068055556,-121.90567638889,36.977068055556,-121.90567638889,0.0
3760,23.4685053,-75.7174064,23.4685053,-75.7174064,0.0
3761,-2.227127,-80.91759,-2.227127,-80.91759,0.0
3762,-35.128744195587,150.07251407355,-35.128744195587,150.07251407355,0.0
3763,25.2850653,93.2914635,25.2850653,93.2914635,0.0
3764,31.6432941,118.9916677,31.6432941,118.9916677,0.0
3765,38.08276143037,-46.511597865016,38.08276143037,-46.511597865016,0.0
3766,-11.273354954312,24.985066218172,-11.273354954312,24.985066218172,0.0
3767,2.8053274378207,23.870960762747,2.8053274378207,23.870960762747,0.0
3768,25.2634273,93.2088223,25.2634273,93.2088223,0.0
3769,-23.2785111,-55.5326917,-23.2785111,-55.5326917,0.0
3770,25.2789469,93.2423345,25.2789469,93.2423345,0.0
3771,7.1114000608333,125.60980477083,7.1114000608333,125.60980477083,0.0
3772,-52.253354283179,-68.934351626277,-52.253354283179,-68.934351626277,0.0
3773,-29.04117264708,167.96237675312,-29.04117264708,167.96237675312,0.0
3774,25.4326739,92.7426557,25.4326739,92.7426557,0.0
3775,-19.0467370835,72.5752975,-19.0467370835,72.5752975,0.0
3776,13.62038550904,69.030255963277,13.62038550904,69.030255963277,0.0
3777,36.972621506828,-121.82026427632,36.972621506828,-121.82026427632,0.0
3778,37.05678259026,-121.02413686004,37.05678259026,-121.02413686004,0.0
3779,10.940413399998,-68.278404,10.940413399998,-68.278404,0.0
3780,14.691149900003,-17.470594599998,14.691149900003,-17.470594599998,0.0
3781,-6.2901198,176.31460999997,-6.2901198,176.31460999997,0.0
3782,-20.9198452,55.5284266,-20.9198452,55.5284266,0.0
3783,25.3166617,93.0663941,25.3166617,93.0663941,0.0
3784,-23.0383019,-50.1925433,-23.0383019,-50.1925433,0.0
3785,-13.331731644456,24.844191337131,-13.331731644456,24.844191337131,0.0
3786,-36.888761609382,15.852724163759,-36.888761609382,15.852724163759,0.0
3787,30.548556522674,-81.81868342931,30.548556522674,-81.81868342931,0.0
3788,-23.9676955,-65.4588478,-23.9676955,-65.4588478,0.0
3789,5.3687306348963,162.98963057657,5.3687306348963,162.98963057657,0.0
3790,7.0754853659148,125.61097763033,7.0754853659148,125.61097763033,0.0
3791,37.017913055556,-120.54519805556,37.017913055556,-120.54519805556,0.0
3792,25.4281438,93.3166783,25.4281438,93.3166783,0.0
3793,15.1216634,14.912112047037,15.1216634,14.912112047037,0.0
3794,30.5845798064,-81.831409312,30.5845798064,-81.831409312,0.0
3795,12.527264622042,21.716979537162,12.527264622042,21.716979537162,0.0
3796,-21.2062368,-159.7921124,-21.2062368,-159.7921124,0.0
3797,14.8109518,5.832023,14.8109518,5.832023,0.0
3798,36.97789177956,-121.88490511809,36.97789177956,-121.88490511809,0.0
3799,30.5007658994,-81.7899612692,30.5007658994,-81.7899612692,0.0
3800,7.1111036666667,125.64985484667,7.1111036666667,125.64985484667,0.0
3801,25.2657001,93.1901973,25.2657001,93.1901973,0.0
3802,7.1131111716738,125.62093714735,7.1131111716738,125.62093714735,0.0
3803,36.982054430194,-120.51040460275,36.982054430194,-120.51040460275,0.0
3804,-20.921701077778,55.536390044444,-20.921701077778,55.536390044444,0.0
3805,7.1795073778383,125.64391657993,7.1795073778383,125.64391657993,0.0
3806,12.210986469865,-68.997885262273,12.210986469865,-68.997885262273,0.0
3807,25.6512483,94.021443,25.6512483,94.021443,0.0
3808,36.952360591706,-120.530108566,36.952360591706,-120.530108566,0.0
3809,5.2698238483667,162.97713537546,5.2698238483667,162.97713537546,0.0
3810,0.33742999999998,108.96391442865,0.33742999999998,108.96391442865,0.0
3811,36.981375077394,-121.90781822665,36.981375077394,-121.90781822665,0.0
3812,30.6547162523,-81.8769828617,30.6547162523,-81.8769828617,0.0
3813,25.4588798,93.3888851,25.4588798,93.3888851,0.0
3814,-23.4123361,-57.448175,-23.4123361,-57.448175,0.0
3815,-45.920304278665,170.41144058969,-45.920304278665,170.41144058969,0.0
3816,25.325154,93.059755,25.325154,93.059755,0.0
3817,24.527093576417,43.601311831799,24.527093576417,43.601311831799,0.0
3818,12.247684887665,-69.036460553304,12.247684887665,-69.036460553304,0.0
3819,25.3194171,93.0187313,25.3194171,93.0187313,0.0
3820,36.97365651474,-121.74154825089,36.97365651474,-121.74154825089,0.0
3821,36.984481043259,-120.52721869947,36.984481043259,-120.52721869947,0.0
3822,22.585223557875,131.76154777249,22.585223557875,131.76154777249,0.0
3823,33.103692833306,-8.1914285,33.103692833306,-8.1914285,0.0
3824,-2.228743,-80.926077,-2.228743,-80.926077,0.0
3825,12.230441138338,-69.026345755884,12.230441138338,-69.026345755884,0.0
3826,26.16823147127,91.764938384435,26.16823147127,91.764938384435,0.0
3827,12.370033286732,-69.152463065173,12.370033286732,-69.152463065173,0.0
3828,32.014828327425,118.7772398353,32.014828327425,118.7772398353,0.0
3829,-23.043791666667,-50.81515,-23.043791666667,-50.81515,0.0
3830,23.78156,-110.135434,23.78156,-110.135434,0.0
3831,-54.619952777778,-67.414733333333,-54.619952777778,-67.414733333333,0.0
3832,9.953613303532109,12.037215294097493,9.953613303532109,12.037215294097493,0.0
3833,7.0518755461847,125.55510891968,7.0518755461847,125.55510891968,0.0
3834,12.205291620007,-68.990656209987,12.205291620007,-68.990656209987,0.0
3835,12.231238899215,-69.027442799462,12.231238899215,-69.027442799462,0.0
3836,7.1329604785408,125.66170162446,7.1329604785408,125.66170162446,0.0
3837,26.7210389,78.375975,26.7210389,78.375975,0.0
3838,-23.0375525,-54.191813243333,-23.0375525,-54.191813243333,0.0
3839,-51.834501420538,-58.289354898405,-51.834501420538,-58.289354898405,0.0
3840,37.056946260434,-120.82693593522,37.056946260434,-120.82693593522,0.0
3841,35.219562697718,-97.487441509363,35.219562697718,-97.487441509363,0.0
3842,7.053749825,125.598471035,7.053749825,125.598471035,0.0
3843,25.3423455,91.8895624,25.3423455,91.8895624,0.0
3844,5.1076762246475,-1.2524351662492,5.1076762246475,-1.2524351662492,0.0
3845,-2.226944,-80.936413,-2.226944,-80.936413,0.0
3846,26.5286556,78.7752389,26.5286556,78.7752389,0.0
3847,7.0736910658083,125.5733867103,7.0736910658083,125.5733867103,0.0
3848,7.0690269594595,125.60204793393,7.0690269594595,125.60204793393,0.0
3849,25.2980781,93.1418133,25.2980781,93.1418133,0.0
3850,12.245036346108,-69.061529196407,12.245036346108,-69.061529196407,0.0
3851,7.0804618455949,125.57460410854,7.0804618455949,125.57460410854,0.0
3852,31.6412511,118.9802625,31.6412511,118.9802625,0.0
3853,27.401689999972,153.07596,27.401689999972,153.07596,0.0
3854,-23.3103275,43.6594732,-23.3103275,43.6594732,0.0
3855,25.4089238,92.8557208,25.4089238,92.8557208,0.0
3856,7.0949408666667,125.62633981333,7.0949408666667,125.62633981333,0.0
3857,25.3600378,93.2223175,25.3600378,93.2223175,0.0
3858,25.3547247,93.1688585,25.3547247,93.1688585,0.0
3859,30.6284458901,-81.8512189731,30.6284458901,-81.8512189731,0.0
3860,7.0837750233333,125.59568502667,7.0837750233333,125.59568502667,0.0
3861,10.165262866667,69.5354492,10.165262866667,69.5354492,0.0
3862,-20.937348252778,55.525320741667,-20.937348252778,55.525320741667,0.0
3863,-21.204836,-159.7856135,-21.204836,-159.7856135,0.0
3864,12.272908223201,-69.063698921746,12.272908223201,-69.063698921746,0.0
3865,-44.7037852,169.1492785,-44.7037852,169.1492785,0.0
3866,25.4716806,93.3792502,25.4716806,93.3792502,0.0
3867,-4.4893256,145.4218194,-4.4893256,145.4218194,0.0
3868,35.2277986,-91.7083128,35.2277986,-91.7083128,0.0
3869,26.1215345,91.7871537,26.1215345,91.7871537,0.0
3870,13.2568357,144.6769562,13.2568357,144.6769562,0.0
3871,35.2242878,-91.7413514,35.2242878,-91.7413514,0.0
3872,14.6607279,-17.44161631,14.6607279,-17.44161631,0.0
3873,25.13812028662,55.427160639437,25.13812028662,55.427160639437,0.0
3874,7.0644814433333,125.6070861225,7.0644814433333,125.6070861225,0.0
3875,7.065585582756,125.61355146382,7.065585582756,125.61355146382,0.0
3876,6.3988614,125.2295224,6.3988614,125.2295224,0.0
3877,25.1371568,93.0194201,25.1371568,93.0194201,0.0
3878,-33.78272263875,121.78755508225,-33.78272263875,121.78755508225,0.0
3879,25.2563295,93.0035318,25.2563295,93.0035318,0.0
3880,25.6540875,94.0182227,25.6540875,94.0182227,0.0
3881,25.4093448,92.8311402,25.4093448,92.8311402,0.0
3882,25.3348686,93.0593641,25.3348686,93.0593641,0.0
3883,32.482235299998,119.9404053,32.482235299998,119.9404053,0.0
3884,25.3382871,93.3639343,25.3382871,93.3639343,0.0
3885,-15.314032333182,-70.216872313636,-15.314032333182,-70.216872313636,0.0
3886,0.0,-180.0,0.0,-180.0,0.0
3887,-20.3502867,-70.1619382,-20.3502867,-70.1619382,0.0
3888,26.939457,95.2482529,26.939457,95.2482529,0.0
3889,25.2746007,93.2707274,25.2746007,93.2707274,0.0
3890,24.6279222,77.2239417,24.6279222,77.2239417,0.0
3891,-23.5763127,-65.3974436,-23.5763127,-65.3974436,0.0
3892,-32.411095995338,134.44192829254,-32.411095995338,134.44192829254,0.0
3893,-15.181928353753,-70.357098071418,-15.181928353753,-70.357098071418,0.0
3894,31.9187383,118.6654347,31.9187383,118.6654347,0.0
3895,24.7408597,72.208908,24.7408597,72.208908,0.0
3896,-23.571215363172,-70.380314870283,-23.571215363172,-70.380314870283,0.0
3897,25.135505,55.443678,25.135505,55.443678,0.0
3898,-20.9235712229,55.5291107993,-20.9235712229,55.5291107993,0.0
3899,24.6097293,72.5091502,24.6097293,72.5091502,0.0
3900,-23.399413888889,-57.441466666667,-23.399413888889,-57.441466666667,0.0
3901,-23.52144943,44.32332319,-23.52144943,44.32332319,0.0
3902,-15.478115688,145.258310696,-15.478115688,145.258310696,0.0
3903,25.912048300002,91.8769488,25.912048300002,91.8769488,0.0
3904,-37.151809664469,139.80956015468,-37.151809664469,139.80956015468,0.0
3905,5.2240501,5.8345000999722,5.2240501,5.8345000999722,0.0
3906,-22.938138892371,-54.10042757088,-22.938138892371,-54.10042757088,0.0
3907,-20.935441541667,55.532459711111,-20.935441541667,55.532459711111,0.0
3908,-63.890316,-57.593372333333,-63.890316,-57.593372333333,0.0
3909,-33.424931,1.6e-05,-33.424931,1.6e-05,0.0
3910,32.429022,117.497986,32.429022,117.497986,0.0
3911,-20.926957552778,55.520573986111,-20.926957552778,55.520573986111,0.0
3912,-15.421932135737,-70.145574597276,-15.421932135737,-70.145574597276,0.0
3913,27.945975,179.8463067,27.945975,179.8463067,0.0
3914,-20.925073486111,55.51792665,-20.925073486111,55.51792665,0.0
3915,15.167260463795,120.57198416479,15.167260463795,120.57198416479,0.0
3916,7.0750212,125.7068059,7.0750212,125.7068059,0.0
3917,24.0649878,90.2153835,24.0649878,90.2153835,0.0
3918,0.0,0.0,0.0,0.0,0.0
3919,25.2649047,93.2097398,25.2649047,93.2097398,0.0
3920,26.1708873,91.7555083,26.1708873,91.7555083,0.0
3921,-20.641895700001,-70.1807164,-20.641895700001,-70.1807164,0.0
3922,7.0604694999722,125.58789179997,7.0604694999722,125.58789179997,0.0
3923,-13.090814501309,25.265801853676,-13.090814501309,25.265801853676,0.0
3924,6.0623225363333,121.02501228033,6.0623225363333,121.02501228033,0.0
3925,-23.4139056,-57.4391639,-23.4139056,-57.4391639,0.0
3926,-23.0355615,-50.1952967,-23.0355615,-50.1952967,0.0
3927,6.6438383,125.3204084,6.6438383,125.3204084,0.0
3928,-67.572003333333,-68.129756666667,-67.572003333333,-68.129756666667,0.0
3929,-23.414630555556,-57.447038611111,-23.414630555556,-57.447038611111,0.0
3930,-29.050939339036,167.97615698799,-29.050939339036,167.97615698799,0.0
3931,15.1669291175,120.56863418333,15.1669291175,120.56863418333,0.0
3932,34.034012812066,-109.91828271207,34.034012812066,-109.91828271207,0.0
3933,-23.8453289866,29.3964301888,-23.8453289866,29.3964301888,0.0
3934,7.0880320938889,125.57079373833,7.0880320938889,125.57079373833,0.0
3935,-20.925321008509,55.519126762095,-20.925321008509,55.519126762095,0.0
3936,-27.092759684074,-109.3809288,-27.092759684074,-109.3809288,0.0
3937,7.07549656,125.61956604083,7.07549656,125.61956604083,0.0
3938,7.0856918,171.372668,7.0856918,171.372668,0.0
3939,-23.040694444444,-50.814330555556,-23.040694444444,-50.814330555556,0.0
3940,-36.581907017867,150.01136401257,-36.581907017867,150.01136401257,0.0
3941,26.5324111,78.7645889,26.5324111,78.7645889,0.0
3942,13.582127159628,144.85558587899,13.582127159628,144.85558587899,0.0
3943,38.07065375479,-49.88822888945,38.07065375479,-49.88822888945,0.0
3944,7.1479132,171.0312732,7.1479132,171.0312732,0.0
3945,33.976059291625,-109.84228854801,33.976059291625,-109.84228854801,0.0
3946,-22.998853093333,-54.190272333333,-22.998853093333,-54.190272333333,0.0
3947,30.5664857,-81.8335613,30.5664857,-81.8335613,0.0
3948,10.3579193,50.1804859,10.3579193,50.1804859,0.0
3949,5.1045711,-1.2507924,5.1045711,-1.2507924,0.0
3950,-23.4143833,-57.4397803,-23.4143833,-57.4397803,0.0
3951,-6.7918987428571,155.715277325,-6.7918987428571,155.715277325,0.0
3952,-33.727932195276,121.62311758766,-33.727932195276,121.62311758766,0.0
3953,13.4772331,144.7495761,13.4772331,144.7495761,0.0
3954,-22.927298533333,-54.49202541,-22.927298533333,-54.49202541,0.0
3955,35.2332,-91.7521139,35.2332,-91.7521139,0.0
3956,14.698402199998,-17.471813,14.698402199998,-17.471813,0.0
3957,15.6658955,80.1679584,15.6658955,80.1679584,0.0
3958,34.713293374876,10.401528527607,34.713293374876,10.401528527607,0.0
3959,13.3018966,144.6592716,13.3018966,144.6592716,0.0
3960,0.0402638,109.23685559997,0.0402638,109.23685559997,0.0
3961,37.028234782338,-122.03940141747,37.028234782338,-122.03940141747,0.0
3962,24.6242810413,-76.1555572227,24.6242810413,-76.1555572227,0.0
3963,-4.9660237486415,-14.860836405578,-4.9660237486415,-14.860836405578,0.0
3964,-23.56334053464,-70.390960173433,-23.56334053464,-70.390960173433,0.0
3965,-23.558376369718,-70.395132606554,-23.558376369718,-70.395132606554,0.0
3966,-20.220628126238,-70.151591808016,-20.220628126238,-70.151591808016,0.0
3967,37.066491897,-121.978849293,37.066491897,-121.978849293,0.0
3968,-23.8555868436,29.3859861698,-23.8555868436,29.3859861698,0.0
3969,35.2294831,-91.7071078,35.2294831,-91.7071078,0.0
3970,-23.571073805763,-70.390846289529,-23.571073805763,-70.390846289529,0.0
3971,-22.647627,-152.8052988,-22.647627,-152.8052988,0.0
3972,31.6528539,119.0112359,31.6528539,119.0112359,0.0
3973,-22.764423399907,43.6199496,-22.764423399907,43.6199496,0.0
3974,30.551521164488,-81.820821426009,30.551521164488,-81.820821426009,0.0
3975,-23.782973299998,29.529656299998,-23.782973299998,29.529656299998,0.0
3976,-23.3930056,-57.4462111,-23.3930056,-57.4462111,0.0
3977,-15.008608190692,-70.389367592033,-15.008608190692,-70.389367592033,0.0
3978,-20.287733283165,-70.104071039764,-20.287733283165,-70.104071039764,0.0
3979,-23.560040727888,-70.391096666177,-23.560040727888,-70.391096666177,0.0
3980,22.656196830701,131.32812374948,22.656196830701,131.32812374948,0.0
3981,-15.8243648347,-70.031711742615,-15.8243648347,-70.031711742615,0.0
3982,-35.514926755141,-32.608901750955,-35.514926755141,-32.608901750955,0.0
3983,-16.1471696,-38.9626693,-16.1471696,-38.9626693,0.0
3984,32.3806630634,-64.6806394961,32.3806630634,-64.6806394961,0.0
3985,0.069073902352942,0.40729383686275,0.069073902352942,0.40729383686275,0.0
3986,15.1498291,15.875706119097,15.1498291,15.875706119097,0.0
3987,31.7885523,118.9671274,31.7885523,118.9671274,0.0
3988,-15.369837329167,-70.168149754167,-15.369837329167,-70.168149754167,0.0
3989,-18.470601977905,-70.286741497878,-18.470601977905,-70.286741497878,0.0
3990,-23.406016666667,-57.444983333333,-23.406016666667,-57.444983333333,0.0
3991,-35.300490399249,-32.584973069108,-35.300490399249,-32.584973069108,0.0
3992,12.321931168508,-69.141650769924,12.321931168508,-69.141650769924,0.0
3993,-5.7986751689082,-17.338313303206,-5.7986751689082,-17.338313303206,0.0
3994,35.2496608,-91.7404781,35.2496608,-91.7404781,0.0
3995,12.161697961671,-69.003645183009,12.161697961671,-69.003645183009,0.0
3996,30.553558333333,-81.792669444444,30.553558333333,-81.792669444444,0.0
3997,-9.4572040523428,160.15096300499,-9.4572040523428,160.15096300499,0.0
3998,-43.7440258,-176.2740508,-43.7440258,-176.2740508,0.0
3999,-23.565639902373,-70.388394456949,-23.565639902373,-70.388394456949,0.0
4000,-23.3958222,-57.452475,-23.3958222,-57.452475,0.0
4001,-23.586493443549,-70.390179361763,-23.586493443549,-70.390179361763,0.0
4002,-23.590816135033,-70.39110581451,-23.590816135033,-70.39110581451,0.0
4003,-7.1168608027612,-21.279750760175,-7.1168608027612,-21.279750760175,0.0
4004,-9.4246195533333,147.40237422278,-9.4246195533333,147.40237422278,0.0
4005,35.2479181,-91.7542314,35.2479181,-91.7542314,0.0
4006,-16.286269999972,-39.023334099972,-16.286269999972,-39.023334099972,0.0
4007,0.83739966057936,73.40948160929,0.83739966057936,73.40948160929,0.0
4008,26.1970408,-98.296833447177,26.1970408,-98.296833447177,0.0
4009,34.004307676484,-109.75577028998,34.004307676484,-109.75577028998,0.0
4010,-43.7469653,-176.3705522,-43.7469653,-176.3705522,0.0
4011,26.6971583,78.4120694,26.6971583,78.4120694,0.0
4012,36.995491388889,-120.57239972222,36.995491388889,-120.57239972222,0.0
4013,31.6356593,118.9743126,31.6356593,118.9743126,0.0
4014,35.2305339,-91.7922503,35.2305339,-91.7922503,0.0
4015,35.2479511,-91.7119647,35.2479511,-91.7119647,0.0
4016,32.385124499,-64.676198177,32.385124499,-64.676198177,0.0
4017,-14.88893538567,50.272758142679,-14.88893538567,50.272758142679,0.0
4018,-8.070801,-79.04564,-8.070801,-79.04564,0.0
4019,-8.066857,-79.045182,-8.066857,-79.045182,0.0
4020,-1.0169444444444,-1.0169444444444,-1.0169444444444,-1.0169444444444,0.0
4021,3.6186697191667,26.159031058472,3.6186697191667,26.159031058472,0.0
4022,35.107224820163,-90.581351962905,35.107224820163,-90.581351962905,0.0
4023,19.883200411511,41.330940328896,19.883200411511,41.330940328896,0.0
4024,-32.56772407688,134.28587637006,-32.56772407688,134.28587637006,0.0
4025,35.2408992,-91.7341764,35.2408992,-91.7341764,0.0
4026,-35.123715475833,150.07969206267,-35.123715475833,150.07969206267,0.0
4027,37.090186114361,-121.11680966477,37.090186114361,-121.11680966477,0.0
4028,-9.4410074517065,160.0845352359,-9.4410074517065,160.0845352359,0.0
4029,37.000910975,-121.57499341667,37.000910975,-121.57499341667,0.0
4030,-8.067898,-79.034266,-8.067898,-79.034266,0.0
4031,-16.812569535081,179.28838025985,-16.812569535081,179.28838025985,0.0
4032,-44.67882686,169.16112362,-44.67882686,169.16112362,0.0
4033,-32.755375500998,134.6393113024,-32.755375500998,134.6393113024,0.0
4034,38.08016692846,-47.235161655966,38.08016692846,-47.235161655966,0.0
4035,27.945975,179.8463067,27.945975,179.8463067,0.0
4036,35.22046490067,-97.486467713552,35.22046490067,-97.486467713552,0.0
4037,-67.568213333333,-68.123738333333,-67.568213333333,-68.123738333333,0.0
4038,31.043770300001,28.4152128,31.043770300001,28.4152128,0.0
4039,-6.7526764401735,155.69334267742,-6.7526764401735,155.69334267742,0.0
4040,34.07481252,-109.86306175,34.07481252,-109.86306175,0.0
4041,-4.1604967901786,138.98135080357,-4.1604967901786,138.98135080357,0.0
4042,18.066656731996,-15.916271306419,18.066656731996,-15.916271306419,0.0
4043,-6.8045285989418,155.7204090173,-6.8045285989418,155.7204090173,0.0
4044,-9.4389507589219,160.10443376208,-9.4389507589219,160.10443376208,0.0
4045,-43.742728400528,-176.34191538226,-43.742728400528,-176.34191538226,0.0
4046,14.6926512,-17.473915,14.6926512,-17.473915,0.0
4047,33.998344373957,-109.74997060835,33.998344373957,-109.74997060835,0.0
4048,35.2350278,-91.7735594,35.2350278,-91.7735594,0.0
4049,26.277415561404,-98.169476010397,26.277415561404,-98.169476010397,0.0
4050,36.97479085287,-121.82391601563,36.97479085287,-121.82391601563,0.0
4051,37.030175426489,-121.7851112805,37.030175426489,-121.7851112805,0.0
4052,31.80736,118.575217,31.80736,118.575217,0.0
4053,35.227797556958,-93.97266573631,35.227797556958,-93.97266573631,0.0
4054,-37.183538639396,150.01135792412,-37.183538639396,150.01135792412,0.0
4055,-13.6405892,50.018783,-13.6405892,50.018783,0.0
4056,23.5022494,-75.7697986,23.5022494,-75.7697986,0.0
4057,14.703587571578,-17.47459478092,14.703587571578,-17.47459478092,0.0
4058,37.076209722222,-120.43562305556,37.076209722222,-120.43562305556,0.0
4059,-29.041301789473,167.96368911841,-29.041301789473,167.96368911841,0.0
4060,-13.208537578583,136.89821052551,-13.208537578583,136.89821052551,0.0
4061,-6.7276256,155.6349232,-6.7276256,155.6349232,0.0
4062,36.95247018536,-120.55000004131,36.95247018536,-120.55000004131,0.0
4063,-4.5752210481667,-55.927467816833,-4.5752210481667,-55.927467816833,0.0
4064,-33.872090307463,121.8909173393,-33.872090307463,121.8909173393,0.0
4065,-67.569901666667,-68.127576666667,-67.569901666667,-68.127576666667,0.0
4066,-5.9676139918495,24.73725271348,-5.9676139918495,24.73725271348,0.0
4067,-37.259337797469,150.04807442732,-37.259337797469,150.04807442732,0.0
4068,35.2310642,-91.7073739,35.2310642,-91.7073739,0.0
4069,31.9341452,118.8751311,31.9341452,118.8751311,0.0
4070,-36.772232825823,-59.816982758126,-36.772232825823,-59.816982758126,0.0
4071,31.6828015,119.0130086,31.6828015,119.0130086,0.0
4072,-32.736462167667,134.77828921533,-32.736462167667,134.77828921533,0.0
4073,35.189633577655,-97.488549482612,35.189633577655,-97.488549482612,0.0
4074,-37.337603839149,-59.11456033593,-37.337603839149,-59.11456033593,0.0
4075,35.2398986,-91.6954422,35.2398986,-91.6954422,0.0
4076,-14.1439936,50.045943399998,-14.1439936,50.045943399998,0.0
4077,1.6361229252174,0.90355836695652,1.6361229252174,0.90355836695652,0.0
4078,26.6893472,78.3958639,26.6893472,78.3958639,0.0
4079,35.2504164,-91.7703903,35.2504164,-91.7703903,0.0
4080,-33.816979316017,121.83648421212,-33.816979316017,121.83648421212,0.0
4081,-44.7031091,169.1481888,-44.7031091,169.1481888,0.0
4082,31.6465925,119.0242493,31.6465925,119.0242493,0.0
4083,37.011661045288,-121.57085018244,37.011661045288,-121.57085018244,0.0
4084,-8.0712174999722,-79.0059901,-8.0712174999722,-79.0059901,0.0
4085,35.226255,-97.481417,35.226255,-97.481417,0.0
4086,37.090726152727,-120.45512997131,37.090726152727,-120.45512997131,0.0
4087,-32.748654594174,134.51427916104,-32.748654594174,134.51427916104,0.0
4088,-0.54164259726368,166.94750134861,-0.54164259726368,166.94750134861,0.0
4089,25.5026362,45.9983265,25.5026362,45.9983265,0.0
4090,-17.59760865,178.25153416,-17.59760865,178.25153416,0.0
4091,34.030460508788,-109.86925833747,34.030460508788,-109.86925833747,0.0
4092,-28.94679311032,-39.300779446802,-28.94679311032,-39.300779446802,0.0
4093,35.2442944,-91.7050972,35.2442944,-91.7050972,0.0
4094,37.027611319848,-122.02449014476,37.027611319848,-122.02449014476,0.0
4095,42.559008333333,-82.163377777778,42.559008333333,-82.163377777778,0.0
4096,-37.184693828776,150.01516515336,-37.184693828776,150.01516515336,0.0
4097,24.0233815,90.2885848,24.0233815,90.2885848,0.0
4098,16.101831899999,168.1416249,16.101831899999,168.1416249,0.0
4099,26.209431271543,-78.126289797348,26.209431271543,-78.126289797348,0.0
4100,-0.54199540552028,166.9137656537,-0.54199540552028,166.9137656537,0.0
4101,42.582188888889,-82.397625,42.582188888889,-82.397625,0.0
4102,-33.862253267504,121.89370373769,-33.862253267504,121.89370373769,0.0
4103,35.186269101101,-97.490938954052,35.186269101101,-97.490938954052,0.0
4104,9.1242454097363,5.8018835221095,9.1242454097363,5.8018835221095,0.0
4105,14.772873333333,5.8224316666667,14.772873333333,5.8224316666667,0.0
4106,44.2931784,-105.2407044,44.2931784,-105.2407044,0.0
4107,44.115067870137,-103.42558429996,44.115067870137,-103.42558429996,0.0
4108,34.2564945,134.67930659983,34.2564945,134.67930659983,0.0
4109,42.540702777778,-82.166966666667,42.540702777778,-82.166966666667,0.0
4110,24.9723433,-76.1836061,24.9723433,-76.1836061,0.0
4111,44.7490122,-107.1299929,44.7490122,-107.1299929,0.0
4112,5.368861,163.0145351,5.368861,163.0145351,0.0
4113,-29.052318386846,167.97942947511,-29.052318386846,167.97942947511,0.0
4114,42.5446025832,-82.8784473376,42.5446025832,-82.8784473376,0.0
4115,42.420508663556,-82.943127834222,42.420508663556,-82.943127834222,0.0
4116,-36.507694,1.5041827707184458e+18,-36.507694,1.5041827707184458e+18,0.0
4117,42.4280214,-82.9579972,42.4280214,-82.9579972,0.0
4118,42.555339008167,-82.899637036833,42.555339008167,-82.899637036833,0.0
4119,42.418363628667,-82.954365201139,42.418363628667,-82.954365201139,0.0
4120,42.4632740004,-82.8990323465,42.4632740004,-82.8990323465,0.0
4121,42.404765592778,-82.964413005444,42.404765592778,-82.964413005444,0.0
4122,25.3810067,49.2165426,25.3810067,49.2165426,0.0
4123,36.990348208518,-121.38367353548,36.990348208518,-121.38367353548,0.0
4124,42.4204442,-82.9833808,42.4204442,-82.9833808,0.0
4125,42.433958487778,-82.951999010861,42.433958487778,-82.951999010861,0.0
4126,31.191734899999,27.4662472,31.191734899999,27.4662472,0.0
4127,-37.3154539,-59.1004386,-37.3154539,-59.1004386,0.0
4128,42.4422868,-82.984493,42.4422868,-82.984493,0.0
4129,42.538955999972,-82.950924498528,42.538955999972,-82.950924498528,0.0
4130,-37.318478,-59.0963849,-37.318478,-59.0963849,0.0
4131,32.3695520125,-64.6531316824,32.3695520125,-64.6531316824,0.0
4132,18.428482819133,-77.947127215167,18.428482819133,-77.947127215167,0.0
4133,-43.7422528,-176.4825608,-43.7422528,-176.4825608,0.0
4134,7.3917733119792,51.936923922812,7.3917733119792,51.936923922812,0.0
4135,42.582255555556,-82.400016666667,42.582255555556,-82.400016666667,0.0
4136,42.4336654,-82.9850232,42.4336654,-82.9850232,0.0
4137,-44.6849824,169.1789408,-44.6849824,169.1789408,0.0
4138,42.427185833333,-82.962631388889,42.427185833333,-82.962631388889,0.0
4139,42.439527158583,-82.919981964389,42.439527158583,-82.919981964389,0.0
4140,44.3258406,-104.5014123,44.3258406,-104.5014123,0.0
4141,42.4092025,-82.9508603,42.4092025,-82.9508603,0.0
4142,44.951627018742,-106.94542961162,44.951627018742,-106.94542961162,0.0
4143,-13.6421535,50.019292,-13.6421535,50.019292,0.0
4144,42.423764899694,-82.928815231472,42.423764899694,-82.928815231472,0.0
4145,42.4134492,-82.9418375,42.4134492,-82.9418375,0.0
4146,42.4086063,-82.986214,42.4086063,-82.986214,0.0
4147,42.4232215275,-82.982395583417,42.4232215275,-82.982395583417,0.0
4148,42.44916,-82.9878408,42.44916,-82.9878408,0.0
4149,44.100744166667,-103.56043194444,44.100744166667,-103.56043194444,0.0
4150,15.1498291,14.850119558485,15.1498291,14.850119558485,0.0
4151,42.418391192278,-82.950761093417,42.418391192278,-82.950761093417,0.0
4152,42.4619029996,-82.9039412602,42.4619029996,-82.9039412602,0.0
4153,24.798166372928,70.20590548813,24.798166372928,70.20590548813,0.0
4154,36.963890064542,-121.39493783947,36.963890064542,-121.39493783947,0.0
4155,42.398054976861,-82.934462702889,42.398054976861,-82.934462702889,0.0
4156,42.4196097,-82.9933259,42.4196097,-82.9933259,0.0
4157,35.2318183,-91.7528503,35.2318183,-91.7528503,0.0
4158,0.0,0.0,0.0,0.0,0.0
4159,42.4205290635,-82.982580119361,42.4205290635,-82.982580119361,0.0
4160,37.025226178891,-121.52581026183,37.025226178891,-121.52581026183,0.0
4161,42.4137269,-82.9502056,42.4137269,-82.9502056,0.0
4162,7.1617182,171.0372813,7.1617182,171.0372813,0.0
4163,42.438713888889,-82.30705,42.438713888889,-82.30705,0.0
4164,35.2487947,-91.7646333,35.2487947,-91.7646333,0.0
4165,34.049497288399,-106.88751138133,34.049497288399,-106.88751138133,0.0
4166,3.2333333,0.0,3.2333333,0.0,0.0
4167,23.9989268,90.3450546,23.9989268,90.3450546,0.0
4168,42.4281331,-82.9566178,42.4281331,-82.9566178,0.0
4169,24.6237,72.738151666667,24.6237,72.738151666667,0.0
4170,42.404793854389,-82.949688956306,42.404793854389,-82.949688956306,0.0
4171,-25.237393956924,45.792114334374,-25.237393956924,45.792114334374,0.0
4172,24.0254894,90.2776186,24.0254894,90.2776186,0.0
4173,0.84596766127437,73.410531649919,0.84596766127437,73.410531649919,0.0
4174,26.3247036,-98.684004299999,26.3247036,-98.684004299999,0.0
4175,-0.30718620734865,73.428749506012,-0.30718620734865,73.428749506012,0.0
4176,-0.54082728994709,166.91226919728,-0.54082728994709,166.91226919728,0.0
4177,24.753031799998,90.431284722222,24.753031799998,90.431284722222,0.0
4178,3.12916112,24.247909606667,3.12916112,24.247909606667,0.0
4179,31.6050187,118.9803758,31.6050187,118.9803758,0.0
4180,-54.854557,-67.470034,-54.854557,-67.470034,0.0
4181,7.22414174,55.38934896,7.22414174,55.38934896,0.0
4182,22.62578815995,131.51544113451,22.62578815995,131.51544113451,0.0
4183,-23.8528642338,29.3917631451,-23.8528642338,29.3917631451,0.0
4184,13.3219156,144.672828,13.3219156,144.672828,0.0
4185,26.6859028,78.4237444,26.6859028,78.4237444,0.0
4186,15.1323222,13.995508835644,15.1323222,13.995508835644,0.0
4187,15.1498291,26.540639210909,15.1498291,26.540639210909,0.0
4188,-32.173762483848,18.86811811111,-32.173762483848,18.86811811111,0.0
4189,-54.441050849906,-36.189440181513,-54.441050849906,-36.189440181513,0.0
4190,-6.2912623999722,176.31476509997,-6.2912623999722,176.31476509997,0.0
4191,0.13015009997222,109.15608299997,0.13015009997222,109.15608299997,0.0
4192,24.615698639364,-76.162467540755,24.615698639364,-76.162467540755,0.0
4193,-0.51582520174603,166.95620431455,-0.51582520174603,166.95620431455,0.0
4194,24.619617454511,-76.146202180062,24.619617454511,-76.146202180062,0.0
4195,4.3806059185217,25.028566764696,4.3806059185217,25.028566764696,0.0
4196,39.436336252833,-31.257877713056,39.436336252833,-31.257877713056,0.0
4197,-23.8630588911,29.3883478548,-23.8630588911,29.3883478548,0.0
4198,27.097247663764,142.1969820469,27.097247663764,142.1969820469,0.0
4199,35.217591,-97.490035,35.217591,-97.490035,0.0
4200,19.714688259253,-79.816401498347,19.714688259253,-79.816401498347,0.0
4201,-18.029367606944,178.53228173194,-18.029367606944,178.53228173194,0.0
4202,25.143212550029,55.470953904992,25.143212550029,55.470953904992,0.0
4203,-23.161310920511,-65.372757308574,-23.161310920511,-65.372757308574,0.0
4204,-33.730276246333,121.643067231,-33.730276246333,121.643067231,0.0
4205,25.145780006367,55.473816990869,25.145780006367,55.473816990869,0.0
4206,31.1937005,27.456618199998,31.1937005,27.456618199998,0.0
4207,-43.7591222,-176.3019122,-43.7591222,-176.3019122,0.0
4208,36.423837191559,-146.71266968411,36.423837191559,-146.71266968411,0.0
4209,31.6403277,118.9962731,31.6403277,118.9962731,0.0
4210,38.07930209449,-47.476349586284,38.07930209449,-47.476349586284,0.0
4211,-3.6243739618598,-10.823159619913,-3.6243739618598,-10.823159619913,0.0
4212,5.2084951,5.8104344,5.2084951,5.8104344,0.0
4213,-23.5050826,-67.9791567,-23.5050826,-67.9791567,0.0
4214,31.6381856,118.9763055,31.6381856,118.9763055,0.0
4215,31.8115263,118.9504438,31.8115263,118.9504438,0.0
4216,14.673430599972,-17.40577,14.673430599972,-17.40577,0.0
4217,-25.213126388474,45.893822200278,-25.213126388474,45.893822200278,0.0
4218,-32.486722054833,134.21540406717,-32.486722054833,134.21540406717,0.0
4219,-0.6914688,-90.3412056,-0.6914688,-90.3412056,0.0
4220,34.051734,-109.544155,34.051734,-109.544155,0.0
4221,5.1552903837778,-52.657792568194,5.1552903837778,-52.657792568194,0.0
4222,4.9117974,-1.7561512,4.9117974,-1.7561512,0.0
4223,-9.3093606,147.2302825,-9.3093606,147.2302825,0.0
4224,-9.2914651254072,147.22820647101,-9.2914651254072,147.22820647101,0.0
4225,-23.0288968,-68.1304279,-23.0288968,-68.1304279,0.0
4226,26.538195,78.7241564,26.538195,78.7241564,0.0
4227,26.50480913,-78.6934325472,26.50480913,-78.6934325472,0.0
4228,26.223051111111,-98.156844722222,26.223051111111,-98.156844722222,0.0
4229,19.71877667434,-79.768504103827,19.71877667434,-79.768504103827,0.0
4230,-23.7091073,-67.8300959,-23.7091073,-67.8300959,0.0
4231,-0.62985139997222,-90.389415499972,-0.62985139997222,-90.389415499972,0.0
4232,18.302639530004,42.71909547,18.302639530004,42.71909547,0.0
4233,24.0391514,90.2541644,24.0391514,90.2541644,0.0
4234,-23.7163065,-67.8087871,-23.7163065,-67.8087871,0.0
4235,-18.046050199972,178.45976759997,-18.046050199972,178.45976759997,0.0
4236,-21.202608,-159.7939877,-21.202608,-159.7939877,0.0
4237,-18.622396896289,-173.94048387495,-18.622396896289,-173.94048387495,0.0
4238,20.230110122869,42.168445163799,20.230110122869,42.168445163799,0.0
4239,-23.8108987268,29.382629469,-23.8108987268,29.382629469,0.0
4240,-23.8477255404,29.3572911434,-23.8477255404,29.3572911434,0.0
4241,26.5060103405,-78.7082446273,26.5060103405,-78.7082446273,0.0
4242,15.12219608,22.14801758,15.12219608,22.14801758,0.0
4243,-14.92177461741,13.497173152877,-14.92177461741,13.497173152877,0.0
4244,3.7109418464768,98.652169904948,3.7109418464768,98.652169904948,0.0
4245,25.3919347,49.5867632,25.3919347,49.5867632,0.0
4246,3.685977663482,98.646617957325,3.685977663482,98.646617957325,0.0
4247,-37.212032780293,150.00975287883,-37.212032780293,150.00975287883,0.0
4248,14.685210513684,-17.468833278458,14.685210513684,-17.468833278458,0.0
4249,-23.8578415755,29.3838375527,-23.8578415755,29.3838375527,0.0
4250,33.516138700002,10.3857115,33.516138700002,10.3857115,0.0
4251,3.7824244491195,98.682284048707,3.7824244491195,98.682284048707,0.0
4252,-22.807553800002,43.610127699997,-22.807553800002,43.610127699997,0.0
4253,-25.215532443186,45.853960401232,-25.215532443186,45.853960401232,0.0
4254,34.671588677745,11.026511141018,34.671588677745,11.026511141018,0.0
4255,-2.227992,-80.935876,-2.227992,-80.935876,0.0
4256,3.7212208949367,98.67905858481,3.7212208949367,98.67905858481,0.0
4257,-35.003681739967,117.86614883217,-35.003681739967,117.86614883217,0.0
4258,18.086228506739,-76.728593872268,18.086228506739,-76.728593872268,0.0
4259,3.6978022710645,98.686420613193,3.6978022710645,98.686420613193,0.0
4260,23.9705137,90.2659653,23.9705137,90.2659653,0.0
4261,3.6627227152482,98.66641092425,3.6627227152482,98.66641092425,0.0
4262,-13.693617700002,50.016381400002,-13.693617700002,50.016381400002,0.0
4263,33.8648075,10.9675091,33.8648075,10.9675091,0.0
4264,-14.925185821677,13.46609796782,-14.925185821677,13.46609796782,0.0
4265,26.5074748266,-78.6569824163,26.5074748266,-78.6569824163,0.0
4266,32.043627643994,118.75931679554,32.043627643994,118.75931679554,0.0
4267,38.3406874,-107.8980316,38.3406874,-107.8980316,0.0
4268,-32.422761824092,134.55213994225,-32.422761824092,134.55213994225,0.0
4269,-23.615581,-67.8510725,-23.615581,-67.8510725,0.0
4270,-32.018265672327,115.9135077499,-32.018265672327,115.9135077499,0.0
4271,15.1498291,15.795204214925,15.1498291,15.795204214925,0.0
4272,18.0153948,-77.4979975,18.0153948,-77.4979975,0.0
4273,3.774744761746,98.703877554365,3.774744761746,98.703877554365,0.0
4274,15.117511,17.386710616667,15.117511,17.386710616667,0.0
4275,-45.365228,170.624153,-45.365228,170.624153,0.0
4276,-23.8327246159,29.3794549908,-23.8327246159,29.3794549908,0.0
4277,3.7604532015323,98.659927119254,3.7604532015323,98.659927119254,0.0
4278,34.832552195235,10.763838636523,34.832552195235,10.763838636523,0.0
4279,0.0,-180.0,0.0,-180.0,0.0
4280,1.3555106,172.9361518,1.3555106,172.9361518,0.0
4281,15.111030766667,18.499495416667,15.111030766667,18.499495416667,0.0
4282,-0.90052222222222,-89.610755555556,-0.90052222222222,-89.610755555556,0.0
4283,3.7229823912294,98.665866958171,3.7229823912294,98.665866958171,0.0
4284,3.6955311305025,98.695254005096,3.6955311305025,98.695254005096,0.0
4285,-29.058109297091,167.95692816388,-29.058109297091,167.95692816388,0.0
4286,18.34724515465,-77.915905422833,18.34724515465,-77.915905422833,0.0
4287,25.5530359,45.9043112,25.5530359,45.9043112,0.0
4288,0.0,0.0,0.0,0.0,0.0
4289,3.692186294003,98.690033654723,3.692186294003,98.690033654723,0.0
4290,19.899325898437,41.286261034375,19.899325898437,41.286261034375,0.0
4291,3.663212,98.678676,3.663212,98.678676,0.0
4292,-0.3025090454978,73.435716278117,-0.3025090454978,73.435716278117,0.0
4293,3.7057655758621,98.628461952699,3.7057655758621,98.628461952699,0.0
4294,13.3630046,60.771811574923,13.3630046,60.771811574923,0.0
4295,-25.20560375128,45.929656127074,-25.20560375128,45.929656127074,0.0
4296,34.9925855,25.4412487,34.9925855,25.4412487,0.0
4297,43.2419976,-118.5166453,43.2419976,-118.5166453,0.0
4298,-52.258888004703,-68.930067725212,-52.258888004703,-68.930067725212,0.0
4299,-25.380422236059,-37.790918785271,-25.380422236059,-37.790918785271,0.0
4300,-52.269665059735,-68.910703988512,-52.269665059735,-68.910703988512,0.0
4301,3.6897155383693,98.675799417746,3.6897155383693,98.675799417746,0.0
4302,15.12178387,10.55848962,15.12178387,10.55848962,0.0
4303,-5.9872120264509,-17.900337049058,-5.9872120264509,-17.900337049058,0.0
4304,15.1498291,12.57069391197,15.1498291,12.57069391197,0.0
4305,-34.9292952,-58.4901492,-34.9292952,-58.4901492,0.0
4306,-2.242472,-80.920922,-2.242472,-80.920922,0.0
4307,5.154588148,-52.64459359,5.154588148,-52.64459359,0.0
4308,-34.9385572,-57.9726877,-34.9385572,-57.9726877,0.0
4309,-25.186273502736,46.021182210222,-25.186273502736,46.021182210222,0.0
4310,-34.92839518,-57.9612381296,-34.92839518,-57.9612381296,0.0
4311,3.70991,98.533182,3.70991,98.533182,0.0
4312,-27.110436677444,-109.37288163835,-27.110436677444,-109.37288163835,0.0
4313,3.7159445581033,98.687290969639,3.7159445581033,98.687290969639,0.0
4314,-32.006786,115.8950225,-32.006786,115.8950225,0.0
4315,-16.3366015,-39.028852,-16.3366015,-39.028852,0.0
4316,15.240738469167,120.56977383333,15.240738469167,120.56977383333,0.0
4317,18.448618439733,-77.918797740533,18.448618439733,-77.918797740533,0.0
4318,-50.0828095,-73.2038671,-50.0828095,-73.2038671,0.0
4319,7.0866496368459,171.14102624186,7.0866496368459,171.14102624186,0.0
4320,9.5435278999973,138.1839471,9.5435278999973,138.1839471,0.0
4321,4.1755701999607,73.516191838991,4.1755701999607,73.516191838991,0.0
4322,32.3567039799,-64.7172090691,32.3567039799,-64.7172090691,0.0
4323,-23.8505916484,29.397781603,-23.8505916484,29.397781603,0.0
4324,3.7721116120644,98.678597650543,3.7721116120644,98.678597650543,0.0
4325,5.3656796355207,162.98202747104,5.3656796355207,162.98202747104,0.0
4326,-54.846466503012,-68.481084182212,-54.846466503012,-68.481084182212,0.0
4327,3.6810417967939,98.670129423392,3.6810417967939,98.670129423392,0.0
4328,-6.2921161,176.31507139997,-6.2921161,176.31507139997,0.0
4329,7.0925868,171.3827116,7.0925868,171.3827116,0.0
4330,34.9955754,25.5034367,34.9955754,25.5034367,0.0
4331,19.74161986696,-79.74980411524,19.74161986696,-79.74980411524,0.0
4332,3.6674115289369,98.670201673421,3.6674115289369,98.670201673421,0.0
4333,3.6867012055156,98.656779346163,3.6867012055156,98.656779346163,0.0
4334,-36.57340802,150.02299263567,-36.57340802,150.02299263567,0.0
4335,24.618143514125,-76.157340301046,24.618143514125,-76.157340301046,0.0
4336,-54.565587,158.91577,-54.565587,158.91577,0.0
4337,24.617042652383,-76.159985506534,24.617042652383,-76.159985506534,0.0
4338,24.92206,89.9569778,24.92206,89.9569778,0.0
4339,39.436442912556,-31.257918952028,39.436442912556,-31.257918952028,0.0
4340,-34.932431252844,-58.614846123371,-34.932431252844,-58.614846123371,0.0
4341,26.5208367538,-78.7238697521,26.5208367538,-78.7238697521,0.0
4342,1.3706856,173.1643473,1.3706856,173.1643473,0.0
4343,27.0881884,142.2186764,27.0881884,142.2186764,0.0
4344,-9.5134383501605,160.10241335472,-9.5134383501605,160.10241335472,0.0
4345,-16.2970936,-43.0437369,-16.2970936,-43.0437369,0.0
4346,15.241085568333,120.570157775,15.241085568333,120.570157775,0.0
4347,-23.8182626478,29.3869589735,-23.8182626478,29.3869589735,0.0
4348,-23.890286414,29.7054471541,-23.890286414,29.7054471541,0.0
4349,-34.9368732364,-57.9759126803,-34.9368732364,-57.9759126803,0.0
4350,-22.733774799722,27.258150614722,-22.733774799722,27.258150614722,0.0
4351,30.939880600002,28.783921700002,30.939880600002,28.783921700002,0.0
4352,-29.020403445295,167.96494873802,-29.020403445295,167.96494873802,0.0
4353,3.7089848810333,98.624276292215,3.7089848810333,98.624276292215,0.0
4354,3.6930191421289,98.68634308021,3.6930191421289,98.68634308021,0.0
4355,-32.769308849446,134.26907697214,-32.769308849446,134.26907697214,0.0
4356,30.984870700001,29.6898502,30.984870700001,29.6898502,0.0
4357,-19.684486888903,-42.985841055512,-19.684486888903,-42.985841055512,0.0
4358,6.7526951,81.099554999972,6.7526951,81.099554999972,0.0
4359,30.8489994,29.284101900001,30.8489994,29.284101900001,0.0
4360,13.3536112,63.057408586667,13.3536112,63.057408586667,0.0
4361,14.6775622,-17.4665736,14.6775622,-17.4665736,0.0
4362,-23.068318237674,29.918247713617,-23.068318237674,29.918247713617,0.0
4363,17.8959033,-15.3093386,17.8959033,-15.3093386,0.0
4364,22.74699976765,89.518509874041,22.74699976765,89.518509874041,0.0
4365,1.40166664,0.0,1.40166664,0.0,0.0
4366,-21.366549490003,55.749463883335,-21.366549490003,55.749463883335,0.0
4367,38.08904361536,-34.267062162398,38.08904361536,-34.267062162398,0.0
4368,-20.038829,28.858787,-20.038829,28.858787,0.0
4369,5.1718128752,-52.6495137624,5.1718128752,-52.6495137624,0.0
4370,-25.214231606361,45.835292483615,-25.214231606361,45.835292483615,0.0
4371,-34.9281761048,-57.9615042863,-34.9281761048,-57.9615042863,0.0
4372,3.7672182313975,98.677502081641,3.7672182313975,98.677502081641,0.0
4373,3.7672694620253,98.682638129181,3.7672694620253,98.682638129181,0.0
4374,23.93336700886,90.258128409658,23.93336700886,90.258128409658,0.0
4375,-6.8183764069841,155.73429603228,-6.8183764069841,155.73429603228,0.0
4376,3.715277,98.679484,3.715277,98.679484,0.0
4377,13.5721627,144.8482545,13.5721627,144.8482545,0.0
4378,15.1498291,29.581155304387,15.1498291,29.581155304387,0.0
4379,-0.54608352623352,166.92262072595,-0.54608352623352,166.92262072595,0.0
4380,25.5870265,45.8473204,25.5870265,45.8473204,0.0
4381,-0.5040827973818,166.93413883833,-0.5040827973818,166.93413883833,0.0
4382,-8.073598,-79.046615,-8.073598,-79.046615,0.0
4383,24.8325685,88.9236047,24.8325685,88.9236047,0.0
4384,-9.4857517665135,160.11049275903,-9.4857517665135,160.11049275903,0.0
4385,-35.5857727,-62.4550269,-35.5857727,-62.4550269,0.0
4386,3.696977464018,98.659694063568,3.696977464018,98.659694063568,0.0
4387,-21.491091247013,27.415522267287,-21.491091247013,27.415522267287,0.0
4388,33.10594679428,139.78579935198,33.10594679428,139.78579935198,0.0
4389,25.6395723,45.7394407,25.6395723,45.7394407,0.0
4390,-43.7312508,-176.5455925,-43.7312508,-176.5455925,0.0
4391,-44.6964794,169.1347348,-44.6964794,169.1347348,0.0
4392,3.6891377653803,98.697930946422,3.6891377653803,98.697930946422,0.0
4393,-21.850739305164,27.341188321251,-21.850739305164,27.341188321251,0.0
4394,-4.5655554282158,136.87581769917,-4.5655554282158,136.87581769917,0.0
4395,24.8192082,88.9364704,24.8192082,88.9364704,0.0
4396,-28.1326226,18.0543102,-28.1326226,18.0543102,0.0
4397,7.3987212520408,51.534482332041,7.3987212520408,51.534482332041,0.0
4398,-35.645559,-62.3830532,-35.645559,-62.3830532,0.0
4399,22.190536745867,-159.45793798187,22.190536745867,-159.45793798187,0.0
4400,-25.0564453,45.1098265,-25.0564453,45.1098265,0.0
4401,-44.7354827,169.134991,-44.7354827,169.134991,0.0
4402,25.14630998502,55.474975825001,25.14630998502,55.474975825001,0.0
4403,-43.7337331,-176.2673,-43.7337331,-176.2673,0.0
4404,-35.363717,-62.292022,-35.363717,-62.292022,0.0
4405,3.6619255267932,98.689497667792,3.6619255267932,98.689497667792,0.0
4406,3.7818888438075,98.707043852795,3.7818888438075,98.707043852795,0.0
4407,3.6656906164733,98.687952454756,3.6656906164733,98.687952454756,0.0
4408,15.11551068,14.187341766667,15.11551068,14.187341766667,0.0
4409,-63.876111111111,-57.562222222222,-63.876111111111,-57.562222222222,0.0
4410,-54.866668,-67.382568999858,-54.866668,-67.382568999858,0.0
4411,-44.695153282778,169.13496027694,-44.695153282778,169.13496027694,0.0
4412,-9.4549492,160.1825083,-9.4549492,160.1825083,0.0
4413,5.6084405,-0.2263995,5.6084405,-0.2263995,0.0
4414,15.104271237522,29.91498356708,15.104271237522,29.91498356708,0.0
4415,22.064996624967,-159.39466938393,22.064996624967,-159.39466938393,0.0
4416,-2.2273618999722,-80.920426699972,-2.2273618999722,-80.920426699972,0.0
4417,22.782279455,89.482597352234,22.782279455,89.482597352234,0.0
4418,13.370939552273,68.819655320584,13.370939552273,68.819655320584,0.0
4419,-14.86010526774,13.595838462947,-14.86010526774,13.595838462947,0.0
4420,38.08449109831,-46.029222004383,38.08449109831,-46.029222004383,0.0
4421,7.1080533,171.0799642,7.1080533,171.0799642,0.0
4422,24.8542483,88.8892282,24.8542483,88.8892282,0.0
4423,15.1498291,12.209596779848,15.1498291,12.209596779848,0.0
4424,-56.936254384567,-28.014752566953,-56.936254384567,-28.014752566953,0.0
4425,-9.4465039,160.1351047,-9.4465039,160.1351047,0.0
4426,-25.213171249956,45.894006193828,-25.213171249956,45.894006193828,0.0
4427,-27.11471,-109.402579,-27.11471,-109.402579,0.0
4428,15.1118327,20.95030928,15.1118327,20.95030928,0.0
4429,15.111030833333,15.066262993333,15.111030833333,15.066262993333,0.0
4430,-7.4830234788315,-22.374594498222,-7.4830234788315,-22.374594498222,0.0
4431,38.085362791547,-45.470938312531,38.085362791547,-45.470938312531,0.0
4432,38.07497792464,-48.682289237867,38.07497792464,-48.682289237867,0.0
4433,-13.6228524,50.011146900003,-13.6228524,50.011146900003,0.0
4434,13.6470073,144.8551076,13.6470073,144.8551076,0.0
4435,15.1323222,26.647078081111,15.1323222,26.647078081111,0.0
4436,26.5278526,78.7751514,26.5278526,78.7751514,0.0
4437,22.055818514133,-159.39255438326,22.055818514133,-159.39255438326,0.0
4438,26.6966667,78.4073583,26.6966667,78.4073583,0.0
4439,31.634283391041,-8.2495166676103,31.634283391041,-8.2495166676103,0.0
4440,7.905008,52.168987,7.905008,52.168987,0.0
4441,15.1498291,23.120877494581,15.1498291,23.120877494581,0.0
4442,13.6397548,144.8488859,13.6397548,144.8488859,0.0
4443,3.7682887751592,98.681967220195,3.7682887751592,98.681967220195,0.0
4444,-4.2073397293216,-12.564020695669,-4.2073397293216,-12.564020695669,0.0
4445,26.7456083,78.4336222,26.7456083,78.4336222,0.0
4446,-2.2475749999722,-80.9180929,-2.2475749999722,-80.9180929,0.0
4447,13.370493677273,61.638278137965,13.370493677273,61.638278137965,0.0
4448,26.5335667,78.7615111,26.5335667,78.7615111,0.0
4449,15.118210619459,10.709122061622,15.118210619459,10.709122061622,0.0
4450,16.170122953441,-0.79351661214575,16.170122953441,-0.79351661214575,0.0
4451,-0.52295918499171,166.94011744701,-0.52295918499171,166.94011744701,0.0
4452,-32.411189166667,134.43133566667,-32.411189166667,134.43133566667,0.0
4453,-2.6465117,-56.7646695,-2.6465117,-56.7646695,0.0
4454,2.0324978845973,-157.42218254215,2.0324978845973,-157.42218254215,0.0
4455,-14.882662352188,13.530839737517,-14.882662352188,13.530839737517,0.0
4456,26.7374611,78.4264306,26.7374611,78.4264306,0.0
4457,-45.4015219,167.7184449,-45.4015219,167.7184449,0.0
4458,-77.8461213,166.666075,-77.8461213,166.666075,0.0
4459,9.5434665,138.1661277,9.5434665,138.1661277,0.0
4460,26.5324732,78.6723076,26.5324732,78.6723076,0.0
4461,26.6998944,78.3679222,26.6998944,78.3679222,0.0
4462,35.2459844,-91.7352183,35.2459844,-91.7352183,0.0
4463,-43.7367419,-176.2628008,-43.7367419,-176.2628008,0.0
4464,25.6864355,45.6612632,25.6864355,45.6612632,0.0
4465,-36.3388685,150.0409755,-36.3388685,150.0409755,0.0
4466,25.5259868,45.948947399997,25.5259868,45.948947399997,0.0
4467,-0.52742176980599,166.93575990814,-0.52742176980599,166.93575990814,0.0
4468,35.2444481,-91.7141519,35.2444481,-91.7141519,0.0
4469,-23.8602419011,29.3716460746,-23.8602419011,29.3716460746,0.0
4470,-2.227721,-80.921715,-2.227721,-80.921715,0.0
4471,22.19390415904,-159.45813598486,22.19390415904,-159.45813598486,0.0
4472,-35.5513569,-72.572001299972,-35.5513569,-72.572001299972,0.0
4473,-25.214493752216,45.92674459932,-25.214493752216,45.92674459932,0.0
4474,-0.5446064371205,166.91462112638,-0.5446064371205,166.91462112638,0.0
4475,37.769236691425,-25.292726463593,37.769236691425,-25.292726463593,0.0
4476,13.444477912094,144.80884379725,13.444477912094,144.80884379725,0.0
4477,-9.5147908333333,160.15662527778,-9.5147908333333,160.15662527778,0.0
4478,15.120868463266,29.144781751036,15.120868463266,29.144781751036,0.0
4479,-7.9224186901159,-23.688406983878,-7.9224186901159,-23.688406983878,0.0
4480,-35.392391694632,-32.595228218471,-35.392391694632,-32.595228218471,0.0
4481,1.3717135,173.1459474,1.3717135,173.1459474,0.0
4482,-35.3960369,-62.4254998,-35.3960369,-62.4254998,0.0
4483,-32.014083333333,115.94519444444,-32.014083333333,115.94519444444,0.0
4484,-23.7515858654,29.4108579587,-23.7515858654,29.4108579587,0.0
4485,26.5318306,78.691701,26.5318306,78.691701,0.0
4486,-25.239972127404,45.786236175784,-25.239972127404,45.786236175784,0.0
4487,-54.790014,-68.3909095,-54.790014,-68.3909095,0.0
4488,-35.550849599972,-72.1437508,-35.550849599972,-72.1437508,0.0
4489,26.5234925,78.6796519,26.5234925,78.6796519,0.0
4490,13.370483893182,61.480693058723,13.370483893182,61.480693058723,0.0
4491,-21.2056078,-159.7700092,-21.2056078,-159.7700092,0.0
4492,3.2353884732863,24.084442381073,3.2353884732863,24.084442381073,0.0
4493,-32.484928672631,134.63234618058,-32.484928672631,134.63234618058,0.0
4494,32.0233873,118.7083827,32.0233873,118.7083827,0.0
4495,-52.1855556,105.9480556,-19.1466667,8.4033333,8834.637819653852
4496,15.118742188221,14.396253999504,15.118742188221,14.396253999504,0.0
4497,37.003476388889,-121.96989472222,37.003476388889,-121.96989472222,0.0
4498,15.11910603,18.56148597,15.11910603,18.56148597,0.0
4499,-13.002663135529,136.71730041504,-13.002663135529,136.71730041504,0.0
4500,35.2421025,-91.7914528,35.2421025,-91.7914528,0.0
4501,-35.8370721,-61.8708488,-35.8370721,-61.8708488,0.0
4502,8.8116094272727,68.058057534545,8.8116094272727,68.058057534545,0.0
4503,-2.228463,-80.92439,-2.228463,-80.92439,0.0
4504,-17.508038888889,-149.44512222222,-17.508038888889,-149.44512222222,0.0
4505,26.6849444,78.3896111,26.6849444,78.3896111,0.0
4506,-44.7186859572,169.2212083236,-44.7186859572,169.2212083236,0.0
4507,-35.4397716,-62.4911975,-35.4397716,-62.4911975,0.0
4508,-19.1466667,8.4033333,-19.1466667,8.4033333,0.0
4509,8.9122211175,64.602689962083,8.9122211175,64.602689962083,0.0
4510,-32.029521,115.968186,-32.029521,115.968186,0.0
4511,35.242682399972,-97.600148799972,35.242682399972,-97.600148799972,0.0
4512,-3.4552340420584,-10.331313379706,-3.4552340420584,-10.331313379706,0.0
4513,-35.34776,-62.4417083,-35.34776,-62.4417083,0.0
4514,7.0996331114306,171.10219565285,7.0996331114306,171.10219565285,0.0
4515,8.1430835489583,57.227795590625,8.1430835489583,57.227795590625,0.0
4516,-43.810906,173.086923,-43.810906,173.086923,0.0
4517,37.741479319086,-25.654973972166,37.741479319086,-25.654973972166,0.0
4518,13.3435343,60.053703007527,13.3435343,60.053703007527,0.0
4519,15.103893329676,27.268184609499,15.103893329676,27.268184609499,0.0
4520,34.836995577699,10.76495394053,34.836995577699,10.76495394053,0.0
4521,-3.6182475,152.3979506,-3.6182475,152.3979506,0.0
4522,27.0954371,142.1849174,27.0954371,142.1849174,0.0
4523,-34.938883977722,-58.608756046653,-34.938883977722,-58.608756046653,0.0
4524,7.6211500553571,134.63434250685,7.6211500553571,134.63434250685,0.0
4525,22.057327663607,-159.38784874959,22.057327663607,-159.38784874959,0.0
4526,25.2795807,48.9117056,25.2795807,48.9117056,0.0
4527,8.6780033979592,62.774513457959,8.6780033979592,62.774513457959,0.0
4528,-15.310745383627,145.27223314172,-15.310745383627,145.27223314172,0.0
4529,-2.2710393999722,-80.924600499972,-2.2710393999722,-80.924600499972,0.0
4530,-21.2060947,-159.8118246,-21.2060947,-159.8118246,0.0
4531,35.219294547915,-97.453814466011,35.219294547915,-97.453814466011,0.0
4532,20.957377777778,-76.945555555556,20.957377777778,-76.945555555556,0.0
4533,34.747891878,10.3988268127,34.747891878,10.3988268127,0.0
4534,18.4909266,-77.9240542,18.4909266,-77.9240542,0.0
4535,-33.825633713453,121.85139497686,-33.825633713453,121.85139497686,0.0
4536,-19.674659555603,-42.974630055635,-19.674659555603,-42.974630055635,0.0
4537,26.5124003682,-78.6908427905,26.5124003682,-78.6908427905,0.0
4538,5.3666137911333,163.00827621837,5.3666137911333,163.00827621837,0.0
4539,-23.7443553004,29.4095093943,-23.7443553004,29.4095093943,0.0
4540,35.240985,-97.467619,35.240985,-97.467619,0.0
4541,37.744688389514,-25.639420618024,37.744688389514,-25.639420618024,0.0
4542,24.9806238,89.9702954,24.9806238,89.9702954,0.0
4543,23.1767886,89.1950901,23.1767886,89.1950901,0.0
4544,-4.2477972,-56.019011700003,-4.2477972,-56.019011700003,0.0
4545,33.362714564137,134.20491416156,33.362714564137,134.20491416156,0.0
4546,38.3753809,-107.8761816,38.3753809,-107.8761816,0.0
4547,44.942649,-109.56084599997,44.942649,-109.56084599997,0.0
4548,6.7996169999722,80.9753273,6.7996169999722,80.9753273,0.0
4549,14.673984124358,-17.451159695352,14.673984124358,-17.451159695352,0.0
4550,-17.432492030556,177.97060805361,-17.432492030556,177.97060805361,0.0
4551,42.434941666667,-81.889644444444,42.434941666667,-81.889644444444,0.0
4552,-13.954517560778,136.4783753,-13.954517560778,136.4783753,0.0
4553,-29.047837229808,167.93256692429,-29.047837229808,167.93256692429,0.0
4554,-32.026694444444,115.91055555556,-32.026694444444,115.91055555556,0.0
4555,15.108145606667,28.198368053333,15.108145606667,28.198368053333,0.0
4556,44.918226933638,-107.10419501701,44.918226933638,-107.10419501701,0.0
4557,15.1498291,11.387724961505,15.1498291,11.387724961505,0.0
4558,-35.861310799972,-72.646963799972,-35.861310799972,-72.646963799972,0.0
4559,24.6998464,-76.1982633,24.6998464,-76.1982633,0.0
4560,24.14776966827,82.643169178036,24.14776966827,82.643169178036,0.0
4561,42.549191666667,-81.802730555556,42.549191666667,-81.802730555556,0.0
4562,3.7446717922789,98.672189124213,3.7446717922789,98.672189124213,0.0
4563,-17.3584402,178.2399578,-17.3584402,178.2399578,0.0
4564,39.447042064994,-31.223576363442,39.447042064994,-31.223576363442,0.0
4565,-13.4516844,-172.4046603,-13.4516844,-172.4046603,0.0
4566,20.009943164285,41.457258887046,20.009943164285,41.457258887046,0.0
4567,31.26195479653,29.993124380736,31.26195479653,29.993124380736,0.0
4568,22.690379148235,89.038086252941,22.690379148235,89.038086252941,0.0
4569,19.7346513022,-79.76503602346,19.7346513022,-79.76503602346,0.0
4570,-2.228636,-80.934734,-2.228636,-80.934734,0.0
4571,-19.685895084614,-42.988838350256,-19.685895084614,-42.988838350256,0.0
4572,-19.674249888935,-42.974314777862,-19.674249888935,-42.974314777862,0.0
4573,1.4966017357925,124.87224936092,1.4966017357925,124.87224936092,0.0
4574,25.480671363064,48.138437136869,25.480671363064,48.138437136869,0.0
4575,-35.3329425,-72.433894499972,-35.3329425,-72.433894499972,0.0
4576,42.424127777778,-82.184655555556,42.424127777778,-82.184655555556,0.0
4577,-9.414557105,147.44010982,-9.414557105,147.44010982,0.0
4578,42.555086545152,-81.751733302348,42.555086545152,-81.751733302348,0.0
4579,42.565122222222,-81.812622222222,42.565122222222,-81.812622222222,0.0
4580,0.0,-180.0,0.0,-180.0,0.0
4581,20.965388888889,-76.941641666667,20.965388888889,-76.941641666667,0.0
4582,-3.9689508291345,122.56506901389,-3.9689508291345,122.56506901389,0.0
4583,3.7193835714353,98.682823484713,3.7193835714353,98.682823484713,0.0
4584,42.426838888889,-82.15925,42.426838888889,-82.15925,0.0
4585,3.7438853248408,98.680402207006,3.7438853248408,98.680402207006,0.0
4586,6.832353,80.998300299972,6.832353,80.998300299972,0.0
4587,44.949707099972,-109.7911572,44.949707099972,-109.7911572,0.0
4588,32.3477234412,-64.7175853327,32.3477234412,-64.7175853327,0.0
4589,22.618400224073,131.56014487463,22.618400224073,131.56014487463,0.0
4590,44.869177999972,-107.26903649997,44.869177999972,-107.26903649997,0.0
4591,-51.764101237628,-59.226810061963,-51.764101237628,-59.226810061963,0.0
4592,-43.7271825,-176.5086544,-43.7271825,-176.5086544,0.0
4593,-4.8466522111255,-14.491719584284,-4.8466522111255,-14.491719584284,0.0
4594,-25.0291346,45.1300017,-25.0291346,45.1300017,0.0
4595,38.94821983,-36.02494629,38.94821983,-36.02494629,0.0
4596,17.043517520688,-25.170766005023,17.043517520688,-25.170766005023,0.0
4597,38.343706,-108.0707675,38.343706,-108.0707675,0.0
4598,31.23389292923,29.949557104121,31.23389292923,29.949557104121,0.0
4599,24.6330282278,-76.1573874112,24.6330282278,-76.1573874112,0.0
4600,35.218561,-97.459149,35.218561,-97.459149,0.0
4601,42.485144444444,-81.844280555556,42.485144444444,-81.844280555556,0.0
4602,-43.7543206,-176.2838331,-43.7543206,-176.2838331,0.0
4603,18.43175284805,-77.94577416975,18.43175284805,-77.94577416975,0.0
4604,35.19139,-97.470933,35.19139,-97.470933,0.0
4605,35.207126602652,-97.480524121386,35.207126602652,-97.480524121386,0.0
4606,-20.235021666667,13.214908333333,-20.235021666667,13.214908333333,0.0
4607,-3.6649094,152.43810924695353,-3.6649094,152.43810924695353,0.0
4608,-34.434532623014,172.68483989817,-34.434532623014,172.68483989817,0.0
4609,35.044056199972,-97.878050599972,35.044056199972,-97.878050599972,0.0
4610,27.0964586,142.2027627,27.0964586,142.2027627,0.0
4611,42.517558333333,-81.776586111111,42.517558333333,-81.776586111111,0.0
4612,35.21834,-97.463418,35.21834,-97.463418,0.0
4613,-23.8582138997,29.4141788688,-23.8582138997,29.4141788688,0.0
4614,-6.2926849,176.31841059997,-6.2926849,176.31841059997,0.0
4615,-4.5266666666667,136.88228611111,-4.5266666666667,136.88228611111,0.0
4616,-51.729942222948,-58.11013833274,-51.729942222948,-58.11013833274,0.0
4617,22.8108030652,89.5564933134,22.8108030652,89.5564933134,0.0
4618,4.9847817006126,-1.6580637539051,4.9847817006126,-1.6580637539051,0.0
4619,-4.7001871406974,-14.053782089065,-4.7001871406974,-14.053782089065,0.0
4620,35.2488436,-91.7662019,35.2488436,-91.7662019,0.0
4621,-35.323032515827,-72.412274856835,-35.323032515827,-72.412274856835,0.0
4622,42.579408333333,-81.799616666667,42.579408333333,-81.799616666667,0.0
4623,-25.156523248033,45.096984368298,-25.156523248033,45.096984368298,0.0
4624,42.429883333333,-82.153908333333,42.429883333333,-82.153908333333,0.0
4625,33.066043638889,139.81284702778,33.066043638889,139.81284702778,0.0
4626,-23.8627213519,29.3823338393,-23.8627213519,29.3823338393,0.0
4627,44.8431963,-109.31686799997,44.8431963,-109.31686799997,0.0
4628,23.1804366,89.1935128,23.1804366,89.1935128,0.0
4629,13.370503461364,61.795863217208,13.370503461364,61.795863217208,0.0
4630,37.801100754883,-25.747797365586,37.801100754883,-25.747797365586,0.0
4631,7.3420381,134.4780097,7.3420381,134.4780097,0.0
4632,-56.936038229637,-28.01424332999,-56.936038229637,-28.01424332999,0.0
4633,-51.846438345946,-58.296999252553,-51.846438345946,-58.296999252553,0.0
4634,38.348081299999,-108.0661039,38.348081299999,-108.0661039,0.0
4635,-0.890062,131.317039,-0.890062,131.317039,0.0
4636,19.74304547616,-79.769779615987,19.74304547616,-79.769779615987,0.0
4637,5.506833,9.995045,5.506833,9.995045,0.0
4638,3.3415835,23.9714782,3.3415835,23.9714782,0.0
4639,-44.69396927,169.13647637,-44.69396927,169.13647637,0.0
4640,24.972814099999,83.909951799998,24.972814099999,83.909951799998,0.0
4641,27.0769315,142.2063115,27.0769315,142.2063115,0.0
4642,20.9681667,-76.9405283,20.9681667,-76.9405283,0.0
4643,-17.1438966,177.1934974,-17.1438966,177.1934974,0.0
4644,18.440246,-77.210177,18.440246,-77.210177,0.0
4645,1.6459744952381,0.98968827523811,1.6459744952381,0.98968827523811,0.0
4646,5.1604135707,-52.6329613477,5.1604135707,-52.6329613477,0.0
4647,-37.042804086098,139.80120894055,-37.042804086098,139.80120894055,0.0
4648,42.583330725359,-80.521035371423,42.583330725359,-80.521035371423,0.0
4649,-34.714218915936,173.03775143586,-34.714218915936,173.03775143586,0.0
4650,-32.047769,115.98027,-32.047769,115.98027,0.0
4651,-4.1649945558441,138.98495151019,-4.1649945558441,138.98495151019,0.0
4652,13.35438962,62.768691419999,13.35438962,62.768691419999,0.0
4653,-35.431257377193,-72.441209181579,-35.431257377193,-72.441209181579,0.0
4654,3.6845499118681,98.66033523011,3.6845499118681,98.66033523011,0.0
4655,-5.8021049499512,-35.329036712646,-5.8021049499512,-35.329036712646,0.0
4656,6.9199917,158.3223878,6.9199917,158.3223878,0.0
4657,24.896752823627,89.983010732768,24.896752823627,89.983010732768,0.0
4658,5.060856,9.974065,5.060856,9.974065,0.0
4659,-35.256113116168,-72.321372097605,-35.256113116168,-72.321372097605,0.0
4660,-17.508672222222,-149.43590277778,-17.508672222222,-149.43590277778,0.0
4661,-14.919683081112,13.486996684236,-14.919683081112,13.486996684236,0.0
4662,27.0810223,142.2164729,27.0810223,142.2164729,0.0
4663,-16.3160325,-39.0441986,-16.3160325,-39.0441986,0.0
4664,-45.695535,167.6381608,-45.695535,167.6381608,0.0
4665,3.7487179537655,98.674987751255,3.7487179537655,98.674987751255,0.0
4666,31.063074700002,28.0115208,31.063074700002,28.0115208,0.0
4667,-14.781501330449,13.77478337848,-14.781501330449,13.77478337848,0.0
4668,3.772713,98.68154,3.772713,98.68154,0.0
4669,35.226542352243,-93.964270545468,35.226542352243,-93.964270545468,0.0
4670,42.451577777778,-82.196211111111,42.451577777778,-82.196211111111,0.0
4671,19.895704435229,41.293091573381,19.895704435229,41.293091573381,0.0
4672,3.8597578162421,10.079574814345,3.8597578162421,10.079574814345,0.0
4673,3.0351124184506,24.116408186544,3.0351124184506,24.116408186544,0.0
4674,-32.0048618,115.8906022,-32.0048618,115.8906022,0.0
4675,15.102583835044,18.096718454159,15.102583835044,18.096718454159,0.0
4676,5.1659850216944,-52.651160890194,5.1659850216944,-52.651160890194,0.0
4677,5.533061,9.97784,5.533061,9.97784,0.0
4678,42.557375,-81.951380555556,42.557375,-81.951380555556,0.0
4679,-51.816586057635,-58.728210282266,-51.816586057635,-58.728210282266,0.0
4680,-23.8705060445,29.5094077662,-23.8705060445,29.5094077662,0.0
4681,42.414144444444,-82.198802777778,42.414144444444,-82.198802777778,0.0
4682,42.417572222222,-82.147202777778,42.417572222222,-82.147202777778,0.0
4683,-35.016591666667,117.78262222222,-35.016591666667,117.78262222222,0.0
4684,37.006730143223,-121.74748697916,37.006730143223,-121.74748697916,0.0
4685,6.8070288,81.2971059,6.8070288,81.2971059,0.0
4686,36.965383143779,-121.39210492275,36.965383143779,-121.39210492275,0.0
4687,37.083536526226,-120.48045676583,37.083536526226,-120.48045676583,0.0
4688,36.972961851326,-121.42669878189,36.972961851326,-121.42669878189,0.0
4689,-43.73828,-176.26273,-43.73828,-176.26273,0.0
4690,42.557027777778,-81.978783333333,42.557027777778,-81.978783333333,0.0
4691,-25.999446571707,-36.464780259153,-25.999446571707,-36.464780259153,0.0
4692,14.867499406294,-24.713672552448,14.867499406294,-24.713672552448,0.0
4693,35.217638,-97.476795,35.217638,-97.476795,0.0
4694,37.056816243601,-120.85849679086,37.056816243601,-120.85849679086,0.0
4695,42.437669444444,-82.057394444444,42.437669444444,-82.057394444444,0.0
4696,37.074579560103,-120.98731083451,37.074579560103,-120.98731083451,0.0
4697,-23.06280778776,29.913418083303,-23.06280778776,29.913418083303,0.0
4698,-35.350502960245,-72.40854476524,-35.350502960245,-72.40854476524,0.0
4699,25.04656,56.355497,25.04656,56.355497,0.0
4700,36.953826388889,-120.56256472222,36.953826388889,-120.56256472222,0.0
4701,25.026048039995,56.364613976441,25.026048039995,56.364613976441,0.0
4702,-14.882248244262,13.531582625595,-14.882248244262,13.531582625595,0.0
4703,17.019396391396,-25.166714542256,17.019396391396,-25.166714542256,0.0
4704,-18.354060196581,127.5021351341,-18.354060196581,127.5021351341,0.0
4705,2.8493764,24.626975700001,2.8493764,24.626975700001,0.0
4706,37.048548739082,-120.62539307982,37.048548739082,-120.62539307982,0.0
4707,-16.3424397,-39.007212,-16.3424397,-39.007212,0.0
4708,37.098356388889,-120.45534805556,37.098356388889,-120.45534805556,0.0
4709,15.1216634,27.969868191852,15.1216634,27.969868191852,0.0
4710,24.7986891,85.0087663,24.7986891,85.0087663,0.0
4711,-35.824420194747,-72.604176182061,-35.824420194747,-72.604176182061,0.0
4712,3.7409505,96.8359715,3.7409505,96.8359715,0.0
4713,17.979873,-76.78893,17.979873,-76.78893,0.0
4714,-23.857947439,29.3665476982,-23.857947439,29.3665476982,0.0
4715,37.011730594217,-120.83695424303,37.011730594217,-120.83695424303,0.0
4716,30.878285290702,29.885577522246,30.878285290702,29.885577522246,0.0
4717,-28.043021197196,19.221427340083,-28.043021197196,19.221427340083,0.0
4718,26.5009732358,-78.6988418084,26.5009732358,-78.6988418084,0.0
4719,3.6839524860939,98.664320333387,3.6839524860939,98.664320333387,0.0
4720,35.174101052176,-97.493888654942,35.174101052176,-97.493888654942,0.0
4721,5.1046041,-1.2416363,5.1046041,-1.2416363,0.0
4722,3.6859705925037,98.650886277961,3.6859705925037,98.650886277961,0.0
4723,3.6762869953047,98.668626295584,3.6762869953047,98.668626295584,0.0
4724,-0.50358145248358,166.94201957092,-0.50358145248358,166.94201957092,0.0
4725,3.6964501328323,98.63598162587,3.6964501328323,98.63598162587,0.0
4726,-6.291139,176.31471519997,-6.291139,176.31471519997,0.0
4727,3.752994218896,98.695650437367,3.752994218896,98.695650437367,0.0
4728,3.6700112782324,98.667164630626,3.6700112782324,98.667164630626,0.0
4729,35.162314215886,-93.878166503375,35.162314215886,-93.878166503375,0.0
4730,-24.579659864615,28.672675652869,-24.579659864615,28.672675652869,0.0
4731,-4.5905555555556,145.53222222222,-4.5905555555556,145.53222222222,0.0
4732,-32.008972,115.971967,-32.008972,115.971967,0.0
4733,-16.293435299972,-39.0358608,-16.293435299972,-39.0358608,0.0
4734,-35.347871498234,-72.413745294701,-35.347871498234,-72.413745294701,0.0
4735,-4.357069,55.832137,-4.357069,55.832137,0.0
4736,4.9583439,-1.7392054,4.9583439,-1.7392054,0.0
4737,-16.687792326289,128.25686338727,-16.687792326289,128.25686338727,0.0
4738,-3.8946292533427,-11.645125865362,-3.8946292533427,-11.645125865362,0.0
4739,-45.91543,170.435252,-45.91543,170.435252,0.0
4740,-3.6650211,152.4377592,-3.6650211,152.4377592,0.0
4741,31.240855736805,29.958372014309,31.240855736805,29.958372014309,0.0
4742,-0.0286141,-0.0383596,-0.0286141,-0.0383596,0.0
4743,3.6840420803357,98.658156789568,3.6840420803357,98.658156789568,0.0
4744,-63.901260361111,-57.608837111111,-63.901260361111,-57.608837111111,0.0
4745,20.440137980852,41.930802302321,20.440137980852,41.930802302321,0.0
4746,-32.0333162,115.9287251,-32.0333162,115.9287251,0.0
4747,25.3578272,46.2033457,25.3578272,46.2033457,0.0
4748,25.078582666667,56.359866333333,25.078582666667,56.359866333333,0.0
4749,22.752193648036,89.397700496475,22.752193648036,89.397700496475,0.0
4750,-23.4094905033,113.94895348354,-23.4094905033,113.94895348354,0.0
4751,-9.4216802708333,147.41258589667,-9.4216802708333,147.41258589667,0.0
4752,32.378672529,-64.6893682424,32.378672529,-64.6893682424,0.0
4753,25.144956987457,55.435027973729,25.144956987457,55.435027973729,0.0
4754,23.274921205988,88.941672778443,23.274921205988,88.941672778443,0.0
4755,-4.7015092999977,145.6189652,-4.7015092999977,145.6189652,0.0
4756,-4.5968964,145.5440144,-4.5968964,145.5440144,0.0
4757,2.992195,9.930494,2.992195,9.930494,0.0
4758,5.13500512,9.97828908,5.13500512,9.97828908,0.0
4759,9.536944,138.1094465,9.536944,138.1094465,0.0
4760,-4.1569976726727,-55.328334994328,-4.1569976726727,-55.328334994328,0.0
4761,37.511889386667,-44.841369906667,37.511889386667,-44.841369906667,0.0
4762,-37.335234039465,-59.12048434437,-37.335234039465,-59.12048434437,0.0
4763,-43.8226,173.053668,-43.8226,173.053668,0.0
4764,-45.77765566303,170.58544422209,-45.77765566303,170.58544422209,0.0
4765,3.704252,98.538207,3.704252,98.538207,0.0
4766,18.0685347474,-15.9223446524,18.0685347474,-15.9223446524,0.0
4767,9.5196458,138.1216922,9.5196458,138.1216922,0.0
4768,-4.3453082302626,55.768381292052,-4.3453082302626,55.768381292052,0.0
4769,5.716973,10.187371,5.716973,10.187371,0.0
4770,-23.261778014641,113.87239698895,-23.261778014641,113.87239698895,0.0
4771,-4.0045435928176,122.50899390204,-4.0045435928176,122.50899390204,0.0
4772,-25.193942839431,45.995937508459,-25.193942839431,45.995937508459,0.0
4773,7.0606655,171.2573374,7.0606655,171.2573374,0.0
4774,24.7788296,84.335805899999,24.7788296,84.335805899999,0.0
4775,-23.8587365951,29.3289214186,-23.8587365951,29.3289214186,0.0
4776,-36.838150903671,139.84599316667,-36.838150903671,139.84599316667,0.0
4777,-24.5038663689,28.7197570503,-24.5038663689,28.7197570503,0.0
4778,26.4962300844,-78.6896342039,26.4962300844,-78.6896342039,0.0
4779,6.7704658,81.263325899972,6.7704658,81.263325899972,0.0
4780,-51.85700579115,-58.222749848423,-51.85700579115,-58.222749848423,0.0
4781,-24.161796960833,28.982144398611,-24.161796960833,28.982144398611,0.0
4782,-11.664640891667,25.204048477976,-11.664640891667,25.204048477976,0.0
4783,37.771868324603,-25.311811127381,37.771868324603,-25.311811127381,0.0
4784,3.7443006751124,98.681080093853,3.7443006751124,98.681080093853,0.0
4785,-23.7359981239,29.4325683452,-23.7359981239,29.4325683452,0.0
4786,40.268161885542,-11.799522416234614,40.268161885542,-11.799522416234614,0.0
4787,-36.796411921073,-59.845653949073,-36.796411921073,-59.845653949073,0.0
4788,-43.7378803,-176.2616928,-43.7378803,-176.2616928,0.0
4789,7.90501,52.16901,7.90501,52.16901,0.0
4790,-45.571737184604,167.61259267562,-45.571737184604,167.61259267562,0.0
4791,35.182659546463,-97.500125888161,35.182659546463,-97.500125888161,0.0
4792,-9.4508624327653,160.13937074086,-9.4508624327653,160.13937074086,0.0
4793,-15.477464425741,145.25763283217,-15.477464425741,145.25763283217,0.0
4794,35.162190300002,-97.4850456,35.162190300002,-97.4850456,0.0
4795,15.1498291,87.582777260344,15.1498291,87.582777260344,0.0
4796,-16.315482,-39.0329182,-16.315482,-39.0329182,0.0
4797,15.1213257,27.3056436125,15.1213257,27.3056436125,0.0
4798,3.7813399707646,98.694657161619,3.7813399707646,98.694657161619,0.0
4799,38.3459229,-107.8955169,38.3459229,-107.8955169,0.0
4800,31.255668369151,29.984603002695,31.255668369151,29.984603002695,0.0
4801,-33.753055555556,121.73922222222,-33.753055555556,121.73922222222,0.0
4802,-0.49105159997222,-90.2822898,-0.49105159997222,-90.2822898,0.0
4803,30.596863662065,29.862960232139,30.596863662065,29.862960232139,0.0
4804,-17.360624999972,178.24388759997,-17.360624999972,178.24388759997,0.0
4805,-22.661972222222,114.20586111111,-22.661972222222,114.20586111111,0.0
4806,-35.830923928739,-72.619517403128,-35.830923928739,-72.619517403128,0.0
4807,32.8374565,-8.1953253333056,32.8374565,-8.1953253333056,0.0
4808,-9.3913030594522,147.40866991383,-9.3913030594522,147.40866991383,0.0
4809,15.784281317131,-1.2980857585657,15.784281317131,-1.2980857585657,0.0
4810,-17.684542480833,178.33745419972,-17.684542480833,178.33745419972,0.0
4811,-21.2048853,-159.7888782,-21.2048853,-159.7888782,0.0
4812,-43.750649,-176.328372,-43.750649,-176.328372,0.0
4813,-63.875648472222,-57.584686277778,-63.875648472222,-57.584686277778,0.0
4814,-24.1624964308,28.9883929398,-24.1624964308,28.9883929398,0.0
4815,-29.041222380655,167.96289049597,-29.041222380655,167.96289049597,0.0
4816,24.953228244444,56.3726791275,24.953228244444,56.3726791275,0.0
4817,3.6944468261791,98.672694107034,3.6944468261791,98.672694107034,0.0
4818,-32.022111111111,115.94422222222,-32.022111111111,115.94422222222,0.0
4819,16.101793,168.1416794,16.101793,168.1416794,0.0
4820,15.556905987667,-1.3343507150051,15.556905987667,-1.3343507150051,0.0
4821,-13.254810989189,24.859594602703,-13.254810989189,24.859594602703,0.0
4822,0.0,0.0,0.0,0.0,0.0
4823,44.937407132222,-109.62433196583,44.937407132222,-109.62433196583,0.0
4824,-20.40759827,26.378172570833,-20.40759827,26.378172570833,0.0
4825,-5.357209339994331,-5.356326,-5.357209339994331,-5.356326,0.0
4826,5.1716454886,-52.6555538457,5.1716454886,-52.6555538457,0.0
4827,-12.8413247,45.1321294,-12.8413247,45.1321294,0.0
4828,26.23463,-98.144290833333,26.23463,-98.144290833333,0.0
4829,-19.738282888837,-43.019043333317,-19.738282888837,-43.019043333317,0.0
4830,3.7613644703634,98.678863569764,3.7613644703634,98.678863569764,0.0
4831,3.9766164749053,-59.115243915803,3.9766164749053,-59.115243915803,0.0
4832,-12.8437412716,45.1862002909,-12.8437412716,45.1862002909,0.0
4833,-35.721753290837,-72.533506794622,-35.721753290837,-72.533506794622,0.0
4834,27.945975,179.8463067,27.945975,179.8463067,0.0
4835,26.376412900002,-98.883045400002,26.376412900002,-98.883045400002,0.0
4836,-46.053789279773,170.19213345046,-46.053789279773,170.19213345046,0.0
4837,1.7951464187371,173.04053848625,1.7951464187371,173.04053848625,0.0
4838,-27.087740977669,-109.38067790525,-27.087740977669,-109.38067790525,0.0
4839,15.8073369648,120.4578315784,15.8073369648,120.4578315784,0.0
4840,-43.7496481,-176.4481431,-43.7496481,-176.4481431,0.0
4841,-45.425806,170.70163,-45.425806,170.70163,0.0
4842,12.092385902293,119.97463797019,12.092385902293,119.97463797019,0.0
4843,-32.63469743042,-34.402091130057,-32.63469743042,-34.402091130057,0.0
4844,-20.744150960556,26.891682827778,-20.744150960556,26.891682827778,0.0
4845,-13.6044234,-172.2030649,-13.6044234,-172.2030649,0.0
4846,16.1018604,168.1416917,16.1018604,168.1416917,0.0
4847,26.219322777778,-98.149464444444,26.219322777778,-98.149464444444,0.0
4848,-17.7252275,-149.30905833333,-17.7252275,-149.30905833333,0.0
4849,1.49936,124.845692,1.49936,124.845692,0.0
4850,7.7220064,134.6175031,7.7220064,134.6175031,0.0
4851,13.472066286169,144.7886390683,13.472066286169,144.7886390683,0.0
4852,26.226239722222,-98.128203055556,26.226239722222,-98.128203055556,0.0
4853,26.240624166667,-98.144456111111,26.240624166667,-98.144456111111,0.0
4854,-21.381391875976,27.465289978078,-21.381391875976,27.465289978078,0.0
4855,32.3663337808,-64.6743241511,32.3663337808,-64.6743241511,0.0
4856,-30.17812645356,-37.665184339393,-30.17812645356,-37.665184339393,0.0
4857,-19.537597058441,135.58486698052,-19.537597058441,135.58486698052,0.0
4858,-3.918764517381,143.94138317749,-3.918764517381,143.94138317749,0.0
4859,7.3468035,134.4979939,7.3468035,134.4979939,0.0
4860,-25.144039100002,33.088851900001,-25.144039100002,33.088851900001,0.0
4861,1.5104085579529,25.294030811661,1.5104085579529,25.294030811661,0.0
4862,-23.8602198567,29.4254253712,-23.8602198567,29.4254253712,0.0
4863,-0.2937632,36.0910345,-0.2937632,36.0910345,0.0
4864,6.8774388,158.2890641,6.8774388,158.2890641,0.0
4865,1.630164,109.497986,1.630164,109.497986,0.0
4866,-45.4305955,167.7620574,-45.4305955,167.7620574,0.0
4867,-0.90136666666667,-89.604633333333,-0.90136666666667,-89.604633333333,0.0
4868,-0.294225,36.1181444,-0.294225,36.1181444,0.0
4869,16.101810200002,168.1416466,16.101810200002,168.1416466,0.0
4870,-63.870143888889,-57.60430525,-63.870143888889,-57.60430525,0.0
4871,14.876550299745,-24.719076199998,14.876550299745,-24.719076199998,0.0
4872,16.19333153206,-0.52399262492462,16.19333153206,-0.52399262492462,0.0
4873,-23.036976095246,29.912523820948,-23.036976095246,29.912523820948,0.0
4874,19.877395810001,3.0114187500001,19.877395810001,3.0114187500001,0.0
4875,-36.51698466,150.04214097333,-36.51698466,150.04214097333,0.0
4876,27.0371111,142.176326,27.0371111,142.176326,0.0
4877,37.766444225938,-25.288626851156,37.766444225938,-25.288626851156,0.0
4878,0.0,-180.0,0.0,-180.0,0.0
4879,-3.9179810230952,143.9689204781,-3.9179810230952,143.9689204781,0.0
4880,14.868742,-24.7133456,14.868742,-24.7133456,0.0
4881,-34.56185001146,172.87621276379,-34.56185001146,172.87621276379,0.0
4882,3.0661336582294,24.122642871053,3.0661336582294,24.122642871053,0.0
4883,44.953893578795,-106.94772111798,44.953893578795,-106.94772111798,0.0
4884,7.4982797,134.5445831,7.4982797,134.5445831,0.0
4885,-43.743987,-176.359116,-43.743987,-176.359116,0.0
4886,40.267375218943,-11.800021101496,40.267375218943,-11.800021101496,0.0
4887,-35.412651699972,-72.4354969,-35.412651699972,-72.4354969,0.0
4888,16.204667448887,-0.2603807902834,16.204667448887,-0.2603807902834,0.0
4889,5.6242913,-0.1729745,5.6242913,-0.1729745,0.0
4890,-36.5223740262,150.03429042163,-36.5223740262,150.03429042163,0.0
4891,7.7048747948847,134.63022437602,7.7048747948847,134.63022437602,0.0
4892,25.158941089353,55.4538671599,25.158941089353,55.4538671599,0.0
4893,-13.29646154995,25.080614508523,-13.29646154995,25.080614508523,0.0
4894,27.945975,179.8463067,27.945975,179.8463067,0.0
4895,-4.1884183,139.0037117,-4.1884183,139.0037117,0.0
4896,-12.8393551,45.1299576859,-12.8393551,45.1299576859,0.0
4897,2.8698649,23.9439554,2.8698649,23.9439554,0.0
4898,16.958993757516,-25.297903142285,16.958993757516,-25.297903142285,0.0
4899,-19.675353396077,-42.978028458821,-19.675353396077,-42.978028458821,0.0
4900,-18.638096042443,-174.03954465303,-18.638096042443,-174.03954465303,0.0
4901,-37.250805555556,150.03155555556,-37.250805555556,150.03155555556,0.0
4902,-43.743756666667,-176.55686472222,-43.743756666667,-176.55686472222,0.0
4903,13.481505910934,144.86212046536,13.481505910934,144.86212046536,0.0
4904,26.216901944444,-98.147306666667,26.216901944444,-98.147306666667,0.0
4905,5.51434,9.981917,5.51434,9.981917,0.0
4906,-9.2774299433333,147.23037523333,-9.2774299433333,147.23037523333,0.0
4907,-27.147945,-109.336352,-27.147945,-109.336352,0.0
4908,5.511539,9.982249,5.511539,9.982249,0.0
4909,-4.1605240935065,138.98136558611,-4.1605240935065,138.98136558611,0.0
4910,9.5349193,138.1098688,9.5349193,138.1098688,0.0
4911,2.9474946,9.9169519,2.9474946,9.9169519,0.0
4912,37.744250451189,-25.515809718463,37.744250451189,-25.515809718463,0.0
4913,-32.404673685367,134.52012989667,-32.404673685367,134.52012989667,0.0
4914,32.3636001069,-64.6644470841,32.3636001069,-64.6644470841,0.0
4915,24.678813,68.47355,24.678813,68.47355,0.0
4916,7.64184,134.6327647,7.64184,134.6327647,0.0
4917,32.2966551036,-64.8749579117,32.2966551036,-64.8749579117,0.0
4918,24.884559805005,68.583581630706,24.884559805005,68.583581630706,0.0
4919,5.36614586261,162.98296408246,5.36614586261,162.98296408246,0.0
4920,24.398907177721,68.797339725907,24.398907177721,68.797339725907,0.0
4921,-18.633685257049,-174.00752256905,-18.633685257049,-174.00752256905,0.0
4922,-9.387069394397,-28.067781936065,-9.387069394397,-28.067781936065,0.0
4923,32.2944604699,-64.7721398715,32.2944604699,-64.7721398715,0.0
4924,-14.732835246264,13.878779076053,-14.732835246264,13.878779076053,0.0
4925,33.111433333333,139.78228333333,33.111433333333,139.78228333333,0.0
4926,-23.8412261289,29.3617980927,-23.8412261289,29.3617980927,0.0
4927,25.145908081667,55.456151291667,25.145908081667,55.456151291667,0.0
4928,32.505409333306,-8.1714166666667,32.505409333306,-8.1714166666667,0.0
4929,-22.679874384722,27.138295182778,-22.679874384722,27.138295182778,0.0
4930,-13.665281799998,50.023023299998,-13.665281799998,50.023023299998,0.0
4931,-35.566729299972,-72.602185399972,-35.566729299972,-72.602185399972,0.0
4932,25.1209092,47.6329185,25.1209092,47.6329185,0.0
4933,-23.622311102222,28.828087448889,-23.622311102222,28.828087448889,0.0
4934,23.9495382,90.2741937,23.9495382,90.2741937,0.0
4935,24.841469163869,69.12961675518,24.841469163869,69.12961675518,0.0
4936,5.84758,10.162125,5.84758,10.162125,0.0
4937,24.920556334635,56.38702438037,24.920556334635,56.38702438037,0.0
4938,32.29325708,-64.7811971884,32.29325708,-64.7811971884,0.0
4939,-12.8380799,45.1310228,-12.8380799,45.1310228,0.0
4940,-32.719742299699,134.83469536647,-32.719742299699,134.83469536647,0.0
4941,5.732097,10.175695,5.732097,10.175695,0.0
4942,24.98540727116,68.462138772884,24.98540727116,68.462138772884,0.0
4943,3.871214,10.072524,3.871214,10.072524,0.0
4944,33.189216833306,-8.1877148333056,33.189216833306,-8.1877148333056,0.0
4945,5.769513,10.158402,5.769513,10.158402,0.0
4946,19.925961410623,41.560637090716,19.925961410623,41.560637090716,0.0
4947,-3.4691666666667,152.2275,-3.4691666666667,152.2275,0.0
4948,-17.547327777778,-149.58493611111,-17.547327777778,-149.58493611111,0.0
4949,-32.702195876333,134.81550834717,-32.702195876333,134.81550834717,0.0
4950,4.788516,10.825601,4.788516,10.825601,0.0
4951,44.8494746,-109.55371239997,44.8494746,-109.55371239997,0.0
4952,-14.920330499313,13.501061182482,-14.920330499313,13.501061182482,0.0
4953,-24.1760245711,28.9980228245,-24.1760245711,28.9980228245,0.0
4954,20.146117318754673,17.3725349593167,20.146117318754673,17.3725349593167,0.0
4955,30.835132900002,28.959908899998,30.835132900002,28.959908899998,0.0
4956,-45.099474166667,170.06739361111,-45.099474166667,170.06739361111,0.0
4957,37.793648346962,-107.67350159011,37.793648346962,-107.67350159011,0.0
4958,24.806425,68.535699681249,24.806425,68.535699681249,0.0
4959,5.6305837,-0.1155107,5.6305837,-0.1155107,0.0
4960,24.611756885912,68.452260796751,24.611756885912,68.452260796751,0.0
4961,24.578238466085,69.11807169215,24.578238466085,69.11807169215,0.0
4962,3.0859333,24.1221367,3.0859333,24.1221367,0.0
4963,44.914039,-107.079403,44.914039,-107.079403,0.0
4964,5.0067716092,115.0050113071,5.0067716092,115.0050113071,0.0
4965,3.830877,10.091252,3.830877,10.091252,0.0
4966,15.745031933068,-1.2995080880478,15.745031933068,-1.2995080880478,0.0
4967,-35.6781434,-72.537904299972,-35.6781434,-72.537904299972,0.0
4968,-13.6293495,50.0122388,-13.6293495,50.0122388,0.0
4969,0.35867015183714,109.99666776544,0.35867015183714,109.99666776544,0.0
4970,-35.794926422062,-72.547023530515,-35.794926422062,-72.547023530515,0.0
4971,25.107827503235,56.357473013927,25.107827503235,56.357473013927,0.0
4972,-51.693912627456,-57.838930641239,-51.693912627456,-57.838930641239,0.0
4973,16.998872,-25.247515,16.998872,-25.247515,0.0
4974,24.740695756211,69.24321062734,24.740695756211,69.24321062734,0.0
4975,2.8859157999976,23.9889624,2.8859157999976,23.9889624,0.0
4976,44.9689959,-108.26912409997,44.9689959,-108.26912409997,0.0
4977,-22.409894876111,29.85191253,-22.409894876111,29.85191253,0.0
4978,5.1594845529601,-52.666085876504,5.1594845529601,-52.666085876504,0.0
4979,24.990547725674,68.414767733572,24.990547725674,68.414767733572,0.0
4980,-23.8470979035,29.368959507,-23.8470979035,29.368959507,0.0
4981,-21.398282311667,27.452681846667,-21.398282311667,27.452681846667,0.0
4982,18.305083880005,42.725071300045,18.305083880005,42.725071300045,0.0
4983,-19.309408101959,135.10721578486,-19.309408101959,135.10721578486,0.0
4984,24.571848,69.21121,24.571848,69.21121,0.0
4985,24.6811822802,69.0686101754,24.6811822802,69.0686101754,0.0
4986,-36.575501247894,-59.642985127196,-36.575501247894,-59.642985127196,0.0
4987,24.97756166007,68.583563997328,24.97756166007,68.583563997328,0.0
4988,24.541521743213,68.531049335993,24.541521743213,68.531049335993,0.0
4989,-45.231643099972,167.8119474,-45.231643099972,167.8119474,0.0
4990,14.919144223655,-24.345602910254,14.919144223655,-24.345602910254,0.0
4991,3.2112928786364,24.086302449034,3.2112928786364,24.086302449034,0.0
4992,-32.723711362613,134.84713966397,-32.723711362613,134.84713966397,0.0
4993,-43.73124647872,-176.4977529861,-43.73124647872,-176.4977529861,0.0
4994,-9.3075716885144,147.23190891511,-9.3075716885144,147.23190891511,0.0
4995,-12.8405725,45.1310917,-12.8405725,45.1310917,0.0
4996,-20.149406666667,13.193223333333,-20.149406666667,13.193223333333,0.0
4997,32.2580362391,-64.8668394517,32.2580362391,-64.8668394517,0.0
4998,-3.0630058066667,-59.950633753333,-3.0630058066667,-59.950633753333,0.0
4999,32.027318099999,-8.2166602,32.027318099999,-8.2166602,0.0
