id,gt_lat,gt_lon,pred_lat,pred_lon,error_km
0,16.146444599998,168.1148514,-27.139872,-109.411332,10102.450258290637
1,-33.98184925644,-32.612652918486,-32.63469743042,-34.402091130057,223.80305331924882
2,-35.595377,-62.4435055,-35.5857727,-62.4550269,1.4919350265078455
3,-3.9707426869888,122.5906746048,27.499819481896,88.537163168213,5057.090759510404
4,22.055194781733,-159.38694063739,-37.3303197,-59.0812522,12350.70190129663
5,17.9971477,-15.6410917,17.9521408,-15.5015537,15.5840525030695
6,40.269087605668,-11.799009156275,40.273692972635,-11.796231321058,0.5637213411170517
7,-4.5657694533971,136.87769099789,-4.5663216414502,136.88008716158,0.2726005455309158
8,-35.3917309,-62.4237201,7.0879285488889,125.57122483333,16763.767917598034
9,1.8509544711577,172.99873894097,-8.5123826,126.9849032,5228.806579782941
10,26.5579432,78.7202628,26.5380474,78.7237048,2.2386484664817767
11,1.9828404529191,-157.35593335685,-9.4577274153145,160.10198785786,4880.591560409196
12,1.9902825470222,-157.37940550382,2.0324978845973,-157.42218254215,6.680729132242561
13,1.9831686861805,-157.3657819861,2.0321961330251,-157.42200697466,8.292085147909505
14,2.041881001924,-157.49023364798,14.703587571578,-17.47459478092,15236.131983535555
15,22.688583324679,131.12826227172,13.46727220676,144.79879792035,1769.925072468229
16,-14.893372827309,50.27758068755,-14.894530130876,50.278079864542,0.1394185446662106
17,-35.025622222222,117.87645555556,-27.111154390683,-109.37230189964,11507.368393974386
18,-77.8463677,166.6717459,-77.8463268,166.6720834,0.009116396621456437
19,-27.100351125556,-109.37711997465,-27.100720756358,-109.37678890069,0.0525670622730926
20,-27.140849,-109.411603,-32.377135666667,134.34160698507,10569.45264902969
21,4.7914388888889,51.779036111111,-9.414557105,147.44010982,10713.866203553054
22,-18.612210349112,-174.00089703609,-13.682447,50.021800599998,14001.425003665583
23,-27.098266705185,-109.37879372492,-27.091308529562,-109.38150997192,0.8191048771661216
24,38.0006071919,-41.857120398158,37.988889419167,-50.208898339331,731.6138778099817
25,-77.8462596,166.6668388,-54.421750310282,3.3887837865259,5262.816063483716
26,-8.1421162957581,-24.345313226706,-8.068883760544,-24.126344479097,25.443265033608114
27,-35.086054043358,-32.561044387261,-35.05542027823,-32.55762600414,3.4204958122357687
28,27.945975,179.8463067,27.945975,179.8463067,0.0
29,-67.567985,-68.122978333333,-52.76925247549,-71.31773240287,1654.4698428721226
30,16.1335336,168.1298906,-20.8884787,15.5405202,17080.778392217366
31,-27.100002753553,-109.37743984645,-27.100720756358,-109.37678890069,0.1025964212185257
32,-18.846018,72.47929275,-18.846018,72.47929275,0.0
33,2.043164789686,-157.48663920077,-52.385788,-68.417147,10124.369596133667
34,38.07843726052,-47.7175375166,38.07843726052,-47.7175375166,0.0
35,-6.2974772999722,176.3184621,-6.2946952999722,176.3210907,0.42437967102954444
36,2.0221870330489,-157.48903094376,-5.186706,-80.610899,8576.314362489178
37,-54.2647463596,-36.501215547357,-21.335750389676,-174.95160531357,10721.29944944654
38,-4.5648755361457,136.86721415762,-4.5657694533971,136.87769099789,1.1655215601686517
39,-77.8458894,166.6683252,16.101793,168.1416794,10446.932737176146
40,-6.2946952999722,176.3210907,-6.2974772999722,176.3184621,0.42437967102954444
41,-54.262541080876,-36.49784015495,-45.394949199972,167.7587058,8698.882679527744
42,-33.713359,0.0,-43.787157,173.069834,11368.806461078962
43,-77.8463774,166.6716091,-77.8463677,166.6717459,0.0033792791484580243
44,-4.5651456880952,136.87114504127,-4.5648755361457,136.86721415762,0.43674200917407136
45,-36.035700762307,-32.667014264013,-35.974433232052,-32.660177497771,6.840340037546021
46,16.133585100003,168.129909,25.348325,106.242399,6463.4772506906975
47,-27.101752896902,-109.37579874997,-27.100351125556,-109.37711997465,0.20346895515321994
48,43.939628128418,-59.877183952711,43.939560752599,-59.877240795773,0.008765979672212565
49,38.06805925288,-50.6117926804,38.07065375479,-49.88822888945,63.341173438727935
50,37.988889419167,-50.208898339331,38.0006071919,-41.857120398158,731.6138778099817
51,-4.1018456769078,138.93215966343,-67.570268333333,-68.128181666667,11767.814624619312
52,-13.682447,50.021800599998,-18.612210349112,-174.00089703609,14001.425003665583
53,38.049576713333,-44.781052506667,38.04958336,-48.85205728,356.4430377213889
54,-4.3340244646271,-12.958938351019,-4.4072569998411,-13.177907098628,25.606684474330386
55,-27.094912359832,-109.38071075178,-19.327830423257,146.72557521622,10332.440978232908
56,37.4989176,-46.501526449524,37.4989176,-46.307796213333,17.09051909776862
57,-6.2911852,176.3161641,-6.2974772999722,176.3184621,0.7443240096243393
58,43.938013116899,-59.877024822532,43.938252927735,-59.877236150531,0.031581412178116997
59,-35.539056218967,-33.267712202583,-35.275362752264,-33.535469784341,38.060749664968476
60,-6.3113029154066,-18.871094536472,-6.6042330562628,-19.746969526909,102.1093311834395
61,38.554098798333,-38.445941305,38.554098525,-30.352058925,703.5893969997699
62,-5.2860474224098,-15.80553206994,-4.8466522111255,-14.491719584284,153.5014105713295
63,-35.698729345905,-32.629412049682,-35.729363111033,-32.632830432803,3.4202718888576724
64,-27.098925492085,-109.37838422977,-27.099543671785,-109.37790542822,0.08349436912247055
65,-25.4847222,-124.2436111,-19.1466667,8.4033333,12886.11014599562
66,-67.5718,-68.12929,-67.570268333333,-68.128181666667,0.17668529719384327
67,-6.2938309999722,176.3158222,-6.2921161,176.31507139997,0.2079615606464503
68,38.07151858876,-49.647040959133,38.07065375479,-49.88822888945,21.113272673297264
69,-4.9953135567602,-14.937398257149,-3.4052697078032,-10.182718105778,556.1126085273877
70,-56.936228080158,-28.014700948282,-56.93615297933,-28.014403465622,0.019885219768320663
71,-3.4052697078032,-10.182718105778,-4.9953135567602,-14.937398257149,556.1126085273877
72,-34.320209915173,-32.475584809236,-35.147321573612,-32.567881153503,92.35651805235531
73,-54.421741616696,3.3888923584485,-54.421750310282,3.3887837865259,0.007090246716713519
74,0.0,-180.0,32.482235299998,119.9404053,7238.908413839305
75,1.5001989099929,124.89054551999,26.2141201,127.6745611,2764.1487068472115
76,-4.0130178068343,-11.983733670417,-4.2073397293216,-12.564020695669,67.8893808414999
77,-35.802749685671,-32.999954620824,-35.539056218967,-33.267712202583,38.010017174557845
78,-27.111154390683,-109.37230189964,-35.025622222222,117.87645555556,11507.368393974386
79,-35.003961111111,117.51656111111,-35.004661111111,117.516975,0.08648468090220643
80,-77.8461044,166.6672587,-77.8461786,166.6669886,0.010395033904473501
81,-18.614455970495,-174.00302211366,-34.9324563704,-57.9377458245,11022.31669745766
82,-35.239222868994,-32.578136302866,-35.269856634122,-32.581554685987,3.42043201527867
83,-4.7734196759114,-14.272750836675,-4.8466522111255,-14.491719584284,25.592517008544508
84,27.945975,179.8463067,36.408523109135,-146.8458305345,3254.6834182964594
85,-6.2868554,176.31439449997,14.8680945,-24.706412299999,17529.750464746037
86,-25.594301571447,-37.358759118259,-25.380422236059,-37.790918785271,49.46905922475827
87,-24.3366585,-128.3139861,-34.9395572428,-57.971999571,6764.891969036813
88,-31.4055556,-130.3563889,-19.1466667,8.4033333,12877.402621072655
89,-6.5023393154404,-19.458263937371,-6.2828656630405,-18.801488575686,76.56919965635863
90,-54.269396534706,-36.502881743979,-22.721768856049,-22.721768856049,3692.428575606403
91,-5.7254426336942,-17.119344555597,-5.7986751689082,-17.338313303206,25.557185045192675
92,22.645468659512,131.39413603825,22.674303654107,131.21703545072,18.453255439602952
93,27.945975,179.8463067,27.945975,179.8463067,0.0
94,-67.570336666667,-68.12801,-67.570186666667,-68.127851666667,0.01798115947809674
95,38.06892408685,-50.370604750083,38.06027574715,-52.78248405325,211.14557868962416
96,39.436501041056,-31.257868409167,7.4879503,99.0849626,12719.481751772397
97,0.0,-180.0,25.480671363064,48.138437136869,14126.598360993074
98,-54.421584682483,3.3908522688457,-54.421640590538,3.3909122925004,0.007329852907945212
99,-29.5197898146,-38.539660931473,-29.34910994524,-38.766377084975,29.021356340773632
100,1.514422229991,124.91755734999,9.5303855555556,118.58988083333,1133.1925915705838
101,-7.7776670572399,-23.269001968737,-6.6414250407109,-19.866700020367,396.01546862122024
102,-67.568265,-68.123328333333,-67.568503333333,-68.124265,0.04776819958585342
103,-3.9893352076181,122.51698689218,-17.704231160903,168.30358772789,5209.981849522709
104,-32.25066772436,-34.912202475437,-30.36709345178,-37.414177169444,316.78382601647047
105,-4.7465500962417,-14.204061043894,-4.9660237486415,-14.860836405578,76.75113152667743
106,37.4989176,-30.458241265,37.4989176,-32.1110023425,145.80164341197224
107,-3.8198401157788,-11.417453463835,-6.5444697850104,-19.557705153378,950.9156896717043
108,-4.0358005932902,122.491733147,-17.704231160903,168.30358772789,5210.784732639455
109,-6.3448808766815,-18.94717797344,-6.5392027991688,-19.527464998692,67.66051299273244
110,-33.981666666667,-112.43083333333,32.505409333306,-8.1714166666667,13143.635524495958
111,-30.36709345178,-37.414177169444,-30.37928487102,-37.397983158479,2.06185022588109
112,38.07930209449,-47.476349586284,38.07930209449,-47.476349586284,0.0
113,-18.660563336637,-174.03955954745,7.90502,52.169018,14889.245968043333
114,-35.016202777778,117.88049166667,-33.402907233694,-70.658176057,12355.39060040278
115,-54.441028512134,-36.189404474605,-54.441050849906,-36.189440181513,0.003391284304041724
116,-6.6042330562628,-19.746969526909,-6.4577679858347,-19.30903203169,51.048036670793586
117,37.51046224,-48.92063152,14.687577799972,-17.451893099972,4004.7768902196003
118,2.0165954729413,-157.4856113487,-35.449074302273,-72.475564662253,9686.278604267944
119,-4.9846274192707,-14.885168796677,-5.1789493417579,-15.465455821929,67.80626881755283
120,-4.0410943237708,-12.083063360581,-3.9678617885568,-11.864094612972,25.61745729223739
121,-4.5663216414502,136.88008716158,-4.5657694533971,136.87769099789,0.2726005455309158
122,-14.893276637919,50.275164088591,-5.373947,104.966288,6064.18682237064
123,-21.201464098442,-172.02016182663,-29.559391976736,149.60062439831,3947.1057823708975
124,-61.33,-62.865,1.3300902,172.9947103,11879.051882388754
125,-4.3466909090097,55.770494705118,-4.3489367561455,55.775363668851,0.5948085447194745
126,16.101726699997,168.1416623,17.9419891,-15.4748438,16208.932988318524
127,43.93884225067,-59.878215791549,43.939560752599,-59.877240795773,0.11170245769752346
128,-26.011343926788,-36.421469743888,-25.380422236059,-37.790918785271,154.10959391254687
129,1.9878989667735,-157.37358445924,26.665082763587,127.90714400498,8391.502335175948
130,-5.680168410706,-16.979456438191,-3.6243739618598,-10.823159619913,719.5316678662215
131,-54.421654530948,3.3899799496049,-54.421689305292,3.3895456619143,0.02836103716335727
132,-4.5270764438418,-13.547285682209,-4.7465500962417,-14.204061043894,76.77307916580695
133,-35.005830555556,117.51788888889,-35.004661111111,117.516975,0.15439491847801376
134,2.0353675101598,-157.494114485,-51.845689621501,-58.3159905643,10815.029426780244
135,-77.8465337,166.6690092,-77.8464808,166.6689583,0.006001687467402361
136,-8.4350464366143,-25.221188217143,-8.5815115070424,-25.659125712362,50.83966445216839
137,-35.024497222222,117.67413888889,-35.025302777778,117.66613611111,0.734200100228836
138,-35.004661111111,117.516975,-35.005830555556,117.51788888889,0.15439491847801376
139,-5.2884801503168,-15.821256437898,-6.7387058775077,-20.159817323175,506.13294620693154
140,7.1279179283333,171.04672023429,7.1190922971934,171.05716343059,1.5135380683489368
141,-31.57404395654,-35.810970083964,-31.63500105274,-35.730000029142,10.234398027574104
142,-8.4776021870389,-25.369242192533,-8.0386548822392,-24.055691469164,152.5634849197531
143,-6.2935173,176.31978829997,-6.2926947999722,176.3152967,0.5047878909628388
144,-21.335750389676,-174.95160531357,-54.2647463596,-36.501215547357,10721.29944944654
145,38.041619396467,-12.625897604052,38.012324964633,-33.505342456985,1824.9754605731248
146,16.1464482,168.1146852,39.436451378278,-31.25793135725,13515.4997162015
147,-77.8464808,166.6689583,-77.8465337,166.6690092,0.006001687467402361
148,-54.421640590538,3.3909122925004,-54.421662584625,3.3909061330093,0.0024778827887496167
149,-24.3365736,-128.3137468,-8.7195137,125.43556429997,11222.546039044091
150,7.1126635,171.3677444,1.3706856,173.1643473,668.814155902451
151,-7.3164904891179,-21.8486130997,-8.0937781790669,-24.169761200708,269.9760538045216
152,-3.9702937015353,122.5244264006,-8.6384188273969,125.45193130947,611.6070377695928
153,0.0,-180.0,-8.6386290999722,126.38181059997,6015.159951460455
154,-67.571735,-68.129208333333,24.943964250905,56.209088789683,13988.395160726996
155,43.937842839936,-59.876854936037,43.938013116899,-59.877024822532,0.0233137941079864
156,2.0120463371277,-157.48469543457,1.9994755983353,-157.48095703125,1.4582315374622925
157,-77.8464256,166.6696661,-77.8464405,166.6701639,0.011770763097034275
158,-63.875648472222,-57.584686277778,-0.54332717233186,166.94815721705,11984.529294250038
159,-77.8465053,166.6690148,-77.8465337,166.6690092,0.0031606558499487777
160,-77.8463268,166.6720834,-77.8463677,166.6717459,0.009116396621456437
161,43.936907731838,-59.876141861196,43.936943033382,-59.876151317985,0.003997721859964234
162,7.0574397,171.2488028,37.744688389514,-25.639420618024,14734.282406504844
163,-46.3408333,-173.2888889,-19.1466667,8.4033333,12731.217581956915
164,-9.8426754814523,-29.392344427975,-10.03699740394,-29.972631453227,67.1290004783171
165,39.436441571444,-31.257914090528,39.436451378278,-31.25793135725,0.0018406447243780196
166,0.0,-180.0,-44.6964794,169.1347348,5084.418298063688
167,-4.1649384300551,138.98490673006,-4.1649945558441,138.98495151019,0.007975697258679686
168,-27.091308529562,-109.38150997192,-27.098266705185,-109.37879372492,0.8191048771661216
169,-4.4260027509468,120.33299723012,-12.375212916849,130.88511664506,1458.1705504668926
170,2.0230271872221,-157.48961019591,13.479787913451,144.86026643746,6461.824028271721
171,16.146328,168.1148054,-9.5147908333333,160.15662527778,2984.7991789740145
172,-3.8382544231259,-11.482695552622,-5.2884801503168,-15.821256437898,507.2005120898348
173,-35.423025459759,-32.598646601592,-35.698729345905,-32.629412049682,30.78292766116924
174,43.938868926783,-59.878210268318,43.939560752599,-59.877240795773,0.10928592174343171
175,-13.645410200002,50.019686699998,13.35371134,62.351855459999,3295.2126806196093
176,-14.0528495,50.0209914,-12.40057918371,130.88481760903,8707.913339382081
177,-77.8463113,166.6721069,-77.8462601,166.6717981,0.009201783358928649
178,-35.00045000696,117.10049753227,-27.099543671785,-109.37790542822,11557.377152574618
179,-77.8462026,166.6667557,-77.8461777,166.6666765,0.0033322307831429423
180,-18.604768488634,-174.00143372019,-18.612210349112,-174.00089703609,0.8294276119456625
181,16.500605099999,167.6505342067,21.463426648883,39.235056667419,12985.065790321029
182,16.1334975,168.1299944,-21.202608,-159.7939877,5428.978928504323
183,-4.3490023445378,55.775615880318,-4.3489367561455,55.775363668851,0.028899276664002438
184,16.1335172,168.1300091,16.1334975,168.1299944,0.0026951745008695614
185,-4.637199445484,55.475626619333,-36.5223740262,150.03429042163,10106.605985399437
186,-77.8464261,166.6684989,-77.8464606,166.6686199,0.004768689251824855
187,37.4989176,-54.057005660952,37.4989176,-47.857638102857,546.7977810964917
188,-6.2926947999722,176.3152967,-6.2974772999722,176.3184621,0.6365518335488822
189,-54.51134,158.920216,-34.9360704225,-57.976113249,9461.056767420614
190,-54.57393,158.917819,16.2541848,-61.5963142,14525.157324506032
191,0.0,-180.0,18.808306999972,79.4133494,11121.199590358003
192,-5.0417086888599,-15.082834567771,-5.2884801503168,-15.821256437898,86.25622722221148
193,-77.8458348,166.6686303,-77.8457734,166.668922,0.009656575561559412
194,-21.140748,-175.174959,-18.638096042443,-174.03954465303,302.54355006426795
195,1.3640267,173.0876742,7.0994806940606,171.10295871798,674.6311881260492
196,-35.790630641287,-32.639667199045,-35.75999687616,-32.636248815924,3.420250471708195
197,43.938572942347,-59.878061913532,43.938434578728,-59.877803840544,0.02576243794473623
198,1.9960876768496,-157.48045826007,10.671991,37.0560949,17877.06618770352
199,37.4989176,-32.1110023425,37.4989176,-33.6366279525,134.58638820042765
200,43.937660267447,-59.876740960452,43.936943033382,-59.876151317985,0.09268021669332396
201,39.436488719667,-31.257966812694,39.436444756583,-31.257930770528,0.00578600463252068
202,-19.0472571665,72.5749023335,24.97756166007,68.583563997328,4914.35865441148
203,38.554098525,-30.352058925,38.554098798333,-38.445941305,703.5893969997699
204,0.0,-180.0,-16.284160799972,-39.0287815,15368.950822952744
205,2.0430406261333,-157.46662308782,2.0438532631436,-157.48370593167,1.900467020295861
206,39.436601875361,-31.257857261222,7.1131111716738,125.62093714735,14318.329134419466
207,-30.76331457708,-36.887871813099,-33.98184925644,-32.612652918486,537.7446577386604
208,37.4989176,-49.4014259225,37.4989176,-48.765748585,56.07816910582497
209,0.0,-180.0,22.674303654107,131.21703545072,5843.954757947045
210,-35.025302777778,117.66613611111,-23.4606767,-68.1055,13483.32236373726
211,38.0006071919,-41.857120398158,38.012324964633,-33.505342456985,731.4968564510087
212,-77.8458118,166.6687284,-77.8458348,166.6686303,0.0034373423746373094
213,13.9900736,-45.505196568333,15.5852064,-50.712258862222,587.2154771637438
214,0.0,-180.0,-63.876111111111,-57.562222222222,11526.577917524966
215,-6.0633920106407,-18.144713214002,-5.8439183582409,-17.487937852317,76.6262286388395
216,38.012324964633,-33.505342456985,38.0006071919,-41.857120398158,731.4968564510087
217,38.0530599654,-54.79502241942,38.0506808887,-55.45857439851,58.10161168417304
218,-67.568078333333,-68.12311,44.937407132222,-109.62433196583,12985.49264950312
219,39.436592278083,-31.257929513222,8.455256,-79.998748,5930.147571346668
220,39.436441571444,-31.257914090528,19.685063587573,-79.884443516787,5115.275900277973
221,38.053852990967,-54.57383842639,38.052266939833,-55.01620641245,38.733824017292996
222,39.436508836222,-31.257974859333,-17.809461599972,178.7220628,16259.358898083537
223,38.07843726052,-47.7175375166,38.07843726052,-47.7175375166,0.0
224,-9.0209067183267,-26.972938198018,-3.4552340420584,-10.331313379706,1940.0386572361178
225,-35.576194285396,-32.615738517197,-35.545560520268,-32.612320134076,3.4203253633496025
226,1.9838180541992,-157.47537231445,-35.824420194747,-72.604176182061,9674.967975964853
227,-33.728012,0.116645,15.108145606667,28.198368053333,6192.288981717042
228,38.052266939833,-55.01620641245,38.053852990967,-54.57383842639,38.733824017292996
229,2.0198804442477,-157.48738634093,2.0203904717624,-157.48775046921,0.06966809961627847
230,-67.567956666667,-68.123108333333,-54.4217031782,3.3907492486436,3858.124696473633
231,-21.164244362182,-172.0490588164,27.0941917,142.2044772,7281.74291360258
232,39.436444756583,-31.257930770528,39.436488719667,-31.257966812694,0.00578600463252068
233,38.08276143037,-46.511597865016,38.08362626434,-46.2704099347,21.10977753951187
234,16.133590100001,168.12990310078,-17.971495699999,178.6187397,3962.4619687908266
235,37.4989176,-48.765748585,37.4989176,-49.4014259225,56.07816910582497
236,-35.028508333333,117.60293333333,7.6033977812672,58.490973689201,7792.37458963465
237,-56.936207038698,-28.014660792178,22.618400224073,131.56014487463,15854.779321758733
238,-35.637461815651,-32.622575283439,-35.668095580778,-32.62599366656,3.4202932902673977
239,39.436518684972,-31.257944516833,-24.3366585,-128.3139861,12273.50149945605
240,-6.2828656630405,-18.801488575686,-6.5023393154404,-19.458263937371,76.56919965635863
241,-35.05542027823,-32.55762600414,-35.116687808485,-32.564462770382,6.840980997811695
242,-7.4387693439091,-22.234386842909,-9.1615810443694,-27.38627713126,598.3328771869783
243,-54.421776540929,3.3884561988282,-54.4217939281,3.3882390549828,0.014180480096853357
244,-35.030335573313,117.91963302756,-35.032205714214,117.91534468068,0.4423799632489392
245,-35.275362752264,-33.535469784341,-35.539056218967,-33.267712202583,38.060749664968476
246,43.937055388972,-59.876218041736,43.937485483464,-59.87660206675,0.056856787637623626
247,-5.8475622254095,-17.494182301663,-4.307602791442,-12.890510320524,537.8648576627594
248,-30.17203074394,-37.673281344875,-30.17812645356,-37.665184339393,1.0321081572845963
249,-35.031101872333,117.9058002195,-36.828688539357,139.85100925524,1981.6143085066997
250,39.486875571193,-12.294234047818,15.121991,104.30739258,11081.220758961754
251,-4.307602791442,-12.890510320524,-4.0881291390422,-12.233734958839,76.81393802569163
252,-6.0916053097644,-18.214188293643,-6.1648378449785,-18.433157041253,25.541908756395074
253,-77.8462601,166.6717981,-67.567956666667,-68.123108333333,3445.4025385051573
254,22.603676838832,131.64982703791,-56.936038229637,-28.01424332999,15856.105959384719
255,-6.0183727745504,-17.995219546034,-6.0916053097644,-18.214188293643,25.545038924283258
256,-4.356925,55.830535,-2.9696825971524,-60.003577742044,12839.325425320245
257,-35.545560520268,-32.612320134076,-35.576194285396,-32.615738517197,3.4203253633496025
258,-35.17795533874,-32.571299536624,-35.576194285396,-32.615738517197,44.46506039401223
259,-6.94128662024,-20.77181466074,-7.1607602726399,-21.428590022425,76.47609694609879
260,38.0459227353,-56.78567835669,38.06892408685,-50.370604750083,561.56051920527
261,-27.115144,-109.395431,-35.1143712,150.0878671,9181.620416647835
262,-35.116687808485,-32.564462770382,-35.05542027823,-32.55762600414,6.840980997811695
263,-77.846125,166.6662063,-77.8461213,166.666075,0.003101242506541494
264,15.12229,0.0,26.4103126,127.81947429997,12727.831085268557
265,38.0862829975,-42.669969274998,38.087203203453,-39.869000237465,245.1288943003897
266,-14.132214599998,50.061151,31.9341452,118.8751311,8930.354461660496
267,12.504471833333,-40.7359809,16.240813383333,-52.95677517,1379.9524932600082
268,-46.6594444,-173.115,-19.1466667,8.4033333,12696.191218066613
269,36.408523109135,-146.8458305345,27.945975,179.8463067,3254.6834182964594
270,-64.933332999867,-63.665,32.027318099999,-8.2166602,11793.456638773743
271,37.4989176,-34.526576225,37.4989176,-43.5531944175,796.0058972486846
272,-33.408016,0.066667,-45.893954281802,170.51712413487,11144.949116562373
273,-35.023515,117.8836115,40.279806295328,-11.791765821074,15605.732274962114
274,-35.032205714214,117.91534468068,-35.030335573313,117.91963302756,0.4423799632489392
275,-54.442232237248,-36.190321035717,-54.4217031782,3.3907492486436,2525.9607763045437
276,-56.936183569028,-28.014556388615,-56.93615297933,-28.014403465622,0.009880972234102493
277,-27.111416997451,-109.37207851647,-27.110436677444,-109.37288163835,0.13491203752502884
278,7.0700457,171.3033942,-0.54520618892206,166.92126943012,976.3927222457585
279,-56.93615297933,-28.014403465622,-56.936254384567,-28.014752566953,0.02399288391215388
280,-54.421718035567,3.3906788054346,-54.421707176581,3.390627498388,0.003532100600878035
281,-35.668095580778,-32.62599366656,-35.637461815651,-32.622575283439,3.4202932902673977
282,-24.336974,-128.3147973,9.0263412349895,38.762103260922,17829.192809678614
283,-4.0006011651073,122.51003332769,26.277415561404,-98.169476010397,15030.462195060521
284,-7.0494194886865,-21.076084209179,-5.9872120264509,-17.900337049058,370.1865253204242
285,38.042750633033,-57.67041432881,38.0506808887,-55.45857439851,193.6815187189219
286,-27.092377102614,-109.38093769869,-27.092759684074,-109.3809288,0.04255023711007729
287,-67.568503333333,-68.124265,22.618400224073,131.56014487463,14833.852664526046
288,37.520001681111,-14.944791852222,37.520006643333,-44.834375556667,2624.7936368771852
289,-77.8461737,166.6707932,-77.8461786,166.6708044,0.0006046615317005244
290,38.9531209,-47.633139477,38.9531209,-46.2321647865,121.14377043570184
291,-4.0670831527789,122.40716848487,-14.937702777778,13.482955555556,11910.6158008817
292,-35.026469,117.8838257,13.3576497,47.765939310345,9123.22880547675
293,-67.567985,-68.122978333333,7.4855638,99.0893895,13265.463083042141
294,-77.8461786,166.6708044,-77.8461737,166.6707932,0.0006046615317005244
295,-77.8462186,166.6716697,-8.55418,125.56494,8051.099634215399
296,-14.891039010386,50.276139595549,-14.894530130876,50.278079864542,0.4406447954837903
297,-21.337293819374,-174.95219271271,-16.3366015,-39.028852,13640.308758751671
298,-54.567879,158.915987,26.223358222045,127.71418293826,9466.614425234005
299,-54.421600243129,3.3908897514204,-54.421776540929,3.3884561988282,0.15865418659692346
300,27.076292479169,142.2202502073,9.90189045,-84.05305571,13551.532931420497
301,-27.139872,-109.411332,6.5139199000018,81.6923032,17438.82481440091
302,1.3358743,173.0159642,7.0811144046914,171.15521286617,671.313509107743
303,-77.8457734,166.668922,-77.8458348,166.6686303,0.009656575561559412
304,2.0437258824425,-157.48483068109,26.512622683817,93.750617793278,11760.901350414153
305,38.9531209,-46.2321647865,38.9531209,-47.633139477,121.14377043570184
306,36.430076929541,-146.65980848922,-33.1981185,-70.6597627,11045.979880766978
307,0.0,-180.0,-25.534502777778,-49.299158333333,14015.523861576768
308,0.0,-180.0,26.240975555556,-98.146779166667,9195.559394934678
309,1.3645829,173.1013478,-2.2269643999722,-80.917882399972,11788.76183675585
310,-14.891022151942,50.273827562734,-35.318748086885,139.80241044344,9015.685095486213
311,38.089963821313,-31.466093124865,38.095485057033,-14.660278899665,1468.6922093389787
312,-54.266229663095,-36.502429246936,-52.592242480976,-70.448551840518,2234.8149185075417
313,-6.2949682999722,176.32149469997,-6.2938309999722,176.3158222,0.6395779724048131
314,-35.030058457333,117.91998851183,-36.826225545455,139.86258296529,1981.409888715244
315,-19.0472571665,72.5749023335,-11.306550732255,-55.322845520153,13382.980635701424
316,40.283316224324,-11.789429740841,18.3012164,42.717684270003,5718.161296316048
317,38.0732482567,-49.1646650985,38.07151858876,-49.647040959133,42.225760910165455
318,-4.0881291390422,-12.233734958839,-3.8686554866423,-11.576959597155,76.8328484642612
319,-54.421715535938,3.3892180742166,-54.421750310282,3.3887837865259,0.02836099574186452
320,-18.63348579481,-174.0197468724,7.495314,99.0750435,9949.935898832546
321,-18.632814257859,-174.01313631945,-14.732835246264,13.878779076053,16205.623028513006
322,1.9994755983353,-157.48095703125,2.0120463371277,-157.48469543457,1.4582315374622925
323,39.436515164556,-31.257971338917,-0.2869684,36.1252552,8107.539689389726
324,-27.097289419477,-109.3794099302,-27.091308529562,-109.38150997192,0.6967794814468814
325,-6.5444697850104,-19.557705153378,-3.8198401157788,-11.417453463835,950.9156896717043
326,39.436438260611,-31.257892297583,39.436438009139,-31.257899925111,0.0006556421754655069
327,38.07065375479,-49.88822888945,38.07151858876,-49.647040959133,21.113272673297264
328,-21.18727,-175.19962,-13.6730772,50.023912,13738.313339784772
329,-3.971049018413,122.60293973273,-5.357209339994331,-5.356326,14143.028147289544
330,39.436517930583,-31.257961615917,-0.2869684,36.1252552,8107.538962864456
331,-6.2999904,176.3197656,24.7176038,90.4301317,9887.553584586936
332,15.15,0.0,15.1650438,13.887645399999,1490.262814306018
333,-31.63500105274,-35.730000029142,-31.57404395654,-35.810970083964,10.234398027574104
334,37.4989176,-43.5531944175,37.4989176,-43.42605895,11.215654285090626
335,43.937485483464,-59.87660206675,43.937055388972,-59.876218041736,0.056856787637623626
336,-34.902251452593,-32.540534088535,-35.05542027823,-32.55762600414,17.10263817474525
337,16.500714699999,167.6509539,3.3760905,23.918209700001,15458.851575265291
338,-18.661971644236,-174.03843261606,-6.2999904,176.3197656,1726.338866265827
339,-35.269856634122,-32.581554685987,-35.300490399249,-32.584973069108,3.4204213680535576
340,1.9831438527282,-157.47248293161,-14.86010526774,13.595838462947,18279.855247303574
341,-14.895189326899,50.2794551423,10.9524892922,-74.8278142232,14063.59233561634
342,37.4989176,-43.42605895,37.4989176,-43.5531944175,11.215654285090626
343,39.436304359694,-31.257877713056,39.436515164556,-31.257971338917,0.02478111491945548
344,1.9989868012123,-157.38622852441,2.0321961330251,-157.42200697466,5.426236845254998
345,-10.03699740394,-29.972631453227,-9.8426754814523,-29.392344427975,67.1290004783171
346,38.04958336,-48.85205728,38.049576713333,-44.781052506667,356.4430377213889
347,-29.641704007,-38.377720821828,-29.5197898146,-38.539660931473,20.712418168650863
348,-4.0372901910703,122.48712089075,-4.0358005932902,122.491733147,0.5377329521260166
349,27.0988823,142.2053009,-12.8437412716,45.1862002909,11338.054972172433
350,38.0506808887,-55.45857439851,38.042750633033,-57.67041432881,193.6815187189219
351,27.0595794,142.2048687,27.059658,142.2026886,0.21605650334494386
352,39.482557075624,-12.297089121678,-17.971495699999,178.6187397,17402.055955589633
353,-43.742335,-176.5574336,-43.743756666667,-176.55686472222,0.16455513295656737
354,3.3418883,23.95937,-3.0373292846442,-60.015121970037,9359.40825414899
355,24.605440930789,69.210434278192,19.71877667434,-79.768504103827,14051.625141557524
356,34.950841802087,10.498749320238,34.950704773537,10.49442155697,0.3947278943443445
357,-3.4823344,152.2533422,-13.6753905,50.023684100002,11232.479236045683
358,27.945975,179.8463067,27.945975,179.8463067,0.0
359,-16.454194,-39.0645619,-43.7469639,-176.3788358,12038.55686997713
360,17.020263648128,-25.135702031455,27.945975,179.8463067,14337.371296297144
361,-35.449074302273,-72.475564662253,2.0353675101598,-157.494114485,9688.263045894806
362,-21.2688361,-159.7395057,-34.92839518,-57.9612381296,9677.801822697622
363,-3.2117356,151.9406875,-4.5062942,145.461565,733.0669362268943
364,15.0959859,24.140637885625,3.930502,10.055628,1979.6014875496887
365,-19.357017046982,135.20990335211,-15.955366430173,128.95809639164,762.6699125796434
366,44.8567395,-106.98988559997,-25.193942839431,45.995937508459,16752.32970160422
367,-12.8382104,45.1310708,7.1126635,171.3677444,14102.690767315424
368,-13.4495361,-172.3660293,-23.3009855,43.6570395,14353.338039455788
369,-19.676321666667,-42.979205,-13.2887685,-50.2035805,1047.3779586566432
370,-8.5815115070424,-25.659125712362,-8.4350464366143,-25.221188217143,50.83966445216839
371,-9.4392626559078,160.12708187137,-9.4409546126214,160.09966045922,3.013707599569334
372,15.1498291,12.931791044091,15.1498291,12.57069391197,38.75670459701665
373,18.0466602,-15.8029732,17.9809397,-15.5810731,24.57631389231552
374,27.0659653,142.2170907,15.1216634,18.620823851481,12333.142316956515
375,17.9973437,-15.6422955,17.9983586,-15.6536668,1.207843431939513
376,-34.930792230002,-57.989597879999,14.691149900003,-17.470594599998,6979.090121787071
377,-34.9324563704,-57.9377458245,-18.614455970495,-174.00302211366,11022.31669745766
378,-35.3953061,-62.4282893,-13.6359454,-172.194997,10846.886452256107
379,15.12283076,104.30435549,15.122021833333,104.30767146667,0.36714032968274585
380,6.9068484,158.3219347,6.9358576,158.2788063,5.750595850147712
381,-16.278387069305,-39.022625123354,-37.312517,-59.0969604,3058.2122378106337
382,-6.169849,106.767166,-24.065849230795,150.1351037151,5033.923210588187
383,-21.2531397,-159.7304165,-13.4487858,-172.373981,1596.744182116618
384,15.12266207,104.30443629,0.0166667,0.0,11541.43240534693
385,15.1498291,15.662588105758,15.1498291,12.931791044091,293.0957164635586
386,34.615351300667,10.007456116878,-9.460191130227,160.16287734562,15888.857924487096
387,-6.172194,106.78049,15.287097717071,-85.701686337172,18317.357601033287
388,15.122746646667,104.30417212333,26.3247036,-98.684004299999,14778.922378744814
389,-13.6845304,50.021225099999,-35.128744195587,150.07251407355,10023.850778446338
390,-5.4049710534412,-16.174387128948,-5.1854974010413,-15.517611767263,76.70420193221288
391,5.0106369237778,-52.4768394325,42.439527158583,-82.919981964389,5131.827826852478
392,26.7001444,78.4357722,26.5335667,78.7615111,37.30516761910229
393,15.118850533446,15.147771337162,15.117137638159447,15.1498291,0.29166944950499285
394,9.5837228824338,138.12076540134,2.8859157999976,23.9889624,12589.315102316254
395,-6.7022016882509,155.71314000381,-8.5603889,125.5237778,3332.73126273312
396,-34.935583387028,-57.967613634045,1.3507000096386,172.94461038735,13568.228425006657
397,31.109353100002,27.829637899998,31.039444444444,28.446609399998,59.27114065918709
398,30.908561400002,29.433513699999,31.002062,28.625930600002,77.70740815293499
399,15.12266904,104.30449055,7.0518755461847,125.55510891968,2483.993819561846
400,-18.846018,72.47929275,-18.846018,72.47929275,0.0
401,-6.170222,106.776676,-13.4409827,-172.3554241,8864.493343268561
402,-12.8388057,45.1286142,42.404765592778,-82.964413005444,14059.70799930192
403,44.931056164167,-109.65017781583,32.7199449,-16.7661973,7717.302272166744
404,33.378474455917,134.21114629052,33.362714564137,134.20491416156,1.8455090728347698
405,38.012324964633,-33.505342456985,38.0006071919,-41.857120398158,731.4968564510087
406,34.328559340733,10.004973369772,25.2850653,93.2914635,7877.346436839689
407,-45.0621169,170.0468342,22.6232784,114.0192875,9420.387143711305
408,40.270324956105,-11.798340835015,26.2123971,127.6754825,11517.625304525507
409,-6.169816,106.75658,25.378401666667,88.994461666667,3999.0692494757927
410,-6.171988,106.780476,31.6050187,118.9803758,4395.667236252087
411,-21.2174047,-159.7489859,-3.6177156,152.3979783,5523.48451327755
412,-34.514881568623,172.83783907733,15.108145606667,28.198368053333,15877.638657219231
413,34.7875467,10.761916769531,-4.6086811,-56.3244187,8246.68437016684
414,-12.8393213,45.1318835,1.3547342,172.9274953,14128.102386991904
415,7.6082001503478,53.40029948713,7.4917052417681,52.376266671246,113.62087848686554
416,-6.166574,106.755112,-35.023515,117.8836115,3405.363737294276
417,-5.8439183582409,-17.487937852317,-6.0633920106407,-18.144713214002,76.6262286388395
418,-12.8389523,45.1312524,7.1198620069501,171.05604659705,14069.02864467686
419,15.122903866667,104.30416717333,15.122903143333,104.30407496667,0.009898165008636712
420,-18.770525434664,126.75332973114,-15.904739432087,129.78929332211,453.1632293019865
421,14.862965687202,-24.713157614087,-26.203458,-49.1437544,5275.615435316921
422,6.9196693536634,158.30761093356,6.2183772013176,145.2389469,1445.6828456838487
423,7.5052381,134.6146931,-3.2186719,151.9440783,2262.497262504478
424,26.265029584245,-98.172193192428,26.277415561404,-98.169476010397,1.4036529195161305
425,16.0321752,80.9116057,15.121971966667,104.3077528,2506.7152099455075
426,15.0967796,23.648350599998,-45.6966325,167.6536928,15239.657422925462
427,-6.168364,106.755473,-33.396045448,-70.659404829,15607.28259137529
428,-14.848761111111,13.607780555556,12.832878869959,21.808788534256,3207.726433125813
429,15.122801406667,104.30433484667,5.13500512,9.97828908,10320.977746463202
430,17.998154,-15.6502975,17.9983586,-15.6536668,0.35704152014358365
431,-31.85231132,115.8815606419,32.459583333333,139.76946666667,7578.617442765376
432,21.803641699999,-98.1078202,6.0425572,145.216152,12459.378610394275
433,7.284443278125,51.181085113125,7.6984305515625,54.096463379063,324.6867117662581
434,-6.169555,106.764944,-6.166574,106.755112,1.1363588421969013
435,-6.7274217351857,155.68392184784,5.6243066918144,-0.2188053274109,17348.59436350448
436,-32.753862472139,134.92361449049,-24.148160821977,150.28970073547,1778.035430906776
437,15.12184504,104.30762916,12.245036346108,-69.061529196407,16885.693018089572
438,31.233654627398,29.958071127451,3.7446717922789,98.672189124213,7772.8771817744355
439,21.2680529,-97.5100517,14.6994175,-17.468104700002,8411.41443976072
440,-2.23456,-80.921378,-2.6321323,-56.7471485,2685.9496737174145
441,15.122619633333,104.30453664667,15.122903866667,104.30416717333,0.05071364952414755
442,-28.45913634072,-39.948539885379,-28.92241027184,-39.33316746873,79.09889817688888
443,15.121991,104.30739258,-2.227335,-80.920331,18470.88427731323
444,38.2954354,-107.931656,3.6955311305025,98.695254005096,14601.472384744951
445,-6.167409,106.769377,3.6897155383693,98.675799417746,1417.3597238961736
446,15.1227026,104.3043587,15.122793876667,104.30425889333,0.014757877617483994
447,15.122714146667,104.30425288333,30.548556522674,-81.81868342931,14894.569052094857
448,-45.5176193,167.7869838,-0.50553932103448,166.94932479362,5005.789410575428
449,15.121892324438,104.30750465204,23.9705137,90.2659653,1768.0134795122178
450,-8.0937781790669,-24.169761200708,-8.2881001015542,-24.75004822596,67.42287765340055
451,24.760344,90.442447300002,-33.8614333,121.8914733,7316.654013649539
452,-67.570268333333,-68.128181666667,-67.5718,-68.12929,0.17668529719384327
453,-6.169041,106.775603,31.963095184788,35.877676365059,8599.967439571152
454,7.4917052417681,52.376266671246,7.6082001503478,53.40029948713,113.62087848686554
455,7.4152929741047,57.001487581543,0.22390150027548,0.057287927217629,6362.731127749243
456,-8.6920017962929,125.5487606152,3.6762869953047,98.668626295584,3282.1865155920054
457,-12.8404007,45.1305141,-52.242243133663,-70.279633137562,10520.795485516663
458,33.104336333306,-8.2499535,33.103692833306,-8.1914285,5.451828409010367
459,-1.0169444444444,-1.0169444444444,-0.53256871711864,166.91088908644,18661.76326377396
460,33.8293431,11.0085966,15.0695918,5.7540051,2151.768772882806
461,-6.169555,106.764904,32.6820158,-16.7966264,13496.341468213612
462,-3.9191281321429,143.9678079623,-3.918764517381,143.94138317749,2.9317102937521007
463,39.488171638755,-12.293451128313,-0.90136666666667,-89.604633333333,8987.036400473586
464,15.122714966667,104.30431643333,7.0518755461847,125.55510891968,2484.013157570427
465,-9.4300717380952,147.3942588797,-30.402919749004,149.70437475647,2344.3515842196507
466,-5.7453889846802,-35.212810516357,14.691149900003,-17.470594599998,2998.3835565923223
467,1.3620213,173.1626027,-2.2273618999722,-80.920426699972,11781.664732895773
468,-52.340663,-68.382507,1.9831686861805,-157.3657819861,10113.06080568154
469,-8.5465833,125.5435278,-26.296595658333,-48.852470833333,16093.700817512068
470,15.12269995,104.30430829,-25.49475,-49.294111111111,17037.743756349144
471,-18.554101063591,127.23010500452,-18.569993260563,127.10579904204,13.221777898793805
472,0.43333329999998,0.0,30.5007658994,-81.7899612692,9197.02678558814
473,-51.697066980332,-57.826721178242,9.7461979379415,118.75123734521,15339.99164120019
474,-35.719737067477,-72.533873192705,30.908561400002,29.433513699999,12940.928902127605
475,15.1228394,104.3040527,5.3648041992941,162.98034452768,6493.209413983674
476,43.939432308631,-59.87752114818,-27.11471,-109.402579,9370.782454360904
477,-28.92241027184,-39.33316746873,-28.94679311032,-39.300779446802,4.157512489812608
478,15.12264382,104.30448732,21.002346038818,-89.611503601074,15720.51781057964
479,15.134072722288,104.30420340579,2.0745461,45.3404957,6621.378344122463
480,-19.692461104329,-42.992838333333,35.240985,-97.467619,8382.065159791237
481,-34.9395599,-57.9713365,5.6305837,-0.1155107,7538.902513818938
482,6.7984352,81.112763499972,25.0195155,88.5291283,2174.243823385687
483,-4.4735869,26.6567384,34.07275082,-109.84633303,14454.993254306884
484,15.122906199998,23.621224199998,15.093379710145,-23.6484436,5064.041136440331
485,13.44809,144.81498155827,15.1216634,27.969868191852,12376.477506392333
486,-12.8362898,45.151964099998,-18.026035325808,178.51979257192,13855.37563363631
487,-5.7715911865234,-35.198287963867,-23.3932722,-57.4491944,3084.4208616156543
488,-45.84920405,170.61602543327,-45.77765566303,170.58544422209,8.30135571048538
489,34.745688488287,10.19161100939,-4.4133777,-56.285828,8178.810094570956
490,-8.5614167,125.5464167,-8.5597222,125.5461111,0.19139267517133132
491,-34.930421354,-58.4885494784,42.540702777778,-82.166966666667,8944.53480938688
492,5.2652434252767,163.01069536008,13.3435343,65.095960111481,10724.120778184388
493,26.4040516,-99.014240700001,26.197388199997,-98.2553668,79.06086948699972
494,-8.55418,125.56494,-77.8462186,166.6716697,8051.099634215399
495,13.400523404496,144.70617605984,-3.0346507541667,-60.013032860833,17064.600943921887
496,-14.998847799998,48.174752700003,3.7721116120644,98.678597650543,5939.58737384095
497,-10.2262213,150.87006329997,10.4000068735,-75.482198037194,14948.916046236622
498,-12.8360564914,45.1712074969,7.1255588764045,125.63252134332,9159.183083967142
499,-35.729363111033,-32.632830432803,-35.75999687616,-32.636248815924,3.420261182161133
500,16.050338199972,80.909289299972,-0.2767229,36.117331,5237.785808733552
501,-25.0357079,45.126839,-25.0039848,45.1491369,4.182196384095826
502,18.070036810661,-15.927153577196,-20.641895700001,-70.1807164,7313.402768712548
503,25.142386785366,55.431492196951,24.038386,90.2405498,3511.948441786463
504,-34.9372698222,-57.9753917767,12.010455457494,21.721455555556,9853.068311820121
505,-1.0169444444444,-1.0169444444444,-9.4216802708333,147.41258589667,16331.586973322976
506,4.4346814693878,72.958999457143,-21.2079919,-159.7718118,14034.567531908458
507,-8.6199100763779,125.46747075131,12.09433060605,21.35891025641,11729.885524286088
508,44.8718372,-108.316344,-24.336974,-128.3147973,7959.012012477962
509,18.0019924,-15.6833541,17.9755001,-15.5600911,13.364911505389228
510,27.0946254,142.1950744,-43.73124647872,-176.4977529861,8929.674200737161
511,-8.6386290999722,126.38181059997,-35.026469,117.8838257,3059.146747925669
512,1.5577452499947,109.429019,19.71877667434,-79.768504103827,17445.186413295723
513,26.6844028,78.3719417,26.7210389,78.375975,4.093403028680931
514,15.122947413333,104.30396807,5.2153415,-1.0629862,11492.976601673172
515,14.877201700002,-24.718425,15.2720428,5.5915393,3251.988403851084
516,32.75174032,-16.74175545007,-20.925392711111,55.550320675,9716.168292380466
517,-3.3120689,152.0801044,9.2800891,-83.8251871,13806.829146868968
518,-8.5603889,125.5237778,-6.7126048422222,155.68885622296,3329.950762439912
519,26.242853333333,-98.1589625,43.4878733,-114.2745131,2407.037014116687
520,38.361949,-107.8075864,3.704252,98.538207,14609.195992075309
521,-8.755896105778,125.56602563859,-35.830923928739,-72.619517403128,14703.777745156984
522,34.754017571714,10.197629786732,15.5181004125,-88.022790445,9756.960778807434
523,17.8654422,-15.2278538,17.8765629,-15.2533914,2.972094486624173
524,0.84607066888949,73.409249754264,6.2516813999981,145.2369852,7988.76054448881
525,-8.5422087999722,126.15292019997,7.5243717128226,134.49965457863,2011.7990509433037
526,-8.5171890999722,126.98973789997,15.100220773131,-85.850103214747,16370.8283922058
527,-8.5499167,125.5658056,20.965388888889,-76.941641666667,17234.75280773075
528,38.352358,-107.8908292,22.057327663607,-159.38784874959,5195.6048571007395
529,15.12280358,104.30453121333,25.6571015,94.0862243,1581.607883941866
530,-12.8353867,45.133721,13.2568357,144.6769562,11344.309202698652
531,-8.4903773,126.6645843,-7.2221243183333,112.77787087167,1536.0230627980436
532,32.692919,-16.7739225,-20.936258999,55.5309644675,9714.984003673433
533,-27.100720756358,-109.37678890069,-27.100351125556,-109.37711997465,0.0525670622730926
534,-12.8416443,45.1360512,10.149491521693,-73.113014434039,13295.02550968819
535,-77.8457665,166.6699591,-77.8459036,166.6704244,0.01873681168934861
536,-29.34910994524,-38.766377084975,-29.39177991258,-38.709698046599,7.257957762776473
537,-8.7216822,125.42733699997,2.0024788107217,-157.48201470537,8624.43950509016
538,12.04962451,119.97051109556,9.0202034749355,38.800576318992,8848.030682439077
539,5.3665448438333,163.00823108121,-13.6942942,-172.1995207,3461.219848031941
540,26.5266281,78.6937418,26.5234925,78.6796519,1.4445201354407566
541,-5.7584133148193,-35.200141906738,43.42426721001,-114.25223067336,9572.26955663594
542,-47.7566597,-65.8933365,26.251541272676,127.74117280285,17344.028178353394
543,32.7231527,-16.7672988,7.1131111716738,125.62093714735,14062.59724694358
544,4.8922403,-1.8796619,-25.454102777778,-49.293794444444,6126.976136130964
545,-8.5571667,125.5479444,22.464700159638,114.15848099637,3665.8684122600653
546,15.1227203,104.30428875,26.4103126,127.81947429997,2741.2291936477955
547,24.7175634,90.4309249,7.1111579294294,125.63224614114,4222.199487924143
548,32.663897499972,-16.803717699972,-24.3368839,-128.3147495,13370.456087549854
549,-8.5655433,125.552985,-2.2273618999722,-80.920426699972,16844.46393662687
550,-25.0358789,45.1267758,-25.0564453,45.1098265,2.8539827651424283
551,-2.225628,-80.938482,7.5472402,99.057103,19423.350315792235
552,32.7436333,-16.7439151,23.6118956,90.2495966,10062.322229090767
553,-43.809376,173.058908,-35.256113116168,-72.321372097605,9021.817312121835
554,-15.955366430173,128.95809639164,-19.357017046982,135.20990335211,762.6699125796434
555,-52.385788,-68.417147,26.512622683817,93.750617793278,16776.056835647432
556,16.146311800002,168.114814,-5.210786,-80.62373,12436.873557338422
557,32.7413354,-16.7337107,-35.412651699972,-72.4354969,9542.768259868924
558,-0.5030972,166.9398662,-26.8416151,-69.2222741,13291.02758615745
559,5.0118036848,-52.4766481575,4.7439306,45.2228021,10811.030378056426
560,-5.7768359184265,-35.195659637451,-2.227335,-80.920331,5085.759219772988
561,-8.5420278,125.5396111,0.0,-103.16964390002,14537.060083795783
562,32.741497583489,-16.774775393808,-19.2407094,146.8063408,17796.594563004623
563,-8.6384188273969,125.45193130947,-3.9702937015353,122.5244264006,611.6070377695928
564,-36.810304809843,18.145548584971,-8.6370577127303,115.13233021273,10047.705310641088
565,-35.3919935,-62.4189775,-35.3989778,-62.4347881,1.6300236191758426
566,-8.5524633,125.5598383,3.6859705925037,98.650886277961,3279.3378020417863
567,-35.4290091,-72.438719699972,7.64184,134.6327647,15875.20794402236
568,-13.5989957,-172.2047643,10.6224753,37.0448035,16819.8489126068
569,-0.54679590966833,166.92397357277,-0.54199540552028,166.9137656537,1.2542720933358023
570,-35.372933,-62.2463832,-35.3803189,-62.2465263,0.8213770810882093
571,32.6685112,-16.8039154,26.534107,78.752606,8930.754985651334
572,-3.051847805,-59.951631583333,-19.317430312728,146.81445583333,16174.953057132861
573,-18.441083333333,127.43261111111,-17.360624999972,178.24388759997,5359.78058951066
574,-6.2891951999723,176.31418059997,-6.2949682999722,176.32149469997,1.0322709311894807
575,-45.371245,170.851508,0.820702,108.86538249997,7934.1274555678865
576,15.121971966667,104.3077528,-9.8461016,-66.867685,18892.06346296049
577,15.122900233333,104.30399195333,15.121920546667,104.30742734667,0.3845235731333814
578,-45.587710396475,167.59712877387,-30.386573362667,149.71377548267,2294.5246246398365
579,-8.7195137,125.43556429997,-24.3365736,-128.3137468,11222.546039044091
580,27.945975,179.8463067,27.945975,179.8463067,0.0
581,7.0894377,171.3797717,-0.55243504148148,166.92384569111,983.049194822278
582,22.7843888,89.5423738,-19.1466667,8.4033333,9962.031884981918
583,-8.5416922999722,126.8281996,25.6871202,89.5873205,5540.615334028466
584,1.9929092897326,-157.38374008229,2.0321961330251,-157.42200697466,6.096489439075192
585,-8.5123826,126.9849032,-19.329494957248,146.72534051035,2442.827227773975
586,-12.8352227,45.1386137,25.3447644,93.3717899,6731.476043501459
587,32.7199449,-16.7661973,14.673430599972,-17.40577,2007.7233786083643
588,-5.7902302742004,-35.188323974609,-36.5734436443,150.0267862879,15273.27307995215
589,33.8448333,10.9882339,-52.611021276948,-70.202202302255,12389.823241595828
590,-25.204670127213,45.93468571923,-26.114663,-65.9707792,10746.00060533137
591,32.6820158,-16.7966264,-6.169555,106.764904,13496.341468213612
592,15.12181278,104.30765954,-21.2062368,-159.7921124,11205.205913175132
593,26.3290968,-98.695138190955,26.3247036,-98.684004299999,1.2123916084435504
594,-8.6450790866192,-25.8400313026,-9.1615810443694,-27.38627713126,179.308886989372
595,32.7324283,-16.7724781,-2.04639067333,-60.0260353267,5963.565378556664
596,34.950704773537,10.49442155697,34.950841802087,10.498749320238,0.3947278943443445
597,13.483807738375,144.85492566534,-35.41125602109,-72.436305381534,15563.22029051097
598,7.5243717128226,134.49965457863,-8.5422087999722,126.15292019997,2011.7990509433037
599,26.243535833333,-98.149476666667,26.231531111111,-98.160886944444,1.754139074346348
600,-34.440216600002,172.7024352,15.12178387,10.55848962,17220.711597265075
601,-8.5499,125.5391733,-23.236336316584,150.49015202255,3119.2499012337275
602,16.101741799998,168.1416147,10.077254598599,-75.137409257758,12469.003982707647
603,-8.559165,125.5300333,-20.9248767206,55.5293440532,7599.395619592422
604,-0.54645035555556,166.92318720899,-0.54520618892206,166.92126943012,0.25418422406750135
605,32.6895014,-16.788128,-23.037268984,-50.074134748,7132.720034881147
606,-8.5553056,125.5555278,-5.7768359184265,-35.195659637451,17351.585835193604
607,34.991289821167,10.064019132792,5.3690948078705,162.99956962897,14708.132961444171
608,-8.4790981999722,126.4568033,-29.028140127086,167.94383302513,4892.09238586288
609,9.5199767,138.1219499,13.479787913451,144.86026643746,855.9756202962367
610,-8.5564722,125.5487222,27.076252,142.2061877,4350.020035502375
611,-25.171247300002,33.0752688,-25.144039100002,33.088851900001,3.3199535951306425
612,15.12286721,104.30410156,26.197388199997,-98.2553668,14812.941101610515
613,-8.4954964999722,126.99211139997,6.9292669,81.3690926,5339.958042221092
614,-12.8384993,45.1307687,36.984481043259,-120.52721869947,16974.139074246585
615,1.3848145,173.1443883,-7.254118,112.7825431,6764.241584270074
616,32.730262,-16.779131670024,15.1227203,104.30428875,11803.746845025024
617,34.909746600002,10.343155,5.6098142,-0.2031353,3433.2127934624223
618,-8.5780833,125.5312222,-26.8369232,-65.203051799989,15910.42677631807
619,38.301459799998,-107.8770672,-12.440822,-41.544116,8892.680786811794
620,-5.7638964653015,-35.196876525879,-3.1051900916667,-60.020477821667,2767.44785621932
621,33.610743299997,10.2873248,15.4800460885,-88.011852554,9804.314138270236
622,-4.6269546054833,-13.834813341456,-4.7001871406974,-14.053782089065,25.597389751657637
623,-16.283237299972,-39.029607699972,-0.73133055555556,-90.321041666667,5877.446189250789
624,24.9078057,89.9569955,23.9889144,90.2578945,106.6190679177756
625,-16.3363522,-39.0183679,-25.433256402611,31.953621357678,7362.514036990394
626,-35.01166928556,-33.8032273661,-35.275362752264,-33.535469784341,38.111252719396454
627,-26.229642594582,-35.956837725569,-26.248058276412,-35.916202322883,4.540804562622561
628,0.041510535849057,109.88876261132,-4.4893256,145.4218194,3979.0041108903874
629,24.9221595,89.9508551,31.914859910309,35.891142823733,5290.373050662371
630,9.5829554,138.1215538,9.5804404,138.1551829,3.697808055684654
631,-8.4873761999722,126.45468169997,-13.1478652,-41.5981353,17271.308245621552
632,-8.5235742999722,126.9952337,0.0,-180.0,5946.713397564954
633,-8.5350002,126.17714379997,27.945975,179.8463067,7047.947807871874
634,-43.7576872,-176.3210408,-25.545144732594,-49.29853376385,10608.258646656372
635,-32.0089727,115.8935566,-36.549706350467,150.03652269707,3160.6130293227384
636,-33.595447,0.091102,-11.820269609191,25.153872414086,3511.8831052375012
637,9.5144313,138.1076307,15.167260463795,120.57198416479,2004.6836226516516
638,-45.4608799,167.7887092,-45.4307222,167.7624616,3.929124141359835
639,7.6259614,134.6334064,-35.1128484,150.0897039,5021.53785107013
640,-17.53914978682,127.87126914586,-16.3424397,-39.007212,15982.733034434268
641,34.76694371831,10.385336438028,12.231238899215,-69.027442799462,8276.899338205369
642,38.089963821313,-31.466093124865,38.08904361536,-34.267062162398,245.1196364618062
643,-45.231749499972,167.81186349997,-17.755691971307,168.31462459713,3055.5547326521128
644,32.7026792,-16.774809,26.1708873,91.7555083,10018.520770536197
645,-3.4372003,152.1871097,-23.35059232,43.66910833,11731.485593584059
646,-5.7925934791565,-35.328304290771,26.521647,78.727889,12684.62265513793
647,-34.932649203,-57.954682947,-20.9248767206,55.5293440532,10649.835811292114
648,-0.6327960782343,73.224684431294,35.162314215886,-93.878166503375,15949.562439422038
649,-9.7944441014379,-29.309894362641,-6.6414250407109,-19.866700020367,1096.6436101862935
650,-21.2198103,-159.7501489,32.3697793297,-64.6525531635,11707.928378584147
651,15.121920546667,104.30742734667,15.122900233333,104.30399195333,0.3845235731333814
652,29.177323401595,-13.425580379789,-25.213126388474,45.893822200278,8754.652652167195
653,-23.463968598673,150.39977519486,-23.457994748588,150.4148124106,1.6714944887106893
654,15.121199126667,104.30743385333,4.4393411887526,72.962231800613,3627.9812901717487
655,22.692167530845,131.10600934381,15.681885614538,-85.933139228495,14145.180414200879
656,-17.738094124722,178.3897947425,-17.59760865,178.25153416,21.415157372484227
657,-43.7330008,-176.2677928,-43.7437708,-176.3585961,7.392671551934987
658,13.440189586114,144.80276470572,-43.873995,172.866825,6979.477575455263
659,-34.620137147835,172.96322573701,-3.1051900916667,-60.020477821667,13081.152597064263
660,-19.055335,-43.045027777778,-16.3028535,-39.024513,524.4545345836843
661,-21.2020593,-159.7878176,-35.3447242,-62.4811282,9289.285818121341
662,-35.851898171542,-32.646503965287,-35.821264406415,-32.643085582166,3.4202290392493
663,26.229172000326,-98.235304332155,-13.6942942,-172.1995207,9137.625825107807
664,-16.3098759,-43.0821819,-34.872496812999,173.36811823378,13145.074971252503
665,32.7187192,-16.7596948,9.0263412349895,38.762103260922,6257.736756039325
666,15.12165036,104.3075195,-34.9385572,-57.9726877,17189.243128968974
667,-6.171915,106.771241,33.995959530855,-109.74937617286,15151.870995398544
668,-5.373947,104.966288,13.3568278,44.734489319259,6967.234559956891
669,-30.37928487102,-37.397983158479,-32.63469743042,-34.402091130057,378.85928232613617
670,15.12142662,104.3074382,-0.52007782916667,166.95843524603,7097.002258085012
671,32.6882898,-16.7845041,31.632708025895,-8.2080698336386,815.5788003894953
672,22.219725,-98.003661699997,21.077715099998,-97.605589099999,133.48372154385643
673,20.11869430542,-98.780967712402,42.777208866667,-118.43916566667,3117.5300873121137
674,-5.371137,104.966311,-21.2229213,-159.7376883,10337.568162904357
675,-21.2622366,-159.7824455,27.0988823,142.2053009,8237.336461020372
676,-6.170107,106.766494,-15.181928353753,-70.357098071418,17619.784749743972
677,-21.2241667,-159.7927215,-6.2925478,176.31524139997,3060.2475671175084
678,-11.487362671327,25.222101916413,-6.2901198,176.31460999997,16255.52192410304
679,14.858987450353,-24.717558349043,24.9150988,72.2752609,9999.198070393026
680,-35.147321573612,-32.567881153503,-35.116687808485,-32.564462770382,3.4204745628827844
681,15.12142235,104.3076009,-34.620137147835,172.96322573701,9106.555972523938
682,0.2132065378257,109.82665336433,6.0425572,145.216152,3980.486671140135
683,23.1804024,89.1935604,-34.839074899998,173.1299521,10935.696290613787
684,-3.9678617885568,-11.864094612972,-4.0410943237708,-12.083063360581,25.61745729223739
685,32.7081782,-16.7636136,-44.6816638,169.1241814,18590.016923939504
686,21.106992,-97.638133699998,15.167260463795,120.57198416479,14213.708838676652
687,-21.2543998,-159.7310951,-27.102951899998,-65.5167475,9342.557418190727
688,-77.8463822,166.6711724,22.645468659512,131.39413603825,11406.19950215491
689,25.0210158,47.1874071,25.5154775,45.971057,134.09955811446991
690,4.9666716,-1.7272677,6.9046856999722,81.5439827,9200.791837327437
691,-14.89124408926,50.276313037082,-1.0169444444444,-1.0169444444444,5837.4345915525755
692,31.002062,28.625930600002,30.908561400002,29.433513699999,77.70740815293499
693,15.12286357,104.30416663,-2.227335,-80.920331,18470.925819524593
694,31.632288844367,-8.1978844028393,31.632708025895,-8.2080698336386,0.965427946267187
695,15.1219211,104.30771483333,14.925724038462,103.77534891154,61.19381773371777
696,21.077715099998,-97.605589099999,23.1804366,89.1935128,15038.97751228742
697,-34.9339799,-57.9446303,-12.8438406,45.1342887,10349.084194977184
698,-33.856485690188,121.89507010551,-3.0384344229229,-60.01619963964,15907.665525361674
699,15.6188449,80.0976434,7.7048747948847,134.63022437602,5988.127849529562
700,-11.685943270029,25.208873268462,-11.664640891667,25.204048477976,2.4262840797476244
701,28.283272349736,69.46963696108,36.972818055556,-120.54532305556,12683.938611111687
702,24.8513004,-98.1437694,2.946336,9.917798,11679.00867372927
703,-45.253631954821,170.79617294764,7.0654245027322,125.57174927732,7353.041614713003
704,-52.208524407888,-69.039845860842,-52.218713494559,-68.973790053672,4.640886101851792
705,-43.7469639,-176.3788358,-43.7469653,-176.3705522,0.6653990849927013
706,-37.188750764106,150.01731841025,-5.8021049499512,-35.329036712646,15202.593373827916
707,28.292887207898,68.773070659496,-2.242472,-80.920922,15688.845602393825
708,-2.2313643,-80.921566999972,-2.2273618999722,-80.920426699972,0.4627302086450538
709,15.12185206,104.30757274,-63.902222222222,-57.607777777778,14415.361630869513
710,7.1198620069501,171.05604659705,-12.8389523,45.1312524,14069.02864467686
711,-5.505745028052,-16.462438312769,-7.4830234788315,-22.374594498222,689.158413951383
712,-5.387072,104.964133,26.1215345,91.7871537,3780.76063489975
713,-34.94132908,-57.9393124685,-34.9380411591,-57.9357197895,0.4908238243161676
714,-4.357022,55.831538,-45.371245,170.851508,11566.034733355336
715,-35.41125602109,-72.436305381534,40.159586104577,-75.128209309928,8407.615439016941
716,15.1498291,25.683033522121,15.1498291,15.662588105758,1075.404792499613
717,-10.3324197,150.5323959,25.3447644,93.3717899,7348.423755415938
718,-32.763568194168,134.56729037873,-33.727183772423,121.61673598561,1208.3004055043223
719,-54.510047222222,-67.189947222222,9.862175,-83.913619,7327.747259596742
720,-18.569993260563,127.10579904204,-18.554101063591,127.23010500452,13.221777898793805
721,-45.4658253,167.8414964,-45.5126125,167.8296561,5.2837384359025785
722,0.0,-103.2846314,-0.5446064371205,166.91462112638,9985.388528825486
723,1.3654443184654,173.12088907207,37.05678259026,-121.02413686004,7792.573765636478
724,28.283037635465,69.015929997364,-9.747109,-66.6450308,14956.166089867973
725,13.55202673187,144.83744524793,-23.4252222,-57.4342556,17427.38805945617
726,4.4373812217348,72.959707017747,-17.809426099972,178.72236399997,11825.708968943743
727,21.9696673,-98.4100173,-35.7763023,-62.0128584,7476.551929616586
728,15.121993573333,104.30742734667,7.0518755461847,125.55510891968,2483.671210993362
729,15.125117666667,17.381019416666,14.9429962,103.82267255,9207.981405827808
730,15.12196862,104.30746094,14.885019359583,103.65310552917,75.05692365905111
731,-11.820269609191,25.153872414086,-33.595447,0.091102,3511.8831052375012
732,-21.2081257,-159.7897604,-9.4380805555556,160.10615027778,4480.437521516465
733,0.8411316265713,73.40884143879,18.10484319495,-15.99813101802,9915.80734975593
734,31.633576235953,-8.2276681870441,-29.044149694586,167.92336143273,19546.811501441087
735,-6.7387058775077,-20.159817323175,-5.2884801503168,-15.821256437898,506.13294620693154
736,26.3714595,-98.8582796,-5.7644872665405,-35.332511901855,7710.61585501156
737,-3.6171994,152.3980014,-23.35059232,43.66910833,11744.029721037088
738,15.122793876667,104.30425889333,15.1227026,104.3043587,0.014757877617483994
739,-34.9357375,-57.9769672,-12.553156,-41.5137312,2990.3318217080555
740,22.7859726,89.4632972,24.9806238,89.9702954,249.41800216122041
741,-6.7765623863378,155.70614822789,-4.3939996,-56.2814659,16253.68624488877
742,-2.2270926,-80.919404599972,-2.2269901999722,-80.9176772,0.19227048365783603
743,38.07670759258,-48.199913377234,38.07843726052,-47.7175375166,42.22276521995888
744,-36.549706350467,150.03652269707,10.4706917,-73.2401056,14800.797726907607
745,-25.213322117844,45.894338602388,-25.215532443186,45.853960401232,4.069485878431959
746,16.198723128832,-0.49635150152284,16.199810327027,-0.49282762882883,0.39522282503016765
747,-32.747143578,134.70248980433,-32.73455015015,134.75914640774,5.480931913836058
748,23.1128704,89.1155115,7.0722737,125.6121401,4286.496492794512
749,21.0219145,-97.5148432,9.536944,138.1094465,13055.140404697677
750,15.122021833333,104.30767146667,15.12427492,29.04594724,8031.896964728387
751,7.1085865,171.373401,10.664638483792,49.067387731524,13330.682342145752
752,6.920662600002,158.3191843,-11.330184505159,25.228564075694,14846.96589955125
753,5.2153415,-1.0629862,26.376412900002,-98.883045400002,10524.221020010567
754,22.0381077,-98.4041215,37.829286010708,-25.752699691652,7044.916308573295
755,26.4623644,-98.1338305,26.309647899998,-98.646239,53.79199354013427
756,17.9088577,-15.3847669,17.8698936,-15.236338,16.293182390700473
757,-3.2528794,152.0370072,-17.717802945938,168.56910715938,2415.462583877048
758,31.066538899999,28.081366700002,31.063074700002,28.0115208,6.663811982382483
759,-2.2710363,-80.9246059,-8.0712174999722,-79.0059901,679.0185994771649
760,7.818233,52.217285,-12.834770200002,45.131512899998,2426.2706109356504
761,16.199810327027,-0.49282762882883,16.198723128832,-0.49635150152284,0.39522282503016765
762,-45.5182606,167.8742461,23.9495382,90.2741937,10980.447494786353
763,27.0941917,142.2044772,26.8105422,87.2853545,5397.482687715087
764,-32.0052723,115.8949077,-23.907530989874,150.19717351062,3471.349262373096
765,-16.1877393,-38.9801869,4.9035022,45.2333718,9544.35047465146
766,-8.2881001015542,-24.75004822596,-8.0937781790669,-24.169761200708,67.42287765340055
767,21.2064377,-98.1085412,-23.0405976,44.2688025,16144.766882775053
768,13.6425699,144.8554022,12.6163538,37.456887899972,11499.504762811033
769,27.846682816526,67.948243546543,7.4974775,99.0736378,3977.2498913922113
770,-2.227535,-80.921187,-11.299902799972,-51.546944899972,3392.91700078438
771,-34.940412455255,-58.61175976036,-0.53256871711864,166.91088908644,13863.761187425025
772,17.8765629,-15.2533914,-4.4280479,-56.2878237,5137.993102711909
773,-34.929515884,-57.9858221704,-34.9368732364,-57.9759126803,1.21873912182265
774,-35.386856,-62.4155663,-21.2004776,-159.80921,9295.009005630254
775,5.1603464317,-52.6281640492,33.6840497331,-117.62593733213,7384.714037216653
776,-45.5550394,167.7756431,-22.733774799722,27.258150614722,11437.469174725566
777,17.8698936,-15.236338,17.9088577,-15.3847669,16.293182390700473
778,-2.224373,-80.921247,-0.50297730000112,166.9390952,12464.96514247021
779,-5.7890577316284,-35.338924407959,4.4393411887526,72.962231800613,12077.926811721913
780,0.0,-180.0,-8.5235742999722,126.9952337,5946.713397564954
781,-9.441242860184,160.09799384812,19.1412555,41.069775699999,13387.549529659425
782,-32.715365597873,134.82689255932,-32.722851068333,134.839948683,1.4780640020599456
783,-6.6994940678049,155.71763008439,1.5577452499947,109.429019,5218.454965740831
784,-43.7437708,-176.3585961,-43.7330008,-176.2677928,7.392671551934987
785,-13.4466944,-172.3799535,-8.7237402999722,125.4323798,6790.196379670118
786,5.26200963068,163.0040780224,-19.537448681003,-32.904817063275,17672.843718420663
787,-3.5242008,152.3303306,-21.2153494,-159.7487364,5534.651437545198
788,-16.2943194,-39.0324731,-0.5446064371205,166.91462112638,16607.926424450474
789,34.995529,25.5262887,24.896752823627,89.983010732768,6206.513252850775
790,-19.997015,13.035556666667,-4.3879297999977,145.3177303,14140.832019488966
791,-15.807405437008,129.94025056821,-15.904739432087,129.78929332211,19.43872271421613
792,-32.0067608,115.8940994,-3.0095255,-60.07696214787,16098.277800046046
793,-0.5317314467631,166.95124195892,-0.5387864596649,166.94966168938,0.8039188715311316
794,-35.389869,-62.414762,19.74161986696,-79.74980411524,6397.15981247415
795,-5.1854974010413,-15.517611767263,-5.4049710534412,-16.174387128948,76.70420193221288
796,3.865841,10.074906,5.743748,10.163085,209.0421732981375
797,15.1498291,12.595253524086,15.1498291,13.078264949118,51.84181147310434
798,6.7395841190654,81.362983798684,2.8698649,23.9439554,6373.477937173447
799,-35.873414099972,-72.662456899972,-43.726224641942,-176.52869598449,8300.717706120924
800,-18.231029544773,127.66118544764,-18.1324744631,127.72867586106,13.07406903671474
801,6.9368541,158.2786879,-14.920330499313,13.501061182482,16074.034340119266
802,-35.484292990014,-32.605483367834,-35.545560520268,-32.612320134076,6.840682767826914
803,-63.898693083333,-57.611679055556,-33.424931,1.6e-05,5144.145033723176
804,6.820651700002,158.2973281,5.3671264,162.9865219,543.0609388371087
805,6.8437516234951,158.31861909417,-9.494379,160.338409,1830.4460500675955
806,0.289649725,0.5773301866667,13.3536112,63.057408586667,7028.5989461556
807,-33.756811398774,121.74766028595,-33.862253267504,121.89370373769,17.875394741833034
808,6.9140968,158.3015066,6.8504161,158.319049,7.341011676366134
809,-32.722851068333,134.839948683,-32.715365597873,134.82689255932,1.4780640020599456
810,1.3577715,173.0630363,-21.2057909,-159.7842546,3874.160117515083
811,5.3680076204976,163.00562294749,7.5470564,99.0461496,7065.258434124041
812,-18.59606855648,127.07484666105,-18.354060196581,127.5021351341,52.48692293896057
813,-32.012831653291,115.91939634584,-32.018265672327,115.9135077499,0.820572361914297
814,-0.55185376545455,166.93827765293,-0.54871624339487,166.94328570213,0.6571073390414917
815,6.5697688981952,81.730252476485,-19.327830423257,146.72557521622,7672.350093979616
816,-32.0046244,115.8918678,-12.8404007,45.1305141,7453.627469856318
817,15.306656794821,-1.7212673601594,3.3253976580251,24.02922072487,3118.252219718748
818,9.5478083000022,138.1628538,18.4909266,-77.9240542,14976.041555230588
819,-34.9359228644,-58.518475517,-34.9387823672,-58.5144744449,0.4838591360889397
820,0.0,-180.0,-26.277206441667,-48.80837185,14032.152103752991
821,24.9842838,83.264191999972,-8.5780833,125.5312222,5905.670788113885
822,4.4367553279743,72.958173322508,22.752193648036,89.397700496475,2696.6034903410455
823,15.870401499407,-1.2388228144411,15.879722291552,-1.2317951320236,1.2802879363374544
824,32.845187333306,-8.2170511666667,1.3620213,173.1626027,16208.660319202425
825,26.419190299999,-99.021835299998,26.3247036,-98.684004299999,35.25745778661171
826,2.946336,9.917798,2.4307041,45.0011564,3897.0668343650705
827,-9.4324981,160.0765172,17.2770408,-88.6742564,12560.42658228689
828,-35.3693392,-62.4430024,-35.3947787,-62.4925917,5.311583054644132
829,4.956787,10.718675,5.057706,9.963726,84.37566750529577
830,15.1498291,24.599742125758,15.1498291,26.540639210909,208.3166303864721
831,0.0,0.0,-20.921701077778,55.536390044444,6459.409723147918
832,5.0159667245833,-52.478066626889,-33.402907233694,-70.658176057,4681.318788122145
833,7.7904277234375,54.744325215938,7.284443278125,51.181085113125,396.7973304922129
834,25.141356,55.441943,27.945975,179.8463067,11635.481120365948
835,2.0438532631436,-157.48370593167,2.0430406261333,-157.46662308782,1.900467020295861
836,-34.9328888784,-57.981391168,27.846682816526,67.948243546543,14883.959509739096
837,-29.047106903089,167.93353156519,7.0866496368459,171.14102624186,4032.5508587037775
838,8.15731685875,57.69412569375,36.97479085287,-121.82391601563,14996.373893084694
839,17.9755001,-15.5600911,18.0019924,-15.6833541,13.364911505389228
840,6.5794989885824,81.71499682598,26.01592,105.118646,3290.4800796838235
841,15.12285194,104.30427086,-77.8464256,166.6696661,11036.28868855159
842,15.2659479,5.5985898,15.2772734,5.6001828,1.27087845473727
843,15.1216634,18.620823851481,15.1216634,10.353487120741,887.4022748732468
844,-25.20164002086,45.94883678047,-25.214027872598,45.896177094123,5.474009873248195
845,38.3368861,-107.898849,38.3020741,-107.9196044,4.27347882146435
846,6.4183082999975,81.1350115,-21.364071514117,55.77207064118,4147.051802809821
847,-54.4217031782,3.3907492486436,-54.442232237248,-36.190321035717,2525.9607763045437
848,-23.53936489575,150.22043349934,-37.337603839149,-59.11456033593,12582.249277792676
849,26.309647899998,-98.646239,26.4623644,-98.1338305,53.79199354013427
850,-9.4408880555556,160.12913194444,9.5196458,138.1216922,3221.565088891501
851,-32.45792185144,-34.636904289042,-32.56154891498,-34.499255195844,17.30251958500578
852,-3.2378011,151.9665597,-3.2330664,151.9766689,1.2396502859209504
853,-63.881944444444,-57.621111111111,-14.914994603266,13.452729958401,7599.1924346871465
854,-43.761716111111,-176.31618277778,-23.622311102222,28.828087448889,12095.2105936227
855,0.0,0.0,-25.454102777778,-49.293794444444,5995.953818814248
856,-25.0039848,45.1491369,-33.816979316017,121.83648421212,7325.7353952616
857,-43.726224641942,-176.52869598449,-43.73124647872,-176.4977529861,2.5482581077104403
858,27.0387358,142.1757061,27.0383605,142.1752881,0.0587827997949169
859,-51.838903236317,-58.239180395219,16.7893618,7.9844935,9935.110010940934
860,-4.0594310984318,122.43078403701,16.2542785,-61.574146899998,18590.270524691965
861,-35.549632099972,-72.5669876,27.0810223,142.2164729,16598.936459836437
862,-45.414075699972,167.71577469997,-53.166195957273,-70.907669255,7723.221193232317
863,15.123138466667,104.30453664667,7.0623158603604,125.59491931532,2487.5980917535003
864,-35.474169899972,-72.242631799972,-3.115427015,-60.029745816667,3811.5910403728003
865,25.244438,48.6399246,25.2795807,48.9117056,27.60847631953828
866,-13.4471336,-172.3901968,-14.920330499313,13.501061182482,16794.842660087375
867,15.0697594,5.7559597999975,5.6098142,-0.2031353,1237.067715973551
868,4.1251975122369,73.472215389192,21.070970535278,-86.780166625977,16481.837792997074
869,-34.9360704225,-57.976113249,26.2563793,127.7646748,18905.059239372084
870,15.122903143333,104.30407496667,42.7785028,-117.8552222,12272.431625663105
871,-17.978707299972,178.6009893,-19.2434815,146.8061222,3348.9095700205144
872,-43.7493058,-176.4278817,-43.7330008,-176.2677928,12.987919002750278
873,15.0695918,5.7540051,33.8293431,11.0085966,2151.768772882806
874,27.0686564,142.2040049,6.9140968,158.3015066,2812.8733915595008
875,-23.482417513333,150.36658768,-23.488809583917,150.31539236987,5.269237383520497
876,3.869986,10.073044,35.2502397,-91.7713692,10827.096485231456
877,29.192516431168,-13.461705794897,29.189492866351,-13.463887766851,0.39736328822155165
878,15.8799051,80.9068374,9.887887282,-83.935214192,16699.31605164308
879,-5.7881879806519,-35.328884124756,-35.3869557,-62.4196587,4302.368314960738
880,-6.1078578999722,177.3382444,-29.473093681577,149.91669559642,3874.2215201710437
881,15.1219604,104.3074056,15.122021833333,104.30767146667,0.02934547897080374
882,6.8964652,158.3125135,-3.116589935,-60.02682029,15748.883642322413
883,-17.634120299972,-149.6127333,-4.1649945558441,138.98495151019,7897.762409643456
884,0.0,-180.0,20.835467590059,-103.8157408748,8573.56052968936
885,25.6316775,45.7567741,25.6536187,45.7080443,5.46022482260505
886,-14.903763961061,13.477588668478,5.9814194444444,116.071975,11527.821429188247
887,7.0559184,171.2210411,-5.7928552627563,-35.32878112793,17078.45720939503
888,27.0854802,142.2087426,-51.740044943091,-72.486334831013,16031.555463351593
889,-23.488809583917,150.31539236987,-23.482417513333,150.36658768,5.269237383520497
890,9.6002016,138.166284,14.6926512,-17.473915,16206.154401794905
891,-32.75750222333,134.92936127069,-29.473093681577,149.91669559642,1471.2985355666783
892,16.850613333333,7.9695233333333,-23.4183389,-57.4491164,8396.925657750526
893,-43.7505406,-176.4525764,31.6828015,119.0130086,10638.6288071539
894,-18.292580199129,127.5936018716,-17.431296261261,127.99172458568,104.62942144369914
895,-5.695657,-35.2111633,0.0,0.0,3959.6533943938966
896,1.3653764,173.1306923,-2.2710393999722,-80.924600499972,11784.82466484785
897,-51.859652216867,-58.226180741365,-35.595377,-62.4435055,1839.1843942053636
898,-32.0021627,115.8903408,-17.634120299972,-149.6127333,9387.45471867837
899,-32.73455015015,134.75914640774,-32.747143578,134.70248980433,5.480931913836058
900,6.960866900002,158.277179,9.5434665,138.1661277,2231.213761548855
901,-32.003092,115.8940259,14.9646635,-23.6641137,15511.225914114162
902,-18.026035325808,178.51979257192,-26.203458,-49.1437544,12895.767661224645
903,0.0,0.0,0.0,0.0,0.0
904,15.1219686,104.30744356667,5.788075,10.161461,10282.407273243296
905,-19.046892777778,-43.057623333333,-4.0358005932902,122.491733147,17000.255052334247
906,38.3398548,-107.8984886,38.3753809,-107.8761816,4.403202735211339
907,-9.5273573884932,160.09058710873,-0.2796691,36.1132625,13720.392776915114
908,-33.780256851557,121.78560058449,-33.78272263875,121.78755508225,0.3283383823622969
909,-33.8389472,121.8863615,40.144700586523,-75.006717145319,18362.64277826747
910,16.695818199998,7.9587041999973,16.662623799998,7.9541024,3.723453565531106
911,5.9814194444444,116.071975,15.479372295477,-88.027754673869,16445.74636798261
912,15.103814232684,26.71420343233,15.102583835044,18.096718454159,925.0625218653835
913,-13.4503621,-172.4001356,-34.9292952,-58.4901492,11225.4069799005
914,-44.7494579,169.1198701,3.6891377653803,98.697930946422,8775.450308139683
915,6.9206991197002,158.32236759165,5.2779843000015,162.9776444,546.1448195211616
916,-0.5387864596649,166.94966168938,-0.53889224746974,166.94962695084,0.012381004130219172
917,-9.464277535953,160.1043995051,1.9902825470222,-157.37940550382,4878.214024432665
918,37.771797761232,-25.303561553388,-35.474169899972,-72.242631799972,9471.384148697196
919,24.978344282238,56.264639496776,-43.7469653,-176.3705522,14853.736612381914
920,-54.4217939281,3.3882390549828,-54.421776540929,3.3884561988282,0.014180480096853357
921,5.0160140824,-52.479728926,-4.4172794,26.6660024,8852.541691881977
922,13.467829324238,144.79845198721,13.46727220676,144.79879792035,0.07236720503711658
923,-33.72764425,121.62069525,4.9117974,-1.7561512,13368.489028257709
924,2.1734789,45.1183853,37.741479319086,-25.654973972166,8176.681110488174
925,6.8381508,158.2986684,6.8657545,158.2894664,3.2331458144933416
926,31.632708025895,-8.2080698336386,31.632288844367,-8.1978844028393,0.965427946267187
927,-22.6487422,-152.7936024,27.0375418,142.1762509,8906.507695171793
928,-33.858376979687,121.89415804429,37.762200096026,-25.286472920368,17039.398015482777
929,-31.8553013687,115.916365898,-13.665281799998,50.023023299998,6949.417171464817
930,37.52537108,-48.92270186,15.5852064,-50.712258862222,2445.980275827031
931,27.0968947,142.1946973,12.0323738,39.0417502,10666.006549221835
932,25.1213185,47.6273274,25.1112033,47.7757932,14.98998098288162
933,-33.8323217,121.8961317,34.04035275,-109.59859797,15317.010399821891
934,2.0203904717624,-157.48775046921,2.0198804442477,-157.48738634093,0.06966809961627847
935,-13.4451003,-172.3598879,-13.5917174,-172.2090271,23.061068732169254
936,-21.2664768,-159.7711652,-29.040711196587,167.95824352008,3349.388554076307
937,-21.2655861,-159.7410202,-26.212216083333,-48.913243075,10883.6085501544
938,-21.2249287,-159.756075,8.7756514549,-82.4353794102,9067.75438270059
939,13.46727220676,144.79879792035,13.467829324238,144.79845198721,0.07236720503711658
940,-6.2905141,176.3145172,-6.2901198,176.31460999997,0.04502789660134387
941,26.197388199997,-98.2553668,15.12286721,104.30410156,14812.941101610515
942,25.068528,47.3490334,25.0310132,47.2419157,11.568845669027617
943,25.37781,49.275763,25.3810067,49.2165426,5.960093914250894
944,7.1297701975349,171.04536374742,13.5721627,144.8482545,2951.345878550004
945,5.5601,10.314398,5.057706,9.963726,68.03067304410177
946,6.9612403,158.2650469,-35.256113116168,-72.321372097605,13985.47516179907
947,-63.874404888889,-57.609943388889,-26.8330255,-65.204404100001,4155.128673641526
948,20.791843055556,-156.02405361111,32.378672529,-64.6893682424,8908.177117908208
949,6.0568968,145.2127095,17.036594983066,-25.12026837828124,17236.079939024177
950,-28.058546782578,19.280112910272,-34.501717887411,172.80136984964,12522.146196304224
951,30.949792300003,28.773003,-9.4386317392354,160.08205375186,14455.487970358878
952,6.957953,158.278523,26.212904918006,127.65622213281,3883.867237924123
953,-17.971495699999,178.6187397,39.482557075624,-12.297089121678,17402.055955589633
954,-3.6177156,152.3979783,34.045419,-109.79725878974,10951.50049022526
955,-19.297994774559,135.08511456743,-21.809916869949,118.82006315901,1715.4526416798888
956,-32.2872944,18.5783479,-19.329494957248,146.72534051035,12055.430505588314
957,39.4363016775,-31.257876288139,32.2922644112,-64.7848806996,3104.3957839544714
958,1.3293492,172.9879443,13.3736497,144.7713052,3381.6767428239036
959,-6.1648378449785,-18.433157041253,-6.3113029154066,-18.871094536472,51.074275911820116
960,-5.5595169,150.2970222,32.4291968,117.4967279,5464.293955814486
961,23.5303995,14.4465915,22.400071209862,113.98397398188,9933.088436181124
962,-17.809426099972,178.72236399997,4.4373812217348,72.959707017747,11825.708968943743
963,13.475512923248,144.76780515874,-4.3453082302626,55.768381292052,10012.150444984782
964,-35.3447242,-62.4811282,0.0,-180.0,12469.462942075785
965,25.010841900002,56.363503399997,-21.2153494,-159.7487364,16308.594654920264
966,-22.661761829691,114.2584781012,-16.269752038076,128.29468389997,1632.8859770019553
967,-23.8852658,-67.7545637,-36.261938583551,-59.347392331896,1594.6913543036155
968,-22.721768856049,-22.721768856049,-29.04117264708,167.96237675312,14146.694153574745
969,-9.4847300052264,160.11067891566,-9.4857517665135,160.11049275903,0.11543454382504363
970,1.9765285,44.97474,1.9662829,44.9660934,1.4903751594562826
971,-16.329631,-39.0315121,6.6435409000025,81.1179308,13426.748647445973
972,-35.020999308648,117.88358094085,-22.721768856049,-22.721768856049,12368.073120429102
973,-12.8270776,45.1932549,8.455256,-79.998748,14015.969547968203
974,5.3685420657877,162.99585051884,7.0559184,171.2210411,928.3440432337916
975,26.4981233049,-78.6876941286,16.2541152164,-61.5232136194,2107.3304587160296
976,-35.029032885104,117.88765290815,16.050338199972,80.909289299972,6890.5608428091045
977,24.9675535,56.309415899999,-26.280810016667,-48.810941258333,12621.836007049033
978,-3.6749316477006,-10.988219622534,-3.9678617885568,-11.864094612972,102.48986575897128
979,26.273273700002,-98.552740700002,26.1840975,-98.185873900002,37.913165502736064
980,6.9607848,158.2657369,4.9138479,-1.7591854,17434.863747647378
981,1.9634354,44.9634736,2.1146267,45.1046015,22.990923856827308
982,-27.113908509091,-109.36902542273,14.674404504021,-17.45252619895,10929.794960228888
983,-67.570186666667,-68.127851666667,-67.570336666667,-68.12801,0.01798115947809674
984,22.18940156011,-159.45744477717,22.190536745867,-159.45793798187,0.1360582496586779
985,5.727725,10.181005,5.716973,10.187371,1.387615405918791
986,-16.744817709337,128.28292443063,-33.78272263875,121.78755508225,2002.628550725897
987,-25.214948534895,45.829867257375,17.2770408,-88.6742564,15240.490400731866
988,15.165934372873,120.57148586336,15.164981263333,120.57173395667,0.10927444481749458
989,4.1247808299159,73.472573091848,-8.7237402999722,125.4323798,5934.846989918569
990,2.0351912837733,45.301177123287,-44.7659627,169.0953799,12766.664999125567
991,-34.9395572428,-57.971999571,-34.9281761048,-57.9615042863,1.5864759524265153
992,-23.744143901921,-65.471731500504,-27.114968355892,-109.36849010202,4402.2422934498745
993,39.436438009139,-31.257899925111,39.436438260611,-31.257892297583,0.0006556421754655069
994,-45.4234183,167.73291459997,-21.335750389676,-174.95160531357,3108.754541191089
995,25.2574435,48.8048841,25.1112033,47.7757932,104.82110449612364
996,-12.835418928205,45.153527614256,15.119287300135,18.177325604595,4298.411131487443
997,-37.196237322447,150.01810259058,-37.184693828776,150.01516515336,1.309685973258397
998,16.2542785,-61.574146899998,-4.0594310984318,122.43078403701,18590.270524691965
999,17.1571093798,-61.838893611,-12.364315067475,-69.1522071116,3379.506909108396
1000,-12.8341382,45.1320912,7.5212014583223,134.51801135152,10126.785875923058
1001,-3.8686554866423,-11.576959597155,-4.0881291390422,-12.233734958839,76.8328484642612
1002,-34.931911882,-57.9427570291,1.8509544711577,172.99873894097,13602.614341383298
1003,-19.317430312728,146.81445583333,-3.051847805,-59.951631583333,16174.953057132861
1004,1.9413685,44.9406782,25.135505,55.443678,2814.2193011657723
1005,1.9662829,44.9660934,1.9765285,44.97474,1.4903751594562826
1006,-6.7126048422222,155.68885622296,-8.5603889,125.5237778,3329.950762439912
1007,2.54634202,9.82600158,37.048548739082,-120.62539307982,13274.068860472353
1008,-12.8339387,45.1312479,19.74161986696,-79.74980411524,14106.059099071477
1009,16.2509426,-61.5707278,-21.154482,-175.21656,13053.565318513041
1010,-51.8975,-127.5963889,-19.1466667,8.4033333,11039.246410571186
1011,26.5093072783,-78.7075986341,-23.0375525,-54.191813243333,6107.870779242808
1012,-44.296145804997,170.87061081606,5.1594845529601,-52.666085876504,13946.056763809818
1013,-11.561042723077,25.204765757542,-4.7015092999977,145.6189652,13181.836351790596
1014,7.810353079942,55.177297608812,7.4917052417681,52.376266671246,310.71348923505343
1015,5.851721,10.159149,5.854714,10.158488,0.3407435318708713
1016,16.2344971,-61.6009092,-18.02245745237,178.50470545562,13653.509224171028
1017,-13.456479633333,25.010236128783,-4.389450280303,26.657759656566,1024.2864112981763
1018,-33.8665102,121.8923402,26.1215345,91.7871537,7388.457464888894
1019,12.2562336,-39.845346248889,15.5852064,-50.712258862222,1229.5994650808134
1020,27.0965318,142.2163549,31.963095184788,35.877676365059,9824.950730429875
1021,-5.783787727356,-35.332649230957,7.0604694999722,125.58789179997,17902.254892182562
1022,-3.8213967181287,-11.426157117753,-3.9678617885568,-11.864094612972,51.24100177095558
1023,-18.8168948235,169.0273854858,-4.8590037971545,120.30046364187,5503.964872495814
1024,-23.3009855,43.6570395,-13.4495361,-172.3660293,14353.338039455788
1025,-11.300953844965,24.87308908993,-11.7864362482,25.030496744,56.64155878335946
1026,5.368132730187,163.01889491758,-45.2153976,-71.8508078,13124.720078157066
1027,6.8695221,158.2870393,-45.77765566303,170.58544422209,5980.507048819497
1028,16.223572,-61.614367400002,-19.685117857107,-42.984893333379,4481.9906710310715
1029,-4.4941666666667,145.4315608,12.188147834275,21.390459481627,13810.001185088653
1030,16.17218886,-61.58751372,-45.3738903,167.6979706,14418.233462949598
1031,-12.834770200002,45.131512899998,7.818233,52.217285,2426.2706109356504
1032,-6.7949067071429,155.71629339246,22.101719722222,-159.35357583333,5853.299566569855
1033,6.8426225,158.3093588,4.1756209690313,73.517351560709,9378.590455028696
1034,-44.305736595048,170.99402695883,-44.304710923195,170.99169919278,0.21752607070686444
1035,-34.9394850344,-57.93646988,32.3695520125,-64.6531316824,7517.203277006655
1036,6.9358576,158.2788063,6.9068484,158.3219347,5.750595850147712
1037,-12.8435456,45.1853102,9.0420329566061,38.877447354121,2531.3341671939797
1038,-12.8385955,45.1322713,7.1201330822604,125.62255711588,9162.182704349801
1039,16.215564300001,-61.6424125,27.3604416,99.964780399972,14779.327214405166
1040,-26.811994481667,-65.300828246389,15.104271237522,29.91498356708,11263.537922903875
1041,2.0361506851733,45.301717706827,-44.7017681,169.1334391,12772.337971618363
1042,22.139129444444,-159.300425,-0.5356668,-90.314485199972,7874.261637271752
1043,-11.26973259009,24.977510740541,26.01592,105.118646,9591.945678196784
1044,-26.825100058207,-69.174731308963,-20.235021666667,13.214908333333,8285.790170079943
1045,18.101838333366,-15.9281934615,18.066656731996,-15.916271306419,4.109982910660554
1046,-17.431296261261,127.99172458568,-18.292580199129,127.5936018716,104.62942144369914
1047,27.0940503,142.1938819,-3.145696457958,-59.999606957958,16456.93044322798
1048,15.298947495862,-13.960463708966,17.9205919,-15.4172323,330.25734121303424
1049,-0.2497346,42.6000929,-3.0764912083333,-60.07930048,11413.820858091147
1050,-43.82156,173.051971,-17.765111111111,-149.40322222222,4545.974364219551
1051,6.785165,81.1095988,6.7984352,81.112763499972,1.5163884200596747
1052,16.2510602642,-61.5469235089,-12.8452192526,45.135428505,12156.300967040577
1053,4.889811,10.782583,5.51434,9.981917,112.6216284137314
1054,1.3547342,172.9274953,-12.8393213,45.1318835,14128.102386991904
1055,6.8403241,158.2994211,5.0725220521141,115.5491546881,4730.588888785259
1056,17.1343257744,-61.8409146555,44.869177999972,-107.26903649997,5216.096612104029
1057,-34.522303,172.7747732,-8.584803845,115.1250906825,6519.6396951699035
1058,0.22390150027548,0.057287927217629,7.4152929741047,57.001487581543,6362.731127749243
1059,7.5472402,99.057103,9.0747579001019,99.2224908,170.82415398043975
1060,-26.853352599998,-65.711385499288,15.122801406667,104.30433484667,18350.738565948603
1061,-12.8350018,45.1375457,3.774744761746,98.703877554365,6196.288941756754
1062,-77.8464405,166.6701639,-56.936183569028,-28.014556388615,4994.177066950515
1063,16.26629479,-61.51138159,-14.92177461741,13.497173152877,8933.278415056242
1064,16.00003005,-61.67469403,5.1028069000018,-1.2639977000027,6691.642049036883
1065,15.862129,-61.583239900001,9.5435278999973,138.1839471,16449.014270889515
1066,15.4021048,-16.423928699998,15.879722291552,-1.2317951320236,1627.2467521581002
1067,15.111075690091,120.71111428292,15.1213257,27.3056436125,9926.99389993631
1068,-22.91284924,44.53907087,25.468512,105.565098,8493.515582393957
1069,16.2541152164,-61.5232136194,12.6163538,37.456887899972,10550.361441200423
1070,-32.6275789,18.948694799972,37.056816243601,-120.85849679086,16341.493414912777
1071,-27.114968355892,-109.36849010202,-23.744143901921,-65.471731500504,4402.2422934498745
1072,16.017839899998,-16.48322,17.9419891,-15.4748438,239.32338098379304
1073,16.024863998885,-16.503919764857,-45.099474166667,170.06739361111,16724.17407717769
1074,2.0427679799453,-157.47017403299,21.403283846928,39.426723589577,16825.399263920335
1075,6.945096,158.2697921,5.0725220521141,115.5491546881,4727.318527568855
1076,25.153975434807,55.42287991304,25.078582666667,56.359866333333,94.70852437279805
1077,25.154391028907,55.484571182169,-9.2914651254072,147.22820647101,10618.881604219156
1078,-29.021201129667,167.96613409661,37.511889386667,-44.841369906667,16840.50565590263
1079,7.53298,99.0512439,26.665082763587,127.90714400498,3714.8727288735176
1080,-31.935783,115.880093,35.19139,-97.470933,16918.301927327237
1081,-3.0628994583333,-59.950345354167,-33.753055555556,121.73922222222,15917.503349600614
1082,16.2541848,-61.5963142,4.8922403,-1.8796619,6625.789698662709
1083,-22.721768856049,-22.721768856049,-20.3502867,-70.1619382,4893.371526995254
1084,-18.610327043083,-173.99896447628,3.7446717922789,98.672189124213,9859.532447809333
1085,5.599341,10.293827,5.743748,10.163085,21.61301590482462
1086,18.10484319495,-15.99813101802,25.6395723,45.7394407,6371.640395279043
1087,-10.323304,150.66012219997,26.811651,87.320239,7978.355082386805
1088,15.872844100002,-61.5797894,6.0658038,145.213391,16187.525323562806
1089,0.0,0.0,0.0,0.0,0.0
1090,-23.089992659674,150.27566436247,-23.2785111,-55.5326917,14153.06601152693
1091,-12.8438406,45.1342887,-34.9339799,-57.9446303,10349.084194977184
1092,-10.308333333333,150.45111111111,14.685210513684,-17.468833278458,18616.72401546842
1093,9.0761556,99.1757774,12.033260352909,21.630785996096,8455.685766530221
1094,-33.34789545596,-33.454741488637,34.028916872058,-109.91057527952,10937.809034744643
1095,5.529243,10.355916,24.541521743213,68.531049335993,6542.370567589968
1096,25.1309672,47.5842053,25.1112033,47.7757932,19.413339909736205
1097,4.923485,45.2195984,-52.951870831636,-70.840111745818,12164.985119174875
1098,38.3273618,-107.9025683,38.2975282,-107.9244368,3.826903586860955
1099,-33.019862642587,18.671234843849,-45.4093358,-72.680896,7564.211555333882
1100,-44.304710923195,170.99169919278,-44.305736595048,170.99402695883,0.21752607070686444
1101,6.2183772013176,145.2389469,-35.347871498234,-72.413745294701,14989.158889275503
1102,-12.8436828,45.1854114,14.544747,-90.619945,15244.046619960656
1103,15.292653333333,5.6330383333333,14.742552461834,74.257503863905,7336.210647833124
1104,-35.1143712,150.0878671,32.378672529,-64.6893682424,16801.517559672415
1105,-33.867949183333,121.89217480083,-33.702195680013,121.83690898799,19.125548256554843
1106,-4.3879297999977,145.3177303,12.230441138338,-69.026345755884,16141.245670111603
1107,4.9605956,-1.7348844,4.7449468,45.2245411,5201.867663809842
1108,3.878906,10.070216,37.766444225938,-25.288626851156,5203.002755738731
1109,15.062671299998,-23.696555555556,25.7155218,94.1071411,11902.358766391393
1110,-45.425802,170.702985,26.243535833333,-98.149476666667,12133.913046496513
1111,-34.94052637,-58.5114515748,-21.704363971058,149.35802913772,13063.536290406919
1112,-29.052975114103,167.95778731026,13.2568357,144.6769562,5327.87033107875
1113,5.272858,-0.9831761,-43.7429961,-176.3397781,15713.27944606141
1114,5.3648041992941,162.98034452768,15.1228394,104.3040527,6493.209413983674
1115,-0.2778793,36.101937,34.004307676484,-109.75577028998,14848.605804262406
1116,-11.299902799972,-51.546944899972,-2.227535,-80.921187,3392.91700078438
1117,-34.9328510784,-57.9800964024,-0.50358145248358,166.94201957092,13913.833990778969
1118,16.662623799998,7.9541024,16.695818199998,7.9587041999973,3.723453565531106
1119,-34.9397337002,-57.971619554,14.6979295,-17.4434047,6980.990587571618
1120,-19.436333488155,135.4102779708,-19.309408101959,135.10721578486,34.782933869251785
1121,15.2784058,5.6018717,14.067558333333,79.857485833333,7946.061309918517
1122,26.5011127107,-78.6953509133,5.2084951,5.8104344,9203.694523977289
1123,14.875369272062,-24.725514957216,7.4879503,99.0849626,13341.611588760306
1124,-0.2821354,36.1002782,-34.9328888784,-57.981391168,10361.5280579712
1125,0.8445932846934,73.408397497232,10.08333101,119.12253071,5156.44956986514
1126,-51.845689621501,-58.3159905643,2.0353675101598,-157.494114485,10815.029426780244
1127,7.4855638,99.0893895,-67.567985,-68.122978333333,13265.463083042141
1128,-33.856351938693,121.89590161759,-19.433387013221,135.40090971074,2086.8967319587578
1129,38.3178819,-107.9050601,38.3020741,-107.9196044,2.167960675172181
1130,-32.148689599972,18.8634236,-32.920769399972,18.762814399972,86.36785853927893
1131,-44.304544661554,171.01066796662,25.1510889,88.5676002,11366.331937066068
1132,5.1039832,-1.243323,43.4796431,-118.8375965,11772.923669368696
1133,-13.4493638,-172.370235,-21.204836,-159.7856135,1588.7083646842245
1134,-12.8413365,45.1242301,14.6607279,-17.44161631,7535.653263320053
1135,-6.8183309767959,155.73419542621,-6.8183764069841,155.73429603228,0.012202507344581875
1136,-26.271034504961,-69.095951751946,-20.235021666667,13.214908333333,8294.438136000608
1137,25.153992,55.483995,13.426925120185,144.78225003024,9308.630406200085
1138,-5.7644872665405,-35.332511901855,26.3714595,-98.8582796,7710.61585501156
1139,10.182924382222,99.096985459167,18.440246,-77.210177,16806.64708342878
1140,-0.2919167,36.0969678,32.3806630634,-64.6806394961,11035.482222544882
1141,24.3167635,72.8614885,-14.781501330449,13.77478337848,7745.7041319292
1142,-45.5774281,167.7595447,17.192341159114,-88.982236376115,12384.231157773604
1143,2.1250212,45.1155417,2.1018937,45.0910745,3.742351046420288
1144,7.4974775,99.0736378,27.846682816526,67.948243546543,3977.2498913922113
1145,4.2117481000014,73.544146699999,25.6569856,94.0873424,3238.0255029924024
1146,-34.839074899998,173.1299521,23.1804024,89.1935604,10935.696290613787
1147,6.0658038,145.213391,15.872844100002,-61.5797894,16187.525323562806
1148,6.8843647,158.2898803,33.516138700002,10.3857115,14391.047680283964
1149,-44.6963913,169.1694557,-44.7170224,169.2163572,4.3590364714267285
1150,6.8657545,158.2894664,6.8381508,158.2986684,3.2331458144933416
1151,-22.721768856049,-22.721768856049,-15.314032333182,-70.216872313636,5039.753707926352
1152,43.938434578728,-59.877803840544,43.938572942347,-59.878061913532,0.02576243794473623
1153,7.5542146,99.0724143,9.9301399,-84.071533,18039.988457043306
1154,4.2126591000024,73.540075700003,0.43333329999998,0.0,8178.731726261944
1155,25.0277345,47.231738,25.0310132,47.2419157,1.0883122233659452
1156,-23.236336316584,150.49015202255,-23.233625175972,150.48771519708,0.3909926843443057
1157,-19.31725,146.81058333333,-22.721768856049,-22.721768856049,15204.339357832518
1158,0.037104999972222,109.24383039997,15.1216634,18.620823851481,10073.343367676
1159,5.854714,10.158488,5.851721,10.159149,0.3407435318708713
1160,-13.137407992892,24.985983471273,-33.745918168335,121.71449476743,9807.546601421569
1161,4.7631368,45.2306599,4.8114696,45.2465728,5.656222874477119
1162,1.9892614,44.9855204,2.1033285,45.0927536,17.403195240166873
1163,37.745120582402,-25.643317195084,7.0949408666667,125.62633981333,14207.240243767043
1164,1.3578837121379,172.932190733,-17.7252275,-149.30905833333,4646.396197995211
1165,17.036064529429,-25.149063055817,-9.444878956643,160.13295690153,18995.87052489303
1166,-33.727183772423,121.61673598561,-33.730276246333,121.643067231,2.4592240683615376
1167,-30.310222649368,148.8301106497,-36.857316257556,139.84489751467,1104.8012407252297
1168,-45.2332188,167.81156509997,25.3112339,93.3173785,10859.657283469247
1169,-29.671694444444,148.81126222222,15.122714146667,104.30425288333,6897.156077751563
1170,7.5152978680556,99.060185752222,9.895760203131,36.728997371102,6846.89264884497
1171,-34.9387823672,-58.5144744449,-34.9359228644,-58.518475517,0.4838591360889397
1172,-12.4609228,-69.138752233333,-23.21344182,-54.211324,1978.6785973124822
1173,-34.9286959841,-57.9602793811,1.5001989099929,124.89054551999,16286.293557358858
1174,13.551741480698,78.479359736448,10.960473333333,-74.7872681575,15999.479651229733
1175,-33.841778455965,121.88751030791,-23.314416845089,113.92918971845,1403.8305683906037
1176,-35.238935898667,150.00619321067,22.578828699999,114.059592,7462.058954799855
1177,1.3321895304073,172.96884491279,-63.881944444444,-57.621111111111,11950.620616980692
1178,-30.226454525308,149.42720057626,-25.1056399,30.4510094,11066.445796978978
1179,-9.8044147319706,-66.852764946974,-2.04639067333,-60.0260353267,1146.015498022107
1180,38.9531209,-45.0313293375,38.9531209,-47.633139477,224.975862082675
1181,-12.8324745,45.1455449,-9.7045202999987,-66.863162300001,12101.06620909537
1182,15.5696658,80.0749939,12.516874372957,21.700426116588,6287.467786139795
1183,-30.042019,148.7764175,-33.825633713453,121.85139497686,2567.87626593638
1184,-33.397175415,-70.6576362622,-13.4493638,-172.370235,10242.109155999617
1185,13.43374521896,144.78024677699,34.9955754,25.5034367,11659.590145742623
1186,7.0690484,171.2874743,7.0691544,171.2902118,0.30231208821540134
1187,14.544747,-90.619945,-12.8436828,45.1854114,15244.046619960656
1188,-29.034608981522,167.94324659968,33.189216833306,-8.1877148333056,19424.36703574428
1189,-31.854769015,115.88640678,-0.49105159997222,-90.2822898,15485.940095490321
1190,-12.364315067475,-69.1522071116,-12.56846826258,-69.168463429567,22.76931107343641
1191,-30.017423875622,148.55346789701,15.11910603,18.56148597,14665.472539082617
1192,7.1168786298595,171.05921473378,7.0807711740164,171.15577031269,11.385591948479705
1193,-30.2217484,149.4506862,7.5212014583223,134.51801135152,4489.355536041439
1194,-32.227438599972,18.851020999972,0.0,-103.33210709999,12985.368332258337
1195,4.4381040188889,72.964451577475,3.7487179537655,98.674987751255,2852.4764453347907
1196,-11.957428925,-69.131331225,-0.6914688,-90.3412056,2654.206660813241
1197,9.9470417401506,-73.090447330113,32.4291968,117.4967279,15170.77957757615
1198,20.835467590059,-103.8157408748,0.0,-180.0,8573.56052968936
1199,22.05840736535,-159.38927056378,22.057327663607,-159.38784874959,0.18943016277814712
1200,22.187234444444,-159.34219111111,0.820702,108.86538249997,10157.598144751088
1201,-31.8558555,115.91279975,-23.488809583917,150.31539236987,3497.0272870762537
1202,-31.952295616921,115.88061140871,26.7962704,87.3265823,7199.13856648855
1203,-34.9855168,173.5616279,24.96966237001,56.219976540715,13974.277754062357
1204,-0.28726,36.09113,-23.8578415755,29.3838375527,2718.930665669029
1205,-35.4033227,-62.4461545,-26.553943799998,-65.958901799997,1039.2023153110624
1206,15.164981263333,120.57173395667,15.1669291175,120.56863418333,0.39696887203217446
1207,-34.7420752,173.08370119887,-9.747109,-66.6450308,12027.481994916756
1208,-29.052604113486,167.93542615033,7.6211500553571,134.63434250685,5417.112998702492
1209,14.528595,-90.616765,39.436442912556,-31.257918952028,6370.322165882933
1210,-12.25890465,-69.148047170833,-21.2062368,-159.7921124,9583.147545592441
1211,26.243561388889,-98.149675555556,15.167260463795,120.57198416479,13792.104493055356
1212,-5.352933,104.962315,9.895760203131,36.728997371102,7745.19530606083
1213,-32.920769399972,18.762814399972,-32.148689599972,18.8634236,86.36785853927893
1214,18.083948813103,-15.901569908276,18.066656731996,-15.916271306419,2.4722841627200345
1215,-12.719336598662,-69.487859395987,-12.380632322261,-69.146333733569,52.84424375037317
1216,-12.764945782813,-69.571752769866,31.80736,118.575217,17739.970084860208
1217,-16.33688,-39.0162099,26.51222608711,-78.64256699162,6404.781347688738
1218,-37.259208061889,150.04775663242,16.202270756102,-0.21269915541339,16274.760368617159
1219,-19.685117857107,-42.984893333379,16.223572,-61.614367400002,4481.9906710310715
1220,0.372048,108.9531508,6.7373334523353,81.365210283623,3140.810486487094
1221,19.483183556574,-103.7969969008,-36.838150903671,139.84599316667,13603.588301480648
1222,8.500128,-79.957781,-44.6679803,169.1255413,12319.838949518715
1223,-0.53256871711864,166.91088908644,-1.0169444444444,-1.0169444444444,18661.76326377396
1224,-9.7459397702306,-66.635224410776,-45.4015219,167.7184449,11833.852476833463
1225,-26.8290265,-69.211725,-10.40193127006,-55.053067626553,2353.910175231156
1226,-9.8461016,-66.867685,15.121971966667,104.3077528,18892.06346296049
1227,26.5033892356,-78.7039881293,9.6739228374347,-83.890825485118,1949.2684509691603
1228,7.90502,52.169018,7.90501,52.16901,0.0014187246047833969
1229,-34.940651440972,-57.963316747889,15.12266904,104.30449055,17188.39156009636
1230,-12.599677800499,-69.194768162575,31.80736,118.575217,17736.41982740568
1231,18.593632780747,-103.69538736503,10.9988527,-74.789766334,3215.4848197862116
1232,2.4307041,45.0011564,2.946336,9.917798,3897.0668343650705
1233,7.5470123,99.0766856,15.048996557783,-23.580621945203,13215.317964170039
1234,-33.396218044,-70.657858396,17.2770408,-88.6742564,5950.274140475501
1235,-9.8238248,-66.8768668,14.892626131425,103.66604036213,18843.786619579612
1236,-19.492944444444,135.52275,-27.100351125556,-109.37711997465,11316.224880717264
1237,-34.928726824,-57.963391452,-3.0490835125,-59.950680521667,3550.7902254215783
1238,-30.159740916252,148.93852767164,-30.306480364241,149.33243431705,41.21059625905235
1239,-30.372694444444,148.69663888889,-33.867949183333,121.89217480083,2546.668325157272
1240,-17.498312,-149.913269,-35.3937965,-62.4988093,8664.664229710364
1241,-26.06379193494,-65.950455092771,25.1309672,47.5842053,13427.123829734626
1242,-33.655123,0.281092,0.0,-180.0,16272.69270648277
1243,-22.707669697423,114.33987320409,-23.4094905033,113.94895348354,87.69076910641314
1244,38.3353871,-107.8999684,38.2975282,-107.9244368,4.720030535646516
1245,-9.7302409000024,-66.884212100002,-9.7805158,-66.842458100001,7.224169318688909
1246,-31.8560516977,115.8979668674,9.9381676704434,-84.078087666798,16826.952476893715
1247,-16.284160799972,-39.0287815,8.6780033979592,62.774513457959,11528.079019431261
1248,9.0638762,99.1750979,-25.378397222222,-49.292288888889,16222.562807941616
1249,-12.198622944731,-69.122746720015,-15.008608190692,-70.389367592033,341.1208161126188
1250,-12.5923268875,-69.17537855,-34.940651440972,-57.963316747889,2729.510653021273
1251,-34.928649380001,-57.987160540001,7.07549656,125.61956604083,16896.05373018434
1252,10.149491521693,-73.113014434039,-25.400380555556,-49.301302777778,4719.731903642398
1253,4.7443474,45.2106537,4.7439306,45.2228021,1.3470099655331702
1254,4.0958549,73.4015559,12.46359493118,21.631877738983,5762.297596392668
1255,10.136635468333,-75.2710787475,40.283316224324,-11.789429740841,7040.3394370752085
1256,-9.7726552,-66.8121935,-44.287855868461,170.08660929755,11727.76360859016
1257,-4.4172794,26.6660024,12.492853865722,-69.925113887312,10827.80112721399
1258,21.031726598739,-104.24926757812,42.426838888889,-82.15925,3146.3397666970004
1259,-22.721768856049,-22.721768856049,-35.020999308648,117.88358094085,12368.073120429102
1260,15.8924207,80.908950399972,-13.002663135529,136.71730041504,6926.207717043552
1261,-19.967146666667,13.024823333333,8.4994899000563,39.285491,4275.408473313773
1262,-30.227057921954,149.68130760373,-23.457994748588,150.4148124106,756.188167749221
1263,2.0270497679513,25.325646861663,-26.8330255,-65.204404100001,10161.839053157382
1264,-2.229193,-80.921425,-2.229184,-80.933213,1.3097742302047843
1265,-4.25176,-56.005929699998,-4.2509255,-56.007023,0.15267052523617525
1266,-34.524907813808,172.77387672866,-30.569475499333,147.49241989973,2403.566268163159
1267,-30.386573362667,149.71377548267,-4.1605240935065,138.98136558611,3126.1873139307054
1268,4.9480389,45.200421,15.1213257,27.3056436125,2259.8148734990755
1269,-19.327830423257,146.72557521622,6.5697688981952,81.730252476485,7672.350093979616
1270,-35.3875972,-62.4160981,5.059449,9.992135,8761.308666003717
1271,19.06640396039,-103.78252141805,-2.253361,40.106968,15665.031664930704
1272,14.241556976742,74.448919592623,1.1579398999988,25.255915799998,5597.2186291540365
1273,-2.22919,-80.927154,-4.3734396,-56.253321,2749.1772905320936
1274,10.436194156265,99.066891941108,-21.284063511668,55.795970016622,5895.994266850568
1275,-21.320536344998,55.800018723335,7.1298682516667,125.62538022667,8241.478210231691
1276,18.945489534804,-104.11497573641,43.938868926783,-59.878210268318,4948.201048762763
1277,-45.6966325,167.6536928,33.516138700002,10.3857115,17656.52675019852
1278,9.93671672,-75.09110828,-5.7902302742004,-35.188323974609,4753.213726050186
1279,5.0725220521141,115.5491546881,6.8403241,158.2994211,4730.588888785259
1280,26.5202990547,-78.7177038565,32.378672529,-64.6893682424,1504.6644648715062
1281,-33.478757316,-70.6573024572,9.6220772,41.816716,12674.99934348076
1282,10.42888109828,99.055432082064,9.0263412349895,38.762103260922,6599.8287499211365
1283,-12.8452192526,45.135428505,16.2510602642,-61.5469235089,12156.300967040577
1284,8.465354,-79.969013,-17.525469166667,-149.53842222222,8166.859772181618
1285,-34.9380411591,-57.9357197895,-34.94132908,-57.9393124685,0.4908238243161676
1286,-21.284063511668,55.795970016622,15.122947413333,104.30396807,6662.523726363351
1287,-35.1153889,150.0869471,19.304811,-81.097622,14720.178881146963
1288,10.4498444,-73.2545222,-44.672833,169.1280394,12993.482574488467
1289,-9.7459246,-66.6349611,-9.747109,-66.6450308,1.111369095348705
1290,0.83961789997222,108.8864391,24.618143514125,-76.157340301046,17132.58370506444
1291,38.352756900002,-107.8443453,-0.890062,131.317039,12710.11550941911
1292,-5.354813,104.972425,34.243429299998,134.6625304,5394.1382374405775
1293,5.3671264,162.9865219,6.820651700002,158.2973281,543.0609388371087
1294,-29.559391976736,149.60062439831,-37.091614146646,139.804967833,1235.4927473649966
1295,-3.145696457958,-59.999606957958,22.578828699999,114.059592,17761.32096011493
1296,-30.042962166667,148.78353408974,-29.559391976736,149.60062439831,95.43102596651512
1297,-26.177766462778,-65.213028061944,7.3468035,134.4979939,17059.69523075673
1298,15.1661633875,120.5700104675,-24.105463492447,150.13445374824,5419.884743591466
1299,31.96537989378,35.825716358051,-19.738282888837,-43.019043333317,10162.405772662256
1300,-33.463317131,-70.6571568597,-8.070801,-79.04564,2952.0811679122294
1301,14.931230018248,-23.501862074088,25.154391028907,55.484571182169,8222.004019425522
1302,0.0,-103.23307379998,26.231531111111,-98.160886944444,2967.042929810748
1303,10.737461096667,-74.752684965556,37.762200096026,-25.286472920368,5756.082622780813
1304,22.101719722222,-159.35357583333,-6.7949067071429,155.71629339246,5853.299566569855
1305,-34.928093925083,-57.973346784694,-8.5976803249581,115.10725279816,15120.864009504512
1306,-31.8551660076,115.8874928266,-8.7195137,125.43556429997,2755.0663343597744
1307,-44.675792,169.1289844,-23.571073805763,-70.390846289529,10322.680073616624
1308,10.40552116,-75.5032651126,9.7939307337369,-83.973831981901,929.7482474561713
1309,31.914859910309,35.891142823733,24.9221595,89.9508551,5290.373050662371
1310,10.4811222,-73.2816767,-34.1793379,21.970968899972,11139.029722898522
1311,-30.226267833333,149.4414095,0.21521999997222,109.1306564,5440.785028787782
1312,-14.914994603266,13.452729958401,-63.881944444444,-57.621111111111,7599.1924346871465
1313,9.8052522331745,99.09962304633,-12.40057918371,130.88481760903,4292.339425302869
1314,4.8114696,45.2465728,4.7631368,45.2306599,5.656222874477119
1315,10.407203611111,-75.455979722222,-29.043033642321,167.97008976143,13141.875673673068
1316,15.134199906667,104.30401702111,15.133629784958,104.30443096065,0.07741480350779302
1317,-17.567625,-149.32444694444,-0.52742176980599,166.93575990814,5142.522973837258
1318,10.4000068735,-75.482198037194,35.2504164,-91.7703903,3217.423276503052
1319,10.4771611,-73.2496694,5.061883,9.984038,9167.657913838611
1320,10.8717465375,-74.783910615,-3.0764912083333,-60.07930048,2247.9375493367193
1321,-2.04639067333,-60.0260353267,-9.8044147319706,-66.852764946974,1146.015498022107
1322,-34.542589185772,172.85622844593,-30.017423875622,148.55346789701,2333.3348102802606
1323,10.4746306,-73.2408167,10.4911944,-73.2792861,4.591778641873949
1324,9.7196581502732,-75.124453915301,-3.0045956533333,-60.020302246667,2191.1580012299833
1325,30.86859,28.8831012,12.231238899215,-69.027442799462,10050.560547363053
1326,10.428096055972,-75.530037581889,-22.764423399907,43.6199496,13430.344691493794
1327,10.937250360972,-74.897261823283,-5.5573742,150.2979314,15010.493365571383
1328,0.0,0.0,15.745031933068,-1.2995080880478,1756.5702487147928
1329,-10.322222222222,150.28833333333,-8.5614167,125.5464167,2720.265855212992
1330,10.4735139,-73.2867847,33.103440258251,139.78782078136,14035.697579571579
1331,10.4524683,-73.2610928,10.257615195833,-75.343937170833,228.85699872464536
1332,31.963095184788,35.877676365059,-23.0288968,-68.1304279,12602.1136892399
1333,5.0084897317,115.0028180145,3.12916112,24.247909606667,10060.676568649296
1334,-2.228007,-80.922877,7.0690599871245,125.61444151574,17026.176970329856
1335,-34.9375072215,-57.9846429918,43.4878733,-114.2745131,10415.766690036111
1336,2.1018937,45.0910745,2.1250212,45.1155417,3.742351046420288
1337,9.3039173816667,99.147053500556,-25.5531490501,31.618982506911,8261.985113739
1338,10.736656134831,-74.761226404494,-7.2956590225564,112.78194791165,19102.728348385324
1339,31.937709183712,35.847357681021,-0.5284872,166.9115176,13812.230406988925
1340,-34.9374584388,-57.9935090337,40.155421351638,-75.033962309348,8530.63957663963
1341,7.4879503,99.0849626,14.875369272062,-24.725514957216,13341.611588760306
1342,-25.055883,45.1103728,-25.0917093,45.0985465,4.1579571465433505
1343,-45.4181932,167.7125989,-44.7031091,169.1481888,137.96876900168178
1344,10.4490539,-73.2831894,10.4807103,-73.2866558,3.5403793735541043
1345,10.3942259587,-75.4736412875,-8.4721697999722,126.45741669997,17600.48650562437
1346,-23.137668981141,113.7746069361,-23.721087536369,-65.461649089712,14803.977790727424
1347,39.48734448392,-12.29395406995,-34.434532623014,172.68483989817,19300.263831056327
1348,4.7439306,45.2228021,4.7443474,45.2106537,1.3470099655331702
1349,10.4911944,-73.2792861,10.4746306,-73.2408167,4.591778641873949
1350,11.05139106574,-74.857635447351,42.789469666667,-118.43084776667,5482.486510935681
1351,31.953473977,35.83371569775,-23.3932722,-57.4491944,11648.452309178974
1352,10.257615195833,-75.343937170833,10.4524683,-73.2610928,228.85699872464536
1353,-23.314416845089,113.92918971845,-33.841778455965,121.88751030791,1403.8305683906037
1354,10.4839083,-73.2769167,4.9662261,-1.7315795,7892.920115889116
1355,-13.4501541,-172.3992831,26.6155572,128.0168879,7824.352741956931
1356,-29.456040709843,149.8448607689,-45.4117179,-72.67812,10647.56642551799
1357,-30.306480364241,149.33243431705,-30.159740916252,148.93852767164,41.21059625905235
1358,-44.270328134266,170.0442398958,27.945975,179.8463067,8091.77497530791
1359,-44.6965559,169.1715924,-23.571073805763,-70.390846289529,10318.603052985352
1360,17.9809397,-15.5810731,17.9521408,-15.5015537,8.999960606224768
1361,-19.317424610588,134.87350378507,-32.411189166667,134.43133566667,1456.6272167337902
1362,-32.908224384927,18.766155561523,-25.489088399972,-49.294364,6546.312052037802
1363,12.108977814208,21.563126100226,14.185535044809,79.869910275228,6301.684213806119
1364,13.64043773,79.39743723,-33.5093783,-70.6565392,16271.758755515928
1365,7.9796916,99.2728584,3.7824244491195,98.682284048707,471.2620000101476
1366,5.3685378227403,162.99637681597,34.030460508788,-109.86925833747,9410.276748375964
1367,-0.89977777777778,-89.608708333306,15.32958170663,99.83076447956,18105.079783034624
1368,-23.0405976,44.2688025,21.2064377,-98.1085412,16144.766882775053
1369,22.063265150533,-159.39425274088,22.055818514133,-159.39255438326,0.8463238425223839
1370,9.0747579001019,99.2224908,7.5472402,99.057103,170.82415398043975
1371,4.9035022,45.2333718,-16.1877393,-38.9801869,9544.35047465146
1372,5.0130861998,115.0338963512,-18.63348579481,-174.0197468724,8197.913140830367
1373,-17.601630042097,168.24568030859,16.26629479,-61.51138159,14735.455875429378
1374,-33.4546756065,-70.6579877938,24.503770263194,118.44079945694,18684.485106231776
1375,10.040219798611,99.069606643056,8.7362248,-83.4134337,17909.22905531656
1376,-44.6857524,169.18279451,40.144952931122,-75.007080848017,14859.052196686109
1377,-2.222191,-80.920459,26.6844028,78.3719417,16511.417295802155
1378,-7.254118,112.7825431,1.3848145,173.1443883,6764.241584270074
1379,31.911827460118,35.852546975948,34.004307676484,-109.75577028998,11849.221298546474
1380,-2.227166,-80.936391,5.1594845529601,-52.666085876504,3245.911930119691
1381,3.9982087165155,10.016656760136,-10.225847599972,150.8727197,15644.35865961131
1382,2.1033285,45.0927536,1.9892614,44.9855204,17.403195240166873
1383,-7.3028233933333,112.79983191333,5.3690878,162.999637,5745.0343688606545
1384,-30.402919749004,149.70437475647,-9.4300717380952,147.3942588797,2344.3515842196507
1385,13.3736497,144.7713052,1.3293492,172.9879443,3381.6767428239036
1386,7.0607606,171.2572471,-3.3992017,152.15612,2417.9978628507865
1387,31.944827500731,35.836014176533,-52.597379200849,-70.638878613428,13844.368461232389
1388,14.185535044809,79.869910275228,12.108977814208,21.563126100226,6301.684213806119
1389,31.943153225631,35.861858989578,4.8218745,45.2450489,3170.220158299626
1390,-26.8416151,-69.2222741,-0.5030972,166.9398662,13291.02758615745
1391,-0.53942416620833,166.91645890428,-0.69276666666667,-90.336352777778,11424.053326508558
1392,-26.912606847001,-68.603111358604,1.3654443184654,173.12088907207,12861.162660994727
1393,-29.473093681577,149.91669559642,-6.1078578999722,177.3382444,3874.2215201710437
1394,31.955172992999,35.905297673013,-12.588425,-69.1717917,12155.15841047556
1395,-7.2496608666667,112.7964525,21.2064377,-98.1085412,16351.508649002364
1396,-12.834819,45.1361703,36.982054430194,-120.51040460275,16973.466186837235
1397,-17.7985089,178.52705979997,-17.9103254,178.56551569997,13.082671732067611
1398,13.640689653439,79.373231637566,3.9982087165155,10.016656760136,7673.483367574122
1399,-19.2438837,146.808956,6.832353,80.998300299972,7764.100159853801
1400,19.458361078343,-103.79439281806,4.1247808299159,73.472573091848,17375.778534967416
1401,27.0387466,142.1757218,38.2764628,-107.817056,9737.534574182095
1402,-1.0169444444444,-1.0169444444444,-35.025622222222,117.87645555556,12528.35657153499
1403,-14.927347283824,13.558787181986,-14.86010526774,13.595838462947,8.47097739611219
1404,29.189492866351,-13.463887766851,29.192516431168,-13.461705794897,0.39736328822155165
1405,7.9928527794033,99.130249693648,-31.854769015,115.88640678,4774.996503452815
1406,2.1146267,45.1046015,2.1018937,45.0910745,2.0649391372977752
1407,14.3424173,79.7695424,-52.542455400739,-70.552268449552,15024.447939560261
1408,-12.835989,45.150642699999,-5.863799,120.514493,8280.48601396507
1409,18.878891925553,-103.8470169161,15.12285194,104.30427086,15137.43817882023
1410,5.0146183278,115.0630209502,34.243429299998,134.6625304,3826.7922109125375
1411,-23.110159281655,150.30299891226,-23.159477492333,150.43893695367,14.942735720194849
1412,-23.159477492333,150.43893695367,-23.106425241541,150.29626185561,15.73668389404571
1413,27.0723173,142.2197125,15.12229,0.0,13799.503304521346
1414,-35.022752777778,117.85938888889,-23.18671752883,-65.362700157057,13533.573170157637
1415,5.3690948078705,162.99956962897,18.448618439733,-77.918797740533,12835.468834465279
1416,2.0745461,45.3404957,15.134072722288,104.30420340579,6621.378344122463
1417,13.370520234091,62.066009067338,13.370520234091,62.066009067338,0.0
1418,17.017223815654,-25.135971151108,3.8504459000011,10.0862026,4109.887943401827
1419,7.0811144046914,171.15521286617,7.0996331114306,171.10219565285,6.201987381349983
1420,-35.318748086885,139.80241044344,-14.891022151942,50.273827562734,9015.685095486213
1421,-44.315051467,171.013074205,-45.394949199972,167.7587058,283.2111240162523
1422,15.16573234,120.545764995,-7.2221243183333,112.77787087167,2632.500706416339
1423,-56.936169438562,-28.01449480592,-56.936254384567,-28.014752566953,0.018268437391057282
1424,-36.796179261988,139.99723982988,-36.857316257556,139.84489751467,15.168119699791305
1425,3.9188069,45.5877018,3.8746752,45.5780625,5.022385608643178
1426,10.425796707912,99.043672398664,23.504881399998,39.867796,6416.319084216259
1427,-9.7986764285385,-66.845664982952,-9.772292946272,-66.810521613498,4.8410908230431655
1428,-44.3169943568,171.01496631893,-44.3168002735,171.01490873503,0.022061984140137804
1429,-12.8369812,45.129561099972,-29.020403445295,167.96494873802,12316.364366572512
1430,31.910991375335,35.901980440132,-12.5010754,-40.4266943,9488.014323894746
1431,-22.721768856049,-22.721768856049,18.30471675998,42.727510250103,8446.704255411874
1432,-14.685303485035,13.897741204141,30.949792300003,28.773003,5317.675348186647
1433,7.0807711740164,171.15577031269,7.0811144046914,171.15521286617,0.07239053298477278
1434,-8.34578835,113.60496022,12.370033286732,-69.152463065173,19475.490420988695
1435,4.8218745,45.2450489,31.943153225631,35.861858989578,3170.220158299626
1436,-44.256687588801,170.1007790442,-17.1438966,177.1934974,3087.216066435667
1437,-9.7633294289,-66.765118032533,-9.7810283907969,-66.842397503134,8.694079079091278
1438,-19.68891455553,-42.990579555513,31.96537989378,35.825716358051,10156.884181428259
1439,-19.735638111043,-43.018403777747,-19.674249888935,-42.974314777862,8.23995839799657
1440,3.8504459000011,10.0862026,17.017223815654,-25.135971151108,4109.887943401827
1441,-44.6989147,169.1274146,-27.147945,-109.336352,7287.840923994361
1442,14.925198107056,-24.356216096069,-25.214231606361,45.835292483615,8812.188683065417
1443,3.8746752,45.5780625,3.9188069,45.5877018,5.022385608643178
1444,-17.569602777778,-149.60576944444,-17.707130555556,-149.58407222222,15.464266534559169
1445,13.643198327634,79.38685755169,-5.680168410706,-16.979456438191,10841.803307576369
1446,10.057718423615,99.074965331487,-18.022109471072,178.50624938018,9255.905178727373
1447,-6.107934,177.33813829997,-36.575501247894,-59.642985127196,12434.005126539072
1448,-23.133600333333,150.40603525,-23.233625175972,150.48771519708,13.90718851817572
1449,38.2975282,-107.9244368,38.3353871,-107.8999684,4.720030535646516
1450,-44.304193563721,171.01085015995,-44.305915603735,171.00991576716,0.20541153786111918
1451,-35.21880583,150.02502690733,-34.9281761048,-57.9615042863,11691.71043959829
1452,-8.15612528,113.69851705,22.452743877678,114.1402998102,3403.891219724204
1453,-11.554515155556,25.205504507571,-11.305238291449,24.811396574145,51.12066965887902
1454,-33.4030106664,-70.6584642269,-37.21693138356,150.01821896733,11103.753297417383
1455,-33.356904850114,-70.661570944688,8.465354,-79.969013,4753.415646981234
1456,5.0340302289,115.0767689478,-45.4117179,-72.67812,15462.75609452101
1457,-13.4493646,-172.3703818,1.3577715,173.0630363,2300.042651593718
1458,7.9256125650049,99.269808446644,32.3695520125,-64.6531316824,15221.126033227638
1459,13.3102971,144.730929,-29.041222380655,167.96289049597,5329.555405085227
1460,5.059449,9.992135,-35.3875972,-62.4160981,8761.308666003717
1461,-17.717802945938,168.56910715938,-17.600123265443,168.49674186194,15.166331028642443
1462,-33.702195680013,121.83690898799,-33.867949183333,121.89217480083,19.125548256554843
1463,14.8785732,-24.730177699999,-9.4259276077014,147.42521812637,18969.1008175041
1464,-36.889671037425,139.83372273384,-37.042804086098,139.80120894055,17.270901157824905
1465,-4.162439569255,138.98267981102,-43.7312508,-176.5455925,6186.402591941878
1466,-21.704363971058,149.35802913772,-21.957643345309,149.43070572122,29.145354308270424
1467,-27.107448200002,-65.566541,37.741479319086,-25.654973972166,8325.104206437996
1468,2.0554783,45.3033546,-25.489088399972,-49.294364,10567.290516863417
1469,-51.855983647264,-58.223206896517,22.055194781733,-159.38694063739,12672.119327719256
1470,-0.66426666666667,-90.395727777778,26.460280499972,127.8700924,15019.506081499349
1471,-23.106425241541,150.29626185561,-23.159477492333,150.43893695367,15.73668389404571
1472,-0.73172777777778,-90.327561111111,-23.3992694,-57.4209972,4353.026209112842
1473,38.2764628,-107.817056,-3.0764912083333,-60.07930048,6716.140937495811
1474,-45.3872892,167.9078725,14.858987450353,-24.717558349043,16419.9440869321
1475,0.0,0.0,25.4281438,93.3166783,10340.579392140995
1476,4.7438462,45.2242678,-8.4721697999722,126.45741669997,9125.207994374561
1477,-3.0435501867168,-59.97338577736,33.983024946517,-109.83969265358,6641.853039777897
1478,18.883277714039,-103.84993016663,-0.5356668,-90.314485199972,2616.6891982722373
1479,37.751832527419,-25.621608713859,-26.277206441667,-48.80837185,7519.67416129457
1480,12.046071672778,119.97356973583,-24.143784916667,150.29042658333,5199.764815432832
1481,-30.468124422908,148.1952813777,-24.231159717066,150.1413288009,719.6134888616076
1482,19.242196847633,-103.69938388288,-35.386856,-62.4155663,7472.023614145793
1483,-30.315905223553,147.84498621291,24.6330282278,-76.1573874112,15655.089287259454
1484,13.3247173,79.9471259,-16.3160325,-39.0441986,13472.025026345456
1485,-3.1051900916667,-60.020477821667,-5.7638964653015,-35.196876525879,2767.44785621932
1486,-4.2251485,-69.9544572,-4.2614567,-55.9938996,1548.0721065307528
1487,17.9521408,-15.5015537,17.9971477,-15.6410917,15.5840525030695
1488,4.7449468,45.2245411,4.9605956,-1.7348844,5201.867663809842
1489,-0.55243504148148,166.92384569111,-29.928971932998,148.16112975879,3822.298362449817
1490,38.3020741,-107.9196044,38.3178819,-107.9050601,2.167960675172181
1491,0.87073675001153,108.934900125,-11.9826258,-42.61977,16643.019886968923
1492,5.743748,10.163085,3.852976,10.085215,210.42121732010273
1493,-19.2434815,146.8061222,-17.978707299972,178.6009893,3348.9095700205144
1494,-9.4403586349059,160.08344157539,-9.4508624327653,160.13937074086,6.244913868269681
1495,4.4339865337904,72.958513734868,42.4137269,-82.9502056,14266.675547450419
1496,-3.0490835125,-59.950680521667,-34.928726824,-57.963391452,3550.7902254215783
1497,-22.963780899998,44.3437672,14.669653699972,-17.3985616,7912.776794615447
1498,14.067558333333,79.857485833333,-0.89901916666667,-89.609458055556,18147.929416877912
1499,31.047614,28.3368275,30.8489994,29.284101900001,92.99622394065891
1500,-29.019859048802,167.9592681972,-32.769308849446,134.26907697214,3227.969704101196
1501,-21.2067886,-159.7702415,31.6828015,119.0130086,10446.52270600235
1502,-18.1324744631,127.72867586106,-15.807405437008,129.94025056821,349.5045205882073
1503,22.096724722222,-159.36067,19.714688259253,-79.816401498347,8165.042475854411
1504,-9.747109,-66.6450308,-9.7459246,-66.6349611,1.111369095348705
1505,2.0411896705627,-157.49159240723,12.245036346108,-69.061529196407,9788.904038673607
1506,26.28329598727,-98.165747624323,26.277415561404,-98.169476010397,0.7521508654172152
1507,-35.031062067433,117.90000789727,22.782279455,89.482597352234,7092.787566256391
1508,-22.721768856049,-22.721768856049,-22.721768856049,-22.721768856049,0.0
1509,0.0,0.0,3.7159445581033,98.687290969639,10971.479561783319
1510,39.436451378278,-31.25793135725,39.436441571444,-31.257914090528,0.0018406447243780196
1511,14.397369166667,79.698794444444,-8.5169750999722,126.0038555,5706.941109530109
1512,-33.5093783,-70.6565392,-7.2404338928006,112.77933269549,15469.422212913825
1513,-35.3755078,139.5613315,-44.695962085629,169.13298598862,2703.671541818106
1514,-44.287855868461,170.08660929755,-9.7726552,-66.8121935,11727.76360859016
1515,-5.384009,104.969677,-54.441028512134,-36.189404474605,12453.95985136686
1516,-0.52007782916667,166.95843524603,15.12142662,104.3074382,7097.002258085012
1517,-30.569475499333,147.49241989973,-14.851314293777,132.98299530621,2290.5617677332007
1518,5.0323727913248,118.41064025659,-14.920330499313,13.501061182482,11750.962592160296
1519,-23.040094,44.2701094,5.3686298999979,163.0158901,13177.176281271997
1520,-63.902222222222,-57.607777777778,31.1937005,27.456618199998,12858.835821340748
1521,-12.588425,-69.1717917,-9.751495,-66.6829942,416.17870772848283
1522,30.836243900001,29.238791699999,30.8489994,29.284101900001,4.552339229628164
1523,-14.847316034152,13.577682338668,3.0859333,24.1221367,2307.629625482168
1524,32.4291968,117.4967279,-5.5595169,150.2970222,5464.293955814486
1525,-26.2819426475,-48.849475315,16.0237356,80.9224216,14715.638995843296
1526,4.7887883333333,52.155773333333,-9.457551,160.141643,12064.213423497273
1527,24.0251892,90.2784382,-9.7986764285385,-66.845664982952,17120.365516130496
1528,-36.8488330176,-59.9676433216,-36.848649216187,-59.965363676619,0.20387112703737004
1529,-33.201131857889,-70.656419629194,14.5159078,62.45962568,14866.88820432684
1530,-29.03209625593,167.94797988571,24.841469163869,69.12961675518,12119.897276631262
1531,24.96966237001,56.219976540715,-34.9855168,173.5616279,13974.277754062357
1532,7.21549445,56.147897466,8.8116094272727,68.058057534545,1323.2821185461614
1533,-17.544789925691,127.86244096339,-52.416780058968,-70.575116748004,12034.405095298047
1534,13.628652461417,79.277966738117,25.0708636,88.5316884,1598.999954183522
1535,-26.211151116667,-48.533348083333,1.997574187396,-157.48056902833,11992.385274353008
1536,-9.775973399998,-66.817502750275,9.935565,-84.057667,2905.627178544387
1537,-30.568156986388,147.49164403187,-35.128744195587,150.07251407355,561.4437511831878
1538,-10.225847599972,150.8727197,7.9256125650049,99.269808446644,6058.38994757072
1539,-33.4108793315,-70.659324531,-0.5438828,166.9179968,12926.559619658465
1540,-17.764461111111,-149.40061666667,-17.765111111111,-149.40322222222,0.2852193122991376
1541,-25.545144732594,-49.29853376385,18.0685347474,-15.9223446524,6045.706969786537
1542,-43.75691,172.997957,-4.4494444444444,145.36527777778,5141.803914125635
1543,-12.380632322261,-69.146333733569,-12.719336598662,-69.487859395987,52.84424375037317
1544,-25.152328116339,45.100685673205,-43.810906,173.086923,10695.621079229883
1545,-25.489088399972,-49.294364,2.0554783,45.3033546,10567.290516863417
1546,-35.3963076,-62.4224238,-35.3988832,-62.4347771,1.1557585919050772
1547,5.722709,10.185999,-36.261938583551,-59.347392331896,8584.201529362335
1548,10.077254598599,-75.137409257758,25.4232859,92.9998359,15863.786966102542
1549,10.4547944,-73.2625528,-3.11373325,-60.0106235,2104.396229928312
1550,15.126359573162,104.30471602371,15.129662176612,104.30412565155,0.37266047393189283
1551,-33.3760903,-70.6581512,-2.2710363,-80.9246059,3620.1074781873235
1552,10.4706917,-73.2401056,-24.143784916667,150.29042658333,15173.7381983447
1553,7.7125399470175,52.334574924211,10.165262866667,69.5354492,1908.67762710236
1554,10.745715968526,-74.754051081545,34.034012812066,-109.91828271207,4409.003394771436
1555,-45.4057228,167.7131024,-45.3972691,-72.6775956,8309.201626654694
1556,14.742552461834,74.257503863905,15.292653333333,5.6330383333333,7336.210647833124
1557,-25.417687499972,-49.288684099972,-36.57340802,150.02299263567,12830.910048131498
1558,-17.675958333333,-149.30808055556,-0.53889224746974,166.94962695084,5145.751872337488
1559,-26.27057758068,-48.89503774159,-26.3014866875,-48.842229055,6.287385705238386
1560,10.79195346495,-74.912067248212,7.0879285488889,125.57122483333,16999.699391711405
1561,-9.4386317392354,160.08205375186,30.949792300003,28.773003,14455.487970358878
1562,10.401008464286,-75.464619452381,-35.3875972,-62.4160981,5273.001030690597
1563,10.960473333333,-74.7872681575,13.551741480698,78.479359736448,15999.479651229733
1564,7.905012,52.169003,7.905008,52.168987,0.0018174769301723614
1565,-45.871285,170.69591,10.257615195833,-75.343937170833,12671.47280939179
1566,-25.214027872598,45.896177094123,12.090495298614,21.578670172019,4914.575478051441
1567,10.460375,-73.2376,7.1255588764045,125.63252134332,17153.609884874342
1568,1.0578156,25.2750076,-4.5905555555556,145.53222222222,13370.336660051591
1569,9.5227018368362,61.307597200904,-6.172194,106.78049,5331.725282812347
1570,10.378956675,-75.486646308333,25.4588798,93.3888851,15851.94334457071
1571,-30.32478518719,147.84263241162,37.067318055556,-120.43719305556,12116.457739977533
1572,5.059722,9.99084,5.059449,9.992135,0.14661338760710083
1573,-6.6414250407109,-19.866700020367,-9.7944441014379,-29.309894362641,1096.6436101862935
1574,10.3920821194,-75.5052627716,10.9524892922,-74.8278142232,96.76188936399257
1575,-37.470260296411,139.99087786826,-22.6487422,-152.7936024,6539.045156028794
1576,-16.34139530129,-39.006207225968,-8.7682433,-40.1940417,851.891475545862
1577,-7.1747818,112.7810644,23.916926520748,90.260130033386,4234.0431951702385
1578,10.9351972625,-74.7732170125,-4.1018456769078,138.93215966343,16225.762830662781
1579,4.898843,-1.7550753,-8.066857,-79.045182,8691.78403130054
1580,-19.31821078012,146.80176279468,3.774744761746,98.703877554365,5850.98008503162
1581,10.4388661,-73.2601764,-35.030058457333,117.91998851183,17055.355565544152
1582,10.9524892922,-74.8278142232,15.479372295477,-88.027754673869,1514.3974683722965
1583,-25.505163888889,-49.295777777778,22.669235100001,113.8847268,18280.104771118462
1584,-19.2454535,146.808662,-19.2434734,146.8086391,0.2201901986978184
1585,-9.6732389,-66.8790326,25.3447644,93.3717899,17297.9319537909
1586,10.4807103,-73.2866558,10.4490539,-73.2831894,3.5403793735541043
1587,-29.6295,148.08269444444,-19.329056300866,146.84339646537,1152.1732811663044
1588,22.211761111111,-159.40467861111,22.461713771357,114.15109050471,8740.979815334213
1589,-23.900244,-67.7109774,9.8409187939699,-83.917988125628,4144.588180887318
1590,-29.928971932998,148.16112975879,-0.55243504148148,166.92384569111,3822.298362449817
1591,-23.4638855,150.3999978,36.965383143779,-121.39210492275,11397.953359477558
1592,-3.0492135,-59.950490291667,2.0554783,45.3033546,11712.718364064858
1593,10.962628386667,-74.791101136667,-3.9689508291345,122.56506901389,17950.82123875748
1594,22.168819166667,-159.31534861111,22.170098333333,-159.31309305556,0.27235676048852525
1595,10.745999297297,-74.767559202703,12.067547616533,21.38161825016,10415.133187551139
1596,10.9448190127,-74.8336727545,-23.253570600002,43.629361300076,13379.276947109873
1597,-22.56206234,45.41150098,20.009943164285,41.457258887046,4753.211847672322
1598,10.403064759389,-75.519484262889,4.82399,10.822102,9511.876745787209
1599,10.924051058288,-74.794515181239,-2.227335,-80.920331,1611.7581108459144
1600,10.9988527,-74.789766334,8.5156631000027,39.278204899998,12406.194008428745
1601,10.771305206868,-74.848854864322,0.0,-180.0,11661.898242466463
1602,15.0869585,5.709749,-22.733774799722,27.258150614722,4815.484865614385
1603,24.2962716,72.9500081,26.5278526,78.7751514,635.4028848835499
1604,5.3690878,162.999637,15.102583835044,18.096718454159,15528.083490433763
1605,-13.4494312,-172.3717887,-13.447187,-172.3856599,1.5207285950188294
1606,-25.329316999972,-49.2931432,14.882658214158,-24.35596210297,5224.219612432047
1607,-12.56846826258,-69.168463429567,-12.364315067475,-69.1522071116,22.76931107343641
1608,5.736092,10.169928,5.788075,10.161461,5.855655916964416
1609,25.6536187,45.7080443,25.5530359,45.9043112,22.636865439556534
1610,-36.783408175645,-59.830179343201,0.43333329999998,0.0,7399.900031845236
1611,-17.752357782226,127.80478559923,-19.301083875149,135.00890166538,778.7449521361237
1612,15.231859633333,120.56395582667,-14.893372827309,50.27758068755,8417.387767415821
1613,-10.3428388,150.57404379997,-21.2079919,-159.7718118,5426.263340811037
1614,-29.989319173333,146.90763429033,-33.78272263875,121.78755508225,2402.7316545824456
1615,-26.212495158333,-48.913244716667,24.6097293,72.5091502,14180.742479742357
1616,-4.6086811,-56.3244187,-4.5470725,-56.3052217,7.173405915311298
1617,-26.196212455254,-48.529877771683,42.423764899694,-82.928815231472,8406.125317984306
1618,-31.95229741446,115.8814723847,14.877201700002,-24.718425,15602.157194682024
1619,-23.7462950846,-65.5021550036,15.421161519095,-88.174404121608,5003.678551601858
1620,-26.290981066667,-48.8131381,-26.3014866875,-48.842229055,3.126456915316359
1621,-9.7531684538333,-66.697150569133,-9.7563857589863,-66.723268618306,2.8844764053485514
1622,-16.334198374315,128.23918663676,-16.687792326289,128.25686338727,39.362990126176605
1623,4.4393411887526,72.962231800613,-5.7890577316284,-35.338924407959,12077.926811721913
1624,-19.681756555607,-42.981760888897,25.2980781,93.1418133,15483.78440952894
1625,-21.957643345309,149.43070572122,-21.704363971058,149.35802913772,29.145354308270424
1626,-26.203458,-49.1437544,14.862965687202,-24.713157614087,5275.615435316921
1627,5.606082,10.291912,4.788516,10.825601,108.4305049448118
1628,-21.154482,-175.21656,-4.0358005932902,122.491733147,6976.86584846387
1629,13.352110069804,60.171895205882,13.35218628,62.3451465,235.12162463822045
1630,-22.721768856049,-22.721768856049,-23.3930056,-57.4462111,3544.8767796706857
1631,-8.59071710625,115.0754258875,25.3523286,93.1481495,4458.612566049243
1632,-26.197277091516,-48.531080916637,27.0964586,142.2027627,18943.964575966616
1633,7.9377898292517,56.270847649252,7.4228586510204,51.74655839102,501.8380325711188
1634,-29.988205111772,148.15565808714,-36.889671037425,139.83372273384,1087.7507208100915
1635,-9.7563857589863,-66.723268618306,-9.7531684538333,-66.697150569133,2.8844764053485514
1636,-13.693092,-172.1961196,-13.5917174,-172.2090271,11.358301742357597
1637,-26.317873186667,-48.87234244,-8.073598,-79.046615,3775.58890763541
1638,-19.684456333333,-42.982267,-77.8458894,166.6683252,9003.083541799384
1639,-15.904739432087,129.78929332211,-15.807405437008,129.94025056821,19.43872271421613
1640,-26.162789008767,-48.907372162867,-26.278175553376,-48.891938913202,12.922430962171587
1641,32.4518682,117.5400108,14.876550299745,-24.719076199998,13396.261348525877
1642,-36.75861296,-59.80522606,10.940413399998,-68.278404,5377.4620069933935
1643,-3.3538898,-64.72186,-33.369730200003,22.108935700001,9508.37214803937
1644,-21.2229213,-159.7376883,27.499819481896,88.537163168213,13148.040979494273
1645,-26.233694099999,-48.499441694169,37.823686041895,-25.751855916209,7507.8975038794015
1646,0.0,-103.16964390002,7.0996331114306,171.10219565285,9536.185204297142
1647,-29.660403057157,147.81503779589,-33.825633713453,121.85139497686,2491.5338719766028
1648,2.956185,9.910938,6.7704658,81.263325899972,7910.961921708117
1649,-26.278175553376,-48.891938913202,-26.162789008767,-48.907372162867,12.922430962171587
1650,-26.3014866875,-48.842229055,-26.290981066667,-48.8131381,3.126456915316359
1651,7.300275015,52.896162250833,3.6186697191667,26.159031058472,2986.9595961829077
1652,-23.116052072685,113.86199479229,-15.955366430173,128.95809639164,1769.3257199909447
1653,-7.280755990524,112.78126401338,-13.4494312,-172.3717887,8188.498838836647
1654,-7.2340232800633,112.77820307998,3.7409505,96.8359715,2149.2202792773883
1655,-29.049095437615,167.95870302795,-29.035323887644,167.96355786105,1.6024053136104115
1656,15.792004178374,80.40941464257,-3.1113123375,-60.072907694167,15468.526321450558
1657,-35.5106533,-62.3067627,-35.4663358,-62.3602939,6.911864095245416
1658,-16.269752038076,128.29468389997,-23.261778014641,113.87239698895,1696.1270354199296
1659,25.0768527,46.4871116,25.5154775,45.971057,71.20625716958081
1660,-7.2321484085443,112.77855504565,-12.4996056,-41.2007097,16397.902032066017
1661,-23.8829856,-67.7713461,-0.288354,36.1163573,11403.927083362334
1662,22.129168333333,-159.32280777778,-6.7526764401735,155.69334267742,5856.953712911366
1663,8.459581,-79.984178,15.125810955535,104.30465057229,17350.25620794522
1664,16.7893618,7.9844935,12.24918031973,-69.051446107506,8258.00235553641
1665,-22.721768856049,-22.721768856049,-22.721768856049,-22.721768856049,0.0
1666,7.0829138321906,171.15182736939,-0.54520618892206,166.92126943012,969.3812565345731
1667,-4.5470725,-56.3052217,-4.6086811,-56.3244187,7.173405915311298
1668,15.165506309524,120.55940164881,37.003476388889,-121.96989472222,11278.093658859247
1669,-5.7911758422852,-35.331783294678,-12.719336598662,-69.487859395987,3822.9909243426805
1670,-14.881535237669,13.545699007822,37.801712174398,-25.766389094952,7151.556240227131
1671,-43.797543,172.992988,14.87568072259,-24.392669741577,16401.475786878647
1672,-9.7863062000024,-66.8355745,-9.7805158,-66.842458100001,0.9917222741285323
1673,25.0310132,47.2419157,25.0277345,47.231738,1.0883122233659452
1674,-9.761908,-66.7564826,26.649159099972,127.87486529997,17588.090459880787
1675,-37.215148843844,150.01407156632,0.13015009997222,109.15608299997,5900.26231509137
1676,-23.050159,-67.861712,-9.2887515499376,147.22830856991,14770.253591437122
1677,-9.8583421,-66.843785,-9.8583504,-66.8437631,0.002570601570425322
1678,-3.3454894,-64.708358,-0.53889224746974,166.94962695084,14257.723330524044
1679,-3.0384344229229,-60.01619963964,-3.0764912083333,-60.07930048,8.185266401208272
1680,-3.0827381433333,-60.047670974167,14.7064852,-17.4742675,5088.839899105064
1681,-22.721768856049,-22.721768856049,-19.31725,146.81058333333,15204.339357832518
1682,-8.8234415973783,115.10494337453,-8.3655491707951,115.15805742737,51.2491082927098
1683,-9.772292946272,-66.810521613498,-9.7986764285385,-66.845664982952,4.8410908230431655
1684,-3.116589935,-60.02682029,6.8964652,158.3125135,15748.883642322413
1685,-2.9875074916667,-60.005094528333,-32.422761824092,134.55213994225,15789.177164105993
1686,15.115047941678,120.70930975901,-5.7768359184265,-35.195659637451,17186.632289928733
1687,10.08333101,119.12253071,0.8445932846934,73.408397497232,5156.44956986514
1688,-3.0645020918164,-60.015556209581,3.8597578162421,10.079574814345,7827.099912982895
1689,-3.0840828333333,-60.0552754825,13.3568278,44.734489319259,11686.142413343205
1690,-3.1113123375,-60.072907694167,15.792004178374,80.40941464257,15468.526321450558
1691,-67.569901666667,-68.127576666667,-67.569901666667,-68.127576666667,0.0
1692,-7.2404338928006,112.77933269549,-33.5093783,-70.6565392,15469.422212913825
1693,-3.0722813266667,-60.066551696667,5.13299749,9.9723354600001,7833.00577039989
1694,-3.0875811055556,-60.01902995,40.273692972635,-11.796231321058,6870.34771669695
1695,-54.421820158747,3.3879114672851,-54.4217939281,3.3882390549828,0.02139295450200649
1696,26.1840975,-98.185873900002,26.273273700002,-98.552740700002,37.913165502736064
1697,-23.135,150.3675667,-19.738968216772,-43.019116948504,15031.422239315529
1698,-3.0460111158333,-60.0765067175,24.6242810413,-76.1555572227,3533.215648350027
1699,-19.67534,-42.976875157714,-44.3075821768,171.0092717141,12106.53324586237
1700,-7.3084593508772,112.80431589599,15.12266207,104.30443629,2664.3494345853505
1701,-7.2956590225564,112.78194791165,-7.2221243183333,112.77787087167,8.189043665675621
1702,-9.4392421531027,160.10392317382,26.244355623438,-98.232268480505,11626.54884673096
1703,-31.8505589994,115.880294851,-19.327830423257,146.72557521622,3376.287412277823
1704,38.07843726052,-47.7175375166,38.07670759258,-48.199913377234,42.22276521995888
1705,0.0,-180.0,-17.379032503611,178.15388054583,1942.9981202310057
1706,-21.2057909,-159.7842546,40.279406221822,-11.792088068569,16325.847376720258
1707,-23.18671752883,-65.362700157057,-35.022752777778,117.85938888889,13533.573170157637
1708,-44.6949959,169.1347793,3.7613644703634,98.678863569764,8782.15904201968
1709,-45.5126125,167.8296561,-45.4658253,167.8414964,5.2837384359025785
1710,-7.3007728256423,112.78177132587,40.279806295328,-11.791765821074,13428.800318204389
1711,-7.2930114564489,112.80177721357,24.995111986002,56.324276486411,7084.666319896026
1712,-3.07657019,-60.050451166667,-0.53256871711864,166.91088908644,14780.057194570336
1713,-18.022109471072,178.50624938018,-18.02245745237,178.50470545562,0.16777635867785026
1714,-7.265203737475,112.79586616566,5.3690878,162.999637,5744.535048430424
1715,13.350607023721,69.509873395349,-3.0875811055556,-60.01902995,14356.32919213032
1716,-7.2221243183333,112.77787087167,-7.2956590225564,112.78194791165,8.189043665675621
1717,-3.0179792908333,-60.0157345875,-9.4357311159177,160.11165036673,15358.684051368802
1718,-21.2222193,-159.7409752,-3.0645020918164,-60.015556209581,10888.87194325464
1719,-3.1386582083333,-60.016958583333,0.33742999999998,108.96391442865,18751.510433072322
1720,13.3615316,69.390244323871,13.3615316,46.371902406452,2489.331633526863
1721,22.102368888889,-159.37330805556,35.2504164,-91.7703903,6631.512615314338
1722,6.7624728999722,81.2514077,6.7624817,81.2513955,0.0016650180142310195
1723,5.9266795,144.72335139996,35.217638,-97.476795,12078.98931881377
1724,-18.816780962978,169.02748308089,-31.952295616921,115.88061140871,5479.453415122935
1725,15.39433,-3.14301,10.61645,49.5886971,5724.742642062781
1726,-3.1348487263099,-60.008725129877,-23.9676955,-65.4588478,2389.3065005527565
1727,-3.108260279732,-60.023210554439,37.744688389514,-25.639420618024,5759.724847782825
1728,-19.317683164685,146.7892237291,9.6739228374347,-83.890825485118,14474.26910017562
1729,4.8974757,-1.7568324,-52.592026502798,-70.439534260881,9033.962407452844
1730,2.0321961330251,-157.42200697466,1.9929092897326,-157.38374008229,6.096489439075192
1731,-25.0917093,45.0985465,-25.055883,45.1103728,4.1579571465433505
1732,-9.7805158,-66.842458100001,12.010455457494,21.721455555556,10078.850871448105
1733,7.5781514,134.5829281,-51.699215,-57.841948,14978.730805664254
1734,16.89112,7.9678333333333,36.976785351581,-120.59051168527,11960.113942166916
1735,22.1981079376,-159.458832348,12.189393781414,-69.061380847349,9538.88766610249
1736,-2.9882194257028,-60.015033104418,-44.3168002735,171.01490873503,12719.611450054208
1737,5.519448,10.352924,4.928722,10.754384,79.31478306591288
1738,22.170098333333,-159.31309305556,22.168819166667,-159.31534861111,0.27235676048852525
1739,-3.1274376983333,-60.084865725833,9.94609,-84.06319,3027.467849383362
1740,-3.0764912083333,-60.07930048,38.2764628,-107.817056,6716.140937495811
1741,-3.11373325,-60.0106235,10.4547944,-73.2625528,2104.396229928312
1742,15.102482766667,17.388853616667,15.103084782655,21.605265909558,452.64285057884257
1743,-9.1615810443694,-27.38627713126,-7.4387693439091,-22.234386842909,598.3328771869783
1744,12.184676961043,21.472306838258,12.163859163412,21.502480264753,4.014316587213995
1745,-67.570451666667,-68.12832,-6.1724307661297,-18.455137697671,7764.295582124696
1746,-3.7056786003367,-11.085198804887,15.698133021055,-86.502849586907,8565.701582964872
1747,-7.276288125,112.80244419417,3.715277,98.679484,1987.452097490124
1748,-9.7740154,-66.8150527,-9.8024672,-66.8502922,4.991940808839543
1749,34.377013,139.9799507,36.423837191559,-146.71266968411,6478.625013264833
1750,13.3435343,60.136726463935,13.3435343,65.095960111481,536.545863886874
1751,-4.0875138888889,-63.141616666667,-51.846438345946,-58.296999252553,5329.469550079985
1752,1.997574187396,-157.48056902833,2.0024788107217,-157.48201470537,0.5685396322776048
1753,-8.068883760544,-24.126344479097,-8.1421162957581,-24.345313226706,25.443265033608114
1754,-26.270704485031,-48.894987297164,5.1594845529601,-52.666085876504,3518.4318742319874
1755,-4.5062942,145.461565,-3.2117356,151.9406875,733.0669362268943
1756,26.51222608711,-78.64256699162,-16.33688,-39.0162099,6404.781347688738
1757,-8.584803845,115.1250906825,10.4807103,-73.2866558,19068.9424142603
1758,8.455256,-79.998748,-5.182333,-80.623762,1518.0136091936026
1759,-37.215844615033,150.0140722819,33.97625862,-109.50099453,13039.801067101173
1760,14.7020806,-17.455594699999,-5.3781872999722,-80.624970899972,7310.032836067455
1761,-3.0103494492132,-60.015966319742,34.04056366,-109.45793209,6607.827687331779
1762,29.197930599944,-13.461774199972,10.4547944,-73.2625528,6521.114686954835
1763,6.9056084549451,158.32050694176,6.9068484,158.3219347,0.20940349382570653
1764,-8.5281679075,115.14154701083,-26.309042548333,-48.840958915833,15772.647505424413
1765,-2.229184,-80.933213,-2.229193,-80.921425,1.3097742302047843
1766,-3.0095255,-60.07696214787,25.6871202,89.5873205,15909.728195113626
1767,-2.28580666667,-60.042294724985,-34.9324563704,-57.9377458245,3636.662234810504
1768,-18.557109544208,127.19685671993,-18.569993260563,127.10579904204,9.704674324024982
1769,-8.6863766267677,115.15555707115,18.440246,-77.210177,18295.34411362957
1770,-23.891644080835,-65.458425896207,-33.856485690188,121.89507010551,13546.852535894352
1771,-3.129992652419,-60.024081516385,25.921011166389,88.865745775278,15839.085276656131
1772,7.828204,52.186279,24.9675535,56.309415899999,1955.4340376544708
1773,12.033260352909,21.630785996096,9.0761556,99.1757774,8455.685766530221
1774,-9.8468361,-66.8581099,-9.8461016,-66.867685,1.0521935319859461
1775,-3.0132247508333,-60.076720395833,-8.584803845,115.1250906825,18620.02946867283
1776,-3.0296887657658,-60.004819944444,3.8597578162421,10.079574814345,7825.562211155355
1777,16.6791247,7.9571513,16.680107,7.9571892,0.10930135324076429
1778,-25.428775,-49.295275,-51.846438345946,-58.296999252553,3034.4288138732986
1779,0.96277777333333,0.0,1.40166664,0.0,48.80221533411388
1780,-8.6454141381381,115.11433646547,-1.0169444444444,-1.0169444444444,12858.392818098078
1781,-7.7027210844737,-23.03150074105,-9.6799995352533,-28.943656926503,685.9991900017145
1782,-3.092167825,-60.03694034,-34.9394850344,-57.93646988,3547.8952926934576
1783,-23.8065615,-67.8668307,-23.7091073,-67.8300959,11.463190347583943
1784,-33.8393683,121.8874948,-23.848060894825,150.26152369792,2966.1082434102464
1785,-34.55058023,172.864608165,24.953228244444,56.3726791275,13889.925527540514
1786,-8.3655491707951,115.15805742737,-8.8234415973783,115.10494337453,51.2491082927098
1787,-3.9171800426945,143.94486336584,-3.9179810230952,143.9689204781,2.670264025201035
1788,3.5367898475072,72.92871982451,-32.75750222333,134.92936127069,7656.724592578598
1789,-5.7928552627563,-35.32878112793,7.0559184,171.2210411,17078.45720939503
1790,-25.49475,-49.294111111111,15.121920546667,104.30742734667,17038.002681291324
1791,5.3684972,163.0180421,9.5839296,138.155697,2779.8451403225663
1792,-26.18731976466,-48.534067969879,-44.6989147,169.1274146,11254.902011000133
1793,-9.444878956643,160.13295690153,30.835132900002,28.959908899998,14446.516285588505
1794,6.8669387,158.2879326,33.690388055556,-117.620725,9039.498120058417
1795,7.5212014583223,134.51801135152,-30.2217484,149.4506862,4489.355536041439
1796,-26.280810016667,-48.810941258333,24.9675535,56.309415899999,12621.836007049033
1797,6.0387556999975,145.2281905,5.1028069000018,-1.2639977000027,16094.350299387714
1798,38.938127966667,-40.026085066667,38.940045833333,-56.036519093334,1382.9396800436875
1799,-19.317029730603,146.6960782654,9.0420329566061,38.877447354121,12198.633116434914
1800,16.1018592,168.1416576,39.436451378278,-31.25793135725,13519.361151978621
1801,12.872992185874,21.797833217833,12.819484421053,21.805398054422,6.006048344144114
1802,15.1498291,4.5588512930303,15.1498291,0.97044854257577,385.1404946366814
1803,-25.353915426667,-49.291619428315265,40.273605377934,-11.796267212939,8264.282013134178
1804,-19.314116472435,134.90137542405,-19.301083875149,135.00890166538,11.376586223625381
1805,25.2480322,48.6639663,25.0913228,47.9080201,78.04631056824884
1806,25.2503142,48.7488655,25.0913228,47.9080201,86.44643386487127
1807,26.240975555556,-98.146779166667,-14.925185821677,13.46609796782,12861.346665143494
1808,15.1498291,0.97044854257577,15.1498291,4.5588512930303,385.1404946366814
1809,-23.457994748588,150.4148124106,-23.463968598673,150.39977519486,1.6714944887106893
1810,-26.309042548333,-48.840958915833,18.440246,-77.210177,5843.318320788058
1811,-5.7916445732117,-35.33581161499,3.6859705925037,98.650886277961,14912.051920405802
1812,-12.8423867,45.1838714,5.3665448438333,163.00823108121,13152.854581518046
1813,-33.675144344689,121.72109572604,-27.142808,-109.412132,11366.834444899598
1814,-8.3789126628176,115.03226586952,-8.5708731458333,115.11194501667,23.07387006693159
1815,-9.7045202999987,-66.863162300001,-35.123715475833,150.07969206267,13697.709194852152
1816,-35.974433232052,-32.660177497771,-36.035700762307,-32.667014264013,6.840340037546021
1817,16.756963333333,7.97059,26.5093072783,-78.7075986341,8865.251198796559
1818,-26.297025674167,-48.864246523611,-8.51279769375,115.16673784479,15777.545493190302
1819,-4.8590037971545,120.30046364187,-18.8168948235,169.0273854858,5503.964872495814
1820,-23.073778,-67.973458,4.9035022,45.2333718,12592.528562057201
1821,15.12047912,104.30460289,9.0263412349895,38.762103260922,7135.683383691465
1822,8.2292080050964,63.446379393526,8.8116094272727,68.058057534545,511.24841347978355
1823,4.928722,10.754384,5.519448,10.352924,79.31478306591288
1824,-26.2772174,-48.848414225,24.503770263194,118.44079945694,18723.658896813507
1825,13.079759026876,21.859130747615,25.0210158,47.1874071,2966.8947380305945
1826,13.3435343,65.095960111481,13.3435343,60.136726463935,536.545863886874
1827,-10.327223999972,150.5163655,-34.9855168,173.5616279,3600.8111419397696
1828,13.370462927273,61.143010746061,13.370444756818,60.850352741753,31.660038656277365
1829,7.4018864,134.5089864,-51.839011521966,-58.351767155567,14935.55329320127
1830,-26.296595658333,-48.852470833333,9.867002,-83.931083,5525.422392196297
1831,-8.6153963708333,115.1517839125,10.79195346495,-74.912067248212,18885.91877856516
1832,24.995728181639,56.32630893029,10.664638483792,49.067387731524,1767.9603760876814
1833,-27.102951899998,-65.5167475,-13.693092,-172.1961196,10904.923003762846
1834,-12.8371148,45.1511313,42.433958487778,-82.951999010861,14059.393375566033
1835,-9.462902,160.132781,35.226542352243,-93.964270545468,12053.326036001457
1836,-26.293409075,-48.848062991667,9.8409187939699,-83.917988125628,5522.403990492712
1837,3.9551904844157,10.086422357718,27.076292479169,142.2202502073,13829.194688902771
1838,-8.8239765325,115.10629019583,26.8030483,87.2884299,4969.516060012688
1839,22.209683055556,-159.40616138889,-20.3502867,-70.1619382,10773.92475146188
1840,-15.905388888889,129.78633333333,-19.31725,146.81058333333,1842.8009966546144
1841,-8.539702,115.12654,-8.821389998325,115.14501253266,31.388023330340182
1842,17.9946102,-15.6322541,17.923612,-15.4242923,23.37134858811699
1843,-4.4494444444444,145.36527777778,-43.75691,172.997957,5141.803914125635
1844,-8.2375994595517,115.13826691365,7.905012,52.168987,7205.286541790346
1845,-21.2079919,-159.7718118,-10.3428388,150.57404379997,5426.263340811037
1846,15.162957398333,120.57937561333,-2.22038,-80.918027,17253.263733095013
1847,-25.378397222222,-49.292288888889,-43.7437708,-176.3585961,10626.98766005046
1848,-9.4409546126214,160.09966045922,-9.4392626559078,160.12708187137,3.013707599569334
1849,-3.0647796916667,-60.055200358333,8.6780033979592,62.774513457959,13666.337655891506
1850,-8.2962614116667,115.17549917833,10.4811222,-73.2816767,19056.088993885685
1851,-54.421662584625,3.3909061330093,-54.421640590538,3.3909122925004,0.0024778827887496167
1852,-8.8134173725982,115.10216907435,6.9046856999722,81.5439827,4109.3600999772725
1853,-25.454102777778,-49.293794444444,-25.395733333333,-49.285722222222,6.540816224699689
1854,-45.3738903,167.6979706,42.555086545152,-81.751733302348,14625.119354694902
1855,-3.0870115,-60.012000658635,9.940101,-84.002387,3026.159286283231
1856,-4.7520374415205,-61.309960934837,-29.057806617552,167.95597681921,13552.989466697265
1857,-3.0045956533333,-60.020302246667,9.7196581502732,-75.124453915301,2191.1580012299833
1858,6.8758414000023,158.333766,25.3423455,91.8895624,7317.291151898707
1859,-26.212216083333,-48.913243075,-26.277206441667,-48.80837185,12.712798786670442
1860,-61.33,-62.865,31.632708025895,-8.2080698336386,11446.03619557846
1861,12.176596303473,21.389245362955,31.240855736805,29.958372014309,2294.8927860137355
1862,-19.684108698865,135.791152494,-19.693923,135.805071333,1.820555140569509
1863,-3.3475711,-64.7112361,-35.386856,-62.4155663,3570.4426757718616
1864,-3.115427015,-60.029745816667,-35.474169899972,-72.242631799972,3811.5910403728003
1865,18.065410833333,-15.892582777778,18.0685347474,-15.9223446524,3.1653175100634114
1866,-26.273599174167,-48.827668116667,20.949836111111,-76.963591666667,6064.175089552117
1867,-44.305915603735,171.00991576716,-44.304193563721,171.01085015995,0.20541153786111918
1868,-9.7026359000024,-66.863901,10.7679845,37.719270299999,11784.434340420636
1869,-9.8182968155798,-66.644143874271,36.977121150078,-121.87285502276,7754.210687564655
1870,-26.285084908333,-48.866572625,35.2310642,-91.7073739,8189.219204392831
1871,-21.809916869949,118.82006315901,-19.297994774559,135.08511456743,1715.4526416798888
1872,-35.237336521602,150.0069075663,35.2442944,-91.7050972,14507.730018828252
1873,-16.3028535,-39.024513,-19.055335,-43.045027777778,524.4545345836843
1874,-3.0346507541667,-60.013032860833,13.400523404496,144.70617605984,17064.600943921887
1875,15.2772734,5.6001828,15.2659479,5.5985898,1.27087845473727
1876,-45.893954281802,170.51712413487,4.9138479,-1.7591854,15397.523324798914
1877,-9.7810283907969,-66.842397503134,-9.7633294289,-66.765118032533,8.694079079091278
1878,-3.0900050543071,-60.060900539326,-17.59760865,178.25153416,13223.97299694531
1879,-2.9705476,-60.0253533,5.1042168,-1.2504419,6590.164681398065
1880,-45.441524,170.711484,-20.925073486111,55.51792665,10163.608283397687
1881,-26.277206441667,-48.80837185,-26.212216083333,-48.913243075,12.712798786670442
1882,26.250532693709,127.67463055928,0.84596766127437,73.410531649919,6446.526066121131
1883,-0.286618,36.0878738,-26.273599174167,-48.827668116667,9486.568500730215
1884,26.222569605248,127.69840448759,-0.66426666666667,-90.395727777778,15047.205889628442
1885,-0.2878427,36.1085464,-9.8044147319706,-66.852764946974,11421.761512100755
1886,13.3536438,20.126451949099,13.352110069804,60.171895205882,4327.54280293776
1887,0.0,-180.0,5.727725,10.181005,18717.80149393647
1888,-2.6509846,-60.0499383,37.771900036917,-25.313379982454,5742.470344931668
1889,-3.0974834324034,-60.049925134478,-23.4183389,-57.4491164,2276.82827697489
1890,-21.2067389,-159.7559216,14.73416266,-86.138335694545,8968.94292153227
1891,26.649159099972,127.87486529997,-9.761908,-66.7564826,17588.090459880787
1892,38.948175753333,-32.022092026667,-13.6730772,50.023912,10288.116267667585
1893,-3.0851648098827,-60.038968313233,-12.4416724,-40.8516048,2353.7335694782937
1894,16.797443333333,7.9862266666667,15.2784058,5.6018717,305.7001354594466
1895,-2.9696825971524,-60.003577742044,-22.647627,-152.8052988,10167.478352128715
1896,-8.6160945833333,115.090502135,26.7178545,0.174687,12906.010739834355
1897,-3.0850493066667,-60.054962235,0.87073675001153,108.934900125,18767.093621443448
1898,15.164063407778,120.54776773056,1.5248857274728,124.92104307916,1590.7306525465672
1899,-17.151139584987,128.15486147711,-17.752357782226,127.80478559923,76.47369689695832
1900,-3.5044744,152.2959169,-27.102951899998,-65.5167475,14720.489982589797
1901,-3.10509566,-60.04491339,7.21549445,56.147897466,12938.987693244651
1902,-0.288354,36.1163573,-23.8829856,-67.7713461,11403.927083362334
1903,-45.461392799972,167.7894603,-8.4963990999722,126.4535623,5696.725783080064
1904,-3.0373292846442,-60.015121970037,-3.1348487263099,-60.008725129877,10.866903572375978
1905,17.9205919,-15.4172323,15.298947495862,-13.960463708966,330.25734121303424
1906,-3.1135848,-60.0428373,25.280988,92.9818912,16220.98623089346
1907,3.6343090973529,72.958521433431,32.385124499,-64.676198177,14018.083919174835
1908,27.097104514141,142.19480861287,27.097448954166,142.19640820057,0.16290864919204132
1909,26.1959106,127.6924885,-6.170222,106.776676,4247.603973846504
1910,-3.3542361,-64.7128283,-9.2774299433333,147.23037523333,16206.842506508134
1911,-22.721768856049,-22.721768856049,14.923266399972,100.2722157,13987.228691910732
1912,-9.8583504,-66.8437631,-9.8583421,-66.843785,0.002570601570425322
1913,-25.536483333333,-49.301091666667,15.121920546667,104.30742734667,17037.258197409177
1914,-23.149792758741,113.77099474261,-35.390206276579,139.81272706604,2856.422380236092
1915,-9.751495,-66.6829942,-9.7463892,-66.63890665,4.8647609114131
1916,26.231531111111,-98.160886944444,26.243535833333,-98.149476666667,1.754139074346348
1917,-33.3584477,22.0541538,-33.362554,22.074663,1.9587141688378016
1918,-12.8427262,45.1364053,-25.0291346,45.1300017,1355.0669546227437
1919,43.939152820382,-59.877997179588,43.938572942347,-59.878061913532,0.06468748669465525
1920,-9.2858032052941,147.22828098176,6.0658038,145.213391,1721.5619931006215
1921,-0.6734094,-90.3861592,-21.2688361,-159.7395057,7845.856669431099
1922,-29.057806617552,167.95597681921,-29.058109297091,167.95692816388,0.09840404456007884
1923,-0.2796691,36.1132625,-9.5273573884932,160.09058710873,13720.392776915114
1924,26.3442817,127.8582418,-35.861310799972,-72.646963799972,17801.04051876236
1925,-9.7801212,-66.6300481,12.156738652845,21.381376096981,10022.46923538919
1926,29.187098,-13.422839506173,-12.401056,130.852295,15883.006499683097
1927,-0.2832355,36.1266066,13.927758140537,-89.852329473685,13882.4427887453
1928,-26.292673375,-48.8143842,26.217785338646,127.6822480077,19665.631183812486
1929,26.6155572,128.0168879,-13.4501541,-172.3992831,7824.352741956931
1930,26.2104703,127.6750307,-8.6370577127303,115.13233021273,4104.981011445784
1931,-3.0535643966667,-59.950932693333,-36.581907017867,150.01136401257,14624.961712318485
1932,-9.820647699999,-66.872840599998,12.231238899215,-69.027442799462,2463.584913393446
1933,14.882658214158,-24.35596210297,-25.329316999972,-49.2931432,5224.219612432047
1934,-26.294192758333,-48.884188783333,20.949836111111,-76.963591666667,6063.0578368287825
1935,-22.678998721557,114.34124550675,-23.3996139,-57.4144333,14814.420724101403
1936,15.1498291,21.710965068788,15.1498291,12.209596779848,1019.7058931972266
1937,26.4103126,127.81947429997,15.1227203,104.30428875,2741.2291936477955
1938,38.08449109831,-46.029222004383,38.085362791547,-45.470938312531,48.86169736780514
1939,-26.227773682568,-48.505820766312,-8.5729444,125.5358056,16092.248236618272
1940,-0.53889224746974,166.94962695084,-0.5387864596649,166.94966168938,0.012381004130219172
1941,-35.3803189,-62.2465263,-35.372933,-62.2463832,0.8213770810882093
1942,26.3362809,127.7900717,-9.8461016,-66.867685,17619.41289861747
1943,-26.21527726492,-48.528169602766,35.2294831,-91.7071078,8202.338650357238
1944,22.0576021176,-159.38819631066,22.1981079376,-159.458832348,17.234643241103342
1945,0.0,-103.1532103,-0.52742176980599,166.93575990814,9997.650781390908
1946,-34.928637120436,-59.994458535062,-43.7378803,-176.2616928,9153.26130666831
1947,-8.5956531883333,115.07283399667,31.6412511,118.9802625,4493.404887004783
1948,-7.1558159604167,112.78250388083,6.9140968,158.3015066,5285.44318057718
1949,26.32519324483,127.79301441487,-23.4252222,-57.4342556,19397.091740816846
1950,-25.395733333333,-49.285722222222,-25.450980555556,-49.296069444444,6.230477412789871
1951,15.165512994924,120.54231083188,10.79195346495,-74.912067248212,16664.14744134276
1952,-9.7592353,-66.7402699,10.165262866667,69.5354492,15229.95993276575
1953,-25.400380555556,-49.301302777778,-25.534502777778,-49.299158333333,14.91526438092604
1954,1.4959285604108,124.84476179898,23.064965256667,3.6806229166667,13094.06275424261
1955,-26.22355134483,-48.520155641861,-9.761908,-66.7564826,2652.0281897338855
1956,-9.7677699719078,-66.788262008386,-9.7986764285385,-66.845664982952,7.167693077100184
1957,26.288350402328,127.78647498492,10.547407407407,37.025913700001,9565.22940506589
1958,-8.5664390916667,115.15426392708,9.880976665,-83.919842535,17916.77009270967
1959,26.8151306,87.2703453,-45.4305955,167.7620574,11407.098724070915
1960,-9.8024672,-66.8502922,-9.7831081,-66.8263132,3.3966968808474087
1961,26.2140944,127.6818047,42.5446025832,-82.8784473376,11752.530789070555
1962,-19.2407094,146.8063408,32.741497583489,-16.774775393808,17796.594563004623
1963,16.788765700001,7.98401,-20.40759827,26.378172570833,4597.559662672918
1964,-8.7952010018727,115.14293615418,-0.2957129,36.0915909,8799.494923568238
1965,-9.7787224,-66.6293403,-9.7045202999987,-66.863162300001,26.92051077154406
1966,-35.3988832,-62.4347771,-35.3963076,-62.4224238,1.1557585919050772
1967,3.852976,10.085215,5.743748,10.163085,210.42121732010273
1968,22.139708333333,-159.30170722222,-51.693912627456,-57.838930641239,12697.84008595977
1969,-9.4259276077014,147.42521812637,14.8785732,-24.730177699999,18969.1008175041
1970,-19.2434734,146.8086391,10.737461096667,-74.752684965556,15463.527095811962
1971,-9.7831081,-66.8263132,-9.8024672,-66.8502922,3.3966968808474087
1972,24.968254458333,56.273122333333,25.04656,56.355497,12.029997264453563
1973,26.2563793,127.7646748,-52.802988989757,-71.153076415057,16669.818548450912
1974,-25.450980555556,-49.296069444444,-25.395733333333,-49.285722222222,6.230477412789871
1975,12.388750948011,21.56463635154,24.3099384,72.9496985,5551.112825216898
1976,-8.1572032466667,115.03367006667,3.6867012055156,98.656779346163,2243.5760097484676
1977,-33.402907233694,-70.658176057,4.9666152,-1.7298081,8388.778925602794
1978,-9.7463892,-66.63890665,-9.751495,-66.6829942,4.8647609114131
1979,-0.2970299,36.1255259,-0.2929032,36.120131,0.7552569257269405
1980,-8.51279769375,115.16673784479,19.439305,98.3391283,3613.666297692658
1981,-8.6370577127303,115.13233021273,-36.810304809843,18.145548584971,10047.705310641088
1982,16.7914612,7.9858408,14.772873333333,5.8224316666667,322.4311789332532
1983,-12.8413744,45.124962,6.8964652,158.3125135,12683.666580828432
1984,-25.432258333333,-49.300927777778,34.03467270686,-109.79248248628,9188.109535299602
1985,-8.5976803249581,115.10725279816,-34.928093925083,-57.973346784694,15120.864009504512
1986,-8.2353666416667,114.9509597,32.039881413587,118.74835974201,4496.525257136439
1987,-0.2869684,36.1252552,3.830877,10.091252,2928.8271251447354
1988,-26.270238001667,-48.813868548333,5.84758,10.162125,7283.454884041696
1989,-3.9349592255896,144.02060695487,-3.9335689557143,144.01568659714,0.5672990366018571
1990,-8.3708282531333,115.16461301307,-3.5241666666667,152.20972222222,4130.295485136293
1991,16.680107,7.9571892,16.6791247,7.9571513,0.10930135324076429
1992,26.215533,127.6877832,33.677395,-117.628815,10433.541707839928
1993,43.4878733,-114.2745131,43.4979914,-114.2860467,1.4599401188495662
1994,-25.219920126803,45.817582892981,37.749726907291,-25.638826475585,10220.177447518508
1995,-14.937702777778,13.482955555556,-4.0670831527789,122.40716848487,11910.6158008817
1996,-0.2786003,36.1141242,25.3382871,93.3639343,6768.041715841174
1997,-8.821389998325,115.14501253266,-8.539702,115.12654,31.388023330340182
1998,-9.444497,160.04689,-9.444878956643,160.13295690153,9.440569192695396
1999,-5.360577,104.96659,7.075202676681,125.61030728898,2675.7033063490503
2000,-25.534502777778,-49.299158333333,-25.400380555556,-49.301302777778,14.91526438092604
2001,26.218804244715,127.67535431601,15.590032674747,-85.709238575758,14129.55128426491
2002,26.7041231,128.1287742,-44.7017681,169.1334391,8963.918936251614
2003,-8.8051273566667,115.117201285,15.399326047,-88.1679611575,17381.674023716747
2004,-8.5357859183333,115.147283425,-19.685895084614,-42.988838350256,16068.044563139454
2005,-25.505994444444,-49.303469444444,7.1255588764045,125.63252134332,17901.786304235167
2006,7.3424597,134.4760014,20.4956304,39.7997792,10205.017720836273
2007,-8.1440950255255,115.05046643093,25.3112339,93.3173785,4401.385195574833
2008,15.261958333333,5.2111383333333,-13.297592961839,-50.334977865562,6885.8602794823355
2009,-5.7579970359802,-35.200664520264,22.209683055556,-159.40616138889,13761.760381000655
2010,-28.007329736739,18.832708053045,6.3988614,125.2295224,11948.812481386425
2011,32.058437542719,118.76632377072,7.905012,52.168987,7341.056378301463
2012,-8.5708731458333,115.11194501667,-8.3789126628176,115.03226586952,23.07387006693159
2013,7.6391926,99.0319865,-43.743756666667,-176.55686472222,10148.876646064436
2014,-23.7092541,-67.817705,-0.5040827973818,166.93413883833,13527.77399393419
2015,3.933994,10.053848,25.3382871,93.3639343,9148.670388932549
2016,-53.030267122727,-70.834086752182,3.2333333,0.0,9034.976774236204
2017,-0.2871368,36.104592,-45.5176193,167.7869838,13069.92552634038
2018,-52.802988989757,-71.153076415057,-52.76925247549,-71.31773240287,11.691260534605622
2019,-16.2833155,-39.0248897,-21.398282311667,27.452681846667,6969.485695046789
2020,37.801712174398,-25.766389094952,-14.881535237669,13.545699007822,7151.556240227131
2021,-13.4467028,-172.3798923,34.034012812066,-109.91828271207,8447.063163841634
2022,-45.0768863,-72.0908437,-2.228743,-80.926077,4842.423778964999
2023,-0.2906563,36.0933225,15.123138466667,104.30453664667,7681.763167144436
2024,-54.267900637402,-36.501806094345,-45.893954281802,170.51712413487,8589.194609219547
2025,-36.828688539357,139.85100925524,-17.59760865,178.25153416,4316.199971944586
2026,-17.509227777778,-149.43158888889,-17.508038888889,-149.44512222222,1.4411972820999477
2027,-45.49522,-72.6636628,7.1479132,171.0312732,12608.226815485368
2028,-52.542455400739,-70.552268449552,24.6279222,77.2239417,15899.360544505811
2029,43.00674949348,-114.39530623602,43.023760669069,-114.39542761644,1.891582164460631
2030,3.849534,10.086518,9.9084066599296,-83.975223283656,10377.683913595758
2031,-4.4350729,-56.2869506,14.677853718534,-17.457851037553,4777.712991924639
2032,-35.3995554,-62.4231316,-35.3911093,-62.4280376,1.039125921119994
2033,26.5423442,78.75764,-9.464277535953,160.1043995051,9629.607249524403
2034,-52.133832635743,-70.028258280221,33.934691623393,-109.93722865887,10326.631981892959
2035,-5.202375,-80.627382,12.09433060605,21.35891025641,11428.755652306108
2036,24.038386,90.2405498,25.142386785366,55.431492196951,3511.948441786463
2037,-25.3860375,30.1327652,-27.11471,-109.402579,12743.802395074788
2038,6.8882861,158.2961692,24.3147317,72.950409,9223.244471956688
2039,-52.593712916545,-70.495341996364,-52.596101937321,-70.51818445625,1.5655949184003937
2040,-43.827724,173.04444,-9.4572040523428,160.15096300499,4019.844399480336
2041,-45.571988,-72.0597232,27.0659653,142.2170907,16361.597304078176
2042,-52.596101937321,-70.51818445625,-52.593712916545,-70.495341996364,1.5655949184003937
2043,-0.2767229,36.117331,-15.314032333182,-70.216872313636,11749.163984189474
2044,0.0,0.0,37.030175426489,-121.7851112805,12772.54959070882
2045,-52.9226909798,-70.89147080408,0.0,-103.2975248,6605.252062321592
2046,-45.4978217,-72.1463824,34.168166103805,134.33173967559,17444.172597824916
2047,25.014427,46.5192725,25.5026362,45.9983265,75.44211911345027
2048,-52.242243133663,-70.279633137562,-52.218713494559,-68.973790053672,88.9722468800538
2049,14.6790262,-17.4622654,14.6913969,-17.4739637,1.8642636557556636
2050,-25.4601544,31.5354386,15.5696658,80.0749939,6958.784435271159
2051,-0.2957129,36.0915909,-8.7952010018727,115.14293615418,8799.494923568238
2052,-45.2153976,-71.8508078,33.962667463665,-109.92479187412,9603.132326297815
2053,33.6840497331,-117.62593733213,33.68121239468,-117.62580264931,0.3157436590818649
2054,6.8504161,158.319049,6.9140968,158.3015066,7.341011676366134
2055,-52.76925247549,-71.31773240287,-52.802988989757,-71.153076415057,11.691260534605622
2056,43.938773456416,-59.878209842326,43.938252927735,-59.877236150531,0.09709987777978907
2057,13.35065796,62.340742199999,-9.7459397702306,-66.635224410776,14450.886668469795
2058,-16.3387692,-39.0162093,-44.7354827,169.134991,12650.446080196838
2059,14.556685294372,62.119627237403,13.35371134,62.351855459999,136.0917573580963
2060,15.133629784958,104.30443096065,15.134199906667,104.30401702111,0.07741480350779302
2061,-11.330184505159,25.228564075694,6.920662600002,158.3191843,14846.96589955125
2062,33.675266388889,-117.62824305556,15.103893329676,27.268184609499,13438.168595637266
2063,-51.741960718277,-72.484245568188,-51.740044943091,-72.486334831013,0.2570473165082517
2064,-0.2815012,36.1086591,-32.0021627,115.8903408,9028.668807128204
2065,-46.2367256,-71.9533054,7.0866496368459,171.14102624186,12627.291689962649
2066,-0.5438828,166.9179968,-4.3734396,-56.253321,15187.894894964777
2067,-26.6370865,-60.868478700002,12.090495298614,21.578670172019,9873.890703560894
2068,15.879722291552,-1.2317951320236,15.870401499407,-1.2388228144411,1.2802879363374544
2069,33.672119352363,-117.6504635173,37.090726152727,-120.45512997131,457.2743991299177
2070,7.495314,99.0750435,-18.63348579481,-174.0197468724,9949.935898832546
2071,43.151276200787,-114.34272539526,-2.22038,-80.918027,6050.470493084359
2072,7.5818179841838,99.066085270069,42.5446025832,-82.8784473376,14437.792756920324
2073,12.983766035178,21.834339592603,12.983382772652,21.834012027838,0.055460824025613684
2074,33.682668055556,-117.62913305556,28.283272349736,69.46963696108,13084.313514902362
2075,-52.598954412143,-70.1866993725,37.027611319848,-122.02449014476,11152.644760208495
2076,33.68121239468,-117.62580264931,14.673984124358,-17.451159695352,10018.48983834339
2077,32.627539833306,-8.1862864999722,32.901574833306,-8.2381701666667,30.855072943925595
2078,-51.740044943091,-72.486334831013,-51.741960718277,-72.484245568188,0.2570473165082517
2079,-52.846481575326,-70.966428002453,-64.933332999867,-63.665,1405.7298288001446
2080,10.3275135,39.934229700002,18.066656731996,-15.916271306419,6060.705941802171
2081,-43.787157,173.069834,35.0077675,-94.6440672,12773.009647637562
2082,-52.597379200849,-70.638878613428,-52.592242480976,-70.448551840518,12.868321901922622
2083,33.690388055556,-117.620725,36.965383143779,-121.39210492275,499.57745109521613
2084,-0.2929032,36.120131,42.420508663556,-82.943127834222,12367.780654453834
2085,-2.253361,40.106968,37.511889386667,-44.841369906667,9715.325863106576
2086,13.3630046,62.343037202846,-36.57340802,150.02299263567,10684.672805264867
2087,-52.611021276948,-70.202202302255,-52.599480528817,-70.19167114427,1.4671521435255477
2088,7.5470564,99.0461496,-13.693092,-172.1961196,10072.590590156062
2089,-52.938516482407,-70.858756173148,-52.951870831636,-70.840111745818,1.940527964693084
2090,-25.323883127417,31.879492644217,-67.570451666667,-68.12832,7828.188692357844
2091,-52.603211332727,-70.590237266061,-52.593712916545,-70.495341996364,6.495618225092185
2092,27.945975,179.8463067,27.945975,179.8463067,0.0
2093,-52.592242480976,-70.448551840518,-52.597379200849,-70.638878613428,12.868321901922622
2094,-52.951870831636,-70.840111745818,11.584476480718,43.154736104537,12631.313356806342
2095,12.983382772652,21.834012027838,12.983766035178,21.834339592603,0.055460824025613684
2096,7.9404567,99.2913965,7.0879285488889,125.57122483333,2898.168435024099
2097,-0.4538913,-90.2801349,-27.12554,-109.291269,3594.123157816019
2098,-45.3903985,-71.5387171,-8.0712174999722,-79.0059901,4211.282344095506
2099,-52.599480528817,-70.19167114427,-52.611021276948,-70.202202302255,1.4671521435255477
2100,-51.737118612917,-72.476776314636,13.2568357,144.6769562,14603.876670358739
2101,-23.5854008,-65.4027663,-34.94052637,-58.5114515748,1427.6361802197216
2102,0.0,0.0,-51.693912627456,-57.838930641239,7865.267163951788
2103,-52.596608420126,-70.726781013836,18.0466602,-15.8029732,9460.234082640785
2104,-2.635515,-56.7516735,-21.2250183,-159.7400304,11242.563634325053
2105,-0.53753740850575,166.94476204552,-0.54332717233186,166.94815721705,0.7463120624860888
2106,-52.592026502798,-70.439534260881,-52.666833488929,-70.822031407857,27.122392387160826
2107,14.87568072259,-24.392669741577,-43.797543,172.992988,16401.475786878647
2108,15.1898134,5.6877627,16.797443333333,7.9862266666667,303.82671887922925
2109,-45.5255597,-72.0796604,-23.3932722,-57.4491944,2792.519814805572
2110,26.3396519,127.9610031,15.1498291,21.710965068788,10813.108781424457
2111,13.35218628,62.3451465,13.352110069804,60.171895205882,235.12162463822045
2112,9.0258402063366,38.826750587327,32.5204835,117.7581709,8435.753624850882
2113,12.629861111111,21.804919531571,15.6658955,80.1679584,6283.014460602731
2114,-25.4986434,31.5118381,12.527264622042,21.716979537162,4359.405167955274
2115,-45.9315108,-71.8412383,15.305922408,99.705321428,16519.59982507189
2116,26.279242199972,127.74497669997,-51.699215,-57.841948,17149.582582185074
2117,12.019052356481,21.686783395706,-12.198622944731,-69.122746720015,10374.125920092762
2118,31.970738600002,-8.210461699999,32.027318099999,-8.2166602,6.318448092681661
2119,-16.285691199972,-39.0262887,9.94609,-84.06319,5749.687188860391
2120,-45.8633164,-72.0640596,10.95642902348,49.227522936295,13281.054282730393
2121,26.2123971,127.6754825,40.270324956105,-11.798340835015,11517.625304525507
2122,26.440992749302,127.77111262505,-26.553943799998,-65.958901799997,18649.34960097613
2123,-53.04299178125,-70.846545463125,-67.571735,-68.129208333333,1622.0597517730578
2124,9.0544670809237,38.737924933534,7.053749825,125.598471035,9542.045525564532
2125,-45.5813487,-72.0304563,10.664638483792,49.067387731524,13251.30850297569
2126,-22.818478599998,43.5977844,-23.3103275,43.6594732,55.05403852774091
2127,-53.166195957273,-70.907669255,31.6465925,119.0242493,17492.70582549811
2128,26.460280499972,127.8700924,-33.5149873782,-70.656648191,18069.82124716991
2129,-19.325760657371,146.70762780478,-0.54164259726368,166.94750134861,3037.624618326454
2130,-45.867510913145,170.54269499555,1.9878989667735,-157.37358445924,6184.337823902187
2131,-52.666833488929,-70.822031407857,-26.8416151,-69.2222741,2874.716202338816
2132,26.7456774,128.1801308,-16.3387692,-39.0162093,18258.765023865853
2133,-52.416780058968,-70.575116748004,-17.544789925691,127.86244096339,12034.405095298047
2134,-17.765111111111,-149.40322222222,-17.764461111111,-149.40061666667,0.2852193122991376
2135,-43.81837,172.991678,-8.9163824,147.85659,4579.107756730177
2136,33.677395,-117.628815,26.215533,127.6877832,10433.541707839928
2137,26.547046,78.6970475,26.5471156,78.6968615,0.020055088909152037
2138,10.6224753,37.0448035,10.671991,37.0560949,5.642469237710542
2139,26.3454518,127.8842478,3.12916112,24.247909606667,11204.235016613804
2140,-22.724708700002,43.635637100002,-22.834416199998,43.5875604,13.157042196653842
2141,-17.9103254,178.56551569997,-17.7985089,178.52705979997,13.082671732067611
2142,26.212904918006,127.65622213281,6.957953,158.278523,3883.867237924123
2143,-5.367024,104.969186,-36.57340802,150.02299263567,5742.226069787865
2144,6.5139199000018,81.6923032,-27.139872,-109.411332,17438.82481440091
2145,14.8680945,-24.706412299999,-6.2868554,176.31439449997,17529.750464746037
2146,-2.6621579,-56.7888571,26.521647,78.727889,14586.548045538466
2147,-44.7017681,169.1334391,26.7041231,128.1287742,8963.918936251614
2148,9.3227007,36.5110405,26.6859028,78.4237444,4804.574915931703
2149,26.223358222045,127.71418293826,-34.868303123045,173.38132564897,8320.358216333545
2150,-35.206660250914,150.03553747325,-9.4145455654349,147.4436789542,2880.002932029125
2151,-16.440261708163,38.621197258163,12.983382772652,21.834012027838,3756.1196241713214
2152,-5.182931,-80.6242,13.079759026876,21.859130747615,11486.964203897556
2153,5.0028638821,115.052782204,24.7227894,90.4309569,3423.3196551716615
2154,10.2945418,50.2150787,26.6888028,78.3952694,3472.0080858561273
2155,-16.531881433665,38.920789994323,-21.2048853,-159.7888782,15349.250555181168
2156,26.232915555145,127.70311542231,-12.493162167748,-41.166626250507,18094.66014624823
2157,9.0632042645355,38.748428876823,23.6566781,-15.9978093,6024.06561967037
2158,26.2141201,127.6745611,1.5001989099929,124.89054551999,2764.1487068472115
2159,-3.9708299518607,122.5906712068,21.403283846928,39.426723589577,9463.544653262414
2160,14.669653699972,-17.3985616,-0.50553932103448,166.94932479362,18369.188750622514
2161,12.6163538,37.456887899972,-35.5513569,-72.572001299972,12621.815523227911
2162,10.779762199997,37.6867528,-34.839074899998,173.1299521,14783.401943871077
2163,-5.5573742,150.2979314,22.276842927297,39.113411647983,12419.058166801879
2164,33.112626277778,139.769415,-17.370394281944,178.2470915,6942.719816664785
2165,13.145446200002,37.985927400003,14.185535044809,79.869910275228,4520.931056790278
2166,-0.73133055555556,-90.321041666667,-16.283237299972,-39.029607699972,5877.446189250789
2167,4.794375,10.822687,4.788516,10.825601,0.7271164693263495
2168,-3.2330664,151.9766689,12.092385902293,119.97463797019,3925.837935916385
2169,10.671991,37.0560949,10.6224753,37.0448035,5.642469237710542
2170,-5.182333,-80.623762,8.455256,-79.998748,1518.0136091936026
2171,-5.210786,-80.62373,-4.6486111111111,145.57861111111,14768.286764563649
2172,-25.023203557356,31.904466021806,25.024250899998,90.861073700002,8433.913740289827
2173,-13.6359454,-172.194997,-35.3953061,-62.4282893,10846.886452256107
2174,-16.340998564564,-39.006330624625,15.287097717071,-85.701686337172,6215.310608631304
2175,26.2192259,127.6884061,-26.270238001667,-48.813868548333,19666.215380618636
2176,26.251541272676,127.74117280285,-47.7566597,-65.8933365,17344.028178353394
2177,14.66732884,-17.44050066,-0.5040827973818,166.93413883833,18368.42406482689
2178,-37.3129743,-59.0940602,44.931056164167,-109.65017781583,10456.323158196548
2179,27.945975,179.8463067,-77.8461777,166.6666765,11796.009151669427
2180,13.369125302273,39.598879198203,13.369047029545,38.338198564264,136.38233957009402
2181,26.210722246244,127.68883323272,4.1756209690313,73.517351560709,6251.897238331697
2182,26.463176099972,127.9308299,44.869177999972,-107.26903649997,10311.644708200905
2183,12.09433060605,21.35891025641,32.385124499,-64.676198177,8923.607767221594
2184,-26.693972699999,-65.8028114,-10.035846041385,-54.909984478437,2177.067638029359
2185,26.389013829392,127.74091544681,37.741817681181,-25.672639895046,12363.437825546387
2186,26.24136056628,127.74024973084,-44.695962085629,169.13298598862,8936.449134635634
2187,26.726333499972,127.81234399997,-51.741960718277,-72.484245568188,16754.264906883218
2188,-0.50553932103448,166.94932479362,13.126206900226,38.016253899999,14219.311013683406
2189,-37.3287817,-59.0870922,24.92206,89.9569778,16781.413897968607
2190,-19.319707255167,146.83481135283,-19.327830423257,146.72557521622,11.497750047220054
2191,9.1784099,36.5072779,5.6165341938889,-0.24553846555556,4070.1370049881543
2192,37.823686041895,-25.751855916209,5.6126729,-0.1828115,4417.393084182511
2193,-23.4245552,-67.9984326,-35.4027379,-62.4337697,1436.1018919830533
2194,-3.2359831,151.9522522,26.72486132721,128.21272970462,4195.299640175566
2195,26.238153120905,127.72757941787,-5.7928552627563,-35.32878112793,17116.403622109807
2196,-13.4475932,-172.3929694,-13.4494312,-172.3717887,2.2997050726588713
2197,43.4967458,-114.2790283,43.4979914,-114.2860467,0.582811301774113
2198,37.4989176,-46.307796213333,37.4989176,-46.501526449524,17.09051909776862
2199,43.4979914,-114.2860467,43.4878733,-114.2745131,1.4599401188495662
2200,-33.4512256,22.2571119,-34.1513076,21.983832799972,81.83840287932598
2201,-35.3747444,-62.2461496,-35.3711291,-62.246648,0.40453490370131684
2202,32.1592299,117.4612045,-35.347871498234,-72.413745294701,19036.28432375221
2203,15.051364914414,-3.1573752177932,-14.88893538567,50.272758142679,6749.98687438403
2204,-34.644315707965,172.97017565664,33.692863184046,0.95324521960375,19273.25793917907
2205,-19.430646631712,135.39367005978,-19.309408101959,135.10721578486,32.934790499649736
2206,32.039881413587,118.74835974201,-8.2353666416667,114.9509597,4496.525257136439
2207,-5.7253823280334,-35.203563690186,39.436336252833,-31.257877713056,5038.098677146397
2208,13.370419597727,60.445133966558,13.370503461364,61.795863217208,146.12307821520338
2209,26.3149553,127.8084875,26.3362809,127.7900717,2.9986053294110153
2210,-35.4170517,-62.4320268,-35.5106533,-62.3067627,15.395746967490782
2211,14.6770264,-17.457062599998,13.3435343,46.642183361212,6892.958903416682
2212,-16.46114471379,38.651959002877,12.067547616533,21.38161825016,3697.11593630385
2213,26.505281933385,-78.654590731534,-23.0288968,-68.1304279,5623.085724255879
2214,26.21744546114,127.68235617856,37.741817681181,-25.672639895046,12378.864284639267
2215,-26.553943799998,-65.958901799997,26.440992749302,127.77111262505,18649.34960097613
2216,32.4609,139.76305,17.1571093798,-61.838893611,14037.931851951638
2217,26.2048534,127.6629254,-12.8435456,45.1853102,9903.305372295601
2218,-4.9250045642153,-14.724589888937,-4.7734196759114,-14.272750836675,52.82373160251369
2219,-33.3948189,22.0479732,-33.617594,21.917252,27.577560017179778
2220,26.217785338646,127.6822480077,-26.292673375,-48.8143842,19665.631183812486
2221,26.23121070564,127.7407747803,-43.7469653,-176.3705522,9639.250650791628
2222,-0.6350023,-90.395503399972,-35.030335573313,117.91963302756,15077.997891465173
2223,15.2720428,5.5915393,14.877201700002,-24.718425,3251.988403851084
2224,13.35536784,20.77188802,13.35371134,62.351855459999,4492.919491189174
2225,27.097182377518,142.19487218418,-23.56334053464,-70.390960173433,16725.684488718514
2226,0.0,-180.0,-35.3447242,-62.4811282,12469.462942075785
2227,15.1650438,13.887645399999,15.15,0.0,1490.262814306018
2228,43.939560752599,-59.877240795773,43.93884225067,-59.878215791549,0.11170245769752346
2229,15.133491366667,104.30453826667,13.447515016627,144.816691127,4363.381749168347
2230,24.3099384,72.9496985,6.053045235,121.0286566,5508.889371526858
2231,26.7877441,87.3115424,-13.845443829823,136.19146438148,6946.765667689045
2232,12.464254293591,21.636098697784,-9.4577274153145,160.10198785786,15473.003387467492
2233,-23.247643400002,43.627672,-23.253570600002,43.629361300076,0.6812968232349437
2234,-44.3075821768,171.0092717141,-44.3169943568,171.01496631893,1.140453412494134
2235,16.8058828,7.9858749000022,-23.406016666667,-57.444983333333,8394.925322978897
2236,16.101851500153,168.1416141,1.3547342,172.9274953,1721.6261025030988
2237,9.6125857000011,138.1729952,26.01592,105.118646,3927.8788524711954
2238,-23.35059232,43.66910833,-23.35002595,43.66944677,0.07183250106316057
2239,15.103440719115,24.098181206814,15.104271237522,29.91498356708,624.4370875442305
2240,-5.19862,-80.62807,5.2556317811881,-1.0217915475378,8915.216409634271
2241,-14.922830699997,13.479362200002,14.677853718534,-17.457851037553,4733.0661779016355
2242,-33.5988677,22.1686912,-19.997015,13.035556666667,1761.266889498622
2243,-26.114663,-65.9707792,-25.204670127213,45.93468571923,10746.00060533137
2244,-23.4606767,-68.1055,-35.025302777778,117.66613611111,13483.32236373726
2245,-63.901260361111,-57.608837111111,3.6627227152482,98.66641092425,13047.743360063427
2246,24.0115814,90.3164616,22.810595699999,90.2796376,133.596367262861
2247,-26.8330255,-65.204404100001,0.0,0.0,7563.872438986862
2248,25.5154775,45.971057,25.6395723,45.7394407,27.019762724569475
2249,-33.6315607,21.9534872,32.2922644112,-64.7848806996,11655.84440283323
2250,-29.043033642321,167.97008976143,10.407203611111,-75.455979722222,13141.875673673068
2251,26.5217259,78.6792476,26.5137255,78.6953717,1.8344378416238252
2252,-5.187891,-80.614252,-23.76782071876,150.1676968732,13640.545772279713
2253,-33.617594,21.917252,-33.3948189,22.0479732,27.577560017179778
2254,-26.9405804,-65.710873699999,5.128034,-1.2506916,7781.641626953906
2255,43.938252927735,-59.877236150531,43.938013116899,-59.877024822532,0.031581412178116997
2256,9.0202034749355,38.800576318992,12.04962451,119.97051109556,8848.030682439077
2257,27.686482183544,86.732192506908,34.7875467,10.761916769531,7095.052739567473
2258,-27.142808,-109.412132,-33.675144344689,121.72109572604,11366.834444899598
2259,26.72486132721,128.21272970462,-3.2359831,151.9522522,4195.299640175566
2260,-14.932977777778,13.564625,12.750856122004,21.833169730378,3210.0531065500686
2261,-44.31128707719,170.89602139772,-51.85700579115,-58.222749848423,8330.876066380777
2262,-2.950286,40.099983,23.928195708167,90.265177041031,6190.904507882411
2263,0.0,0.0,3.704252,98.538207,10954.95045979668
2264,26.665082763587,127.90714400498,1.9878989667735,-157.37358445924,8391.502335175948
2265,4.9666152,-1.7298081,9.0546467629532,38.773161398756,4490.659885136415
2266,0.21521999997222,109.1306564,-30.226267833333,149.4414095,5440.785028787782
2267,-25.5531490501,31.618982506911,9.3039173816667,99.147053500556,8261.985113739
2268,-15.077752128063,39.202379498518,-15.1088743956,39.2265066432,4.322672820170957
2269,-33.4050873,21.984346,16.1335336,168.1298906,16120.98505857569
2270,-33.362554,22.074663,-33.617594,21.917252,31.89554446530581
2271,-35.75999687616,-32.636248815924,-35.729363111033,-32.632830432803,3.420261182161133
2272,43.4947936,-114.2827539,43.4967458,-114.2790283,0.37072078276612486
2273,-36.261938583551,-59.347392331896,-23.8852658,-67.7545637,1594.6913543036155
2274,38.9531209,-31.4218609155,38.9531209,-46.2321647865,1279.2608735915662
2275,-12.418589540625,130.83233970937,-11.820269609191,25.153872414086,11383.309627575276
2276,-3.2501097,152.0226436,-9.462902,160.132781,1131.2381684519237
2277,0.0,-180.0,0.0,-180.0,0.0
2278,-32.913081967083,18.665427204586,24.615698639364,-76.162467540755,11885.80272673307
2279,-14.894738704911,13.467218829331,15.421161519095,-88.174404121608,11659.118929470626
2280,-5.186706,-80.610899,3.6955311305025,98.695254005096,19832.303442572935
2281,12.010455457494,21.721455555556,-34.9385572,-57.9726877,9852.869811731169
2282,22.659830012976,131.30584166938,22.656196830701,131.32812374948,2.321846982224059
2283,33.106311695056,139.78573070604,-15.905388888889,129.78633333333,5552.423693176359
2284,-33.6156898,21.9475577,-27.111416997451,-109.37207851647,11532.835892524568
2285,-9.4145455654349,147.4436789542,35.2504164,-91.7703903,13393.23088591692
2286,0.630077,124.532888,26.665082763587,127.90714400498,2917.3661512425315
2287,43.464010502252,-114.26083585258,-15.8243648347,-70.031711742615,7980.753602981459
2288,-26.248058276412,-35.916202322883,-26.229642594582,-35.956837725569,4.540804562622561
2289,-44.299136574587,171.01505855167,25.3523286,93.1481495,11051.341686852673
2290,16.240813383333,-52.95677517,12.504471833333,-40.7359809,1379.9524932600082
2291,26.5592485,78.7227017,26.6998528,78.3684028,38.531640020831915
2292,-5.187837,-80.612993,15.122746646667,104.30417212333,18786.57434753418
2293,32.033455950609,118.77888534757,-13.4494312,-172.3717887,8892.500465068431
2294,0.0,-103.1916011,15.12229,0.0,11422.71921068872
2295,23.9148118,90.2590329,-25.213171249956,45.894006193828,7256.04801837053
2296,-3.4804231,152.2484458,37.748009180642,-25.634664801393,16198.614797473634
2297,9.0254646085886,38.825794992673,-23.110159281655,150.30299891226,12588.730048810148
2298,-17.525469166667,-149.53842222222,-17.508038888889,-149.44512222222,10.081470079008524
2299,-33.4520228,22.2577678,-0.51659897763441,166.95827440495,14736.428987624397
2300,32.886039833306,-8.2188273333056,-2.2270926,-80.919404599972,8539.288376499742
2301,-6.2958736,176.3171006,-6.2938309999722,176.3158222,0.26748964640086814
2302,-34.1513076,21.983832799972,-33.4512256,22.2571119,81.83840287932598
2303,-25.1056399,30.4510094,-30.226454525308,149.42720057626,11066.445796978978
2304,14.556678764912,39.826600825263,-35.3917309,-62.4237201,12035.665628076868
2305,43.501020277778,-114.28414722222,-25.204670127213,45.93468571923,17302.467064458895
2306,0.820702,108.86538249997,0.0,-180.0,7910.031901366418
2307,15.048996557783,-23.580621945203,5.6264200619444,-0.1763932125,2762.79351019694
2308,-37.3303197,-59.0812522,15.426463,-88.039351,6602.571005211883
2309,-35.3435634,-62.4364423,-35.3937965,-62.4988093,7.948516094001799
2310,40.273605377934,-11.796267212939,40.273692972635,-11.796231321058,0.010204962561776587
2311,-26.8369232,-65.203051799989,-22.721768856049,-22.721768856049,4293.6524284161715
2312,5.83214,10.157411,24.9675535,56.309415899999,5350.043168860241
2313,-34.1057643,21.9047805,-54.565587,158.91577,9332.776853180474
2314,-7.1607602726399,-21.428590022425,-6.94128662024,-20.77181466074,76.47609694609879
2315,-4.2509255,-56.007023,-4.25176,-56.005929699998,0.15267052523617525
2316,9.0356497239516,38.749985507849,-12.8413247,45.1321294,2532.6863765668772
2317,-12.401056,130.852295,29.187098,-13.422839506173,15883.006499683097
2318,-5.2082,-80.621253,33.549661806032,-117.18168053265,5775.472488168235
2319,4.4377851794846,72.962156243905,8.6780033979592,62.774513457959,1219.9133137144458
2320,11.9806828,38.9866243,-32.2872944,18.5783479,5379.708892849354
2321,10.7679845,37.719270299999,17.018030909692,-25.05914180616,6786.004276106124
2322,40.163283853441,-75.052349316859,33.54334170607,-117.17708836172,3783.318755590635
2323,-20.3571857,15.6958222,-20.9364561,14.9556087,100.40479773231331
2324,-20.949703,14.945485,-20.9364561,14.9556087,1.8096961884682465
2325,0.098607121838035,109.90291073685,-45.5724956,167.7070347,7580.909317852923
2326,-3.3992017,152.15612,7.0607606,171.2572471,2417.9978628507865
2327,-12.4297339,-41.7876579,17.979873,-76.78893,5116.9652774799915
2328,40.152975281686,-75.028808651575,40.162667540989,-75.111400679566,7.10118136129538
2329,40.144857956762,-74.954838823552,6.9358576,158.2788063,12465.750267313102
2330,9.0114497155512,38.735411564075,-23.413366666667,-57.450213888889,11030.639479424299
2331,-35.6795139,-62.3486374,-35.595377,-62.4435055,12.68968090179749
2332,-12.440822,-41.544116,-12.4500487,-41.4873781,6.24556056205164
2333,9.5839296,138.155697,5.3684972,163.0180421,2779.8451403225663
2334,-3.2330375,151.9811128,7.7220064,134.6175031,2279.139638080343
2335,9.0188384129168,38.752290998155,-3.3992017,152.15612,12635.595048394809
2336,-4.6961261,145.6126706,-22.733774799722,27.258150614722,12663.5543648039
2337,14.678884106827,-17.436893599573,-26.290981066667,-48.8131381,5679.89682544883
2338,9.7457689774881,36.648029298874,-12.8393551,45.1299576859,2680.334563343101
2339,-23.048873100001,43.577178200002,-9.6732389,-66.8790326,11625.48704326989
2340,-12.4720258,-41.3886134,7.1425128999722,125.65835819997,18477.665402390685
2341,23.928195708167,90.265177041031,23.916926520748,90.260130033386,1.3540164924078615
2342,-19.321059643357,146.7455843951,3.7109418464768,98.652169904948,5847.33843329165
2343,40.162819163816,-75.0646184543,40.15898344353,-75.040706194674,2.076323359769162
2344,15.125810955535,104.30465057229,8.459581,-79.984178,17350.25620794522
2345,23.916926520748,90.260130033386,23.928195708167,90.265177041031,1.3540164924078615
2346,-54.421707176581,3.390627498388,-54.421718035567,3.3906788054346,0.003532100600878035
2347,-25.189546880807,46.010310453196,-9.460191130227,160.16287734562,11917.157762073415
2348,-3814396932019565.0,-25.6861805823,-0.3823472,42.4966454,11065.126356190873
2349,13.369047029545,38.338198564264,13.369125302273,39.598879198203,136.38233957009402
2350,15.010901067964,-3.0012723718563,-32.029521,115.968186,13596.230285623307
2351,15.129662176612,104.30412565155,15.126359573162,104.30471602371,0.37266047393189283
2352,16.96726,-25.279087,25.3547247,93.1688585,11860.575759722227
2353,23.9384707,90.2697873,23.9158538,90.2594832,2.7242391429586745
2354,9.0263412349895,38.762103260922,15.12047912,104.30460289,7135.683383691465
2355,23.6566781,-15.9978093,23.7050104,-15.9430369,7.745487915275712
2356,24.3147317,72.950409,15.1661633875,120.5700104675,5062.245307211882
2357,-12.527744099972,-41.363638199972,24.896752823627,89.983010732768,14739.211815432376
2358,-33.420406,21.9519502,18.593632780747,-103.69538736503,14404.535363134959
2359,9.5289458710657,37.111505502061,-43.827724,173.04444,14315.745357847918
2360,-25.22417668235,45.926293415258,-52.340663,-68.382507,9306.281434181352
2361,14.6913969,-17.4739637,14.6792341,-17.459748,2.0413653075730607
2362,15.12427492,29.04594724,15.122021833333,104.30767146667,8031.896964728387
2363,-12.4403992,-41.5245033,4.9076107,-1.7590286,4799.231732687175
2364,-9.2847270655058,147.22828161416,-22.721768856049,-22.721768856049,16291.608819762765
2365,15.121612426667,104.30439236667,5.84758,10.162125,10280.250187638236
2366,7.4228586510204,51.74655839102,7.3987212520408,51.534482332041,23.538319860283785
2367,-35.4027379,-62.4337697,0.0,-180.0,12471.70913823375
2368,24.7227894,90.4309569,1.6459744952381,0.98968827523811,9874.589063918067
2369,-19.329494957248,146.72534051035,-8.5123826,126.9849032,2442.827227773975
2370,-25.3568671,30.160458,-3.0346507541667,-60.013032860833,9880.50139927856
2371,0.0,0.0,-13.845443829823,136.19146438148,14953.752280410856
2372,-12.4976451,-40.4075791,-1.489798,40.032366,8933.942326960505
2373,24.3092232,72.9496087,16.0321752,80.9116057,1239.3029604459173
2374,25.537983421224,89.024873509115,-32.755375500998,134.6393113024,8082.828438703829
2375,-3.007615,151.5705578,-9.494379,160.338409,1207.661011813947
2376,-12.40057918371,130.88481760903,-14.0528495,50.0209914,8707.913339382081
2377,-12.469319099972,-41.020206899972,24.841469163869,69.12961675518,12601.107378880215
2378,-19.343631166167,146.7284153535,-24.065849230795,150.1351037151,632.0413324696325
2379,-4.9198847463395,-14.710688331894,-4.8466522111255,-14.491719584284,25.59002430962135
2380,25.1461625,88.5603124,5.6181448420561,-0.18194835794393,9616.284164607365
2381,-8.7682433,-40.1940417,-16.34139530129,-39.006207225968,851.891475545862
2382,-18.97895625,72.5260620835,27.0383605,142.1752881,9079.98791215824
2383,-25.433256402611,31.953621357678,42.4619029996,-82.9039412602,13871.492900632224
2384,24.3147639,72.8625132,1.5104085579529,25.294030811661,5702.203123389913
2385,39.4365902245,-31.25793227925,-34.928726824,-57.963391452,8711.958106860959
2386,9.0397646995806,38.863914799581,32.6820158,-16.7966264,6268.79368488977
2387,-23.987674150588,-65.454576195866,-27.113908509091,-109.36902542273,4397.308278393959
2388,26.6888028,78.3952694,-5.7925934791565,-35.328304290771,12649.88069935022
2389,-25.231499525936,45.801193812545,-25.239972127404,45.786236175784,1.775113278153021
2390,-22.834416199998,43.5875604,-22.724708700002,43.635637100002,13.157042196653842
2391,-23.1956336,43.619770200002,-13.4495361,-172.3660293,14364.061741838654
2392,27.0383605,142.1752881,27.0387358,142.1757061,0.0587827997949169
2393,-13.6942942,-172.1995207,26.229172000326,-98.235304332155,9137.625825107807
2394,8.5156631000027,39.278204899998,-32.148689599972,18.8634236,5014.19888959336
2395,25.7236212,88.3991862,5.1045711,-1.2507924,9726.4970306117
2396,-34.657294018605,172.96785402184,15.121971966667,104.3077528,9108.695695182063
2397,26.5569849,78.7192147,10.4735139,-73.2867847,14906.696268472426
2398,43.936943033382,-59.876151317985,43.937660267447,-59.876740960452,0.09268021669332396
2399,9.895760203131,36.728997371102,7.5152978680556,99.060185752222,6846.89264884497
2400,-34.9201948,173.2677354,-26.273599174167,-48.827668116667,11896.567092937059
2401,7.0691544,171.2902118,7.0690484,171.2874743,0.30231208821540134
2402,11.552260600002,39.2193124,17.979873,-76.78893,12264.013335304693
2403,-13.12380361557,136.82375144958,34.212748038416,134.36446865508,5270.007965829397
2404,-12.4714367,-41.0651287,-12.4996056,-41.2007097,15.0489592503867
2405,-0.50297730000112,166.9390952,-16.285691199972,-39.0262887,16609.360791017203
2406,27.501890886255,88.538009884795,-6.2912623999722,176.31476509997,10112.03697117361
2407,9.297722,36.5124797,3.3253976580251,24.02922072487,1530.556978133935
2408,-17.704231160903,168.30358772789,-3.9893352076181,122.51698689218,5209.981849522709
2409,-23.76782071876,150.1676968732,-5.187891,-80.614252,13640.545772279713
2410,-45.870706604467,170.52288551371,24.7788296,84.335805899999,11675.279481663385
2411,27.059658,142.2026886,27.0595794,142.2048687,0.21605650334494386
2412,-64.626667,-62.543333,-45.4117179,-72.67812,2225.684827340477
2413,-17.755691971307,168.31462459713,-32.029521,115.968186,5457.817236841013
2414,-25.4399918,30.0947959,-25.3860375,30.1327652,7.108856559245811
2415,-12.5944039,-41.4982189,20.230110122869,42.168445163799,9844.313922375659
2416,-12.4996056,-41.2007097,9.0167043571939,38.716580792538,9145.544155010148
2417,7.828032,52.186474,21.554654518496,39.163199987278,2068.807745588241
2418,-12.4500487,-41.4873781,-35.3847242,-62.4161963,3305.127137874668
2419,-34.613636118725,172.95696291036,7.1168785833333,125.65453286583,6792.978756011193
2420,13.023009340339,38.106231399998,26.23121070564,127.7407747803,9336.235499173992
2421,-37.473883415735,139.9949964229,-5.7644872665405,-35.332511901855,15182.84301635154
2422,9.9154181235087,36.778814127486,23.9158538,90.2594832,5862.43311731841
2423,26.5137255,78.6953717,26.5217259,78.6792476,1.8344378416238252
2424,-13.510151711708,-172.29962471244,5.1730138888889,-52.646413888889,13344.591495299872
2425,-11.9979834,-42.6277805,-12.4976451,-40.4075791,247.56944955659998
2426,-11.955321799998,-42.573848600003,15.046470599998,-23.706315,3651.1654653011115
2427,-2.6321323,-56.7471485,-2.23456,-80.921378,2685.9496737174145
2428,4.4395753226943,72.962859302176,-6.166574,106.755112,3932.6808240635132
2429,13.0403192,38.0355442,14.858987450353,-24.717558349043,6752.568918177269
2430,25.1003653,89.0334918,-2.9705476,-60.0253533,15890.347501543063
2431,-12.493162167748,-41.166626250507,26.232915555145,127.70311542231,18094.66014624823
2432,-4.3734396,-56.253321,-0.5438828,166.9179968,15187.894894964777
2433,-9.4181027208333,147.42759038917,0.13015009997222,109.15608299997,4367.062640517372
2434,3.3253976580251,24.02922072487,9.297722,36.5124797,1530.556978133935
2435,12.712178207001,21.865241406487,2.0353675101598,-157.494114485,18373.710054914292
2436,4.88059181353,-1.7618758001017,37.762200096026,-25.286472920368,4365.05083016406
2437,-12.457405899972,-41.637750699972,33.362714564137,134.20491416156,17652.504729437784
2438,15.102111878006,120.70215840208,37.51046224,-48.92063152,14064.98455777399
2439,13.126206900226,38.016253899999,-0.50553932103448,166.94932479362,14219.311013683406
2440,-8.82246,-40.2885617,26.1708873,91.7555083,14613.289038863155
2441,-8.87161,-40.2198317,34.097762143222,134.40926706719,17156.841024091264
2442,-3.9335689557143,144.01568659714,-3.9296903176471,144.01260088824,0.5506189170491866
2443,24.9899718,56.3028474,-26.317873186667,-48.87234244,12629.106014840172
2444,38.087203203453,-39.869000237465,38.0862829975,-42.669969274998,245.1288943003897
2445,0.0,-180.0,15.12142662,104.3074382,8472.825825220323
2446,9.5742469969022,36.633375251597,9.7196581502732,-75.124453915301,12164.946161436417
2447,-0.29990178278343,73.423316460438,8.7426564283889,-82.432898283,17181.35141461129
2448,9.1465737612613,38.149238913617,25.1371568,93.0194201,6051.263541250573
2449,9.0167043571939,38.716580792538,-7.2404338928006,112.77933269549,8402.477363248787
2450,-37.167230821355,139.77539525694,-36.830575365672,139.85098981219,38.03156022060686
2451,-11.737972366135,24.919363662948,-15.077752128063,39.202379498518,1588.4592458134784
2452,-12.5640975,-41.5403628,-13.254810989189,24.859594602703,7174.064856430798
2453,40.26489342837,-11.801411461167,22.452743877678,114.1402998102,11077.110930769626
2454,-13.615882432874,24.976012701673,-20.925392711111,55.550320675,3340.4665780541904
2455,10.281594,50.2249472,10.61645,49.5886971,78.91129972757865
2456,15.103084782655,21.605265909558,15.102482766667,17.388853616667,452.64285057884257
2457,-13.1478652,-41.5981353,-8.4873761999722,126.45468169997,17271.308245621552
2458,9.8780059811387,36.672969743786,-20.922998187309,55.526974462026,3996.944350433894
2459,5.2556317811881,-1.0217915475378,-5.19862,-80.62807,8915.216409634271
2460,0.41291249997222,108.94688039997,-3.2186719,151.9440783,4795.78780817009
2461,24.0377119,90.2561157,24.0496353,90.2359792,2.4370113347087745
2462,-64.242777777778,-56.6225,30.8489994,29.284101900001,12876.139951135006
2463,12.644101520998,21.826587757098,-43.74837,-176.463784,16139.572663912346
2464,-25.213818006261,45.83721908328,-25.239972127404,45.786236175784,5.895575831729601
2465,0.0,-103.33210709999,1.3300902,172.9947103,9304.223731301237
2466,-12.5010754,-40.4266943,34.9955754,25.5034367,8711.379187067541
2467,12.7802965,36.4046018,0.0,-103.17436450006,15338.187993377938
2468,-77.8462184,166.670845,24.9723433,-76.1836061,13341.886298363408
2469,24.0384364,90.2553476,-35.023515,117.8836115,7183.917490653046
2470,-58.4019444,50.6038889,-19.1466667,8.4033333,5532.678096389868
2471,4.9076107,-1.7590286,26.250532693709,127.67463055928,13564.511526895443
2472,0.0,0.0,-25.0291346,45.1300017,5589.119653688135
2473,-12.553156,-41.5137312,14.858987450353,-24.717558349043,3565.194435322952
2474,-23.680768029129,150.1251304717,-23.681225853,150.12530722317,0.05399587530571469
2475,14.913321899972,100.40413619997,6.8758414000023,158.333766,6371.8048630294
2476,-12.4524466,-40.5990215,15.287097717071,-85.701686337172,5843.887885426066
2477,12.0323738,39.0417502,12.6163538,37.456887899972,184.0051137852039
2478,14.9199442,101.9497577,33.103440258251,139.78782078136,4308.906424753842
2479,25.1510889,88.5676002,-44.304544661554,171.01066796662,11366.331937066068
2480,-35.3947787,-62.4925917,-35.3693392,-62.4430024,5.311583054644132
2481,8.4994899000563,39.285491,-25.186273502736,46.021182210222,3816.062934919305
2482,7.4122661501412,57.625380835254,0.11462165960452,0.76325007728813,6355.526425146632
2483,-13.000211700001,-41.363497099999,17.017223815654,-25.135971151108,3783.8624781488297
2484,-17.581094444444,-149.30983333333,-44.296145804997,170.87061081606,4747.19967597429
2485,15.1200491025,23.461431885,15.117137638159447,15.1498291,892.1661485386678
2486,25.1378867,88.5570483,-45.004523,170.758391,11378.608146527322
2487,-4.5904021999976,145.5382634,5.1730138888889,-52.646413888889,17999.407281409865
2488,14.893553713333,103.44963977333,-9.7677699719078,-66.788262008386,18811.5761784946
2489,38.095485057033,-14.660278899665,38.089963821313,-31.466093124865,1468.6922093389787
2490,-37.21693138356,150.01821896733,-27.098266705185,-109.37879372492,9080.045905523619
2491,26.5462637,78.6995246,26.5166857,78.6802159,3.8088011948885763
2492,14.904661545467,101.91360439743,-33.402907233694,-70.658176057,17826.293911724606
2493,14.928169699998,100.0846993,23.93336700886,90.258128409658,1435.6739602346825
2494,43.5123755,-119.1681453,43.5856916,-119.0448763,12.851319803318713
2495,-3.41419,152.1628847,-9.4465039,160.1351047,1106.8584111164923
2496,9.0420329566061,38.877447354121,-19.317029730603,146.6960782654,12198.633116434914
2497,14.908884079999,101.92362654321,-9.3913030594522,147.40866991383,5694.592861784242
2498,37.520006643333,-44.834375556667,37.520001681111,-14.944791852222,2624.7936368771852
2499,-11.305238291449,24.811396574145,-11.554515155556,25.205504507571,51.12066965887902
2500,-35.003638888889,117.86605555556,27.0964586,142.2027627,7363.993649049145
2501,9.7411141015417,36.6493112,38.2764628,-107.817056,13527.526010488837
2502,14.889998156125,103.0661647688,26.7210389,78.375975,2875.8113040379026
2503,-33.301564157,-70.6612337753,-32.73455015015,134.75914640774,12204.834788779108
2504,14.883718638776,103.48228246003,32.7199449,-16.7661973,11754.34223593542
2505,-44.7659627,169.0953799,-44.6679803,169.1255413,11.152745258408956
2506,0.0,-103.33642130001,35.2408992,-91.7341764,4099.265477894113
2507,-12.4299542,-41.7892937,-12.4416724,-40.8516048,101.82822379361887
2508,32.540729,117.625942,1.9831686861805,-157.3657819861,9421.078230479843
2509,-9.454031636471525,-8.416955978992476,-9.8426754814523,-29.392344427975,2299.4013694870982
2510,-32.89681294408,-34.053919894322,-35.974433232052,-32.660177497771,365.29392815715016
2511,26.5166857,78.6802159,26.5462637,78.6995246,3.8088011948885763
2512,5.2052323612778,-52.742179054778,-43.7499725,-176.4491922,13066.898403469326
2513,-44.6904763,169.1334412,-44.6679803,169.1255413,2.5782447367211487
2514,15.017035586667,27.716354160001,22.810595699999,90.2796376,6592.848242392177
2515,23.9347589,90.2680271,12.090495298614,21.578670172019,7317.624549404086
2516,4.9138479,-1.7591854,6.9607848,158.2657369,17434.863747647378
2517,10.547407407407,37.025913700001,27.499819481896,88.537163168213,5688.006151152971
2518,26.5078918263,-78.7092493661,24.97756166007,68.583563997328,13300.037661787268
2519,38.07757242655,-47.958725446917,38.07670759258,-48.199913377234,21.11152522428764
2520,-17.755789167359,168.3145826354,18.3012164,42.717684270003,14284.956120809444
2521,38.940045833333,-56.036519093334,38.938127966667,-40.026085066667,1382.9396800436875
2522,-20.890575,13.447186666667,-21.077073333333,13.557615,23.69580182072034
2523,26.811651,87.320239,-33.463317131,-70.6571568597,17777.268619441104
2524,-25.214999110336,45.85886961709,-25.20164002086,45.94883678047,9.172259316848983
2525,14.6390422,62.087312132265,14.6390422,60.035623174434,220.7306668253472
2526,24.0318229,90.2635312,24.0649878,90.2153835,6.123947970993121
2527,14.181661,39.748366712189,5.1112889125991,-1.2569386325788,4599.070537196949
2528,7.6942756333333,59.182804744762,7.6629885666667,58.935177946667,27.508814814445596
2529,10.497041899998,37.024062899999,-9.441242860184,160.09799384812,13788.257548470341
2530,14.6390422,37.433410393074,14.6390422,60.035623174434,2430.6423479797686
2531,25.334195034921,47.865215699193,-12.4609228,-69.138752233333,13292.354721759602
2532,25.1095942,88.551044,25.3013179,89.2261769,71.19043831489947
2533,-43.873995,172.866825,40.267375218943,-11.800021101496,19459.197104287607
2534,-25.188655042114,46.013287356149,1.3300902,172.9947103,13749.017006571741
2535,-19.329056300866,146.84339646537,-23.53936489575,150.22043349934,584.1834647685857
2536,26.5354268,78.7311885,26.5337964,78.7303044,0.20150050140088735
2537,25.319129242657,87.042179661538,25.3194171,93.0187313,600.6736865092287
2538,12.622210300001,37.464413300002,15.167177827869,120.5681025592,8917.489118049538
2539,-45.839218083584,170.65352622492,-35.256113116168,-72.321372097605,9012.129235807763
2540,-17.691844568313,168.27314511534,-2.635515,-56.7516735,14588.744996063953
2541,15.167177827869,120.5681025592,24.972814099999,83.909951799998,3966.8560562344387
2542,-36.857316257556,139.84489751467,-35.114396166667,150.0877535,941.249936673905
2543,-13.4409827,-172.3554241,-6.170222,106.776676,8864.493343268561
2544,6.0425572,145.216152,0.2132065378257,109.82665336433,3980.486671140135
2545,9.0546467629532,38.773161398756,4.9666152,-1.7298081,4490.659885136415
2546,-23.907530989874,150.19717351062,-47.7397259,-65.8986763,11269.88521507501
2547,25.0829569,48.0163631,25.0277345,47.231738,79.27443076331079
2548,4.82399,10.822102,4.794375,10.822687,3.2936756481426834
2549,25.3013179,89.2261769,25.1095942,88.551044,71.19043831489947
2550,13.35371134,62.351855459999,13.35536784,20.77188802,4492.919491189174
2551,14.6390422,37.500678883495,14.6390422,37.433410393074,7.237095716640732
2552,25.729639496575,89.263419082534,10.4771611,-73.2496694,15566.373338048972
2553,-5.1789493417579,-15.465455821929,-4.9846274192707,-14.885168796677,67.80626881755283
2554,-34.742379099998,173.0903814,25.2746007,93.2707274,10722.490592678272
2555,25.6395592,94.0196359,9.5478083000022,138.1628538,4979.878619583706
2556,13.255185185185,38.217860100002,44.3258406,-104.5014123,12586.507945804628
2557,-33.502998012149,-70.656333882427,3.7193835714353,98.682823484713,16523.495631210295
2558,5.3655584448672,162.99335264043,-0.54645035555556,166.92318720899,789.0483622689505
2559,-33.455346904,-70.65658581,15.164063407778,120.54776773056,17689.697336962792
2560,14.9483504,102.12600399997,-26.280810016667,-48.810941258333,16748.697142297307
2561,0.84227106873913,73.408631432312,-13.29646154995,25.080614508523,5553.0579744175475
2562,25.957820700001,89.273217700001,-8.9163824,147.85659,7419.336494838719
2563,-12.003315749543,-42.622543044467,25.5026362,45.9983265,10442.978758634064
2564,-16.013115529796,39.682096871122,-9.820647699999,-66.872840599998,11439.107093184233
2565,-11.9826258,-42.61977,0.87073675001153,108.934900125,16643.019886968923
2566,15.1498291,13.078264949118,15.1498291,12.595253524086,51.84181147310434
2567,-3.5241666666667,152.20972222222,-11.487362671327,25.222101916413,13920.059015963088
2568,-33.4506621632,-70.6562939304,-3.0535643966667,-59.950932693333,3558.356399419687
2569,-11.8954357,-42.6926847,7.075202676681,125.61030728898,18625.1893203152
2570,-24.105463492447,150.13445374824,15.1661633875,120.5700104675,5419.884743591466
2571,6.8298967,80.9928185,26.7041231,128.1287742,5442.0163788506325
2572,-15.002058342304,38.95952642433,26.244355623438,-98.232268480505,15410.980882469099
2573,-2.22038,-80.918027,15.162957398333,120.57937561333,17253.263733095013
2574,4.2142852349142,73.537180922739,-19.738282888837,-43.019043333317,12942.045541022715
2575,27.499819481896,88.537163168213,10.547407407407,37.025913700001,5688.006151152971
2576,0.0260312,109.25823909997,3.663212,98.678676,1243.2082511974672
2577,12.46359493118,21.631877738983,4.0958549,73.4015559,5762.297596392668
2578,4.9662261,-1.7315795,-13.447187,-172.3856599,18622.420668971532
2579,6.8233713,80.986229,24.896752823627,89.983010732768,2226.0054321297052
2580,-24.104780322355,150.35832641617,-44.7017681,169.1334391,2850.680342020429
2581,40.157753752984,-75.038184559573,-52.385788,-68.417147,10310.214122312278
2582,-35.02291075,117.91245175,-35.019746083333,117.91216925,0.352833924993109
2583,-0.51659897763441,166.95827440495,-23.5050826,-67.9791567,13515.32443091409
2584,-35.390206276579,139.81272706604,-23.149792758741,113.77099474261,2856.422380236092
2585,-5.355609,104.962517,5.2240501,5.8345000999722,11068.695309173436
2586,1.3300902,172.9947103,-25.188655042114,46.013287356149,13749.017006571741
2587,-15.1088743956,39.2265066432,-15.077752128063,39.202379498518,4.322672820170957
2588,4.9063124,-1.7574514,6.8381508,158.2986684,17445.114191732177
2589,-4.6210552,145.5604292,12.230441138338,-69.026345755884,16121.952836150165
2590,-35.7763023,-62.0128584,-35.5106533,-62.3067627,39.72251090600507
2591,-1.4992222522398,40.032759216639,-23.314416845089,113.92918971845,8298.858135219862
2592,38.08362626434,-46.2704099347,38.08276143037,-46.511597865016,21.10977753951187
2593,-3.0005672,151.5648619,-17.600123265443,168.49674186194,2458.762914549652
2594,-12.4012621,-42.3913664,13.126206900226,38.016253899999,9307.064338979126
2595,-34.753655299997,173.0477317,13.489521195132,144.8443563,6134.8346274636
2596,-56.936164012476,-28.014464377404,-56.936183569028,-28.014556388615,0.005990487851103068
2597,-5.243961,-80.630596,24.541521743213,68.531049335993,16085.554485867426
2598,25.952641899999,89.250807300002,1.49936,124.845692,4677.732925954158
2599,-12.4416724,-40.8516048,-12.440822,-41.544116,75.19552533791138
2600,25.384940743565,88.993619907849,10.401008464286,-75.464619452381,15694.402231363758
2601,-45.893808360903,170.5189910636,24.9296215,56.2540523,13810.029468927938
2602,-17.707130555556,-149.58407222222,-17.569602777778,-149.60576944444,15.464266534559169
2603,7.2897656333334,55.4684288,13.370419597727,60.445133966558,867.8926187599237
2604,-25.200724998872,45.953148343067,-25.20560375128,45.929656127074,2.4250003940476823
2605,40.16307809825,-75.06080544815,24.7788296,84.335805899999,12485.132110289385
2606,15.12026579295,24.964466560315,15.120868463266,29.144781751036,448.7302228450036
2607,40.1451746,-75.008066,7.22414174,55.38934896,12701.774512244547
2608,4.9114366,-1.7564878,-5.352933,104.962315,11904.41387210088
2609,40.144700586523,-75.006717145319,21.570044180493,39.190098083358,10353.96775767688
2610,25.233299632464,86.973491651963,25.233657144199,86.973546708867,0.040137365053972425
2611,14.878135047353,-24.732251331471,14.87669518318,-24.718913531534,1.4422924285807646
2612,-24.109025977121,150.15452654459,-15.421932135737,-70.145574597276,13813.239092794785
2613,13.3435343,61.61063850086,13.3435343,60.053703007527,168.44937925989947
2614,5.504877,9.998125,5.5601,10.314398,35.53864000595729
2615,40.155536327365,-75.140917857966,1.3507000096386,172.94461038735,11749.14803407435
2616,-35.113159,150.0895307,-45.830683446751,170.67283417158,2099.925698148683
2617,40.144952931122,-75.007080848017,40.151936429769,-75.0258148677,1.7715526019518586
2618,23.9394854,90.2703764,24.9806238,89.9702954,119.68707380309354
2619,6.7872156999722,81.2792247,39.436441571444,-31.257914090528,11413.368129451708
2620,-35.3921486,-62.4128741,-21.2004887,-159.801957,9294.407901731021
2621,-35.216507499832,150.02611707059,6.9595593000019,81.1151275,8581.798182693357
2622,-35.3937965,-62.4988093,-35.3435634,-62.4364423,7.948516094001799
2623,40.151936429769,-75.0258148677,40.144952931122,-75.007080848017,1.7715526019518586
2624,-5.3781872999722,-80.624970899972,43.322493045919,-114.28116854839,6384.000939257474
2625,18.301106450001,42.72378509999,25.3919347,49.5867632,1059.4171579096565
2626,19.873057549296,41.347216591549,19.893457828689,41.297122509016,5.708233576356555
2627,40.15898344353,-75.040706194674,40.162819163816,-75.0646184543,2.076323359769162
2628,5.13299749,9.9723354600001,-3.0722813266667,-60.066551696667,7833.00577039989
2629,-26.272275899998,-61.7403938,27.0595794,142.2048687,17637.648536463992
2630,40.147388700566,-75.01383298129,40.144952931122,-75.007080848017,0.6346148161449265
2631,40.163231237144,-75.099220238895,40.163225455666,-75.05797773613,3.5046348175250532
2632,-24.3368839,-128.3147495,32.663897499972,-16.803717699972,13370.456087549854
2633,-5.352196,104.962331,-33.504145578512,-70.656389789722,15669.880570708783
2634,-24.583468521453,-39.520749153334,-25.380422236059,-37.790918785271,195.57749478646565
2635,-1.0169444444444,-1.0169444444444,-29.473093681577,149.91669559642,15430.722591913567
2636,40.145188570902,-75.007503921519,35.207126602652,-97.480524121386,2046.3625957268493
2637,-4.7671167156556,120.37324508552,18.065410833333,-15.892582777778,15040.42554604746
2638,-37.3141422,-59.0919702,-7.280755990524,112.78126401338,14984.87451608757
2639,40.155421351638,-75.033962309348,-0.52846489999767,166.9115198,12390.63125530429
2640,24.0124461,90.311467,23.9989268,90.3450546,3.7282380371515766
2641,40.1624737,-75.0853766,-45.571737184604,167.61259267562,15000.991313126795
2642,14.891352449107,-24.354230247679,-30.042019,148.7764175,18189.741042883725
2643,-21.140172,-175.181182,-6.8131364,155.7211179,3510.246090934901
2644,40.159586104577,-75.128209309928,-35.41125602109,-72.436305381534,8407.615439016941
2645,40.153156116667,-74.946459716667,24.96966237001,56.219976540715,11185.75173105947
2646,-13.136932034935,25.005698068669,38.3020741,-107.9196044,14611.206998232272
2647,-33.745918168335,121.71449476743,-35.389869,-62.414762,12315.54482897451
2648,16.768646666667,-3.004655,25.6512483,94.021443,9884.476795147946
2649,7.0640317,171.1974885,1.357597,172.9327985,663.0420684518172
2650,26.508347999769,-78.648306693202,6.0623225363333,121.02501228033,15818.464912991996
2651,13.489791311858,144.86086581824,13.472779558969,144.78714067374,8.193331349587428
2652,23.997371010278,90.253806458611,-44.421906592222,169.1842398325,11027.336674722057
2653,27.945975,179.8463067,27.945975,179.8463067,0.0
2654,15.110073907836,-23.661895065412,15.093379710145,-23.6484436,2.351861348972822
2655,-45.4307222,167.7624616,-45.4608799,167.7887092,3.929124141359835
2656,13.370520234091,62.066009067338,13.370520234091,62.066009067338,0.0
2657,-24.144863634667,150.28716288333,-0.5356668,-90.314485199972,12939.212436121576
2658,-4.4072569998411,-13.177907098628,-4.3340244646271,-12.958938351019,25.606684474330386
2659,-5.863799,120.514493,-6.2938309999722,176.3158222,6167.088905430944
2660,-25.225440432679,45.810371725814,-25.234076375675,45.797499784896,1.6119928101054277
2661,-24.137412090743,150.31187749534,-54.2647463596,-36.501215547357,11272.696110617802
2662,-5.3732712642452,-16.045742847181,-5.1789493417579,-15.465455821929,67.78754477982977
2663,16.202270756102,-0.21269915541339,-37.259208061889,150.04775663242,16274.760368617159
2664,22.464700159638,114.15848099637,-8.5571667,125.5479444,3665.8684122600653
2665,14.87669518318,-24.718913531534,14.878135047353,-24.732251331471,1.4422924285807646
2666,26.512622683817,93.750617793278,2.0430406261333,-157.46662308782,11762.718789936775
2667,40.163236805951,-75.097993310371,7.5542146,99.0724143,14675.490497548857
2668,-36.702987610192,-59.75308944995,37.520001681111,-14.944791852222,9451.628679092326
2669,26.5178962,78.6786895,26.5234925,78.6796519,0.6296040759860833
2670,22.669235100001,113.8847268,26.243535833333,-98.149476666667,13575.295999244487
2671,43.322493045919,-114.28116854839,43.374686728169,-114.26708150159,5.914398884684237
2672,40.162667540989,-75.111400679566,40.152975281686,-75.028808651575,7.10118136129538
2673,25.0913228,47.9080201,25.2480322,48.6639663,78.04631056824884
2674,27.945975,179.8463067,27.945975,179.8463067,0.0
2675,23.585014501048,119.563446373,17.9809397,-15.5810731,13302.478307342237
2676,-29.035323887644,167.96355786105,-51.741960718277,-72.484245568188,9279.079870297252
2677,-19.537448681003,-32.904817063275,5.26200963068,163.0040780224,17672.843718420663
2678,40.157147427366,-75.037077708527,40.163225455666,-75.05797773613,1.9003290121616607
2679,15.5852064,-50.712258862222,12.2562336,-39.845346248889,1229.5994650808134
2680,5.057706,9.963726,5.5601,10.314398,68.03067304410177
2681,22.679726300002,113.9745957,15.1498291,24.599742125758,9302.196784634958
2682,14.6979295,-17.4434047,-9.775973399998,-66.817502750275,6084.496248136463
2683,22.9409488,114.0623867,9.5196458,138.1216922,2963.011168527753
2684,23.025643358,113.98209246507,-51.717595181437,-58.075647900599,16752.84792226505
2685,26.5346711,78.7555749,0.84607066888949,73.409249754264,2913.1155666585314
2686,-3.6491818342425,-10.92018423547,-3.8686554866423,-11.576959597155,76.85074575317859
2687,40.151824448224,-75.025835803874,40.157147427366,-75.037077708527,1.123902095617598
2688,-44.717134,169.2166631,-44.6965559,169.1715924,4.233498384031074
2689,1.1579398999988,25.255915799998,-20.921701077778,55.536390044444,4107.69405597466
2690,-25.234076375675,45.797499784896,-25.225440432679,45.810371725814,1.6119928101054277
2691,24.023562,90.2826813,-22.803930776012,-54.731025830761,16451.677281515367
2692,-33.4054735,21.9957402,0.0166667,0.0,4369.643242324191
2693,43.023760669069,-114.39542761644,43.00674949348,-114.39530623602,1.891582164460631
2694,22.452743877678,114.1402998102,25.6871202,89.5873205,2514.870407730225
2695,-2.2269901999722,-80.9176772,-2.2269643999722,-80.917882399972,0.022979740647126424
2696,26.5337964,78.7303044,26.5354268,78.7311885,0.20150050140088735
2697,5.788075,10.161461,5.736092,10.169928,5.855655916964416
2698,22.6232784,114.0192875,-45.0621169,170.0468342,9420.387143711305
2699,2.964565,9.91216,-0.2767229,36.117331,2934.8899272376557
2700,37.749726907291,-25.638826475585,-25.219920126803,45.817582892981,10220.177447518508
2701,37.770336374641,-25.30468368629,24.618143514125,-76.157340301046,4988.268194606178
2702,-15.049425307459,13.238109969026,-25.156523248033,45.096984368298,3500.7131266930596
2703,6.0372874160396,116.1223747701,24.7227894,90.4309569,3436.821072535392
2704,26.5329889,78.6713248,26.5324732,78.6723076,0.11334788140863075
2705,40.163225455666,-75.05797773613,40.157147427366,-75.037077708527,1.9003290121616607
2706,-22.721768856049,-22.721768856049,26.3714595,-98.8582796,9839.058003554524
2707,40.163089578777,-75.060055918042,37.098356388889,-120.45534805556,3915.0334896240474
2708,40.162660373911,-75.089513948093,40.163231237144,-75.099220238895,0.8272469818293822
2709,-20.3266409875,15.451282784167,-25.4968629775,16.311907013611,581.61380514886
2710,14.687577799972,-17.451893099972,-34.602171413274,172.94479131062,17567.86616444251
2711,22.578828699999,114.059592,-3.145696457958,-59.999606957958,17761.32096011493
2712,-16.3420466,-39.0222113,-23.4123361,-57.448175,2078.548575467346
2713,-3.2186719,151.9440783,-3.2501097,152.0226436,9.396591405968916
2714,-23.3920861,-57.4379806,-23.4155722,-57.4327361,2.6658090300050317
2715,22.489007972202,114.06003990221,-13.4471336,-172.3901968,8948.119867551095
2716,15.093379710145,-23.6484436,15.122906199998,23.621224199998,5064.041136440331
2717,-9.6799995352533,-28.943656926503,-9.387069394397,-28.067781936065,101.42041477251945
2718,-22.735077777778,-55.242127777778,-35.363717,-62.292022,1561.3179462529108
2719,15.1118327,17.478035516667,15.1118327,20.95030928,372.7435779022313
2720,40.143671,-74.973589,25.6571015,94.0862243,12611.169360292388
2721,-19.738968216772,-43.019116948504,15.072327570265,-23.699710743279,4409.866394835274
2722,-23.848060894825,150.26152369792,-33.8393683,121.8874948,2966.1082434102464
2723,37.421521313333,-16.29665148,38.940045833333,-56.036519093334,3450.010345391428
2724,22.43756379,114.0370517783,12.09433060605,21.35891025641,9767.044293328228
2725,-33.369730200003,22.108935700001,-3.3538898,-64.72186,9508.37214803937
2726,-35.3911093,-62.4280376,-35.3995554,-62.4231316,1.039125921119994
2727,-33.3612253,22.0579882,-33.362554,22.074663,1.555646151563588
2728,25.9797534,92.932813,-35.3869557,-62.4196587,17445.80328364486
2729,16.133590100001,168.12990310078,25.348325,106.242399,6463.476467459233
2730,40.163415154556,-75.054582595039,40.163225455666,-75.05797773613,0.28927617516518034
2731,-54.185130555556,-67.231627777778,3.8597578162421,10.079574814345,9537.845028677644
2732,-1.326150046461,123.28884505493,0.83961789997222,108.8864391,1619.3713982605943
2733,-29.044149694586,167.92336143273,8.465354,-79.969013,12607.81393145849
2734,37.771900036917,-25.313379982454,-2.6509846,-60.0499383,5742.470344931668
2735,-13.4467037,-172.3819071,-43.7330008,-176.2677928,3388.037107283583
2736,32.492789,117.542464,19.925961410623,41.560637090716,7557.4656538131085
2737,13.426925120185,144.78225003024,25.153992,55.483995,9308.630406200085
2738,43.500708055556,-114.28408916667,-25.20560375128,45.929656127074,17302.269593667108
2739,-24.231159717066,150.1413288009,-30.468124422908,148.1952813777,719.6134888616076
2740,26.217651599977,93.051265495076,21.972451918883,39.123579620299,5456.138426662636
2741,23.5648225,119.6555781,-17.764461111111,-149.40061666667,10878.975448615414
2742,-13.6730772,50.023912,26.23463,-98.144290833333,16420.117104860477
2743,19.994525560207,41.512433616342,1.9960876768496,-157.48045826007,16810.160516236967
2744,25.6571015,94.0862243,15.12280358,104.30453121333,1581.607883941866
2745,7.0836691675706,171.14992450768,7.0920896215771,171.12379742448,3.0312300699630867
2746,18.3012164,42.717684270003,40.283316224324,-11.789429740841,5718.161296316048
2747,22.461713771357,114.15109050471,22.211761111111,-159.40467861111,8740.979815334213
2748,-19.2420672,146.8036601,39.436501041056,-31.257868409167,17761.879475586058
2749,-34.602171413274,172.94479131062,14.687577799972,-17.451893099972,17567.86616444251
2750,26.5380474,78.7237048,26.5378093,78.7229582,0.07884903347733223
2751,-1.0169444444444,-1.0169444444444,-8.6454141381381,115.11433646547,12858.392818098078
2752,27.975181,108.219907,5.167327635,-52.6511008758,15797.301753203692
2753,26.016652446904,88.891288026701,22.782279455,89.482597352234,364.5943075711671
2754,-4.4133777,-56.285828,17.9946102,-15.6322541,5106.259188074916
2755,15.072327570265,-23.699710743279,-19.738968216772,-43.019116948504,4409.866394835274
2756,-22.721768856049,-22.721768856049,14.895235746667,103.67069874,14334.68342772602
2757,13.472779558969,144.78714067374,13.472066286169,144.7886390683,0.18039913267948263
2758,25.378401666667,88.994461666667,-6.169816,106.75658,3999.0692494757927
2759,22.400071209862,113.98397398188,23.5303995,14.4465915,9933.088436181124
2760,24.503770263194,118.44079945694,25.2980781,93.1418133,2549.3672049272236
2761,-45.394949199972,167.7587058,-44.315051467,171.013074205,283.2111240162523
2762,6.7798322,81.2674587,9.9301399,-84.071533,17547.47285812553
2763,25.244445,105.806399,-25.4986434,31.5118381,9769.240464258155
2764,-51.699215,-57.841948,7.5781514,134.5829281,14978.730805664254
2765,4.2584366,73.5592341,4.2516849,73.5534998,0.9838497232346428
2766,32.139918,-8.229267,-44.7186859572,169.2212083236,18599.07415580478
2767,13.587296740118,144.86956461603,-9.7726552,-66.8121935,16541.763276260295
2768,-2.2285344999722,-80.925249899972,-2.2273618999722,-80.920426699972,0.5515435556653002
2769,-35.4651177,-62.3617633,-35.4663358,-62.3602939,0.18988075402377405
2770,-22.803930776012,-54.731025830761,24.023562,90.2826813,16451.677281515367
2771,-33.3604268,22.057643,-8.5976803249581,115.10725279816,9763.647954595186
2772,-37.072505,-58.999594,31.002062,28.625930600002,11829.950543299326
2773,-34.853739497403,173.11105464286,25.026048039995,56.364613976441,13921.302773969397
2774,-45.3842697,167.8878064,14.858987450353,-24.717558349043,16420.871187983186
2775,-22.721768856049,-22.721768856049,16.19333153206,-0.52399262492462,4955.654359905475
2776,15.1323222,23.310400477911,15.1323222,13.995508835644,999.7787297968832
2777,-8.916088,147.9194515,37.801100754883,-25.747797365586,16740.94938187253
2778,25.6871202,89.5873205,22.452743877678,114.1402998102,2514.870407730225
2779,-77.8461777,166.6666765,27.945975,179.8463067,11796.009151669427
2780,-34.1793379,21.970968899972,10.4811222,-73.2816767,11139.029722898522
2781,15.088502,-23.650653,-3.6177156,152.3979783,18668.182711592002
2782,-21.364071514117,55.77207064118,-8.7740275,125.1008079,7520.913981407862
2783,34.168166103805,134.33173967559,-45.4978217,-72.1463824,17444.172597824916
2784,27.501789780033,88.537818493727,26.2141201,127.6745611,3868.90136478656
2785,-16.3359181,-39.023955,3.6619255267932,98.689497667792,15187.960684133375
2786,1.93996,109.373569,24.6811822802,69.0686101754,5007.592009164169
2787,42.8805745,-117.9628941,-9.2914651254072,147.22820647101,11099.075498527702
2788,-8.737685037416,125.56460391312,6.2183772013176,145.2389469,2742.6353626818686
2789,5.061883,9.984038,10.4771611,-73.2496694,9167.657913838611
2790,43.5856916,-119.0448763,43.5123755,-119.1681453,12.851319803318713
2791,5.546099,10.328427,26.197388199997,-98.2553668,11564.457360727445
2792,-23.920093666667,150.28636283333,-19.73367441665,135.8618696665,1559.0289280444802
2793,26.7962704,87.3265823,-31.952295616921,115.88061140871,7199.13856648855
2794,12.522806162014,21.712377620863,12.335745384919,21.53513967991,28.338293560228664
2795,25.233657144199,86.973546708867,25.233299632464,86.973491651963,0.040137365053972425
2796,10.4139548,50.1650117,-16.278046472717,-39.02231514971,10245.083589938195
2797,42.72191685,-118.451228075,42.789469666667,-118.43084776667,7.693623942118404
2798,42.7963517,-117.8737431,-52.951870831636,-70.840111745818,11557.771366210018
2799,32.858471524288,3.7396966999983,37.025226178891,-121.52581026183,10393.166747083838
2800,-35.6164129,-62.4181749,-35.5857727,-62.4550269,4.76540241319227
2801,26.5570533,78.6994353,1.9865728860564,-157.47187537393,13213.021011365654
2802,23.9158538,90.2594832,23.9384707,90.2697873,2.7242391429586745
2803,-8.5540755931368,125.57296268654,7.4524719000012,5.8495775,13383.547235414271
2804,26.8305999,87.2837356,40.163236805951,-75.097993310371,12345.880765719174
2805,-35.3847242,-62.4161963,-12.4500487,-41.4873781,3305.127137874668
2806,42.91283585,-118.33883138333,42.807122941667,-118.423275475,13.62158632946033
2807,14.6757307,-17.4154848,14.673430599972,-17.40577,1.0758423109323312
2808,-44.6679803,169.1255413,-44.7659627,169.0953799,11.152745258408956
2809,25.0195155,88.5291283,6.7984352,81.112763499972,2174.243823385687
2810,-25.21431561228,45.865699732758,-25.219920126803,45.817582892981,4.880411395018389
2811,-24.148160821977,150.28970073547,-32.753862472139,134.92361449049,1778.035430906776
2812,-17.600123265443,168.49674186194,-17.717802945938,168.56910715938,15.166331028642443
2813,0.0166667,0.0,-33.4054735,21.9957402,4369.643242324191
2814,-4.6579324,55.410345699999,18.809992201584,99.004004299208,5439.585351229734
2815,-45.4115234,167.7077716,-45.406789,167.7204559,1.1214236836314235
2816,-25.218002673377,45.820946711288,1.9902825470222,-157.37940550382,16430.257078315743
2817,-0.50492783991755,166.93296437107,-0.5040827973818,166.93413883833,0.1608819325379124
2818,-8.7232394599881,125.43155827,9.6739228374347,-83.890825485118,16795.740775869326
2819,-13.383593227273,25.071613654545,-21.2174047,-159.7489859,16131.786140190761
2820,12.163859163412,21.502480264753,12.184676961043,21.472306838258,4.014316587213995
2821,-34.431286545838,172.68294668356,24.958359,56.211654499966,13886.381680082768
2822,-24.042680122964,150.1370740108,-44.7006822,169.1896112,2871.3920486575744
2823,13.35095216,62.42947916,37.52537108,-48.92270186,10904.379566873693
2824,42.789469666667,-118.43084776667,42.72191685,-118.451228075,7.693623942118404
2825,15.1498291,17.646748010882,15.1498291,13.078264949118,490.32835575994653
2826,4.2068402777778,73.538023900002,-0.53889224746974,166.94962695084,10390.2598171397
2827,15.168438142857,120.543492,22.645468659512,131.39413603825,1411.102082731656
2828,37.4989176,-33.6366279525,37.4989176,-32.1110023425,134.58638820042765
2829,-33.3747625,-70.6617195,39.480827932808,-12.298261441382,10081.994074444203
2830,-8.5729444,125.5358056,-26.294192758333,-48.884188783333,16091.46589699337
2831,-8.4963990999722,126.4535623,-44.315051467,171.013074205,5848.357306179527
2832,-20.761692942778,14.843115024167,25.135505,55.443678,6729.21208522774
2833,-18.608850136257,-173.93285722456,-37.3303197,-59.0812522,10794.441224190205
2834,-8.5763917,125.5578567,23.740738380806,90.526415773573,5233.77251612695
2835,13.479787913451,144.86026643746,2.0230271872221,-157.48961019591,6461.824028271721
2836,5.128034,-1.2506916,-26.9405804,-65.710873699999,7781.641626953906
2837,32.459583333333,139.76946666667,-31.85231132,115.8815606419,7578.617442765376
2838,15.12048729,10.43115397,15.12178387,10.55848962,13.669601099435413
2839,25.348325,106.242399,6.9358576,158.2788063,5879.361721773865
2840,25.921011166389,88.865745775278,22.782279455,89.482597352234,354.55877117462035
2841,-20.073013333333,13.064565,11.1213289072,42.3327255564,4721.205450811619
2842,26.01592,105.118646,9.6125857000011,138.1729952,3927.8788524711954
2843,-51.839011521966,-58.351767155567,7.4018864,134.5089864,14935.55329320127
2844,43.4796431,-118.8375965,5.1039832,-1.243323,11772.923669368696
2845,-54.421689305292,3.3895456619143,-54.421654530948,3.3899799496049,0.02836103716335727
2846,-8.5169750999722,126.0038555,14.397369166667,79.698794444444,5706.941109530109
2847,-8.5597222,125.5461111,-8.5614167,125.5464167,0.19139267517133132
2848,27.676803,108.084263,-3.2186719,151.9440783,5816.108104534485
2849,-8.7740275,125.1008079,-21.364071514117,55.77207064118,7520.913981407862
2850,-1.0169444444444,-1.0169444444444,13.35218628,62.3451465,7161.108219737986
2851,-24.11353743043,150.1902085292,-24.126294307859,150.23594659957,4.853712056181795
2852,-11.435092632182,24.749703468312,-11.487362671327,25.222101916413,51.80791292739954
2853,24.981348691506,56.219571931273,42.91283585,-118.33883138333,12445.038164054718
2854,5.1615820917913,-1.1957517803893,-11.660040578636,25.203943478335,3467.726623033668
2855,7.0709539,171.1787885,-0.54679590966833,166.92397357277,969.6813837640711
2856,-8.4721697999722,126.45741669997,-9.8044147319706,-66.852764946974,17504.779381368193
2857,24.5919994,72.5616138,2.992195,9.930494,7110.798959654255
2858,34.097762143222,134.40926706719,-14.937702777778,13.482955555556,13761.410007379063
2859,-33.504145578512,-70.656389789722,-5.352196,104.962331,15669.880570708783
2860,25.468512,105.565098,-25.400380555556,-49.301302777778,17495.00994260742
2861,-8.5235362,127.00752769997,-23.8327246159,29.3794549908,10391.263034549798
2862,-17.032111111111,135.76858333333,-12.4012621,-42.3913664,16736.007651809276
2863,42.7785028,-117.8552222,15.122903143333,104.30407496667,12272.431625663105
2864,-21.780158093812,149.3720998513,-23.223406765228,150.47885430673,196.67278548269246
2865,44.4797003,-117.4660033,22.170098333333,-159.31309305556,4540.52813645048
2866,42.777208866667,-118.43916566667,42.807122941667,-118.423275475,3.5700690983648755
2867,42.807122941667,-118.423275475,42.777208866667,-118.43916566667,3.5700690983648755
2868,-8.5638333,125.5529444,34.212748038416,134.36446865508,4846.394964762072
2869,37.829286010708,-25.752699691652,22.0381077,-98.4041215,7044.916308573295
2870,-23.233625175972,150.48771519708,-23.133600333333,150.40603525,13.90718851817572
2871,-24.143784916667,150.29042658333,12.046071672778,119.97356973583,5199.764815432832
2872,-23.3932722,-57.4491944,-45.5255597,-72.0796604,2792.519814805572
2873,40.273692972635,-11.796231321058,40.269087605668,-11.799009156275,0.5637213411170517
2874,-8.7237402999722,125.4323798,4.1247808299159,73.472573091848,5934.846989918569
2875,-8.5500618705546,125.52494982854,-6.2905141,176.3145172,5602.182784862098
2876,0.476761,124.41242,9.7939307337369,-83.973831981901,16672.493068770516
2877,-2.2269643999722,-80.917882399972,-2.2269901999722,-80.9176772,0.022979740647126424
2878,5.1112889125991,-1.2569386325788,13.35371134,62.351855459999,7024.243041390596
2879,28.506140346138,105.89244818156,-25.215532443186,45.853960401232,8765.430388487262
2880,22.674303654107,131.21703545072,22.656196830701,131.32812374948,11.57495179460857
2881,26.8105422,87.2853545,27.0941917,142.2044772,5397.482687715087
2882,-4.4837398,26.6421438,25.4049234,93.0594961,7886.946274334676
2883,-35.1128484,150.0897039,7.6259614,134.6334064,5021.53785107013
2884,-67.569588333333,-68.126346666667,-67.5718,-68.12929,0.2758131454621411
2885,-8.7847512900902,125.43932019419,-23.35059232,43.66910833,8786.984998627273
2886,-44.304954237768,171.01040281116,-44.304875124675,171.01044618643,0.009449874979875154
2887,25.0708636,88.5316884,-30.226267833333,149.4414095,8937.341185856923
2888,42.407898366667,-118.63103175,26.6971583,78.4120694,12134.528150219336
2889,-6.4577679858347,-19.30903203169,-6.6042330562628,-19.746969526909,51.048036670793586
2890,1.9865728860564,-157.47187537393,2.0321961330251,-157.42200697466,7.513091874993649
2891,34.193465965479,134.43483699353,40.270324956105,-11.798340835015,11040.227060405701
2892,-23.4252222,-57.4342556,26.32519324483,127.79301441487,19397.091740816846
2893,14.674404504021,-17.45252619895,25.325154,93.059755,11277.64823245262
2894,15.102135618761,14.95749178354,15.103084782655,21.605265909558,713.6401936510514
2895,-0.50723979745715,166.95185644732,-0.54082728994709,166.91226919728,5.772654263257932
2896,-35.3869557,-62.4196587,25.9797534,92.932813,17445.80328364486
2897,14.891065094314,103.72376911373,13.46727220676,144.79879792035,4424.908285980079
2898,25.453643,105.937881,7.6259614,134.6334064,3629.504223746137
2899,15.4800460885,-88.011852554,33.610743299997,10.2873248,9804.314138270236
2900,15.422668101005,-88.012340524623,-26.309042548333,-48.840958915833,6281.543932280584
2901,15.154868295,-88.257757738,34.000955,-109.54711066,2991.3443425614596
2902,5.23636154,9.98386283,24.527093576417,43.601311831799,4180.47004364602
2903,27.0375418,142.1762509,27.0371111,142.176326,0.04846582110161187
2904,-19.301083875149,135.00890166538,-19.314116472435,134.90137542405,11.376586223625381
2905,-24.13507163839,150.07558229541718,-23.53936489575,150.22043349934,67.8581740872925
2906,14.9390808,103.78711374,-44.694936861944,169.13499388833,9336.25846185475
2907,-8.9163824,147.85659,-43.81837,172.991678,4579.107756730177
2908,17.2770408,-88.6742564,-4.6961261,145.6126706,13948.154575414019
2909,-23.681225853,150.12530722317,3.7672182313975,98.677502081641,6349.603467230387
2910,-54.281364383692,-36.507863779586,-32.598664543877,134.7207436046,10317.772294670616
2911,28.366265998948,108.23490205376,10.671991,37.0560949,7613.76653927599
2912,14.73416266,-86.138335694545,-21.2067389,-159.7559216,8968.94292153227
2913,15.062957400002,-23.697440300003,15.062671299998,-23.696555555556,0.10018411249335214
2914,13.489521195132,144.8443563,-25.489088399972,-49.294364,18023.96751776862
2915,3.930502,10.055628,-8.7740275,125.1008079,12824.248163685701
2916,14.840678906673,-86.289593426987,-45.4305955,167.7620574,12414.414429071032
2917,33.961727292207,134.66033464527,-33.3760903,-70.6581512,17677.10132555916
2918,14.900123422143,103.72543378571,-4.5752210481667,-55.927467816833,17510.22798220042
2919,9.862175,-83.913619,-54.510047222222,-67.189947222222,7327.747259596742
2920,-45.4827958,167.7561664,14.908884079999,101.92362654321,9408.247104346532
2921,-24.065849230795,150.1351037151,-6.169849,106.767166,5033.923210588187
2922,27.097448954166,142.19640820057,15.8452554,80.3781729,6457.511237483779
2923,26.5116990544,-78.6908126995,-31.8560516977,115.8979668674,18480.948968636476
2924,26.8030483,87.2884299,39.436508836222,-31.257974859333,10281.470845396005
2925,15.535029,-88.039755,15.608949,-87.956353,12.13950393098743
2926,-0.51254254563415,166.92534909861,-0.5040827973818,166.93413883833,1.356490531431394
2927,9.7939307337369,-83.973831981901,10.40552116,-75.5032651126,929.7482474561713
2928,15.548797,-88.035766,15.608949,-87.956353,10.820713993616303
2929,-23.4134527,-57.4507462,-8.5638333,125.5529444,16444.405360792476
2930,15.421161519095,-88.174404121608,-23.7462950846,-65.5021550036,5003.678551601858
2931,38.9531209,-33.623392572,38.9531209,-31.4218609155,190.36602753071662
2932,15.530762649,-88.014285463,-16.2970936,-43.0437369,6072.560789688021
2933,-22.818925413559,-54.699967876949,14.6390422,62.087312132265,13342.912873116238
2934,-35.821264406415,-32.643085582166,-35.729363111033,-32.632830432803,10.260751394871228
2935,4.9422251,-1.744506,-10.40193127006,-55.053067626553,6143.9148512215315
2936,-23.3939972,-57.4255556,-12.4299542,-41.7892937,2052.0081576547173
2937,-14.581368910822,132.16767344536,-25.0917093,45.0985465,9038.118790612238
2938,25.21550126,105.74550761,5.3656796355207,162.98202747104,6468.979334635
2939,-37.183380254747,150.01119254196,0.0,-180.0,5155.702314663818
2940,-14.851314293777,132.98299530621,-32.598664543877,134.7207436046,1981.2278792674342
2941,9.887887282,-83.935214192,15.8799051,80.9068374,16699.31605164308
2942,34.217169300003,134.7307093,-77.8462601,166.6717981,12643.170877712126
2943,9.2432005,-83.8515735,-14.920330499313,13.501061182482,11053.33444894753
2944,-0.54520618892206,166.92126943012,-0.54645035555556,166.92318720899,0.25418422406750135
2945,17.192341159114,-88.982236376115,1.9989868012123,-157.38622852441,7649.623857758982
2946,26.521647,78.727889,-2.227992,-80.935876,16550.178525666965
2947,13.927758140537,-89.852329473685,-0.2832355,36.1266066,13882.4427887453
2948,15.681885614538,-85.933139228495,18.30471675998,42.727510250103,13241.799449374059
2949,17.016180381732,-88.31901538059,-16.621899689718,38.871172961895,14411.982416828461
2950,-55.0368607,-66.5878908,10.4735139,-73.2867847,7311.328222797555
2951,24.943964250905,56.209088789683,-67.571735,-68.129208333333,13988.395160726996
2952,-23.223406765228,150.47885430673,-21.780158093812,149.3720998513,196.67278548269246
2953,15.481886,-87.977399,15.383719808,-87.98231432,10.928289625210285
2954,8.4752436999985,-82.478726100001,7.0690599871245,125.61444151574,16453.61470156973
2955,24.96640562996,56.21982724406,10.664638483792,49.067387731524,1760.2107231830503
2956,-33.1981185,-70.6597627,-23.399413888889,-57.441466666667,1688.97769873041
2957,25.469045973756,86.617673877285,-17.810102499972,178.7224448,11051.297015995404
2958,7.4265711895833,57.794209274417,7.3043688666667,56.841081385333,105.98313480184684
2959,8.7362248,-83.4134337,10.040219798611,99.069606643056,17909.22905531656
2960,-44.999689,169.208836,4.1756209690313,73.517351560709,10783.063555854982
2961,9.930997,-84.005315,-20.924438928266,55.531704155325,15523.367879396095
2962,-9.2887515499376,147.22830856991,19.304811,-81.097622,14707.885159174386
2963,15.13461472,24.337228743333,-23.488809583917,150.31539236987,14302.0427705633
2964,9.86541,-83.919872,-23.4134527,-57.4507462,4688.3126381166485
2965,15.5181004125,-88.022790445,7.053749825,125.598471035,15541.46743427963
2966,-44.287588443717,171.00097483198,-35.123715475833,150.07969206267,2050.8221796234934
2967,15.524856177889,-88.023430675879,2.0353675101598,-157.494114485,7748.595164231683
2968,17.158694323579,-88.685237888,-4.6486111111111,145.57861111111,13950.496226936462
2969,-17.550546,-149.880588,-0.89977777777778,-89.608708333306,6836.165063691605
2970,-35.3711291,-62.246648,-35.3803189,-62.2465263,1.0219187072400897
2971,8.7756514549,-82.4353794102,-21.2249287,-159.756075,9067.75438270059
2972,-0.54332717233186,166.94815721705,-0.53753740850575,166.94476204552,0.7463120624860888
2973,15.698133021055,-86.502849586907,-3.7056786003367,-11.085198804887,8565.701582964872
2974,34.212748038416,134.36446865508,-13.12380361557,136.82375144958,5270.007965829397
2975,9.6739228374347,-83.890825485118,10.4706917,-73.2401056,1169.3525868612926
2976,-35.019746083333,117.91216925,-35.02291075,117.91245175,0.352833924993109
2977,-35.3949758,-62.4228025,-35.3963076,-62.4224238,0.15201572156193305
2978,-36.777356278679,-59.823041202402,-36.772232825823,-59.816982758126,0.7846869793868312
2979,15.287097717071,-85.701686337172,-6.172194,106.78049,18317.357601033287
2980,-33.10406707116,-33.778621707926,-30.17812645356,-37.665184339393,491.0641435690078
2981,2.0024788107217,-157.48201470537,1.997574187396,-157.48056902833,0.5685396322776048
2982,8.4389765998992,-82.435214,13.3630046,62.343037202846,15432.591833664048
2983,-23.4183389,-57.4491164,15.1118327,20.95030928,9532.284794595218
2984,-22.754655,-54.050910033333,-22.998853093333,-54.190272333333,30.678388014450647
2985,15.4389031225,-87.979545225,15.479372295477,-88.027754673869,6.851606449212935
2986,9.941838,-84.065896,40.283316224324,-11.789429740841,7794.804121676442
2987,9.9301399,-84.071533,7.5542146,99.0724143,18039.988457043306
2988,24.967978,56.219609,25.153975434807,55.42287991304,82.87393791731155
2989,9.9381676704434,-84.078087666798,5.060856,9.974065,10352.436210575052
2990,-23.3992694,-57.4209972,-0.73172777777778,-90.327561111111,4353.026209112842
2991,25.38016,105.636433,-9.2688294455,147.2323951093,5925.2444744430195
2992,-4.4280479,-56.2878237,17.8765629,-15.2533914,5137.993102711909
2993,9.8730734,-83.943887,37.51046224,-48.92063152,4658.343428326172
2994,14.677853718534,-17.457851037553,-4.4350729,-56.2869506,4777.712991924639
2995,-35.4663358,-62.3602939,-35.4651177,-62.3617633,0.18988075402377405
2996,5.059509,9.991617,5.060856,9.974065,1.9498480723461353
2997,17.036594983066,-25.12026837828124,6.0568968,145.2127095,17236.079939024177
2998,34.04035275,-109.59859797,-14.882248244262,13.531582625595,13960.943786442718
2999,15.426463,-88.039351,-37.3303197,-59.0812522,6602.571005211883
3000,14.9146152,100.40404959997,-6.7276256,155.6349232,6545.0708073821115
3001,-23.35002595,43.66944677,-23.35059232,43.66910833,0.07183250106316057
3002,15.479372295477,-88.027754673869,10.9524892922,-74.8278142232,1514.3974683722965
3003,5.032298,9.960571,43.4878733,-114.2745131,12260.00534652699
3004,9.1121370401198,-83.288725782635,1.6459744952381,0.98968827523811,9350.518165078143
3005,14.943426022767,-86.149796342493,40.283316224324,-11.789429740841,7624.201933527471
3006,9.8409187939699,-83.917988125628,-23.900244,-67.7109774,4144.588180887318
3007,8.7426564283889,-82.432898283,-0.29990178278343,73.423316460438,17181.35141461129
3008,9.9327154789515,-83.882352031056,35.226255,-97.481417,3132.0660636638195
3009,13.935312330071,-89.85635873816,-5.187891,-80.614252,2358.306482814705
3010,43.42426721001,-114.25223067336,43.374686728169,-114.26708150159,5.64214863938653
3011,5.10007549,9.9344592899999,14.867499406294,-24.713672552448,3940.1323995677308
3012,9.9223643735385,-84.080820846862,-35.123715475833,150.07969206267,13878.395031009853
3013,8.9474626,-83.4601855,42.4280214,-82.9579972,3723.1917187275735
3014,-33.3787068868,-70.6511319172,33.103692833306,-8.1914285,9861.284011739655
3015,-51.717595181437,-58.075647900599,23.025643358,113.98209246507,16752.84792226505
3016,8.6472993222008,-82.438834608398,-27.147945,-109.336352,4923.659680627876
3017,8.5614942,-82.4157736,42.426838888889,-82.15925,3765.738157534624
3018,-19.57363842672,135.63519575652,-5.783787727356,-35.332649230957,17027.22109438907
3019,15.100220773131,-85.850103214747,15.590032674747,-85.709238575758,56.52037176958442
3020,9.94609,-84.06319,43.457089171483,-114.2575078509,4730.522459100139
3021,-21.281631651664,55.795688251667,12.622210300001,37.464413300002,4268.46282569626
3022,25.934546766667,88.856393834444,34.193465965479,134.43483699353,4444.027802341842
3023,8.7517027,-83.3515175,8.7362248,-83.4134337,7.019022305438135
3024,-35.3989778,-62.4347881,-35.3947787,-62.4925917,5.260173802502544
3025,9.867002,-83.931083,-26.296595658333,-48.852470833333,5525.422392196297
3026,-24.146340240593,150.28661155678,-32.006786,115.8950225,3469.544284702561
3027,17.2253354,-88.4105073,-35.830923928739,-72.619517403128,6129.48090327914
3028,-16.292845599972,-39.0305472,3.752994218896,98.695650437367,15193.759010459718
3029,15.5077319275,-88.0192865145,15.169003362519,120.58410703763,15377.4592529593
3030,15.590032674747,-85.709238575758,15.100220773131,-85.850103214747,56.52037176958442
3031,14.680991517861,-86.301352334446,31.6465925,119.0242493,14198.474512439754
3032,-44.7006822,169.1896112,-24.042680122964,150.1370740108,2871.3920486575744
3033,32.900303333306,-8.2326864999722,32.901574833306,-8.2381701666667,0.5311217119027577
3034,9.867043,-83.932105,9.880976665,-83.919842535,2.0506145028489384
3035,14.0054651722,-89.5477335434,6.9046856999722,81.5439827,17490.699891243552
3036,34.01673637,-109.5694386,34.03979958,-109.58995942,3.186360770708852
3037,1.9984778165817,-157.48052978516,2.0120463371277,-157.48469543457,1.5781695740471735
3038,9.929792,-84.078946,9.945246,-84.061387,2.5790567320277082
3039,27.68998625,86.72905215,-0.286618,36.0878738,6226.750514529595
3040,-16.482247612576,168.21599591704,21.463426648883,39.235056667419,14644.068562102668
3041,15.399326047,-88.1679611575,-8.8051273566667,115.117201285,17381.674023716747
3042,7.0920896215771,171.12379742448,7.0836691675706,171.14992450768,3.0312300699630867
3043,-17.792207146648,168.45618045696,-15.002058342304,38.95952642433,13386.689724261909
3044,-54.355288888889,-67.251233333333,9.940101,-84.002387,7320.461837831775
3045,-23.396677777778,-57.445024722222,37.421521313333,-16.29665148,8015.837329107966
3046,15.383719808,-87.98231432,15.481886,-87.977399,10.928289625210285
3047,9.935565,-84.057667,40.267375218943,-11.800021101496,7793.53623063976
3048,9.9084066599296,-83.975223283656,3.849534,10.086518,10377.683913595758
3049,-45.406789,167.7204559,-45.4115234,167.7077716,1.1214236836314235
3050,17.223766716213,-88.925949297928,32.540729,117.625942,13802.112919299245
3051,-19.680512001063,-42.981190024644,32.4417047,117.80139,17634.872346210443
3052,9.2800891,-83.8251871,26.01592,105.118646,15972.965736115577
3053,9.9269745017737,-84.061892301651,1.4959285604108,124.84476179898,16572.25660955553
3054,13.3852907,144.6575184,13.3018966,144.6592716,9.274940672123773
3055,26.117764357673,88.61392499669,-3.6182475,152.3979506,7606.06066214027
3056,-23.407752777778,-57.450469444444,-44.7170224,169.2163572,11082.844668428803
3057,9.945246,-84.061387,-21.2222193,-159.7409752,8954.160700391914
3058,9.880976665,-83.919842535,9.867002,-83.931083,1.9826523759211396
3059,-36.830575365672,139.85098981219,-37.167230821355,139.77539525694,38.03156022060686
3060,9.8855632,-84.083868899972,-21.366549490003,55.749463883335,15543.430030787684
3061,43.457089171483,-114.2575078509,43.42426721001,-114.25223067336,3.6744211476138973
3062,-29.028140127086,167.94383302513,-8.4790981999722,126.4568033,4892.09238586288
3063,33.934691623393,-109.93722865887,-52.133832635743,-70.028258280221,10326.631981892959
3064,15.1659176,120.57501999997,-20.038829,28.858787,10753.38250378454
3065,9.940101,-84.002387,-3.0870115,-60.012000658635,3026.159286283231
3066,1.3855242999722,173.1423037,-19.343631166167,146.7284153535,3691.372012288225
3067,9.90189045,-84.05305571,27.076292479169,142.2202502073,13551.532931420497
3068,-44.304875124675,171.01044618643,-44.304954237768,171.01040281116,0.009449874979875154
3069,21.002346038818,-89.611503601074,-23.040694444444,-50.814330555556,6454.142938976368
3070,21.189701080322,-86.848236083984,-22.721768856049,-22.721768856049,8491.707592358394
3071,25.22524532,105.73618924,2.8698649,23.9439554,9046.17948525971
3072,19.304811,-81.097622,-9.2887515499376,147.22830856991,14707.885159174386
3073,-77.8461786,166.6669886,-77.8461044,166.6672587,0.010395033904473501
3074,17.231439039901,-88.844331895665,10.3275135,39.934229700002,13607.057245027803
3075,9.94093,-83.998881,9.862175,-83.913619,12.802879675761275
3076,15.291338878,-88.255677115,-37.3244203,-59.0841813,6598.868286049056
3077,9.912664,-84.029818,-33.463317131,-70.6571568597,5026.4879849721365
3078,-21.037976666667,13.545701666667,-20.466103333333,13.318988333333,67.81838527400896
3079,-17.68685,168.262851,-43.7437708,-176.3585961,3236.5391112198618
3080,15.608949,-87.956353,15.548797,-88.035766,10.820713993616303
3081,21.070970535278,-86.780166625977,4.1251975122369,73.472215389192,16481.837792997074
3082,20.740955046734,-88.197528193467,-4.2509255,-56.007023,4477.819253470184
3083,-34.868303123045,173.38132564897,5.368917529142,163.01393001594,4604.15080476621
3084,9.90876,-84.040269,-37.167230821355,139.77539525694,14688.499541341947
3085,-12.375212916849,130.88511664506,-4.4260027509468,120.33299723012,1458.1705504668926
3086,13.581495048142,144.85507908216,13.582127159628,144.85558587899,0.08911174797132047
3087,25.441905,105.950494,-45.867510913145,170.54269499555,10253.182236250677
3088,-24.126294307859,150.23594659957,-24.11353743043,150.1902085292,4.853712056181795
3089,26.4970748127,-78.6899376288,5.0067716092,115.0050113071,16214.237868570803
3090,14.923266399972,100.2722157,-22.721768856049,-22.721768856049,13987.228691910732
3091,32.5204835,117.7581709,9.0258402063366,38.826750587327,8435.753624850882
3092,26.5471156,78.6968615,26.547046,78.6970475,0.020055088909152037
3093,14.6785118,-17.444354499972,20.11869430542,-98.780967712402,8568.349761500824
3094,4.1756209690313,73.517351560709,26.210722246244,127.68883323272,6251.897238331697
3095,25.281585,105.781886,12.432020804847,21.610332140698,8844.048376636896
3096,-0.54144053830303,166.91309048485,-0.54082728994709,166.91226919728,0.11396946525541748
3097,-37.3301354,-59.0792038,-37.3154539,-59.1004386,2.4881431558214726
3098,-32.340431767865,121.75908483167,-5.182333,-80.623762,15218.444957778958
3099,-33.633826,0.282452,-3.6177156,152.3979783,14943.211488716635
3100,-36.523222836533,150.03330627393,37.793648346962,-107.67350159011,13342.852430426712
3101,25.5301152,45.943164,25.5870265,45.8473204,11.51018209822185
3102,-77.8459036,166.6704244,-77.8461786,166.6708044,0.03184638809807818
3103,33.97625862,-109.50099453,-37.215844615033,150.0140722819,13039.801067101173
3104,-45.434213599972,167.7142776,-15.478115688,145.258310696,3936.293822504325
3105,15.1498291,25.274303431183,15.1498291,15.875706119097,1008.6780130688336
3106,2.8017032934959,24.723140097561,-19.0467370835,72.5752975,5766.460470260774
3107,33.505888905731,0.70893594624506,-3.9702937015353,122.5244264006,13173.630988837938
3108,23.9889144,90.2578945,24.0391514,90.2541644,5.598932854555359
3109,14.901704426667,103.69720592667,-21.850739305164,27.341188321251,9267.706572118108
3110,12.432020804847,21.610332140698,10.4547944,-73.2625528,10278.466417380196
3111,21.4902259,39.2478194,-24.3365736,-128.3137468,18702.968103512445
3112,21.604196927651,39.207954823685,-17.717802945938,168.56910715938,14717.321941217877
3113,-34.501717887411,172.80136984964,24.571848,69.21121,12710.52865062844
3114,14.939090966667,103.78583986667,14.906755616667,103.74979651667,5.284444489544485
3115,13.369450972727,44.844211121558,13.369583756818,46.98286576842,231.3620149604194
3116,5.2909592,48.4277465,-26.212216083333,-48.913243075,10998.248959261107
3117,-20.932166892059,55.531194989489,-30.227057921954,149.68130760373,9231.85475655451
3118,32.4417047,117.80139,24.7788296,84.335805899999,3361.0510042775522
3119,-19.433387013221,135.40090971074,-33.856351938693,121.89590161759,2086.8967319587578
3120,-34.72844450303,173.04375060636,-35.412651699972,-72.4354969,9675.320000842295
3121,24.6165251,72.5245432,-3.0870115,-60.012000658635,14400.395524402807
3122,40.279406221822,-11.792088068569,-21.2010009,-159.8049844,16327.076127149807
3123,33.949517554447,-109.81791283481,32.039881413587,118.74835974201,11089.816028615684
3124,-9.4380805555556,160.10615027778,-21.2081257,-159.7897604,4480.437521516465
3125,-9.4357311159177,160.11165036673,-9.460191130227,160.16287734562,6.24256713530626
3126,-9.5303173482686,160.08964730468,-19.317430312728,146.81445583333,1794.876520681477
3127,4.2516849,73.5534998,4.2584366,73.5592341,0.9838497232346428
3128,6.6435409000025,81.1179308,6.9595593000019,81.1151275,35.141005937636855
3129,0.0,-103.2216722,-23.5796657,-67.8957698,4626.127422095889
3130,15.1323222,21.595718931822,15.1323222,26.647078081111,542.1973813916024
3131,14.859162303614,-24.71673476988,-25.214493752216,45.92674459932,8850.657407798892
3132,33.962667463665,-109.92479187412,-45.2153976,-71.8508078,9603.132326297815
3133,-46.041150516873,170.06419097089,2.0438532631436,-157.48370593167,6223.022952437097
3134,-21.2719856,-159.749406,15.12048729,10.43115397,18773.241736372558
3135,20.4956304,39.7997792,7.3424597,134.4760014,10205.017720836273
3136,-19.73367441665,135.8618696665,-19.740972089199,135.87230370156,1.3605321479047865
3137,-2.227335,-80.920331,15.121991,104.30739258,18470.88427731323
3138,11.223044299998,41.450356299998,15.165934372873,120.57148586336,8531.630378555512
3139,17.923612,-15.4242923,17.9946102,-15.6322541,23.37134858811699
3140,34.023256941576,-109.90584868077,33.968008235805,-109.92527781374,6.399166175764488
3141,21.484461333333,39.1862495,34.615351300667,10.007456116878,3197.5329965079177
3142,-20.11237,13.100541666667,-20.235021666667,13.214908333333,18.12427541752038
3143,7.6570255,42.2262728,-18.231029544773,127.66118544764,9795.749850870756
3144,14.885019359583,103.65310552917,27.401689999972,153.07596,5275.330109734958
3145,7.8237321,48.0103852,-18.1324744631,127.72867586106,9204.707169431675
3146,-13.847755972994,136.43263049667,-19.297994774559,135.08511456743,622.8064686809366
3147,9.6220772,41.816716,-33.478757316,-70.6573024572,12674.99934348076
3148,34.03979958,-109.58995942,34.01673637,-109.5694386,3.186360770708852
3149,14.900047628761,103.71995311038,0.96277777333333,0.0,11452.408081602192
3150,8.3438844018678,59.867232891092,13.35065796,62.340742199999,618.7589820955557
3151,-45.340982,170.550262,-20.935436025774,55.528499566579,10157.330656658245
3152,26.534107,78.752606,-35.645559,-62.3830532,16204.963556686716
3153,15.1498291,24.549786293634,15.1498291,17.646748010882,740.8753913345258
3154,34.028916872058,-109.91057527952,-33.34789545596,-33.454741488637,10937.809034744643
3155,5.113883866002,-1.2453707680118,-26.196212455254,-48.529877771683,6167.4152351019575
3156,-27.12554,-109.291269,-0.4538913,-90.2801349,3594.123157816019
3157,17.9983586,-15.6536668,17.998154,-15.6502975,0.35704152014358365
3158,43.374686728169,-114.26708150159,43.42426721001,-114.25223067336,5.64214863938653
3159,-33.857605533434,121.89686374306,-33.756811398774,121.74766028595,17.766612366033918
3160,14.892222936374,103.66506770302,-2.6621579,-56.7888571,17476.724133688633
3161,21.463426648883,39.235056667419,-16.482247612576,168.21599591704,14644.068562102668
3162,13.369220347727,41.129705682273,13.369583756818,46.98286576842,633.1888367892664
3163,33.968008235805,-109.92527781374,34.023256941576,-109.90584868077,6.399166175764488
3164,21.682335957905,39.109821058846,14.6978736,-17.446638,5994.135907188521
3165,13.3568278,44.734489319259,7.1329604785408,125.66170162446,8848.50737505631
3166,14.6994175,-17.468104700002,31.255668369151,29.984603002695,5149.094681354397
3167,14.892626131425,103.66604036213,13.440189586114,144.80276470572,4431.89604111042
3168,15.532738681095,-1.3519321562189,4.9422251,-1.744506,1178.392174686675
3169,-6.1068420999723,177.3402091,-6.2925478,176.31524139997,115.17088045526016
3170,33.692863184046,0.95324521960375,-35.4397716,-62.4911975,10126.128900209418
3171,14.925724038462,103.77534891154,15.1145569,24.876906183077,8418.919602249707
3172,14.896674066667,103.67629867778,-44.7037852,169.1492785,9341.871542041828
3173,13.3576497,47.765939310345,-35.026469,117.8838257,9123.22880547675
3174,-17.8929891,178.56230289997,-17.7985089,178.52705979997,11.148329504995427
3175,14.90025573,103.7153141,14.906755616667,103.74979651667,3.7751185822600153
3176,7.1190922971934,171.05716343059,7.1479132,171.0312732,4.293062656178768
3177,14.9429962,103.82267255,44.942649,-109.56084599997,12552.301991289642
3178,24.958359,56.211654499966,13.3852907,144.6575184,9230.8845459485
3179,-21.2250183,-159.7400304,18.4909266,-77.9240542,9937.2954235549
3180,25.3311887,49.1139595,25.3810067,49.2165426,11.702037713837958
3181,-33.8614333,121.8914733,24.760344,90.442447300002,7316.654013649539
3182,-28.3246616,17.9927988,-28.1326226,18.0543102,22.18781659374278
3183,-51.834702691182,-58.428713201603,-51.816586057635,-58.728210282266,20.681194711886896
3184,15.811923597531,-1.292467132716,15.784281317131,-1.2980857585657,3.1319186731120188
3185,6.437578,46.7852912,9.7196581502732,-75.124453915301,13334.427814043745
3186,-34.872496812999,173.36811823378,-43.7469653,-176.3705522,1321.9784481316249
3187,-9.4575177777778,160.101945,-33.4512256,22.2571119,13488.173557143296
3188,12.156738652845,21.381376096981,-9.7801212,-66.6300481,10022.46923538919
3189,16.0251797,80.9155776,-0.52846489999767,166.9115198,9595.915811203731
3190,27.0955076,142.2166695,9.887887282,-83.935214192,13561.45499361565
3191,11.584476480718,43.154736104537,-52.951870831636,-70.840111745818,12631.313356806342
3192,27.099466781143,142.21354140026,-9.3075716885144,147.23190891511,4084.288311619139
3193,14.972543,-23.6629137,26.229172000326,-98.235304332155,7765.387180729414
3194,33.983024946517,-109.83969265358,14.7064852,-17.4742675,9313.027963023324
3195,23.504881399998,39.867796,23.565594699999,39.8533665,6.9094168016417505
3196,12.966388888889,21.823623329403,12.872992185874,21.797833217833,10.754810892613065
3197,14.902459216667,103.73419922333,14.9429962,103.82267255,10.520530986734336
3198,21.787364747336,39.156194352816,35.174101052176,-97.493888654942,12205.04872084955
3199,14.5159078,62.45962568,-30.042962166667,148.78353408974,10465.099954066256
3200,14.906755616667,103.74979651667,14.90025573,103.7153141,3.7751185822600153
3201,-4.389450280303,26.657759656566,25.280988,92.9818912,7869.3254593441
3202,7.905012,52.168987,7.905008,52.168987,0.00044477970664040533
3203,14.895235746667,103.67069874,-22.721768856049,-22.721768856049,14334.68342772602
3204,21.554654518496,39.163199987278,24.8325685,88.9236047,5071.499901474262
3205,13.2490336,44.773002099972,34.615351300667,10.007456116878,4222.709690015625
3206,-2.227212,-80.936511,10.95642902348,49.227522936295,14433.264636039064
3207,7.5759921566667,58.876260876667,22.139129444444,-159.300425,14703.30635638846
3208,-4.0122310731154,122.50960788849,-9.4403586349059,160.08344157539,4190.2658988861795
3209,1.3601312,173.0730544,5.2755249204346,162.97659317324,1202.1737717028204
3210,15.1025614,50.52573893,26.16823147127,91.764938384435,4443.441704637453
3211,15.123375416667,17.383723966667,-25.489088399972,-49.294364,8511.220443299953
3212,13.370444756818,60.850352741753,13.370462927273,61.143010746061,31.660038656277365
3213,-20.922998187309,55.526974462026,-20.923039928772,55.526617777083,0.03733594068067886
3214,11.1213289072,42.3327255564,30.984870700001,29.6898502,2563.945385558228
3215,-9.494379,160.338409,6.8437516234951,158.31861909417,1830.4460500675955
3216,21.3782391,39.8059065,32.0233873,118.7083827,7761.693289536886
3217,24.786888155298,70.50969469253,34.7875467,10.761916769531,5788.78652135143
3218,21.470985233334,3.3460405000001,19.877395810001,3.0114187500001,180.5859358603598
3219,-0.89901916666667,-89.609458055556,24.8192082,88.9364704,17350.6950102398
3220,1.357597,172.9327985,7.0640317,171.1974885,663.0420684518172
3221,-17.379032503611,178.15388054583,35.2444481,-91.7141519,11122.803708508347
3222,25.012352100001,56.362534100002,-29.04117264708,167.96237675312,13320.646991668882
3223,31.6508532,119.0308152,31.6432941,118.9916677,3.7998252552114757
3224,-27.10138270576,-109.37621989616,-27.100720756358,-109.37678890069,0.09268282348335377
3225,21.570044180493,39.190098083358,40.144700586523,-75.006717145319,10353.96775767688
3226,21.532881888581,39.159117545969,22.489007972202,114.06003990221,7632.089164085806
3227,-33.869755555113,121.89185665654,-33.872090307463,121.8909173393,0.2737141463948015
3228,37.825240856854,-25.740106349899,13.400523404496,144.70617605984,14232.422960101427
3229,12.289610306205,-69.073845720956,13.481505910934,144.86212046536,15302.63543316178
3230,12.189393781414,-69.061380847349,7.1297701975349,171.04536374742,13032.605965776029
3231,15.117137638159447,15.1498291,15.118850533446,15.147771337162,0.29166944950499285
3232,0.0,-103.29921299991,0.0,-103.2216722,8.622143557952507
3233,-33.826027777778,121.852,5.84758,10.162125,12368.408859243482
3234,9.7461979379415,118.75123734521,-0.54144053830303,166.91309048485,5450.969168742156
3235,15.1498698,10.2181476936,15.1498291,28.192497457419,1928.649155017176
3236,-43.823186,173.057538,-43.827724,173.04444,1.1656290862688965
3237,-23.4798632,-67.9884014,-0.5446064371205,166.91462112638,13518.001399280887
3238,-33.753513036036,121.74037542543,-33.756811398774,121.74766028595,0.7668720450464361
3239,6.5317362,47.2164857,10.664638483792,49.067387731524,502.5787868348504
3240,-19.693923,135.805071333,-19.684108698865,135.791152494,1.820555140569509
3241,24.0270185,90.2736105,24.0254894,90.2776186,0.44114901737908313
3242,-44.3168002735,171.01490873503,-2.9882194257028,-60.015033104418,12719.611450054208
3243,-20.287767,15.8727759,-20.8884787,15.5405202,75.21876428799608
3244,-4.2614567,-55.9938996,-4.2251485,-69.9544572,1548.0721065307528
3245,33.942020944295,-109.73593230496,10.4490539,-73.2831894,4531.958418999313
3246,-25.5643344,18.4176136,-25.5639917,18.4185003,0.09676350374296981
3247,34.039689799722,-109.83338862524,-13.4451003,-172.3598879,8452.551898338137
3248,31.870225,118.638437,24.6165251,72.5245432,4554.7262083986525
3249,-20.730938818056,14.843537304444,-33.3612253,22.0579882,1574.5022501058793
3250,7.061648,171.2041856,7.0691544,171.2902118,9.529662618648842
3251,-35.114396166667,150.0877535,-36.857316257556,139.84489751467,941.249936673905
3252,-25.5639917,18.4185003,-25.5643344,18.4176136,0.09676350374296981
3253,-20.9398932,55.5309671,-32.022111111111,115.94422222222,6061.932802470935
3254,7.296020125,56.001028106667,0.11462165960452,0.76325007728813,6175.938819463887
3255,34.000955,-109.54711066,-17.755691971307,168.31462459713,10406.24403421539
3256,0.2166667,0.0,14.6390422,37.433410393074,4416.09866797446
3257,0.87112369997222,108.93770139997,34.04056366,-109.45793209,14439.280362541815
3258,5.0100307446,-52.4712931272,-4.389450280303,26.657759656566,8850.320184461118
3259,-13.845443829823,136.19146438148,0.0,0.0,14953.752280410856
3260,32.478968312757,3.6855716999989,37.017986668729,-120.8366077131,10379.951917534754
3261,-25.4968629775,16.311907013611,-20.3266409875,15.451282784167,581.61380514886
3262,9.5804404,138.1551829,9.5829554,138.1215538,3.697808055684654
3263,7.2615662122881,56.451149947119,0.289649725,0.5773301866667,6242.605939257267
3264,0.0,0.0,-3.0630058066667,-59.950633753333,6671.4704198891395
3265,2.0118458434924,-157.48403696767,-54.355288888889,-67.251233333333,10204.408321088578
3266,12.819484421053,21.805398054422,12.872992185874,21.797833217833,6.006048344144114
3267,-17.370394281944,178.2470915,-12.719336598662,-69.487859395987,11862.137516628047
3268,-35.002573125664,117.87282231308,25.4588798,93.3888851,7200.329398235212
3269,32.450724286781,139.76354495378,-51.846438345946,-58.296999252553,17410.04287611924
3270,18.808306999972,79.4133494,15.165506309524,120.55940164881,4384.997460855303
3271,-21.2004776,-159.80921,-0.51582520174603,166.95620431455,4276.495683834584
3272,7.6033977812672,58.490973689201,8.8116094272727,68.058057534545,1061.4061977453225
3273,33.945222703435,-109.73963821006,3.12916112,24.247909606667,13678.190372642875
3274,14.6793867,-17.4434052,-33.3787068868,-70.6511319172,7767.620120749973
3275,17.9419891,-15.4748438,16.017839899998,-16.48322,239.32338098379304
3276,34.041782055467,-109.83164282969,34.038601745803,-109.83462206346,0.44767504088272897
3277,0.0,-103.2975248,-52.9226909798,-70.89147080408,6605.252062321592
3278,-3.9296903176471,144.01260088824,-3.9335689557143,144.01568659714,0.5506189170491866
3279,-43.7429961,-176.3397781,-13.6044234,-172.2030649,3374.396335573139
3280,-9.268698170333,147.23242178971,-9.2688294455,147.2323951093,0.014887894895058422
3281,-19.527909126819,135.57135050992,-19.537597058441,135.58486698052,1.7795637873466952
3282,-23.0687021,-68.1090352,-3.7056786003367,-11.085198804887,6485.865712298793
3283,33.112133333333,139.78556666667,42.427185833333,-82.962631388889,10552.736792030853
3284,-19.740972089199,135.87230370156,-19.73367441665,135.8618696665,1.3605321479047865
3285,33.977383954048,-109.76155383315,3.6656906164733,98.687952454756,14875.665529271952
3286,5.1488321809846,45.426035665822,-25.329316999972,-49.2931432,10725.523711980903
3287,5.6098142,-0.2031353,34.909746600002,10.343155,3433.2127934624223
3288,5.1042168,-1.2504419,-2.9705476,-60.0253533,6590.164681398065
3289,22.276842927297,39.113411647983,21.972451918883,39.123579620299,33.862937242066636
3290,24.478533072399,39.595192680136,-19.0467370835,72.5752975,6015.088044424518
3291,15.119287300135,18.177325604595,15.118850533446,15.147771337162,325.20799388841556
3292,24.7176038,90.4301317,-6.2999904,176.3197656,9887.553584586936
3293,34.03251933,-109.34991783,-45.371245,170.851508,11916.623966114736
3294,-45.4117179,-72.67812,-45.4093358,-72.680896,0.3422253105219974
3295,15.169003362519,120.58410703763,15.5077319275,-88.0192865145,15377.4592529593
3296,-52.218713494559,-68.973790053672,-52.242243133663,-70.279633137562,88.9722468800538
3297,6.9161073,81.621441799972,-33.702195680013,121.83690898799,6191.109035116845
3298,6.7373334523353,81.365210283623,-6.2926849,176.31841059997,10633.468848605284
3299,5.1060783,-1.2417426,-23.4245552,-67.9984326,7896.685684181816
3300,-35.028160300732,117.8841640499,25.3382871,93.3639343,7191.861028031413
3301,-45.004523,170.758391,25.1378867,88.5570483,11378.608146527322
3302,40.267987765868,-11.799677584132,-34.56185001146,172.87621276379,19258.319950512578
3303,37.4989176,-47.857638102857,37.4989176,-46.501526449524,119.6326199587763
3304,34.0537705,-109.7539606,-3.10509566,-60.04491339,6637.399295692165
3305,34.05107238237,-109.84128757939,34.041782055467,-109.83164282969,1.3626439834551674
3306,14.931308684968,-23.490544977948,14.932511860006,-23.490034912022,0.14457580404374687
3307,-32.598664543877,134.7207436046,-54.281364383692,-36.507863779586,10317.772294670616
3308,15.292861538485,-1.5607545924227,5.6098142,-0.2031353,1086.8654481136516
3309,-6.8131364,155.7211179,-21.337293819374,-174.95219271271,3540.6121853308623
3310,-33.91479645062,-32.70171997879,34.028916872058,-109.91057527952,11031.1251477761
3311,34.045419,-109.79725878974,-3.6177156,152.3979783,10951.50049022526
3312,5.6264200619444,-0.1763932125,15.048996557783,-23.580621945203,2762.79351019694
3313,21.3889315,39.8084387,-9.4408880555556,160.12913194444,13517.845238544629
3314,-36.826225545455,139.86258296529,-36.838150903671,139.84599316667,1.984540478207145
3315,23.565594699999,39.8533665,23.504881399998,39.867796,6.9094168016417505
3316,-33.396045448,-70.659404829,-6.168364,106.755473,15607.28259137529
3317,14.866675117908,61.364778363072,26.222569605248,127.69840448759,6952.093841582906
3318,14.9646635,-23.6641137,-35.34776,-62.4417083,6926.926899466026
3319,26.5058647469,-78.7192136049,8.9122211175,64.602689962083,14431.360590230443
3320,5.6126729,-0.1828115,-27.114968355892,-109.36849010202,12188.55002151362
3321,-4.1607952655771,138.98153361073,34.243429299998,134.6625304,4294.310607944044
3322,-43.74837,-176.463784,12.983766035178,21.834339592603,16173.8811372301
3323,-4.3470823857974,55.771082108892,-4.3490023445378,55.775615880318,0.5461377796984654
3324,0.0,-103.29669,-9.7045202999987,-66.863162300001,4173.156005229262
3325,25.1112033,47.7757932,25.1309672,47.5842053,19.413339909736205
3326,37.748009180642,-25.634664801393,-3.4804231,152.2484458,16198.614797473634
3327,26.7178545,0.174687,-8.6160945833333,115.090502135,12906.010739834355
3328,-32.696121814371,134.81035936261,-32.748654594174,134.51427916104,28.307037202204107
3329,32.901574833306,-8.2381701666667,32.900303333306,-8.2326864999722,0.5311217119027577
3330,0.0,0.0,10.771305206868,-74.848854864322,8353.188553554111
3331,22.71647638919,39.106521878284,20.230110122869,42.168445163799,420.4714623050513
3332,7.0994806940606,171.10295871798,1.3640267,173.0876742,674.6311881260492
3333,24.0496353,90.2359792,24.0318229,90.2635312,3.4279962814732046
3334,33.622669718868,10.294942888679,-31.8560516977,115.8979668674,13215.26653309348
3335,-23.721087536369,-65.461649089712,-12.4297339,-41.7876579,2793.45273121769
3336,13.35060622907,61.415154651163,22.139129444444,-159.300425,14076.135010713608
3337,34.07275082,-109.84633303,39.436438009139,-31.257899925111,6800.02139324452
3338,-8.0386548822392,-24.055691469164,-8.4776021870389,-25.369242192533,152.5634849197531
3339,-36.70785512247,-59.758814696964,-43.7422528,-176.4825608,9030.046239487538
3340,-33.5149873782,-70.656648191,-15.181928353753,-70.357098071418,2038.7658812685527
3341,17.018030909692,-25.05914180616,10.7679845,37.719270299999,6786.004276106124
3342,33.406681810282,0.74231184153226,27.945975,179.8463067,13192.328033982569
3343,-21.0416902509,55.7221234962,-36.889671037425,139.83372273384,8118.987474377529
3344,14.6390422,60.035623174434,14.6390422,37.433410393074,2430.6423479797686
3345,-0.5356668,-90.314485199972,18.883277714039,-103.84993016663,2616.6891982722373
3346,5.3685249233733,162.99629379498,-31.8505589994,115.880294851,6477.653158466172
3347,1.3598446,173.1596394,7.1168786298595,171.05921473378,681.1755397967443
3348,33.54334170607,-117.17708836172,40.163283853441,-75.052349316859,3783.318755590635
3349,-17.32230999,178.20360305,-3.2359831,151.9522522,3263.761206659762
3350,-4.3489367561455,55.775363668851,-4.3490023445378,55.775615880318,0.028899276664002438
3351,-1.489798,40.032366,-8.4790981999722,126.4568033,9589.970512655987
3352,-17.632104707778,178.26022862444,-17.59760865,178.25153416,3.9449118265641556
3353,5.6181448420561,-0.18194835794393,25.1461625,88.5603124,9616.284164607365
3354,21.972451918883,39.123579620299,26.217651599977,93.051265495076,5456.138426662636
3355,1.5248857274728,124.92104307916,15.164063407778,120.54776773056,1590.7306525465672
3356,-16.621899689718,38.871172961895,17.016180381732,-88.31901538059,14411.982416828461
3357,-37.3244203,-59.0841813,6.9292669,81.3690926,14787.769512359859
3358,21.4024046,39.8108485,-9.8583504,-66.8437631,12118.952068247094
3359,34.243429299998,134.6625304,-4.1607952655771,138.98153361073,4294.310607944044
3360,21.403283846928,39.426723589577,2.0427679799453,-157.47017403299,16825.399263920335
3361,15.1216634,10.353487120741,15.1216634,18.620823851481,887.4022748732468
3362,12.516874372957,21.700426116588,15.5696658,80.0749939,6287.467786139795
3363,-23.5796657,-67.8957698,-25.534502777778,-49.299158333333,1891.7497329034038
3364,12.090495298614,21.578670172019,12.983766035178,21.834339592603,103.13099547346943
3365,-44.421906592222,169.1842398325,27.0955076,142.2166695,8411.66654854831
3366,-0.54398893019401,166.94993553696,5.368861,163.0145351,789.4677115978837
3367,6.5443541,47.2560126,-45.2153976,-71.8508078,12778.35805193863
3368,-4.3939996,-56.2814659,-4.2614567,-55.9938996,35.12616993099736
3369,5.261213349,162.9990026172,-5.8021049499512,-35.329036712646,17985.789995815558
3370,-0.0423506,42.4184216,7.5243717128226,134.49965457863,10237.589353723035
3371,32.2922644112,-64.7848806996,-35.002573125664,117.87282231308,19626.091000897733
3372,5.6243066918144,-0.2188053274109,-0.288354,36.1163573,4087.1636049531567
3373,-15.47637659106,145.2576314671,24.6237,72.738151666667,9035.488734307839
3374,-4.7203781,145.6388097,6.9068484,158.3219347,1911.2657199634434
3375,12.060128711166,21.389909964054,12.058009430764,21.622077701612,25.24728782676702
3376,7.3043688666667,56.841081385333,7.4265711895833,57.794209274417,105.98313480184684
3377,14.6792341,-17.459748,14.6913969,-17.4739637,2.0413653075730607
3378,-17.810102499972,178.7224448,13.3568278,44.734489319259,15073.694944602481
3379,14.701645,-17.4751342,5.1111462,-1.247524,2070.7807914587042
3380,7.6984305515625,54.096463379063,7.284443278125,51.181085113125,324.6867117662581
3381,-45.4177963,-72.6822369,-23.8182626478,29.3869589735,9026.60485253846
3382,16.189701200401,-0.53975112895792,16.199810327027,-0.49282762882883,5.135155455858838
3383,33.103440258251,139.78782078136,-8.7195137,125.43556429997,4892.327812189564
3384,5.6293520516667,-0.12414067972222,35.218561,-97.459149,10308.54984263271
3385,5.368917529142,163.01393001594,-16.454194,-39.0645619,17311.81623373095
3386,-20.921518067536,55.528952042294,-20.922998187309,55.526974462026,0.26320254714844266
3387,-11.660040578636,25.203943478335,-11.664640891667,25.204048477976,0.5116592521344014
3388,-32.560083428285,134.68011480441,-32.649951475333,134.76852294283,12.97833899896959
3389,26.244355623438,-98.232268480505,-9.4392421531027,160.10392317382,11626.54884673096
3390,-36.5734436443,150.0267862879,-5.7902302742004,-35.188323974609,15273.27307995215
3391,6.9595593000019,81.1151275,-45.365228,170.624153,10519.350880112648
3392,5.1730138888889,-52.646413888889,-4.5904021999976,145.5382634,17999.407281409865
3393,34.036405579381,-109.86253072514,34.041878705997,-109.85667895301,0.8130844061325984
3394,-33.489564703752,-70.656743589636,10.9448190127,-74.8336727545,4960.638632630763
3395,37.762200096026,-25.286472920368,4.88059181353,-1.7618758001017,4365.05083016406
3396,-43.747709166667,-176.28150111111,24.940962,56.260126999926,14858.666496666861
3397,0.0,0.0,17.8959033,-15.3093386,2600.4678416600996
3398,-13.449392,-172.3707112,15.111030766667,18.499495416667,18829.394841687452
3399,34.03467270686,-109.79248248628,33.949517554447,-109.81791283481,9.75475729299767
3400,34.038601745803,-109.83462206346,34.041782055467,-109.83164282969,0.44767504088272897
3401,-0.5284872,166.9115176,31.937709183712,35.847357681021,13812.230406988925
3402,2.0010597705841,-157.48152160645,-18.610327043083,-173.99896447628,2918.4097419742075
3403,33.549661806032,-117.18168053265,-9.747109,-66.6450308,7186.337830284779
3404,-0.53723069469401,166.91755350729,-33.728012,0.116645,15963.04374089897
3405,-20.929103783333,55.548932855556,-4.6086811,-56.3244187,12070.322869076776
3406,33.547045472428,-117.20677415514,-21.2048853,-159.7888782,7577.587067009049
3407,6.0391359161472,121.02259953639,7.1479132,171.0312732,5522.716776729106
3408,33.994611638541,-109.86351367488,15.12047912,104.30460289,13464.63599873747
3409,10.937230784503,49.243189831047,-4.2477972,-56.019011700003,11761.235450587112
3410,0.0,0.0,30.6547162523,-81.8769828617,9231.208212872785
3411,13.62038008113,61.92160832791,13.62038550904,69.030255963277,768.1887166443607
3412,7.0529083999722,125.5435844,7.7048747948847,134.63022437602,1004.6168624361856
3413,24.940962,56.260126999926,-9.9379623583584,-54.903388153654,12596.16263180424
3414,-20.925392711111,55.550320675,24.8325685,88.9236047,6236.756469296011
3415,-51.788470938961,-58.933084950649,18.10484319495,-15.99813101802,8813.806033452769
3416,15.1498291,22.597615117462,15.1498291,23.120877494581,56.161960457291435
3417,34.07918613,-109.79795031,34.07481252,-109.86306175,6.016524134973537
3418,-13.4487858,-172.373981,23.1804366,89.1935128,11438.084947519488
3419,-36.848649216187,-59.965363676619,-36.8488330176,-59.9676433216,0.20387112703737004
3420,-43.7499725,-176.4491922,5.2052323612778,-52.742179054778,13066.898403469326
3421,26.224443055556,-98.149479166667,37.748009180642,-25.634664801393,6791.390580621435
3422,-23.5420796,-67.9557068,31.80736,118.575217,18893.984324347883
3423,14.990034174881,-24.420269216651,-3.6177156,152.3979783,18703.394261381403
3424,-32.377135666667,134.34160698507,-27.140849,-109.411603,10569.45264902969
3425,-16.429847851645,179.37420373579,15.103084782655,21.605265909558,17632.719345591875
3426,-21.2153494,-159.7487364,2.54634202,9.82600158,17652.22077383568
3427,-6.1724307661297,-18.455137697671,-23.8108987268,29.382629469,5466.358404600963
3428,16.180886453543,-0.64409613937008,16.1824353394,-0.6197813288,2.602277172500616
3429,7.0690599871245,125.61444151574,-2.228007,-80.922877,17026.176970329856
3430,-29.39177991258,-38.709698046599,-29.34910994524,-38.766377084975,7.257957762776473
3431,-45.3972691,-72.6775956,-45.4057228,167.7131024,8309.201626654694
3432,-21.2010009,-159.8049844,40.279406221822,-11.792088068569,16327.076127149807
3433,5.0085899793,115.0027019251,-23.8602419011,29.3716460746,9790.336697954355
3434,6.053045235,121.0286566,13.6397548,144.8488859,2740.118927678458
3435,16.047886999972,80.909509499972,-34.9375072215,-57.9846429918,15429.271082685054
3436,-13.6753905,50.023684100002,7.0480272322322,125.57204075526,8648.868714744382
3437,6.9292669,81.3690926,25.2980781,93.1418133,2395.015051666238
3438,5.1111462,-1.247524,14.701645,-17.4751342,2070.7807914587042
3439,13.369583756818,46.98286576842,13.369220347727,41.129705682273,633.1888367892664
3440,-20.936258999,55.5309644675,6.9595593000019,81.1151275,4174.5549064130255
3441,-45.436252,170.726888,-45.43739,170.728813,0.19639699971861335
3442,-23.9672767,-65.4600591,5.2767039000019,162.9350345,14444.855230992252
3443,-21.2004887,-159.801957,-35.3921486,-62.4128741,9294.407901731021
3444,6.3361344,125.2601025,34.9955754,25.5034367,10483.791241169145
3445,-0.3638796,42.5349556,-16.340998564564,-39.006330624625,9093.751640864835
3446,-13.501598,-172.299623,-11.330184505159,25.228564075694,16644.379225112378
3447,7.111296011396,125.58317420157,-1.0169444444444,-1.0169444444444,14057.613035583678
3448,-23.7469436,-65.4990734,-9.2887515499376,147.22830856991,14902.523040472022
3449,32.3657147773,-64.6513409726,-19.680512001063,-42.981190024644,6229.803157606891
3450,-13.5917174,-172.2090271,-13.4513386,-172.4033042,26.168971941764752
3451,7.0722737,125.6121401,-5.0137627777777,80.743470833333,5157.133900544039
3452,-20.938531578569,55.529078986794,25.3523286,93.1481495,6556.952110330706
3453,25.178914945125,46.401780289235,25.334195034921,47.865215699193,148.17956237792916
3454,-45.830683446751,170.67283417158,-35.113159,150.0895307,2099.925698148683
3455,13.3615316,46.371902406452,13.3615316,69.390244323871,2489.331633526863
3456,-20.935436025774,55.528499566579,-34.9281761048,-57.9615042863,10649.78903025809
3457,35.2502397,-91.7713692,35.2487947,-91.7646333,0.6324182533608734
3458,0.0,-103.17436450006,12.7802965,36.4046018,15338.187993377938
3459,-20.924438928266,55.531704155325,6.8233713,80.986229,4152.797028438387
3460,34.0714786,-109.20046333,4.7914388888889,51.779036111111,15254.55581974469
3461,17.018392113454,-25.057060374194,31.6356593,118.9743126,13383.063714004085
3462,-13.286830061892,-50.467365614504,44.942649,-109.56084599997,8780.042583613811
3463,13.3435343,46.642183361212,13.3435343,60.136726463935,1459.8355753942535
3464,15.8452554,80.3781729,27.097448954166,142.19640820057,6457.511237483779
3465,9.7497690271206,49.195275094472,9.953613303532109,12.037215294097493,4068.7438961348766
3466,-36.412142621667,150.04769050667,3.6839524860939,98.664320333387,6940.093142952078
3467,-14.8365394265,-56.436310946333,14.90025573,103.7153141,17882.643357732315
3468,-14.9018089,-52.2782995,26.224443055556,-98.149479166667,6745.2966056984405
3469,-11.432754767295,-55.355132353226,-10.28730512167,-55.024525225083,132.38604937182114
3470,-47.7397259,-65.8986763,-4.1605240935065,138.98136558611,13754.339413922065
3471,-13.285879516126,-50.18941758063,-8.5357859183333,115.147283425,17098.02852816342
3472,5.167327635,-52.6511008758,27.975181,108.219907,15797.301753203692
3473,-14.521238290915,-56.217848497161,-43.7499725,-176.4491922,11152.172281129971
3474,6.2516813999981,145.2369852,0.84607066888949,73.409249754264,7988.76054448881
3475,-22.993502333333,-54.39653356,-23.21344182,-54.211324,30.934232269255975
3476,-12.003440071905,-55.517241555389,-8.5357859183333,115.147283425,17508.896463415254
3477,-33.705025702045,121.64974804956,33.6840497331,-117.62593733213,14612.041084864211
3478,24.9296215,56.2540523,-45.893808360903,170.5189910636,13810.029468927938
3479,-14.724670287546,-56.299666487679,-16.286269999972,-39.023334099972,1858.6768439562745
3480,7.0480272322322,125.57204075526,-13.6753905,50.023684100002,8648.868714744382
3481,35.2515281,-91.7406569,35.2398986,-91.6954422,4.304818162634959
3482,5.2222124207778,-52.762574907389,-33.019862642587,18.671234843849,8618.742121254092
3483,-23.256352666667,-54.228240033333,-22.993502333333,-54.39653356,33.917984027193654
3484,-13.297592961839,-50.334977865562,-10.3016776529,-55.03258521606,610.198825206422
3485,39.436442912556,-31.257918952028,39.436442912556,-31.257918952028,0.0
3486,38.07670759258,-48.199913377234,38.07757242655,-47.958725446917,21.11152522428764
3487,-54.713008333333,-68.067952777778,3.7721116120644,98.678597650543,14225.738314739829
3488,24.626329550326,-76.146048366276,-36.5223740262,150.03429042163,15447.320104202025
3489,-54.421750310282,3.3887837865259,-54.421715535938,3.3892180742166,0.02836099574186452
3490,-6.232459601199,-18.628742383218,-3.6243739618598,-10.823159619913,911.9894195756399
3491,33.955591292,-109.92679716756,33.934691623393,-109.93722865887,2.51527326651582
3492,-44.694936861944,169.13499388833,-44.421906592222,169.1842398325,30.6092773284148
3493,15.046470599998,-23.706315,-11.955321799998,-42.573848600003,3651.1654653011115
3494,-11.7864362482,25.030496744,-11.300953844965,24.87308908993,56.64155878335946
3495,16.0237356,80.9224216,-45.231643099972,167.8119474,11026.4353546976
3496,-20.9364561,14.9556087,-20.949703,14.945485,1.8096961884682465
3497,-13.447187,-172.3856599,-13.4494312,-172.3717887,1.5207285950188294
3498,7.5709921166667,58.920633143334,7.4265711895833,57.794209274417,125.2153899206699
3499,0.0,0.0,0.0,0.0,0.0
3500,-11.21937116066,-55.303323886364,-10.647085790848,-55.133018325588,66.29595164740917
3501,-23.413366666667,-57.450213888889,-23.036976095246,29.912523820948,8761.379747603007
3502,-12.681753304667,-55.796655157667,-19.684486888903,-42.985841055512,1573.010602715636
3503,-23.417433333333,-57.426319444444,-23.4252222,-57.4342556,1.185662781018603
3504,-14.894530130876,50.278079864542,-14.891039010386,50.276139595549,0.4406447954837903
3505,7.1111579294294,125.63224614114,24.7175634,90.4309249,4222.199487924143
3506,6.0424945164476,121.02591477469,44.949707099972,-109.7911572,12424.182588960528
3507,7.0654245027322,125.57174927732,-15.8243648347,-70.031711742615,18057.199526987442
3508,31.6332647,118.9939051,-43.7493058,-176.4278817,10637.099202912252
3509,-11.74150766954,25.190648035749,-11.685943270029,25.208873268462,6.489317893082564
3510,-10.28730512167,-55.024525225083,-11.432754767295,-55.355132353226,132.38604937182114
3511,26.5378093,78.7229582,26.5380474,78.7237048,0.07884903347733223
3512,34.004164194622,-109.90452755269,34.030460508788,-109.86925833747,4.372232292744227
3513,-23.4155722,-57.4327361,-23.3920861,-57.4379806,2.6658090300050317
3514,14.6978736,-17.446638,21.682335957905,39.109821058846,5994.135907188521
3515,-36.5569132024,150.0352581426,18.808306999972,79.4133494,9623.380011952093
3516,-11.306550732255,-55.322845520153,-11.432754767295,-55.355132353226,14.467902091886039
3517,7.1298682516667,125.62538022667,25.6571015,94.0862243,3926.147277372897
3518,5.1743406057,-52.6480797864,-22.647627,-152.8052988,11269.696766552699
3519,7.0623158603604,125.59491931532,-23.463968598673,150.39977519486,4333.938512607258
3520,14.7064852,-17.4742675,33.983024946517,-109.83969265358,9313.027963023324
3521,34.041878705997,-109.85667895301,34.036405579381,-109.86253072514,0.8130844061325984
3522,-25.191354402716,46.004461217158,43.501020277778,-114.28414722222,17305.443207047476
3523,-6.5392027991688,-19.527464998692,-6.3448808766815,-18.94717797344,67.66051299273244
3524,5.2755249204346,162.97659317324,1.3601312,173.0730544,1202.1737717028204
3525,33.961706611378,-109.83161214631,33.949517554447,-109.81791283481,1.8529721566495367
3526,10.95642902348,49.227522936295,-52.951870831636,-70.840111745818,12967.406825938542
3527,33.995959530855,-109.74937617286,-11.9826258,-42.61977,8730.456943835648
3528,27.0992788,142.2094339,-12.527744099972,-41.363638199972,18352.566865477453
3529,-23.3996139,-57.4144333,-22.678998721557,114.34124550675,14814.420724101403
3530,34.323797,119.495064,-36.3388685,150.0409755,8471.261325744137
3531,7.1241336306533,125.66032265745,-12.8360564914,45.1712074969,9162.120495758487
3532,-10.977788082832,-55.231689457248,-4.5752210481667,-55.927467816833,716.0434092533454
3533,1.3507000096386,172.94461038735,40.155536327365,-75.140917857966,11749.14803407435
3534,-36.5372926715,150.0300567752,-9.2914651254072,147.22820647101,3042.762606597514
3535,-10.647085790848,-55.133018325588,-11.21937116066,-55.303323886364,66.29595164740917
3536,19.893457828689,41.297122509016,19.899325898437,41.286261034375,1.3097546686436905
3537,-45.4093358,-72.680896,-45.4117179,-72.67812,0.3422253105219974
3538,23.064965256667,3.6806229166667,1.4959285604108,124.84476179898,13094.06275424261
3539,-10.241814227756,-54.986534479084,26.5335667,78.7615111,14843.400377825581
3540,-23.5851749,-65.4023163,10.2078892,49.037881,12939.19582341842
3541,-11.15931270324,-55.314035535404,-9.9379623583584,-54.903388153654,143.0344336478664
3542,-18.02245745237,178.50470545562,-18.022109471072,178.50624938018,0.16777635867785026
3543,-52.213209699633,-68.988883065659,-52.269665059735,-68.910703988512,8.230616210166097
3544,9.5303855555556,118.58988083333,1.514422229991,124.91755734999,1133.1925915705838
3545,-11.506830216753,-55.373447407168,-11.306550732255,-55.322845520153,22.942902721759094
3546,12.188147834275,21.390459481627,-4.4941666666667,145.4315608,13810.001185088653
3547,15.1498291,28.192497457419,15.1498291,15.795204214925,1330.4287089920815
3548,26.6997194,78.3667528,15.126359573162,104.30471602371,2977.060850026581
3549,-20.92431115,55.516652716667,-4.1569976726727,-55.328334994328,11986.250749685609
3550,32.3697793297,-64.6525531635,-21.2198103,-159.7501489,11707.928378584147
3551,7.1229269133333,125.630995775,31.911827460118,35.852546975948,9568.8442444315
3552,-32.56154891498,-34.499255195844,-32.5676446246,-34.491158190362,1.0174496324441198
3553,6.9046856999722,81.5439827,14.0054651722,-89.5477335434,17490.699891243552
3554,37.741817681181,-25.672639895046,26.389013829392,127.74091544681,12363.437825546387
3555,14.932511860006,-23.490034912022,14.931308684968,-23.490544977948,0.14457580404374687
3556,-9.457551,160.141643,6.920662600002,158.3191843,1832.3322674073606
3557,34.04056366,-109.45793209,0.87112369997222,108.93770139997,14439.280362541815
3558,-27.099543671785,-109.37790542822,-27.098925492085,-109.37838422977,0.08349436912247055
3559,22.592573893657,131.7168637167,-56.936164012476,-28.014464377404,15857.07298825454
3560,7.1168785833333,125.65453286583,7.138725005,125.64932736,2.4961867329508016
3561,24.941807,56.216321,42.72191685,-118.451228075,12471.379822413719
3562,-22.949360405079,-54.117076759444,-22.938138892371,-54.10042757088,2.112685287998729
3563,-20.9248767206,55.5293440532,-34.932649203,-57.954682947,10649.835811292114
3564,-9.9379623583584,-54.903388153654,-11.15931270324,-55.314035535404,143.0344336478664
3565,-11.170722711602,-55.312006172329,-4.4133777,-56.285828,758.9937024063238
3566,-9.5513971,-50.869254,15.524856177889,-88.023430675879,4951.584797926144
3567,-23.037034357143,-50.074852716484,26.5178962,78.6786895,14860.455028014741
3568,-32.5676446246,-34.491158190362,-32.56154891498,-34.499255195844,1.0174496324441198
3569,0.0,0.0,-8.5420278,125.5396111,13909.025526477048
3570,5.6165341938889,-0.24553846555556,25.4049234,93.0594961,10070.229997717273
3571,-0.52846489999767,166.9115198,40.155421351638,-75.033962309348,12390.63125530429
3572,-45.43739,170.728813,-45.436252,170.726888,0.19639699971861335
3573,5.1133898,-1.2589405,19.1412555,41.069775699999,4841.687454975247
3574,-13.27686988884,-50.49943911117,4.9117974,-1.7561512,5748.707333651333
3575,-10.3016776529,-55.03258521606,-10.629106150833,-55.129745851417,37.92678124408651
3576,6.8658843,81.0519393,6.785165,81.1095988,11.003952627765521
3577,15.058108156193,-3.1772574024169,15.051364914414,-3.1573752177932,2.26276423592132
3578,-45.3973123,-72.6708138,13.145446200002,37.985927400003,12651.17754092135
3579,-13.2887685,-50.2035805,-19.676321666667,-42.979205,1047.3779586566432
3580,14.944860181098,-24.385018708537,14.680991517861,-86.301352334446,6632.2980097431455
3581,-36.539414559018,150.03279499208,15.088502,-23.650653,17549.11070594532
3582,7.07427048,125.56552439333,-6.169555,106.764944,2553.274512080521
3583,-9.4363564184792,147.44483497952,9.2432005,-83.8515735,14392.131622914243
3584,6.0565844885105,121.0156956271,-2.2269901999722,-80.9176772,17546.116744067822
3585,-13.302666692984,-50.268708557034,-6.170222,106.776676,16681.267093799837
3586,12.067547616533,21.38161825016,12.060128711166,21.389909964054,1.2220795791840493
3587,-23.4083969,-57.4302222,3.9188069,45.5877018,11508.276440153093
3588,15.1145569,24.876906183077,3.2333333,0.0,3028.316171427463
3589,-23.2773298,-55.5354475,20.740955046734,-88.197528193467,6039.997362745726
3590,-12.299360130703,-55.571909993839,-25.323883127417,31.879492644217,9174.47603606061
3591,34.826169755967,10.776301377778,-45.0621169,170.0468342,17922.613216547263
3592,-21.077073333333,13.557615,-20.890575,13.447186666667,23.69580182072034
3593,-10.629106150833,-55.129745851417,-10.3016776529,-55.03258521606,37.92678124408651
3594,-13.29714787879,-50.340807424227,15.122714966667,104.30431643333,17275.99186839171
3595,-23.371590451043,-59.060065156565,24.943964250905,56.209088789683,13510.893840462102
3596,-13.252088774392,-50.131473051449,13.440189586114,144.80276470572,18399.43369621928
3597,-23.307629399997,43.660030699998,-23.3103275,43.6594732,0.305369023576879
3598,-23.037268984,-50.074134748,32.6895014,-16.788128,7132.720034881147
3599,24.995111986002,56.324276486411,-29.03209625593,167.94797988571,13321.98692990878
3600,1.781789,109.341585,-27.139872,-109.411332,15017.883260135588
3601,38.06027574715,-52.78248405325,38.052266939833,-55.01620641245,195.57204584391812
3602,-35.0209,117.882885,-67.567985,-68.122978333333,8596.52406808852
3603,13.3615316,43.578414309677,13.3615316,69.390244323871,2791.1677212647623
3604,-10.035846041385,-54.909984478437,27.0387466,142.1757218,17410.35150642926
3605,-10.40193127006,-55.053067626553,17.9971477,-15.6410917,5356.131672599957
3606,-20.8884787,15.5405202,-20.9364561,14.9556087,60.988592182224714
3607,5.3321715,45.967582,-33.78272263875,121.78755508225,9041.488753902511
3608,10.2078892,49.037881,9.953613303532109,12.037215294097493,4048.618179281443
3609,12.335745384919,21.53513967991,12.060128711166,21.389909964054,34.473041090222104
3610,19.685063587573,-79.884443516787,39.436441571444,-31.257914090528,5115.275900277973
3611,10.7872433,49.3043965,-16.3424397,-39.007212,10166.131874590808
3612,7.075202676681,125.61030728898,-11.8954357,-42.6926847,18625.1893203152
3613,5.27001415852,162.97682557848,-36.412142621667,150.04769050667,4826.285938064219
3614,27.076252,142.2061877,-8.5564722,125.5487222,4350.020035502375
3615,7.0944787923977,125.61421338304,15.16573234,120.545764995,1053.895382297539
3616,31.039444444444,28.446609399998,31.043770300001,28.4152128,3.029615818112866
3617,-16.278046472717,-39.02231514971,10.4139548,50.1650117,10245.083589938195
3618,-6.2925478,176.31524139997,-6.2926849,176.31841059997,0.3506073773053073
3619,5.2779843000015,162.9776444,6.9206991197002,158.32236759165,546.1448195211616
3620,-4.6486111111111,145.57861111111,17.158694323579,-88.685237888,13950.496226936462
3621,-9.4577274153145,160.10198785786,2.0324978845973,-157.42218254215,4875.022154107015
3622,8.3250504,48.3652268,-33.780256851557,121.78560058449,9021.386925408797
3623,19.1412555,41.069775699999,-9.441242860184,160.09799384812,13387.549529659425
3624,18.321250415123,-77.904101998787,-22.963780899998,44.3437672,14020.40315804347
3625,-44.672833,169.1280394,10.4498444,-73.2545222,12993.482574488467
3626,6.0212217000024,145.2643947,17.019396391396,-25.166714542256,17245.61874100683
3627,3.3760905,23.918209700001,16.500714699999,167.6509539,15458.851575265291
3628,19.726274268747,-79.81292724512,25.3930114,93.39181715089904,14944.563865020662
3629,19.69666127594,-79.87082987428,-0.51582520174603,166.95620431455,12446.252926469395
3630,18.303378770017,42.721523860005,-45.587710396475,167.59712877387,14141.12045224573
3631,-33.844833333333,121.84688888889,-36.378553682071,-59.48025155302,12205.388041294906
3632,6.7624817,81.2513955,6.7624728999722,81.2514077,0.0016650180142310195
3633,10.664638483792,49.067387731524,24.995728181639,56.32630893029,1767.9603760876814
3634,12.832878869959,21.808788534256,12.819484421053,21.805398054422,1.5340874905828057
3635,15.080827,-23.7039004,19.685063587573,-79.884443516787,5958.26519771445
3636,36.972818055556,-120.54532305556,34.217169300003,134.7307093,8917.267477018297
3637,7.4524719000012,5.8495775,-8.5540755931368,125.57296268654,13383.547235414271
3638,23.494327,-110.20657,-23.52144943,44.32332319,17421.450259453206
3639,-0.69276666666667,-90.336352777778,37.769236691425,-25.292726463593,7891.271952917602
3640,-0.54871624339487,166.94328570213,-0.55185376545455,166.93827765293,0.6571073390414917
3641,-16.2938526,-39.037040599972,33.961706611378,-109.83161214631,9336.4074253155
3642,35.2486306,-91.7213103,35.2242878,-91.7413514,3.261861539643649
3643,19.890816786221,41.305233205048,19.873057549296,41.347216591549,4.813775282134369
3644,-33.981944444444,-112.43083333333,-0.89977777777778,-89.608708333306,4378.6023960309285
3645,-9.2688294455,147.2323951093,-9.268698170333,147.23242178971,0.014887894895058422
3646,-36.378553682071,-59.48025155302,-45.4234183,167.73291459997,9761.295233823928
3647,35.0077675,-94.6440672,35.155870899999,-94.6728168,16.674836189350305
3648,0.11462165960452,0.76325007728813,7.4122661501412,57.625380835254,6355.526425146632
3649,36.997064722222,-120.58143138889,-5.5189177777778,80.841740833333,15893.240998965974
3650,40.279806295328,-11.791765821074,-35.023515,117.8836115,15605.732274962114
3651,10.61645,49.5886971,10.281594,50.2249472,78.91129972757865
3652,36.971719415593,-121.79561777511,6.0565844885105,121.0156956271,11945.776242276886
3653,20.949836111111,-76.963591666667,-26.294192758333,-48.884188783333,6063.0578368287825
3654,19.439305,98.3391283,-8.51279769375,115.16673784479,3613.666297692658
3655,23.7050104,-15.9430369,23.6566781,-15.9978093,7.745487915275712
3656,22.810595699999,90.2796376,24.0115814,90.3164616,133.596367262861
3657,23.740738380806,90.526415773573,-34.742379099998,173.0903814,10851.546737647013
3658,23.535442,90.181154,-9.4246195533333,147.40237422278,7216.040806154702
3659,37.028884722222,-122.03972138889,26.8305999,87.2837356,12280.835062838527
3660,35.2268264,-91.7526219,22.168819166667,-159.31534861111,6624.632308619809
3661,23.5220676,90.2829662,-36.857316257556,139.84489751467,8486.584296525785
3662,15.32958170663,99.83076447956,-20.287733283165,-70.104071039764,18815.84307052354
3663,23.8286423,90.379781,-11.9826258,-42.61977,14895.54516344544
3664,18.809992201584,99.004004299208,-36.848649216187,-59.965363676619,17147.31145195096
3665,15.305922408,99.705321428,-45.9315108,-71.8412383,16519.59982507189
3666,23.6118956,90.2495966,37.017913055556,-120.54519805556,12541.29361817105
3667,-9.460191130227,160.16287734562,34.615351300667,10.007456116878,15888.857924487096
3668,24.1144058,90.0701855,24.0391514,90.2541644,20.466521727502368
3669,-20.466103333333,13.318988333333,-21.037976666667,13.545701666667,67.81838527400896
3670,24.09120790404,-110.29909956727,-14.88893538567,50.272758142679,17739.633914592057
3671,-44.6816638,169.1241814,32.7081782,-16.7636136,18590.016923939504
3672,7.1425128999722,125.65835819997,-21.2004887,-159.801957,8714.049947028097
3673,-13.4513386,-172.4033042,-13.5917174,-172.2090271,26.168971941764752
3674,-37.312517,-59.0969604,-16.278387069305,-39.022625123354,3058.2122378106337
3675,7.1417379122807,125.60095025188,-21.2081257,-159.7897604,8721.244586063583
3676,30.8941838,28.847132899998,26.24136056628,127.74024973084,9317.877339266985
3677,-16.3327,-39.0228018,-23.7092541,-67.817705,3111.681492988473
3678,-16.3383611,-39.0185137,32.459583333333,139.76946666667,18218.336851173943
3679,12.750856122004,21.833169730378,-14.932977777778,13.564625,3210.0531065500686
3680,-20.923039928772,55.526617777083,-20.922998187309,55.526974462026,0.03733594068067886
3681,25.024250899998,90.861073700002,-25.023203557356,31.904466021806,8433.913740289827
3682,25.4332926,92.9459906,-27.111154390683,-109.37230189964,17784.870928500208
3683,31.789912,118.852037,5.128034,-1.2506916,12473.854797544134
3684,19.70550861055,-79.84290229907,25.3447644,93.3717899,14952.301950741801
3685,-37.091614146646,139.804967833,-29.559391976736,149.60062439831,1235.4927473649966
3686,19.68832780295,-79.862215809667,25.4716806,93.3792502,14940.668053479352
3687,25.6569856,94.0873424,4.2117481000014,73.544146699999,3238.0255029924024
3688,5.2767039000019,162.9350345,3.3418883,23.95937,15358.725779446178
3689,25.2514938,93.0015377,9.6125857000011,138.1729952,5068.343417532759
3690,13.447515016627,144.816691127,-53.04299178125,-70.846545463125,14607.52942687229
3691,36.981593557522,-120.5646477309,36.976785351581,-120.59051168527,2.3588463015421475
3692,-44.7170224,169.2163572,-44.6963913,169.1694557,4.3590364714267285
3693,7.1255588764045,125.63252134332,7.1621640125,125.63093881667,4.0740486503181845
3694,-37.344516394739,-59.12804800415,-9.3075716885144,147.23190891511,14146.021335883006
3695,36.981088598293,-121.38227982458,24.920556334635,56.38702438037,13127.973679118144
3696,7.1201330822604,125.62255711588,-12.8385955,45.1322713,9162.182704349801
3697,-5.5189177777778,80.841740833333,-8.5655433,125.552985,4943.162933226273
3698,16.1824353394,-0.6197813288,16.180886453543,-0.64409613937008,2.602277172500616
3699,25.2755101,93.2677594,-0.50358145248358,166.94201957092,8394.924058044444
3700,-45.5724956,167.7070347,33.976059291625,-109.84228854801,12101.789755241452
3701,25.280988,92.9818912,-4.389450280303,26.657759656566,7869.3254593441
3702,37.067318055556,-120.43719305556,-30.32478518719,147.84263241162,12116.457739977533
3703,37.017986668729,-120.8366077131,31.066538899999,28.081366700002,11782.748054128915
3704,7.0879285488889,125.57122483333,10.79195346495,-74.912067248212,16999.699391711405
3705,35.24802,-97.486481,12.272908223201,-69.063698921746,3832.205599531266
3706,25.4049234,93.0594961,5.6165341938889,-0.24553846555556,10070.229997717273
3707,25.3112339,93.3173785,-8.1440950255255,115.05046643093,4401.385195574833
3708,-44.695962085629,169.13298598862,26.24136056628,127.74024973084,8936.449134635634
3709,-0.3823472,42.4966454,24.14776966827,82.643169178036,5114.04172186516
3710,12.058009430764,21.622077701612,12.060128711166,21.389909964054,25.24728782676702
3711,35.155870899999,-94.6728168,35.0077675,-94.6440672,16.674836189350305
3712,-4.1143268589849,-12.30203210819,-4.3340244646271,-12.958938351019,76.83327907380391
3713,36.97636515285,-121.88510221286,36.982054430194,-120.51040460275,122.1128958783413
3714,-32.649951475333,134.76852294283,-32.484928672631,134.63234618058,22.35081792688072
3715,-17.809461599972,178.7220628,39.436508836222,-31.257974859333,16259.358898083537
3716,-23.253570600002,43.629361300076,-23.247643400002,43.627672,0.6812968232349437
3717,25.4232859,92.9998359,10.077254598599,-75.137409257758,15863.786966102542
3718,31.920515,118.6675673,31.9187383,118.6654347,0.28203287706055513
3719,35.2441572,-91.7363672,43.4979914,-114.2860467,2135.478513467543
3720,-23.21344182,-54.211324,-12.4609228,-69.138752233333,1978.6785973124822
3721,-20.932073427778,55.542114486111,-20.926957552778,55.520573986111,2.308352078256579
3722,25.7155218,94.1071411,14.685210513684,-17.468833278458,11358.7003082679
3723,7.068119219716,125.60922194027,7.1190922971934,171.05716343059,5012.764906928694
3724,7.6629885666667,58.935177946667,7.6942756333333,59.182804744762,27.508814814445596
3725,12.495994932432,-69.932530674847,-27.11471,-109.402579,6126.246164380328
3726,27.3604416,99.964780399972,-12.8437412716,45.1862002909,7404.934657714123
3727,25.3136186,93.0958532,-26.278175553376,-48.891938913202,16221.769588705363
3728,25.3091667,93.1316825,-19.735638111043,-43.018403777747,15488.153040772879
3729,-23.7382725,-67.7934826,-23.0288968,-68.1304279,86.0494103494352
3730,7.138725005,125.64932736,7.1168785833333,125.65453286583,2.4961867329508016
3731,36.977121150078,-121.87285502276,-9.8182968155798,-66.644143874271,7754.210687564655
3732,7.1621640125,125.63093881667,7.1255588764045,125.63252134332,4.0740486503181845
3733,25.3600555,93.2506145,5.6165341938889,-0.24553846555556,10089.872761831786
3734,24.9150988,72.2752609,14.858987450353,-24.717558349043,9999.198070393026
3735,5.6175725438889,-0.24607457194444,-12.8393551,45.1299576859,5416.515679139303
3736,-20.926342945,55.525936193833,31.240855736805,29.958372014309,6409.872678851084
3737,-77.8464606,166.6686199,-77.8464261,166.6684989,0.004768689251824855
3738,0.42570429997222,108.94632479997,-0.2815012,36.1086591,8099.500350507115
3739,5.1028069000018,-1.2639977000027,6.0387556999975,145.2281905,16094.350299387714
3740,36.981581388889,-120.55901,7.0606655,171.2573374,7602.726095280901
3741,39.480827932808,-12.298261441382,-33.3747625,-70.6617195,10081.994074444203
3742,40.2779877802,-11.7933163833,9.0202034749355,38.800576318992,6068.129072513576
3743,-29.040711196587,167.95824352008,-21.2664768,-159.7711652,3349.388554076307
3744,-20.935920797222,55.541530322222,13.640689653439,79.373231637566,4643.132174249112
3745,25.3523286,93.1481495,-20.938531578569,55.529078986794,6556.952110330706
3746,5.3686298999979,163.0158901,9.2432005,-83.8515735,12429.265822518279
3747,25.3930114,93.39181715089904,25.3447644,93.3717899,5.729763150257546
3748,26.273519544285,93.131098860765,29.189492866351,-13.463887766851,10056.56150003866
3749,36.95254780003,-120.51532591315,36.952360591706,-120.530108566,1.3137472891537452
3750,26.6998528,78.3684028,26.6859028,78.4237444,5.712520916933877
3751,36.976785351581,-120.59051168527,36.981593557522,-120.5646477309,2.3588463015421475
3752,18.30471675998,42.727510250103,15.681885614538,-85.933139228495,13241.799449374059
3753,-5.0137627777777,80.743470833333,-2.2285344999722,-80.925249899972,17825.25904953015
3754,12.24918031973,-69.051446107506,16.7893618,7.9844935,8258.00235553641
3755,24.3238452,72.8602915,8.9474626,-83.4601855,15510.610490717916
3756,25.3447644,93.3717899,-9.6732389,-66.8790326,17297.9319537909
3757,12.492853865722,-69.925113887312,-45.871285,170.69591,13261.013404891752
3758,25.3882399,92.9833398,-3.0296887657658,-60.004819944444,16204.594485305217
3759,36.977068055556,-121.90567638889,13.467829324238,144.79845198721,9398.684641907192
3760,23.4685053,-75.7174064,1.9929092897326,-157.38374008229,9069.42221800714
3761,-2.227127,-80.91759,-5.3781872999722,-80.624970899972,351.88246487734835
3762,-35.128744195587,150.07251407355,-30.568156986388,147.49164403187,561.4437511831878
3763,25.2850653,93.2914635,-3.6177156,152.3979783,7130.606541035935
3764,31.6432941,118.9916677,31.6508532,119.0308152,3.7998252552114757
3765,38.08276143037,-46.511597865016,38.08449109831,-46.029222004383,42.219269810177195
3766,-11.273354954312,24.985066218172,-11.820269609191,25.153872414086,63.53398211695843
3767,2.8053274378207,23.870960762747,32.3663337808,-64.6743241511,9704.05689109
3768,25.2634273,93.2088223,26.1970408,-98.296833447177,14161.20141278066
3769,-23.2785111,-55.5326917,-23.089992659674,150.27566436247,14153.06601152693
3770,25.2789469,93.2423345,-9.772292946272,-66.810521613498,17293.545358457653
3771,7.1114000608333,125.60980477083,-22.807553800002,43.610127699997,9501.66050536152
3772,-52.253354283179,-68.934351626277,-52.599480528817,-70.19167114427,93.53524400430258
3773,-29.04117264708,167.96237675312,25.012352100001,56.362534100002,13320.646991668882
3774,25.4326739,92.7426557,25.2980781,93.1418133,42.806927912339056
3775,-19.0467370835,72.5752975,24.478533072399,39.595192680136,6015.088044424518
3776,13.62038550904,69.030255963277,13.62038008113,61.92160832791,768.1887166443607
3777,36.972621506828,-121.82026427632,-23.5796657,-67.8957698,8785.893054792203
3778,37.05678259026,-121.02413686004,1.3654443184654,173.12088907207,7792.573765636478
3779,10.940413399998,-68.278404,-36.75861296,-59.80522606,5377.4620069933935
3780,14.691149900003,-17.470594599998,0.0,0.0,2521.678781800532
3781,-6.2901198,176.31460999997,-6.2905141,176.3145172,0.04502789660134387
3782,-20.9198452,55.5284266,-4.6210552,145.5604292,9827.559693261372
3783,25.3166617,93.0663941,7.5152978680556,99.060185752222,2079.095862349574
3784,-23.0383019,-50.1925433,-2.242472,-80.920922,4038.3194897383096
3785,-13.331731644456,24.844191337131,14.87669518318,-24.718913531534,6291.390369042755
3786,-36.888761609382,15.852724163759,-7.2404338928006,112.77933269549,10135.176712102568
3787,30.548556522674,-81.81868342931,15.122714146667,104.30425288333,14894.569052094857
3788,-23.9676955,-65.4588478,-3.1348487263099,-60.008725129877,2389.3065005527565
3789,5.3687306348963,162.98963057657,-12.8388057,45.1286142,13156.883119225418
3790,7.0754853659148,125.61097763033,42.4632740004,-82.8990323465,13795.570372899267
3791,37.017913055556,-120.54519805556,23.6118956,90.2495966,12541.29361817105
3792,25.4281438,93.3166783,25.3194171,93.0187313,32.283410823420965
3793,15.1216634,14.912112047037,15.1216634,27.969868191852,1401.4734689241875
3794,30.5845798064,-81.831409312,-43.7367419,-176.2628008,12628.086683913381
3795,12.527264622042,21.716979537162,23.78156,-110.135434,13406.532090088403
3796,-21.2062368,-159.7921124,-12.25890465,-69.148047170833,9583.147545592441
3797,14.8109518,5.832023,33.516138700002,10.3857115,2129.8893401961136
3798,36.97789177956,-121.88490511809,-5.354813,104.972425,14107.528191519677
3799,30.5007658994,-81.7899612692,-8.4903773,126.6645843,16179.33988887305
3800,7.1111036666667,125.64985484667,-45.2332188,167.81156509997,7174.966351657789
3801,25.2657001,93.1901973,3.2112928786364,24.086302449034,7756.930150917114
3802,7.1131111716738,125.62093714735,32.7231527,-16.7672988,14062.59724694358
3803,36.982054430194,-120.51040460275,-12.834819,45.1361703,16973.466186837235
3804,-20.921701077778,55.536390044444,1.1579398999988,25.255915799998,4107.69405597466
3805,7.1795073778383,125.64391657993,-9.8024672,-66.8502922,18610.592808722384
3806,12.210986469865,-68.997885262273,15.125810955535,104.30465057229,16887.222765247272
3807,25.6512483,94.021443,-45.004523,170.758391,11030.650789492563
3808,36.952360591706,-120.530108566,36.95247018536,-120.55000004131,1.7675937849592058
3809,5.2698238483667,162.97713537546,-5.210786,-80.62373,12975.98504286248
3810,0.33742999999998,108.96391442865,-20.935441541667,55.532459711111,6264.14729223866
3811,36.981375077394,-121.90781822665,-35.3953061,-62.4282893,10120.485047462591
3812,30.6547162523,-81.8769828617,0.0,0.0,9231.208212872785
3813,25.4588798,93.3888851,-35.002573125664,117.87282231308,7200.329398235212
3814,-23.4123361,-57.448175,-22.721768856049,-22.721768856049,3544.8589598256804
3815,-45.920304278665,170.41144058969,-3.9893352076181,122.51698689218,6558.662392525761
3816,25.325154,93.059755,5.6175725438889,-0.24607457194444,10071.262122767168
3817,24.527093576417,43.601311831799,-30.226454525308,149.42720057626,12792.601063260805
3818,12.247684887665,-69.036460553304,2.0430406261333,-157.46662308782,9788.8628183207
3819,25.3194171,93.0187313,25.4281438,93.3166783,32.283410823420965
3820,36.97365651474,-121.74154825089,-29.035323887644,167.96355786105,10366.997724124134
3821,36.984481043259,-120.52721869947,36.976785351581,-120.59051168527,5.6868655652017805
3822,22.585223557875,131.76154777249,-67.569901666667,-68.127576666667,14826.347762183548
3823,33.103692833306,-8.1914285,33.104336333306,-8.2499535,5.451828409010367
3824,-2.228743,-80.926077,-45.0768863,-72.0908437,4842.423778964999
3825,12.230441138338,-69.026345755884,-4.6210552,145.5604292,16121.952836150165
3826,26.16823147127,91.764938384435,9.9269745017737,-84.061892301651,15976.20355994146
3827,12.370033286732,-69.152463065173,-8.34578835,113.60496022,19475.490420988695
3828,32.014828327425,118.7772398353,10.257615195833,-75.343937170833,15080.484585445529
3829,-23.043791666667,-50.81515,15.12266207,104.30443629,17260.988200582684
3830,23.78156,-110.135434,12.527264622042,21.716979537162,13406.532090088403
3831,-54.619952777778,-67.414733333333,-35.549632099972,-72.5669876,2157.329868080263
3832,9.953613303532109,12.037215294097493,9.7497690271206,49.195275094472,4068.7438961348766
3833,7.0518755461847,125.55510891968,15.12266904,104.30449055,2483.993819561846
3834,12.205291620007,-68.990656209987,43.023760669069,-114.39542761644,5533.59090525592
3835,12.231238899215,-69.027442799462,-35.431257377193,-72.441209181579,5311.995885090102
3836,7.1329604785408,125.66170162446,7.1111579294294,125.63224614114,4.054636618712272
3837,26.7210389,78.375975,26.6844028,78.3719417,4.093403028680931
3838,-23.0375525,-54.191813243333,26.5078918263,-78.7092493661,6107.808207014421
3839,-51.834501420538,-58.289354898405,-4.2477972,-56.019011700003,5295.573049460127
3840,37.056946260434,-120.82693593522,40.144857956762,-74.954838823552,3956.816580489183
3841,35.219562697718,-97.487441509363,35.186269101101,-97.490938954052,3.7156923876638475
3842,7.053749825,125.598471035,15.5181004125,-88.022790445,15541.46743427963
3843,25.3423455,91.8895624,6.8774388,158.2890641,7312.734851159459
3844,5.1076762246475,-1.2524351662492,25.014427,46.5192725,5547.389687072919
3845,-2.226944,-80.936413,3.7089848810333,98.624276292215,19843.222784693935
3846,26.5286556,78.7752389,5.1045711,-1.2507924,8763.099434836506
3847,7.0736910658083,125.5733867103,13.3630046,62.343037202846,6938.275102640198
3848,7.0690269594595,125.60204793393,36.977068055556,-121.90567638889,11481.33881238467
3849,25.2980781,93.1418133,-19.681756555607,-42.981760888897,15483.78440952894
3850,12.245036346108,-69.061529196407,15.12184504,104.30762916,16885.693018089572
3851,7.0804618455949,125.57460410854,-12.4416724,-40.8516048,18413.2318130053
3852,31.6412511,118.9802625,-8.5956531883333,115.07283399667,4493.404887004783
3853,27.401689999972,153.07596,34.713293374876,10.401528527607,12070.942160952465
3854,-23.3103275,43.6594732,-23.307629399997,43.660030699998,0.305369023576879
3855,25.4089238,92.8557208,14.878135047353,-24.732251331471,11909.488662955015
3856,7.0949408666667,125.62633981333,37.745120582402,-25.643317195084,14207.240243767043
3857,25.3600378,93.2223175,43.93884225067,-59.878215791549,11836.10955075004
3858,25.3547247,93.1688585,0.0,0.0,10325.933049997355
3859,30.6284458901,-81.8512189731,-33.369730200003,22.108935700001,13006.977227117046
3860,7.0837750233333,125.59568502667,-0.54164259726368,166.94750134861,4664.536765893784
3861,10.165262866667,69.5354492,7.7125399470175,52.334574924211,1908.67762710236
3862,-20.937348252778,55.525320741667,15.0697594,5.7559597999975,6748.18011862223
3863,-21.204836,-159.7856135,7.1168785833333,125.65453286583,8715.061784261543
3864,12.272908223201,-69.063698921746,-52.666833488929,-70.822031407857,7222.932092603136
3865,-44.7037852,169.1492785,3.6840420803357,98.658156789568,8778.821272532323
3866,25.4716806,93.3792502,32.3567039799,-64.7172090691,13178.389146105015
3867,-4.4893256,145.4218194,-12.418589540625,130.83233970937,1829.6423102526762
3868,35.2277986,-91.7083128,35.2515281,-91.7406569,3.948503389874191
3869,26.1215345,91.7871537,-5.387072,104.964133,3780.76063489975
3870,13.2568357,144.6769562,-29.052975114103,167.95778731026,5327.87033107875
3871,35.2242878,-91.7413514,35.2486306,-91.7213103,3.261861539643649
3872,14.6607279,-17.44161631,-12.8413365,45.1242301,7535.653263320053
3873,25.13812028662,55.427160639437,30.984870700001,29.6898502,2601.169271014503
3874,7.0644814433333,125.6070861225,-45.394949199972,167.7587058,7182.108716010056
3875,7.065585582756,125.61355146382,15.698133021055,-86.502849586907,15665.93519541687
3876,6.3988614,125.2295224,26.219322777778,-98.149464444444,14097.273853667966
3877,25.1371568,93.0194201,9.1465737612613,38.149238913617,6051.263541250573
3878,-33.78272263875,121.78755508225,-33.780256851557,121.78560058449,0.3283383823622969
3879,25.2563295,93.0035318,7.4982797,134.5445831,4823.564622483653
3880,25.6540875,94.0182227,-33.702195680013,121.83690898799,7224.787057424398
3881,25.4093448,92.8311402,6.5139199000018,81.6923032,2411.676376678414
3882,25.3348686,93.0593641,25.3166617,93.0663941,2.144272292575053
3883,32.482235299998,119.9404053,0.0,-180.0,7238.908413839305
3884,25.3382871,93.3639343,-35.028160300732,117.8841640499,7191.861028031413
3885,-15.314032333182,-70.216872313636,-0.2767229,36.117331,11749.163984189474
3886,0.0,-180.0,0.0,-180.0,0.0
3887,-20.3502867,-70.1619382,22.209683055556,-159.40616138889,10773.92475146188
3888,26.939457,95.2482529,18.4909266,-77.9240542,14910.05715323497
3889,25.2746007,93.2707274,40.268161885542,-11.799522416234614,9391.320729862473
3890,24.6279222,77.2239417,26.6844028,78.3719417,255.9840879585922
3891,-23.5763127,-65.3974436,-23.050159,-67.861712,258.3495885323704
3892,-32.411095995338,134.44192829254,-0.2957129,36.0915909,10772.850840211206
3893,-15.181928353753,-70.357098071418,-15.008608190692,-70.389367592033,19.58122654955016
3894,31.9187383,118.6654347,31.920515,118.6675673,0.28203287706055513
3895,24.7408597,72.208908,-21.201464098442,-172.02016182663,13487.763555090238
3896,-23.571215363172,-70.380314870283,-23.565639902373,-70.388394456949,1.0307528164185351
3897,25.135505,55.443678,1.9413685,44.9406782,2814.2193011657723
3898,-20.9235712229,55.5291107993,26.5060103405,-78.7082446273,15338.908570787553
3899,24.6097293,72.5091502,-26.212495158333,-48.913244716667,14180.742479742357
3900,-23.399413888889,-57.441466666667,-33.1981185,-70.6597627,1688.97769873041
3901,-23.52144943,44.32332319,23.494327,-110.20657,17421.450259453206
3902,-15.478115688,145.258310696,34.193465965479,134.43483699353,5640.824296156747
3903,25.912048300002,91.8769488,25.5301152,45.943164,4577.2694520048435
3904,-37.151809664469,139.80956015468,-37.091614146646,139.804967833,6.705808700396928
3905,5.2240501,5.8345000999722,-16.3160325,-39.0441986,5485.590172338278
3906,-22.938138892371,-54.10042757088,-22.949360405079,-54.117076759444,2.112685287998729
3907,-20.935441541667,55.532459711111,-9.5273573884932,160.09058710873,11111.337584282053
3908,-63.890316,-57.593372333333,-37.215844615033,150.0140722819,8512.401910075048
3909,-33.424931,1.6e-05,-63.898693083333,-57.611679055556,5144.145033723176
3910,32.429022,117.497986,-23.0375525,-54.191813243333,18689.76016453687
3911,-20.926957552778,55.520573986111,-20.932073427778,55.542114486111,2.308352078256579
3912,-15.421932135737,-70.145574597276,-20.3502867,-70.1619382,548.010757819628
3913,27.945975,179.8463067,27.945975,179.8463067,0.0
3914,-20.925073486111,55.51792665,32.378672529,-64.6893682424,14013.356577816734
3915,15.167260463795,120.57198416479,21.106992,-97.638133699998,14213.708838676652
3916,7.0750212,125.7068059,-0.52007782916667,166.95843524603,4652.994889550816
3917,24.0649878,90.2153835,24.0318229,90.2635312,6.123947970993121
3918,0.0,0.0,14.691149900003,-17.470594599998,2521.678781800532
3919,25.2649047,93.2097398,2.0745461,45.3404957,5733.093935232294
3920,26.1708873,91.7555083,-45.5724956,167.7070347,11047.238352615672
3921,-20.641895700001,-70.1807164,-37.072505,-58.999594,2123.005758254684
3922,7.0604694999722,125.58789179997,-5.783787727356,-35.332649230957,17902.254892182562
3923,-13.090814501309,25.265801853676,43.939628128418,-59.877183952711,10631.505761736586
3924,6.0623225363333,121.02501228033,15.1659176,120.57501999997,1013.4648129767118
3925,-23.4139056,-57.4391639,-17.569602777778,-149.60576944444,9453.345726466798
3926,-23.0355615,-50.1952967,-34.9380411591,-57.9357197895,1521.2945243474635
3927,6.6438383,125.3204084,7.1425128999722,125.65835819997,66.83180885704259
3928,-67.572003333333,-68.129756666667,-56.936169438562,-28.01449480592,2330.2390899770867
3929,-23.414630555556,-57.447038611111,36.971719415593,-121.79561777511,9507.672099102938
3930,-29.050939339036,167.97615698799,-26.285084908333,-48.866572625,12714.553220374444
3931,15.1669291175,120.56863418333,15.164981263333,120.57173395667,0.39696887203217446
3932,34.034012812066,-109.91828271207,-4.1605240935065,138.98136558611,12205.260265170988
3933,-23.8453289866,29.3964301888,0.0,-180.0,15882.27404603645
3934,7.0880320938889,125.57079373833,3.7487179537655,98.674987751255,2999.7004304007255
3935,-20.925321008509,55.519126762095,-45.4234183,167.73291459997,9965.779195871548
3936,-27.092759684074,-109.3809288,-27.092377102614,-109.38093769869,0.04255023711007729
3937,7.07549656,125.61956604083,31.911827460118,35.852546975948,9570.542035914073
3938,7.0856918,171.372668,-13.447187,-172.3856599,2903.2795223107114
3939,-23.040694444444,-50.814330555556,21.002346038818,-89.611503601074,6454.142938976368
3940,-36.581907017867,150.01136401257,-3.0535643966667,-59.950932693333,14624.961712318485
3941,26.5324111,78.7645889,-4.6086811,-56.3244187,14663.436087457192
3942,13.582127159628,144.85558587899,13.581495048142,144.85507908216,0.08911174797132047
3943,38.07065375479,-49.88822888945,38.06027574715,-52.78248405325,253.36856903005022
3944,7.1479132,171.0312732,7.1190922971934,171.05716343059,4.293062656178768
3945,33.976059291625,-109.84228854801,-45.5724956,167.7070347,12101.789755241452
3946,-22.998853093333,-54.190272333333,26.6998944,78.3679222,15237.391315891971
3947,30.5664857,-81.8335613,-34.431286545838,172.68294668356,13176.38263739514
3948,10.3579193,50.1804859,15.1118327,20.95030928,3211.330618811397
3949,5.1045711,-1.2507924,34.950704773537,10.49442155697,3531.4132492216168
3950,-23.4143833,-57.4397803,42.8805745,-117.9628941,9621.984181383415
3951,-6.7918987428571,155.715277325,-6.8183309767959,155.73419542621,3.6057559330770736
3952,-33.727932195276,121.62311758766,-33.72764425,121.62069525,0.22629228013553573
3953,13.4772331,144.7495761,30.949792300003,28.773003,11587.360730599024
3954,-22.927298533333,-54.49202541,-23.256352666667,-54.228240033333,45.461660211967335
3955,35.2332,-91.7521139,35.2318183,-91.7528503,0.16756535407923095
3956,14.698402199998,-17.471813,25.952641899999,89.250807300002,10897.375137917588
3957,15.6658955,80.1679584,15.5696658,80.0749939,14.615328962913013
3958,34.713293374876,10.401528527607,27.401689999972,153.07596,12070.942160952465
3959,13.3018966,144.6592716,13.3852907,144.6575184,9.274940672123773
3960,0.0402638,109.23685559997,39.436444756583,-31.257930770528,14071.188711140578
3961,37.028234782338,-122.03940141747,-18.63348579481,-174.0197468724,8242.36389332823
3962,24.6242810413,-76.1555572227,-3.0460111158333,-60.0765067175,3533.215648350027
3963,-4.9660237486415,-14.860836405578,-4.7465500962417,-14.204061043894,76.75113152667743
3964,-23.56334053464,-70.390960173433,-23.560040727888,-70.391096666177,0.36718541375365243
3965,-23.558376369718,-70.395132606554,3.6700112782324,98.667164630626,17510.8709234619
3966,-20.220628126238,-70.151591808016,-17.547327777778,-149.58493611111,8277.152021755923
3967,37.066491897,-121.978849293,-7.265203737475,112.79586616566,13587.242655086708
3968,-23.8555868436,29.3859861698,-19.317029730603,146.6960782654,11697.791238746066
3969,35.2294831,-91.7071078,-5.7911758422852,-35.331783294678,7442.556094616471
3970,-23.571073805763,-70.390846289529,-44.6965559,169.1715924,10318.603052985352
3971,-22.647627,-152.8052988,6.4183082999975,81.1350115,13972.007320829309
3972,31.6528539,119.0112359,16.2542785,-61.574146899998,14687.69054138899
3973,-22.764423399907,43.6199496,-35.206660250914,150.03553747325,9942.80032131499
3974,30.551521164488,-81.820821426009,2.9474946,9.9169519,10007.179194748203
3975,-23.782973299998,29.529656299998,-35.3847242,-62.4161963,8671.398285809215
3976,-23.3930056,-57.4462111,-23.417433333333,-57.426319444444,3.390911031534965
3977,-15.008608190692,-70.389367592033,-15.181928353753,-70.357098071418,19.58122654955016
3978,-20.287733283165,-70.104071039764,15.32958170663,99.83076447956,18815.84307052354
3979,-23.560040727888,-70.391096666177,-23.56334053464,-70.390960173433,0.36718541375365243
3980,22.656196830701,131.32812374948,22.674303654107,131.21703545072,11.57495179460857
3981,-15.8243648347,-70.031711742615,10.4811222,-73.2816767,2946.8353657378243
3982,-35.514926755141,-32.608901750955,-35.698729345905,-32.629412049682,20.52185580963515
3983,-16.1471696,-38.9626693,15.133491366667,104.30453826667,16085.358253714245
3984,32.3806630634,-64.6806394961,32.3567039799,-64.7172090691,4.3466695391183485
3985,0.069073902352942,0.40729383686275,15.1323222,13.995508835644,2243.8035619461125
3986,15.1498291,15.875706119097,15.1498291,25.274303431183,1008.6780130688336
3987,31.7885523,118.9671274,23.78156,-110.135434,11927.514034671969
3988,-15.369837329167,-70.168149754167,27.0595794,142.2048687,16429.94285057455
3989,-18.470601977905,-70.286741497878,-5.783787727356,-35.332649230957,4042.4879803627036
3990,-23.406016666667,-57.444983333333,26.5335667,78.7615111,15607.892893464967
3991,-35.300490399249,-32.584973069108,-35.269856634122,-32.581554685987,3.4204213680535576
3992,12.321931168508,-69.141650769924,26.3442817,127.8582418,15339.184584957544
3993,-5.7986751689082,-17.338313303206,-5.7254426336942,-17.119344555597,25.557185045192675
3994,35.2496608,-91.7404781,14.9483504,102.12600399997,14244.930686884443
3995,12.161697961671,-69.003645183009,7.828204,52.186279,13145.345161967341
3996,30.553558333333,-81.792669444444,-3.0373292846442,-60.015121970037,4392.084268140526
3997,-9.4572040523428,160.15096300499,-43.827724,173.04444,4019.844399480336
3998,-43.7440258,-176.2740508,-35.824420194747,-72.604176182061,8290.427838839825
3999,-23.565639902373,-70.388394456949,-9.4246195533333,147.40237422278,14508.057950618499
4000,-23.3958222,-57.452475,-23.2785111,-55.5326917,196.43817518954208
4001,-23.586493443549,-70.390179361763,15.12266207,104.30443629,18922.048250876265
4002,-23.590816135033,-70.39110581451,22.101719722222,-159.35357583333,10871.562841269308
4003,-7.1168608027612,-21.279750760175,-5.7986751689082,-17.338313303206,459.48202448561335
4004,-9.4246195533333,147.40237422278,-20.925321008509,55.519126762095,9827.843351764936
4005,35.2479181,-91.7542314,26.243561388889,-98.149675555556,1172.3220096573375
4006,-16.286269999972,-39.023334099972,-14.724670287546,-56.299666487679,1858.6768439562745
4007,0.83739966057936,73.40948160929,-25.214231606361,45.835292483615,4145.774284821816
4008,26.1970408,-98.296833447177,25.2634273,93.2088223,14161.20141278066
4009,34.004307676484,-109.75577028998,31.911827460118,35.852546975948,11849.221298546474
4010,-43.7469653,-176.3705522,-43.7469639,-176.3788358,0.6653990849927013
4011,26.6971583,78.4120694,26.6893472,78.3958639,1.8292730890872901
4012,36.995491388889,-120.57239972222,31.96537989378,35.825716358051,11964.279498529268
4013,31.6356593,118.9743126,-0.51659897763441,166.95827440495,6181.233315274013
4014,35.2305339,-91.7922503,-7.2340232800633,112.77820307998,16018.401884989042
4015,35.2479511,-91.7119647,10.42888109828,99.055432082064,14811.3098072914
4016,32.385124499,-64.676198177,12.09433060605,21.35891025641,8923.607767221594
4017,-14.88893538567,50.272758142679,24.09120790404,-110.29909956727,17739.633914592057
4018,-8.070801,-79.04564,-33.463317131,-70.6571568597,2952.0811679122294
4019,-8.066857,-79.045182,-3.0764912083333,-60.07930048,2170.3086024100276
4020,-1.0169444444444,-1.0169444444444,18.305083880005,42.725071300045,5241.637491936577
4021,3.6186697191667,26.159031058472,7.300275015,52.896162250833,2986.9595961829077
4022,35.107224820163,-90.581351962905,-22.679874384722,27.138295182778,13893.731923187113
4023,19.883200411511,41.330940328896,19.895704435229,41.293091573381,4.194683926698325
4024,-32.56772407688,134.28587637006,-23.161310920511,-65.372757308574,13476.216660605507
4025,35.2408992,-91.7341764,24.611756885912,68.452260796751,13040.428720454493
4026,-35.123715475833,150.07969206267,27.0940503,142.1938819,6967.784576665921
4027,37.090186114361,-121.11680966477,-8.5499,125.5391733,12644.831613483995
4028,-9.4410074517065,160.0845352359,40.155536327365,-75.140917857966,13609.978721338848
4029,37.000910975,-121.57499341667,3.6867012055156,98.656779346163,13869.589629701226
4030,-8.067898,-79.034266,-9.2774299433333,147.23037523333,14539.970494273866
4031,-16.812569535081,179.28838025985,26.117764357673,88.61392499669,10885.997857492268
4032,-44.67882686,169.16112362,-44.6849824,169.1789408,1.5661481537924815
4033,-32.755375500998,134.6393113024,-32.702195876333,134.81550834717,17.510422544519706
4034,38.08016692846,-47.235161655966,38.07930209449,-47.476349586284,21.110776245509125
4035,27.945975,179.8463067,33.406681810282,0.74231184153226,13192.328033982569
4036,35.22046490067,-97.486467713552,44.4797003,-117.4660033,1984.2662690331006
4037,-67.568213333333,-68.123738333333,-77.8461213,166.666075,3445.460129057822
4038,31.043770300001,28.4152128,31.039444444444,28.446609399998,3.029615818112866
4039,-6.7526764401735,155.69334267742,-32.404673685367,134.52012989667,3596.6210755855623
4040,34.07481252,-109.86306175,15.072327570265,-23.699710743279,8729.82877281266
4041,-4.1604967901786,138.98135080357,-0.54645035555556,166.92318720899,3129.704652614753
4042,18.066656731996,-15.916271306419,18.083948813103,-15.901569908276,2.4722841627200345
4043,-6.8045285989418,155.7204090173,18.302639530004,42.71909547,12668.151213751007
4044,-9.4389507589219,160.10443376208,6.9368541,158.2786879,1832.1064040189399
4045,-43.742728400528,-176.34191538226,38.352756900002,-107.8443453,11429.633762776231
4046,14.6926512,-17.473915,9.6002016,138.166284,16206.154401794905
4047,33.998344373957,-109.74997060835,13.628652461417,79.277966738117,14633.652520054264
4048,35.2350278,-91.7735594,-33.463317131,-70.6571568597,7948.974169053721
4049,26.277415561404,-98.169476010397,26.28329598727,-98.165747624323,0.7521508654172152
4050,36.97479085287,-121.82391601563,-34.9395599,-57.9713365,10363.618810572743
4051,37.030175426489,-121.7851112805,0.0,0.0,12772.54959070882
4052,31.80736,118.575217,5.13500512,9.97828908,11438.721447388292
4053,35.227797556958,-93.97266573631,35.226542352243,-93.964270545468,0.7752196338259952
4054,-37.183538639396,150.01135792412,-37.184693828776,150.01516515336,0.3609097747869013
4055,-13.6405892,50.018783,-13.6293495,50.0122388,1.4359975175114839
4056,23.5022494,-75.7697986,-4.0122310731154,122.50960788849,17091.39321760685
4057,14.703587571578,-17.47459478092,-26.6370865,-60.868478700002,6564.814888667832
4058,37.076209722222,-120.43562305556,-2.22038,-80.918027,5974.012814494722
4059,-29.041301789473,167.96368911841,-26.853352599998,-65.711385499288,11569.792806009522
4060,-13.208537578583,136.89821052551,-35.5513569,-72.572001299972,13769.271832557817
4061,-6.7276256,155.6349232,14.9146152,100.40404959997,6545.0708073821115
4062,36.95247018536,-120.55000004131,36.952360591706,-120.530108566,1.7675937849592058
4063,-4.5752210481667,-55.927467816833,14.900123422143,103.72543378571,17510.22798220042
4064,-33.872090307463,121.8909173393,-33.862253267504,121.89370373769,1.1236755533486364
4065,-67.569901666667,-68.127576666667,-67.569901666667,-68.127576666667,0.0
4066,-5.9676139918495,24.73725271348,-0.3823472,42.4966454,2066.4439598930467
4067,-37.259337797469,150.04807442732,0.0,-180.0,5159.562196793013
4068,35.2310642,-91.7073739,-26.285084908333,-48.866572625,8189.219204392831
4069,31.9341452,118.8751311,-14.132214599998,50.061151,8930.354461660496
4070,-36.772232825823,-59.816982758126,-36.777356278679,-59.823041202402,0.7846869793868312
4071,31.6828015,119.0130086,-43.7505406,-176.4525764,10638.6288071539
4072,-32.736462167667,134.77828921533,26.5074748266,-78.6569824163,16724.096491273063
4073,35.189633577655,-97.488549482612,36.971719415593,-121.79561777511,2187.4109044915613
4074,-37.337603839149,-59.11456033593,-16.3359181,-39.023955,3056.034509978159
4075,35.2398986,-91.6954422,35.2515281,-91.7406569,4.304818162634959
4076,-14.1439936,50.045943399998,31.911827460118,35.852546975948,5339.932576375997
4077,1.6361229252174,0.90355836695652,4.3806059185217,25.028566764696,2695.8954140541828
4078,26.6893472,78.3958639,26.6971583,78.4120694,1.8292730890872901
4079,35.2504164,-91.7703903,-9.4145455654349,147.4436789542,13393.23088591692
4080,-33.816979316017,121.83648421212,-33.825633713453,121.85139497686,1.6802927885601955
4081,-44.7031091,169.1481888,-45.4181932,167.7125989,137.96876900168178
4082,31.6465925,119.0242493,-53.166195957273,-70.907669255,17492.70582549811
4083,37.011661045288,-121.57085018244,-9.7810283907969,-66.842397503134,7714.932755103794
4084,-8.0712174999722,-79.0059901,-2.2710363,-80.9246059,679.0185994771649
4085,35.226255,-97.481417,5.6098142,-0.2031353,10304.597192487767
4086,37.090726152727,-120.45512997131,18.43175284805,-77.94577416975,4618.606353243357
4087,-32.748654594174,134.51427916104,-32.696121814371,134.81035936261,28.307037202204107
4088,-0.54164259726368,166.94750134861,-19.325760657371,146.70762780478,3037.624618326454
4089,25.5026362,45.9983265,25.5530359,45.9043112,10.972562514859508
4090,-17.59760865,178.25153416,-17.632104707778,178.26022862444,3.9449118265641556
4091,34.030460508788,-109.86925833747,34.004164194622,-109.90452755269,4.372232292744227
4092,-28.94679311032,-39.300779446802,-28.92241027184,-39.33316746873,4.157512489812608
4093,35.2442944,-91.7050972,-35.237336521602,150.0069075663,14507.730018828252
4094,37.027611319848,-122.02449014476,5.1111462,-1.247524,12307.666701980352
4095,42.559008333333,-82.163377777778,42.557027777778,-81.978783333333,15.120880467458237
4096,-37.184693828776,150.01516515336,-37.183538639396,150.01135792412,0.3609097747869013
4097,24.0233815,90.2885848,-22.803930776012,-54.731025830761,16452.272789648698
4098,16.101831899999,168.1416249,-34.431286545838,172.68294668356,5639.531085111379
4099,26.209431271543,-78.126289797348,-51.839011521966,-58.351767155567,8890.759256170051
4100,-0.54199540552028,166.9137656537,-23.5050826,-67.9791567,13518.344890222548
4101,42.582188888889,-82.397625,42.424127777778,-82.184655555556,24.77308812921769
4102,-33.862253267504,121.89370373769,-33.872090307463,121.8909173393,1.1236755533486364
4103,35.186269101101,-97.490938954052,35.219562697718,-97.487441509363,3.7156923876638475
4104,9.1242454097363,5.8018835221095,24.740695756211,69.24321062734,6909.731719304012
4105,14.772873333333,5.8224316666667,16.7914612,7.9858408,322.4311789332532
4106,44.2931784,-105.2407044,44.3258406,-104.5014123,58.936180298710624
4107,44.115067870137,-103.42558429996,16.050338199972,80.909289299972,13310.51231605217
4108,34.2564945,134.67930659983,-3.9893352076181,122.51698689218,4439.754352381514
4109,42.540702777778,-82.166966666667,-34.930421354,-58.4885494784,8944.53480938688
4110,24.9723433,-76.1836061,-77.8462184,166.670845,13341.886298363408
4111,44.7490122,-107.1299929,-4.6210552,145.5604292,11731.733114235434
4112,5.368861,163.0145351,-0.5317314467631,166.95124195892,788.4127561176074
4113,-29.052318386846,167.97942947511,9.940101,-84.002387,12286.752480051153
4114,42.5446025832,-82.8784473376,26.2140944,127.6818047,11752.530789070555
4115,42.420508663556,-82.943127834222,15.126359573162,104.30471602371,13573.266917894718
4116,-36.507694,1.5041827707184458e+18,19.877395810001,3.0114187500001,6759.756073075187
4117,42.4280214,-82.9579972,8.9474626,-83.4601855,3723.1917187275735
4118,42.555339008167,-82.899637036833,-3.051847805,-59.951631583333,5571.616479106421
4119,42.418363628667,-82.954365201139,1.9865728860564,-157.47187537393,8592.188017444496
4120,42.4632740004,-82.8990323465,7.0754853659148,125.61097763033,13795.570372899267
4121,42.404765592778,-82.964413005444,-12.8388057,45.1286142,14059.70799930192
4122,25.3810067,49.2165426,25.37781,49.275763,5.960093914250894
4123,36.990348208518,-121.38367353548,-4.5651456880952,136.87114504127,11355.25203423838
4124,42.4204442,-82.9833808,42.418391192278,-82.950761093417,2.6873697692287006
4125,42.433958487778,-82.951999010861,42.4204442,-82.9833808,2.982029229603954
4126,31.191734899999,27.4662472,31.1937005,27.456618199998,0.941622801675408
4127,-37.3154539,-59.1004386,2.0430406261333,-157.46662308782,10884.761848081793
4128,42.4422868,-82.984493,42.4232215275,-82.982395583417,2.126938470534809
4129,42.538955999972,-82.950924498528,13.640689653439,79.373231637566,13512.335100191272
4130,-37.318478,-59.0963849,31.109353100002,27.829637899998,11793.817670224416
4131,32.3695520125,-64.6531316824,-34.9394850344,-57.93646988,7517.203277006655
4132,18.428482819133,-77.947127215167,0.0,-103.33210709999,3447.6526887858836
4133,-43.7422528,-176.4825608,-36.70785512247,-59.758814696964,9030.046239487538
4134,7.3917733119792,51.936923922812,-19.685895084614,-42.988838350256,10796.460042814211
4135,42.582255555556,-82.400016666667,42.549191666667,-81.802730555556,49.05277896854441
4136,42.4336654,-82.9850232,7.1201330822604,125.62255711588,13789.194462754216
4137,-44.6849824,169.1789408,-44.67882686,169.16112362,1.5661481537924815
4138,42.427185833333,-82.962631388889,-23.036976095246,29.912523820948,13551.805820935133
4139,42.439527158583,-82.919981964389,-45.4115234,167.7077716,14535.937394138533
4140,44.3258406,-104.5014123,44.2931784,-105.2407044,58.936180298710624
4141,42.4092025,-82.9508603,-9.4181027208333,147.42759038917,13909.415396994427
4142,44.951627018742,-106.94542961162,44.953893578795,-106.94772111798,0.3098953841939501
4143,-13.6421535,50.019292,13.481505910934,144.86212046536,10868.758302460346
4144,42.423764899694,-82.928815231472,-26.196212455254,-48.529877771683,8406.125317984306
4145,42.4134492,-82.9418375,-6.170107,106.766494,15873.069175561383
4146,42.4086063,-82.986214,-19.0472571665,72.5749023335,16547.35248738458
4147,42.4232215275,-82.982395583417,42.4422868,-82.984493,2.126938470534809
4148,42.44916,-82.9878408,26.243535833333,-98.149476666667,2269.333492792252
4149,44.100744166667,-103.56043194444,-35.002573125664,117.87282231308,16363.597472836771
4150,15.1498291,14.850119558485,15.1498291,15.662588105758,87.20254529827649
4151,42.418391192278,-82.950761093417,42.398054976861,-82.934462702889,2.6275437828344197
4152,42.4619029996,-82.9039412602,15.121993573333,104.30742734667,13569.62317451989
4153,24.798166372928,70.20590548813,42.7963517,-117.8737431,12453.420667550141
4154,36.963890064542,-121.39493783947,8.5156631000027,39.278204899998,14571.377450837988
4155,42.398054976861,-82.934462702889,42.418391192278,-82.950761093417,2.6275437828344197
4156,42.4196097,-82.9933259,42.4205290635,-82.982580119361,0.8879846226592143
4157,35.2318183,-91.7528503,35.2332,-91.7521139,0.16756535407923095
4158,0.0,0.0,0.0,0.0,0.0
4159,42.4205290635,-82.982580119361,42.4196097,-82.9933259,0.8879846226592143
4160,37.025226178891,-121.52581026183,40.162660373911,-75.089513948093,4004.833910726097
4161,42.4137269,-82.9502056,4.4339865337904,72.958513734868,14266.675547450419
4162,7.1617182,171.0372813,-8.5169750999722,126.0038555,5286.994649763533
4163,42.438713888889,-82.30705,42.549191666667,-81.802730555556,43.13504558166651
4164,35.2487947,-91.7646333,35.2502397,-91.7713692,0.6324182533608734
4165,34.049497288399,-106.88751138133,-25.545144732594,-49.29853376385,8988.696249804072
4166,3.2333333,0.0,-53.030267122727,-70.834086752182,9034.976774236204
4167,23.9989268,90.3450546,24.0124461,90.311467,3.7282380371515766
4168,42.4281331,-82.9566178,10.4000068735,-75.482198037194,3634.796725134907
4169,24.6237,72.738151666667,-15.47637659106,145.2576314671,9035.488734307839
4170,42.404793854389,-82.949688956306,6.5443541,47.2560126,12606.371928343837
4171,-25.237393956924,45.792114334374,-25.20164002086,45.94883678047,16.259205992205455
4172,24.0254894,90.2776186,24.023562,90.2826813,0.5570566211502777
4173,0.84596766127437,73.410531649919,14.701645,-17.4751342,10078.915951409406
4174,26.3247036,-98.684004299999,26.419190299999,-99.021835299998,35.25745778661171
4175,-0.30718620734865,73.428749506012,3.9982087165155,10.016656760136,7061.568205339499
4176,-0.54082728994709,166.91226919728,-0.50723979745715,166.95185644732,5.772654263257932
4177,24.753031799998,90.431284722222,-18.97895625,72.5260620835,5234.950750574686
4178,3.12916112,24.247909606667,33.945222703435,-109.73963821006,13678.190372642875
4179,31.6050187,118.9803758,-6.171988,106.780476,4395.667236252087
4180,-54.854557,-67.470034,15.1227203,104.30428875,15540.426985762082
4181,7.22414174,55.38934896,40.1451746,-75.008066,12701.774512244547
4182,22.62578815995,131.51544113451,-23.857947439,29.3665476982,12172.155769651257
4183,-23.8528642338,29.3917631451,-0.51254254563415,166.92534909861,14693.962845191416
4184,13.3219156,144.672828,15.1659176,120.57501999997,2603.9493871582736
4185,26.6859028,78.4237444,26.6998528,78.3684028,5.712520916933877
4186,15.1323222,13.995508835644,15.1323222,23.310400477911,999.7787297968832
4187,15.1498291,26.540639210909,15.1498291,24.599742125758,208.3166303864721
4188,-32.173762483848,18.86811811111,-25.489088399972,-49.294364,6572.971610565517
4189,-54.441050849906,-36.189440181513,31.6828015,119.0130086,16815.438932870555
4190,-6.2912623999722,176.31476509997,-6.2938309999722,176.3158222,0.30858830169675144
4191,0.13015009997222,109.15608299997,-9.4181027208333,147.42759038917,4367.062640517372
4192,24.615698639364,-76.162467540755,34.9925855,25.4412487,9439.3757901397
4193,-0.51582520174603,166.95620431455,-21.2004776,-159.80921,4276.495683834584
4194,24.619617454511,-76.146202180062,-16.269752038076,128.29468389997,17309.85949893172
4195,4.3806059185217,25.028566764696,7.4917052417681,52.376266671246,3043.6433399958746
4196,39.436336252833,-31.257877713056,-5.7253823280334,-35.203563690186,5038.098677146397
4197,-23.8630588911,29.3883478548,-32.56772407688,134.28587637006,9882.501954476258
4198,27.097247663764,142.1969820469,-23.3920861,-57.4379806,18000.077078769427
4199,35.217591,-97.490035,27.0387358,142.1757061,10679.980000428935
4200,19.714688259253,-79.816401498347,-35.3329425,-72.433894499972,6170.369356994586
4201,-18.029367606944,178.53228173194,-17.684542480833,178.33745419972,43.535740764881474
4202,25.143212550029,55.470953904992,25.14630998502,55.474975825001,0.5315241346934629
4203,-23.161310920511,-65.372757308574,-32.56772407688,134.28587637006,13476.216660605507
4204,-33.730276246333,121.643067231,-33.727183772423,121.61673598561,2.4592240683615376
4205,25.145780006367,55.473816990869,-23.0687021,-68.1090352,14326.621471972989
4206,31.1937005,27.456618199998,31.191734899999,27.4662472,0.941622801675408
4207,-43.7591222,-176.3019122,-23.307629399997,43.660030699998,11517.261538560186
4208,36.423837191559,-146.71266968411,36.430076929541,-146.65980848922,4.780063541020794
4209,31.6403277,118.9962731,24.617042652383,-76.159985506534,13555.435366752867
4210,38.07930209449,-47.476349586284,38.07930209449,-47.476349586284,0.0
4211,-3.6243739618598,-10.823159619913,-4.0130178068343,-11.983733670417,135.8216077258315
4212,5.2084951,5.8104344,-15.310745383627,145.27223314172,15448.665728441723
4213,-23.5050826,-67.9791567,-0.50723979745715,166.95185644732,13516.44576158127
4214,31.6381856,118.9763055,7.0856918,171.372668,6063.708935642707
4215,31.8115263,118.9504438,12.983382772652,21.834012027838,9906.60086023075
4216,14.673430599972,-17.40577,14.6757307,-17.4154848,1.0758423109323312
4217,-25.213126388474,45.893822200278,29.177323401595,-13.425580379789,8754.652652167195
4218,-32.486722054833,134.21540406717,-32.484928672631,134.63234618058,39.10783074279819
4219,-0.6914688,-90.3412056,10.4490539,-73.2831894,2257.1059578913882
4220,34.051734,-109.544155,34.000955,-109.54711066,5.652933260255456
4221,5.1552903837778,-52.657792568194,28.283272349736,69.46963696108,12796.037893030323
4222,4.9117974,-1.7561512,-13.27686988884,-50.49943911117,5748.707333651333
4223,-9.3093606,147.2302825,-52.385788,-68.417147,12362.674266973037
4224,-9.2914651254072,147.22820647101,42.8805745,-117.9628941,11099.075498527702
4225,-23.0288968,-68.1304279,31.963095184788,35.877676365059,12602.1136892399
4226,26.538195,78.7241564,26.5378093,78.7229582,0.12667699254134945
4227,26.50480913,-78.6934325472,-26.693972699999,-65.8028114,6074.292349558416
4228,26.223051111111,-98.156844722222,26.508347999769,-78.648306693202,1941.9873513479426
4229,19.71877667434,-79.768504103827,32.3806630634,-64.6806394961,2058.070451837503
4230,-23.7091073,-67.8300959,7.9796916,99.2728584,17790.92086463232
4231,-0.62985139997222,-90.389415499972,-35.028160300732,117.8841640499,15081.216220943867
4232,18.302639530004,42.71909547,-6.8045285989418,155.7204090173,12668.151213751007
4233,24.0391514,90.2541644,24.1144058,90.0701855,20.466521727502368
4234,-23.7163065,-67.8087871,-22.721768856049,-22.721768856049,4589.153264125106
4235,-18.046050199972,178.45976759997,-29.041301789473,167.96368911841,1622.8236177427063
4236,-21.202608,-159.7939877,18.0685347474,-15.9223446524,16223.348819201663
4237,-18.622396896289,-173.94048387495,19.726274268747,-79.81292724512,11108.756254707503
4238,20.230110122869,42.168445163799,22.71647638919,39.106521878284,420.4714623050513
4239,-23.8108987268,29.382629469,-6.1724307661297,-18.455137697671,5466.358404600963
4240,-23.8477255404,29.3572911434,-23.8505916484,29.397781603,4.130207398493414
4241,26.5060103405,-78.7082446273,-8.6370577127303,115.13233021273,17549.966579485612
4242,15.12219608,22.14801758,-24.336974,-128.3147973,16766.344906671267
4243,-14.92177461741,13.497173152877,16.26629479,-61.51138159,8933.278415056242
4244,3.7109418464768,98.652169904948,3.6674115289369,98.670201673421,5.237608085008754
4245,25.3919347,49.5867632,18.301106450001,42.72378509999,1059.4171579096565
4246,3.685977663482,98.646617957325,3.6955311305025,98.695254005096,5.500421096434224
4247,-37.212032780293,150.00975287883,-35.023515,117.8836115,2882.143703282513
4248,14.685210513684,-17.468833278458,25.7155218,94.1071411,11358.7003082679
4249,-23.8578415755,29.3838375527,26.279242199972,127.74497669997,11937.518667186727
4250,33.516138700002,10.3857115,6.8843647,158.2898803,14391.047680283964
4251,3.7824244491195,98.682284048707,7.9796916,99.2728584,471.2620000101476
4252,-22.807553800002,43.610127699997,-22.834416199998,43.5875604,3.77778123505934
4253,-25.215532443186,45.853960401232,-25.213322117844,45.894338602388,4.069485878431959
4254,34.671588677745,11.026511141018,34.747891878,10.3988268127,57.998889358873946
4255,-2.227992,-80.935876,26.521647,78.727889,16550.178525666965
4256,3.7212208949367,98.67905858481,-16.3387692,-39.0162093,15188.251918613918
4257,-35.003681739967,117.86614883217,-35.002573125664,117.87282231308,0.6202086599054846
4258,18.086228506739,-76.728593872268,25.6871202,89.5873205,14927.701710176725
4259,3.6978022710645,98.686420613193,-31.8558555,115.91279975,4352.740623691843
4260,23.9705137,90.2659653,15.121892324438,104.30750465204,1768.0134795122178
4261,3.6627227152482,98.66641092425,-44.7494579,169.1198701,8775.68699283288
4262,-13.693617700002,50.016381400002,14.669653699972,-17.3985616,8059.50899880005
4263,33.8648075,10.9675091,26.6971583,78.4120694,6411.802463393314
4264,-14.925185821677,13.46609796782,-4.3453082302626,55.768381292052,4774.290144534338
4265,26.5074748266,-78.6569824163,-32.696121814371,134.81035936261,16721.355548474618
4266,32.043627643994,118.75931679554,-29.988205111772,148.15565808714,7562.309325981371
4267,38.3406874,-107.8980316,38.3398548,-107.8984886,0.10079589177022066
4268,-32.422761824092,134.55213994225,-19.317029730603,146.6960782654,1894.1773615098539
4269,-23.615581,-67.8510725,-0.53256871711864,166.91088908644,13528.209390450298
4270,-32.018265672327,115.9135077499,-32.012831653291,115.91939634584,0.820572361914297
4271,15.1498291,15.795204214925,15.1498291,13.078264949118,291.6083820418858
4272,18.0153948,-77.4979975,-19.0467370835,72.5752975,16861.609169085834
4273,3.774744761746,98.703877554365,-44.7354827,169.134991,8782.66158239593
4274,15.117511,17.386710616667,-12.4996056,-41.2007097,7141.848145747688
4275,-45.365228,170.624153,6.9595593000019,81.1151275,10519.350880112648
4276,-23.8327246159,29.3794549908,-8.5235362,127.00752769997,10391.263034549798
4277,3.7604532015323,98.659927119254,3.6656906164733,98.687952454756,10.986414863860006
4278,34.832552195235,10.763838636523,24.920556334635,56.38702438037,4494.741188287993
4279,0.0,-180.0,-24.11353743043,150.1902085292,4184.32114084672
4280,1.3555106,172.9361518,-34.9292952,-58.4901492,13525.903334152805
4281,15.111030766667,18.499495416667,15.111030833333,15.066262993333,368.55402544588065
4282,-0.90052222222222,-89.610755555556,-3.918764517381,143.94138317749,14040.295832720205
4283,3.7229823912294,98.665866958171,1.3717135,173.1459474,8275.76807052699
4284,3.6955311305025,98.695254005096,-5.186706,-80.610899,19832.303442572935
4285,-29.058109297091,167.95692816388,-29.057806617552,167.95597681921,0.09840404456007884
4286,18.34724515465,-77.915905422833,34.034012812066,-109.91828271207,3615.9302738780775
4287,25.5530359,45.9043112,25.6536187,45.7080443,22.636865439556534
4288,0.0,0.0,-32.008972,115.971967,12431.473829756003
4289,3.692186294003,98.690033654723,10.08333101,119.12253071,2363.5642813943914
4290,19.899325898437,41.286261034375,19.893457828689,41.297122509016,1.3097546686436905
4291,3.663212,98.678676,0.0260312,109.25823909997,1243.2082511974672
4292,-0.3025090454978,73.435716278117,-12.8393551,45.1299576859,3417.110741231935
4293,3.7057655758621,98.628461952699,-23.06280778776,29.913418083303,8013.006422879214
4294,13.3630046,60.771811574923,0.87073675001153,108.934900125,5479.452863718116
4295,-25.20560375128,45.929656127074,-25.200724998872,45.953148343067,2.4250003940476823
4296,34.9925855,25.4412487,-20.149406666667,13.193223333333,6266.440406871383
4297,43.2419976,-118.5166453,-21.780158093812,149.3720998513,11809.741826207654
4298,-52.258888004703,-68.930067725212,13.255185185185,38.217860100002,12333.165212113634
4299,-25.380422236059,-37.790918785271,-26.011343926788,-36.421469743888,154.10959391254687
4300,-52.269665059735,-68.910703988512,10.664638483792,49.067387731524,12828.754082832924
4301,3.6897155383693,98.675799417746,15.125810955535,104.30465057229,1413.1387345103246
4302,15.12178387,10.55848962,15.12048729,10.43115397,13.669601099435413
4303,-5.9872120264509,-17.900337049058,-7.0494194886865,-21.076084209179,370.1865253204242
4304,15.1498291,12.57069391197,15.1498291,12.931791044091,38.75670459701665
4305,-34.9292952,-58.4901492,1.3555106,172.9361518,13525.903334152805
4306,-2.242472,-80.920922,-18.557109544208,127.19685671993,16166.558176422737
4307,5.154588148,-52.64459359,24.884559805005,68.583581630706,12843.686286849836
4308,-34.9385572,-57.9726877,12.010455457494,21.721455555556,9852.869811731169
4309,-25.186273502736,46.021182210222,32.6882898,-16.7845041,9252.539707902377
4310,-34.92839518,-57.9612381296,-21.2688361,-159.7395057,9677.801822697622
4311,3.70991,98.533182,3.704252,98.538207,0.8406662420794614
4312,-27.110436677444,-109.37288163835,-27.111416997451,-109.37207851647,0.13491203752502884
4313,3.7159445581033,98.687290969639,15.12181278,104.30765954,1409.7030278698564
4314,-32.006786,115.8950225,-24.146340240593,150.28661155678,3469.544284702561
4315,-16.3366015,-39.028852,-21.337293819374,-174.95219271271,13640.308758751671
4316,15.240738469167,120.56977383333,15.12178387,10.55848962,11618.425355244253
4317,18.448618439733,-77.918797740533,-45.2153976,-71.8508078,7105.704044346014
4318,-50.0828095,-73.2038671,27.945975,179.8463067,13526.573279318294
4319,7.0866496368459,171.14102624186,-2.2475749999722,-80.9180929,12017.551127267665
4320,9.5435278999973,138.1839471,9.536944,138.1094465,8.202252404935974
4321,4.1755701999607,73.516191838991,14.6757307,-17.4154848,9989.964771363186
4322,32.3567039799,-64.7172090691,32.3806630634,-64.6806394961,4.3466695391183485
4323,-23.8505916484,29.397781603,-23.8477255404,29.3572911434,4.130207398493414
4324,3.7721116120644,98.678597650543,-54.713008333333,-68.067952777778,14225.738314739829
4325,5.3656796355207,162.98202747104,25.21550126,105.74550761,6468.979334635
4326,-54.846466503012,-68.481084182212,-17.691844568313,168.27314511534,10340.616253290777
4327,3.6810417967939,98.670129423392,-2.224373,-80.921247,19846.87694455828
4328,-6.2921161,176.31507139997,-6.2938309999722,176.3158222,0.2079615606464503
4329,7.0925868,171.3827116,-46.2367256,-71.9533054,12609.826056485485
4330,34.9955754,25.5034367,-12.5010754,-40.4266943,8711.379187067541
4331,19.74161986696,-79.74980411524,34.030460508788,-109.86925833747,3364.79295688617
4332,3.6674115289369,98.670201673421,3.7109418464768,98.652169904948,5.237608085008754
4333,3.6867012055156,98.656779346163,-8.1572032466667,115.03367006667,2243.5760097484676
4334,-36.57340802,150.02299263567,13.3630046,62.343037202846,10684.672805264867
4335,24.618143514125,-76.157340301046,0.83961789997222,108.8864391,17132.58370506444
4336,-54.565587,158.91577,-34.1057643,21.9047805,9332.776853180474
4337,24.617042652383,-76.159985506534,31.6403277,118.9962731,13555.435366752867
4338,24.92206,89.9569778,-37.3287817,-59.0870922,16781.413897968607
4339,39.436442912556,-31.257918952028,39.436442912556,-31.257918952028,0.0
4340,-34.932431252844,-58.614846123371,15.115047941678,120.70930975901,17810.4598260364
4341,26.5208367538,-78.7238697521,24.884559805005,68.583581630706,13308.263639178003
4342,1.3706856,173.1643473,7.1126635,171.3677444,668.814155902451
4343,27.0881884,142.2186764,27.0595794,142.2048687,3.4624919437332107
4344,-9.5134383501605,160.10241335472,-4.0670831527789,122.40716848487,4203.232571723837
4345,-16.2970936,-43.0437369,15.530762649,-88.014285463,6072.560789688021
4346,15.241085568333,120.570157775,15.164981263333,120.57173395667,8.464102553950474
4347,-23.8182626478,29.3869589735,42.417572222222,-82.147202777778,13493.76232533764
4348,-23.890286414,29.7054471541,15.165512994924,120.54231083188,10766.446836183863
4349,-34.9368732364,-57.9759126803,-34.929515884,-57.9858221704,1.21873912182265
4350,-22.733774799722,27.258150614722,-45.5550394,167.7756431,11437.469174725566
4351,30.939880600002,28.783921700002,30.8489994,29.284101900001,48.78428812492632
4352,-29.020403445295,167.96494873802,32.3567039799,-64.7172090691,15014.336356281397
4353,3.7089848810333,98.624276292215,-2.226944,-80.936413,19843.222784693935
4354,3.6930191421289,98.68634308021,42.404765592778,-82.964413005444,14886.543547895406
4355,-32.769308849446,134.26907697214,9.9084066599296,-83.975223283656,15349.965609862833
4356,30.984870700001,29.6898502,3.7193835714353,98.682823484713,7796.816630868629
4357,-19.684486888903,-42.985841055512,-12.681753304667,-55.796655157667,1573.010602715636
4358,6.7526951,81.099554999972,10.960473333333,-74.7872681575,16698.30521123887
4359,30.8489994,29.284101900001,31.047614,28.3368275,92.99622394065891
4360,13.3536112,63.057408586667,0.289649725,0.5773301866667,7028.5989461556
4361,14.6775622,-17.4665736,13.5721627,144.8482545,16319.783353931824
4362,-23.068318237674,29.918247713617,-16.293435299972,-39.0358608,7196.407120848352
4363,17.8959033,-15.3093386,15.298947495862,-13.960463708966,322.5576492908371
4364,22.74699976765,89.518509874041,31.9341452,118.8751311,3062.5818930206556
4365,1.40166664,0.0,0.96277777333333,0.0,48.80221533411388
4366,-21.366549490003,55.749463883335,9.8855632,-84.083868899972,15543.430030787684
4367,38.08904361536,-34.267062162398,38.089963821313,-31.466093124865,245.1196364618062
4368,-20.038829,28.858787,15.1659176,120.57501999997,10753.38250378454
4369,5.1718128752,-52.6495137624,1.4966017357925,124.87224936092,19224.14651719667
4370,-25.214231606361,45.835292483615,-25.239972127404,45.786236175784,5.704575868875352
4371,-34.9281761048,-57.9615042863,-35.21880583,150.02502690733,11691.71043959829
4372,3.7672182313975,98.677502081641,-23.681225853,150.12530722317,6349.603467230387
4373,3.7672694620253,98.682638129181,-21.335750389676,-174.95160531357,9784.449532888802
4374,23.93336700886,90.258128409658,14.928169699998,100.0846993,1435.6739602346825
4375,-6.8183764069841,155.73429603228,-6.8183309767959,155.73419542621,0.012202507344581875
4376,3.715277,98.679484,-7.276288125,112.80244419417,1987.452097490124
4377,13.5721627,144.8482545,14.6775622,-17.4665736,16319.783353931824
4378,15.1498291,29.581155304387,15.1498291,87.582777260344,6205.290264464284
4379,-0.54608352623352,166.92262072595,10.4547944,-73.2625528,13274.829337080411
4380,25.5870265,45.8473204,25.6864355,45.6612632,21.681336898839906
4381,-0.5040827973818,166.93413883833,-0.51254254563415,166.92534909861,1.356490531431394
4382,-8.073598,-79.046615,-26.212216083333,-48.913243075,3766.6282682838223
4383,24.8325685,88.9236047,21.554654518496,39.163199987278,5071.499901474262
4384,-9.4857517665135,160.11049275903,-9.4847300052264,160.11067891566,0.11543454382504363
4385,-35.5857727,-62.4550269,-35.595377,-62.4435055,1.4919350265078455
4386,3.696977464018,98.659694063568,-44.6965559,169.1715924,8781.21681741212
4387,-21.491091247013,27.415522267287,12.629861111111,21.804919531571,3843.2007610251
4388,33.10594679428,139.78579935198,-67.570186666667,-68.127851666667,15782.269033194747
4389,25.6395723,45.7394407,25.5154775,45.971057,27.019762724569475
4390,-43.7312508,-176.5455925,-4.162439569255,138.98267981102,6186.402591941878
4391,-44.6964794,169.1347348,-44.7017681,169.1334391,0.5969270819066487
4392,3.6891377653803,98.697930946422,-44.7494579,169.1198701,8775.450308139683
4393,-21.850739305164,27.341188321251,14.901704426667,103.69720592667,9267.706572118108
4394,-4.5655554282158,136.87581769917,-4.5663216414502,136.88008716158,0.48084415057937907
4395,24.8192082,88.9364704,23.9394854,90.2703764,166.7921606123858
4396,-28.1326226,18.0543102,-28.3246616,17.9927988,22.18781659374278
4397,7.3987212520408,51.534482332041,7.4228586510204,51.74655839102,23.538319860283785
4398,-35.645559,-62.3830532,-35.6164129,-62.4181749,4.5364166622851005
4399,22.190536745867,-159.45793798187,22.19390415904,-159.45813598486,0.374993796171109
4400,-25.0564453,45.1098265,-25.055883,45.1103728,0.08329211074726248
4401,-44.7354827,169.134991,-16.3387692,-39.0162093,12650.446080196838
4402,25.14630998502,55.474975825001,25.143212550029,55.470953904992,0.5315241346934629
4403,-43.7337331,-176.2673,15.872844100002,-61.5797894,13192.56115305234
4404,-35.363717,-62.292022,-5.7644872665405,-35.332511901855,4294.093453651842
4405,3.6619255267932,98.689497667792,-16.3359181,-39.023955,15187.960684133375
4406,3.7818888438075,98.707043852795,-45.49522,-72.6636628,15301.463327165635
4407,3.6656906164733,98.687952454756,3.6891377653803,98.697930946422,2.83259003282786
4408,15.11551068,14.187341766667,15.117511,17.386710616667,343.4406655003706
4409,-63.876111111111,-57.562222222222,0.0,-180.0,11526.577917524966
4410,-54.866668,-67.382568999858,24.8513004,-98.1437694,9337.195845791652
4411,-44.695153282778,169.13496027694,-30.468124422908,148.1952813777,2417.5316136347255
4412,-9.4549492,160.1825083,-9.4857517665135,160.11049275903,8.609267978753959
4413,5.6084405,-0.2263995,30.596863662065,29.862960232139,4194.845807696073
4414,15.104271237522,29.91498356708,15.103440719115,24.098181206814,624.4370875442305
4415,22.064996624967,-159.39466938393,22.055818514133,-159.39255438326,1.0435745349919707
4416,-2.2273618999722,-80.920426699972,-2.2285344999722,-80.925249899972,0.5515435556653002
4417,22.782279455,89.482597352234,-35.031062067433,117.90000789727,7092.787566256391
4418,13.370939552273,68.819655320584,13.370483893182,61.480693058723,793.906481516966
4419,-14.86010526774,13.595838462947,-14.927347283824,13.558787181986,8.47097739611219
4420,38.08449109831,-46.029222004383,38.08362626434,-46.2704099347,21.10952785111972
4421,7.1080533,171.0799642,1.3300902,172.9947103,676.6293356204122
4422,24.8542483,88.8892282,-3.0974834324034,-60.049925134478,15903.205062419289
4423,15.1498291,12.209596779848,15.1498291,21.710965068788,1019.7058931972266
4424,-56.936254384567,-28.014752566953,-56.93615297933,-28.014403465622,0.02399288391215388
4425,-9.4465039,160.1351047,-3.41419,152.1628847,1106.8584111164923
4426,-25.213171249956,45.894006193828,23.9148118,90.2590329,7256.04801837053
4427,-27.11471,-109.402579,43.939432308631,-59.87752114818,9370.782454360904
4428,15.1118327,20.95030928,15.1118327,17.478035516667,372.7435779022313
4429,15.111030833333,15.066262993333,15.111030766667,18.499495416667,368.55402544588065
4430,-7.4830234788315,-22.374594498222,-5.505745028052,-16.462438312769,689.158413951383
4431,38.085362791547,-45.470938312531,38.0862829975,-42.669969274998,245.1319801201378
4432,38.07497792464,-48.682289237867,38.07670759258,-48.199913377234,42.223763821782306
4433,-13.6228524,50.011146900003,-13.6405892,50.018783,2.1379093707340897
4434,13.6470073,144.8551076,13.6397548,144.8488859,1.0499213702604155
4435,15.1323222,26.647078081111,15.1323222,21.595718931822,542.1973813916024
4436,26.5278526,78.7751514,24.2962716,72.9500081,635.4028848835499
4437,22.055818514133,-159.39255438326,22.063265150533,-159.39425274088,0.8463238425223839
4438,26.6966667,78.4073583,-23.3992694,-57.4209972,15571.959653507341
4439,31.634283391041,-8.2495166676103,15.11910603,18.56148597,3279.8706579102204
4440,7.905008,52.168987,7.905012,52.169003,0.0018174769301723614
4441,15.1498291,23.120877494581,15.1498291,22.597615117462,56.161960457291435
4442,13.6397548,144.8488859,13.6470073,144.8551076,1.0499213702604155
4443,3.7682887751592,98.681967220195,3.7672182313975,98.677502081641,0.5095280370717653
4444,-4.2073397293216,-12.564020695669,-4.0130178068343,-11.983733670417,67.8893808414999
4445,26.7456083,78.4336222,26.7210389,78.375975,6.343365951402485
4446,-2.2475749999722,-80.9180929,7.0866496368459,171.14102624186,12017.551127267665
4447,13.370493677273,61.638278137965,13.370483893182,61.480693058723,17.04771135496639
4448,26.5335667,78.7615111,26.7001444,78.4357722,37.30516761910229
4449,15.118210619459,10.709122061622,15.117137638159447,15.1498291,476.6872203914785
4450,16.170122953441,-0.79351661214575,25.5259868,45.948947399997,4941.978031479899
4451,-0.52295918499171,166.94011744701,-0.5387864596649,166.94966168938,2.0551137834341766
4452,-32.411189166667,134.43133566667,-33.862253267504,121.89370373769,1177.7288001421011
4453,-2.6465117,-56.7646695,8.9474626,-83.4601855,3227.3768225873832
4454,2.0324978845973,-157.42218254215,-9.4577274153145,160.10198785786,4875.022154107015
4455,-14.882662352188,13.530839737517,-14.882248244262,13.531582625595,0.0921619501993624
4456,26.7374611,78.4264306,14.908884079999,101.92362654321,2766.33371435271
4457,-45.4015219,167.7184449,-9.7459397702306,-66.635224410776,11833.852476833463
4458,-77.8461213,166.666075,-77.846125,166.6662063,0.003101242506541494
4459,9.5434665,138.1661277,6.960866900002,158.277179,2231.213761548855
4460,26.5324732,78.6723076,26.5329889,78.6713248,0.11334788140863075
4461,26.6998944,78.3679222,-22.998853093333,-54.190272333333,15237.391315891971
4462,35.2459844,-91.7352183,-0.54164259726368,166.94750134861,11068.20941602824
4463,-43.7367419,-176.2628008,32.039881413587,118.74835974201,10695.783695725753
4464,25.6864355,45.6612632,25.5870265,45.8473204,21.681336898839906
4465,-36.3388685,150.0409755,34.323797,119.495064,8471.261325744137
4466,25.5259868,45.948947399997,15.784281317131,-1.2980857585657,5007.472020021588
4467,-0.52742176980599,166.93575990814,-17.567625,-149.32444694444,5142.522973837258
4468,35.2444481,-91.7141519,35.2488436,-91.7662019,4.751871073164455
4469,-23.8602419011,29.3716460746,5.0085899793,115.0027019251,9790.336697954355
4470,-2.227721,-80.921715,-2.228636,-80.934734,1.4501258567032007
4471,22.19390415904,-159.45813598486,22.190536745867,-159.45793798187,0.374993796171109
4472,-35.5513569,-72.572001299972,-13.208537578583,136.89821052551,13769.271832557817
4473,-25.214493752216,45.92674459932,-15.077752128063,39.202379498518,1327.1630746880114
4474,-0.5446064371205,166.91462112638,-23.4798632,-67.9884014,13518.001399280887
4475,37.769236691425,-25.292726463593,33.066043638889,139.81284702778,11989.033877688013
4476,13.444477912094,144.80884379725,13.582127159628,144.85558587899,16.118601286794675
4477,-9.5147908333333,160.15662527778,35.227797556958,-93.97266573631,12053.630568735498
4478,15.120868463266,29.144781751036,15.12026579295,24.964466560315,448.7302228450036
4479,-7.9224186901159,-23.688406983878,-8.068883760544,-24.126344479097,50.89890609854256
4480,-35.392391694632,-32.595228218471,-35.269856634122,-32.581554685987,13.681621508929238
4481,1.3717135,173.1459474,13.3736497,144.7713052,3395.6877359375526
4482,-35.3960369,-62.4254998,38.343706,-108.0707675,9448.58086584889
4483,-32.014083333333,115.94519444444,31.910991375335,35.901980440132,11004.035441096705
4484,-23.7515858654,29.4108579587,-23.7443553004,29.4095093943,0.8156339529867859
4485,26.5318306,78.691701,-5.182931,-80.6242,16781.605404621696
4486,-25.239972127404,45.786236175784,-25.214231606361,45.835292483615,5.704575868875352
4487,-54.790014,-68.3909095,42.7963517,-117.8737431,11817.148119299474
4488,-35.550849599972,-72.1437508,26.3247036,-98.684004299999,7423.6547508078565
4489,26.5234925,78.6796519,26.5178962,78.6786895,0.6296040759860833
4490,13.370483893182,61.480693058723,13.370493677273,61.638278137965,17.04771135496639
4491,-21.2056078,-159.7700092,-21.2010009,-159.8049844,3.6617949746565666
4492,3.2353884732863,24.084442381073,-9.5147908333333,160.15662527778,15114.845274955785
4493,-32.484928672631,134.63234618058,-32.649951475333,134.76852294283,22.35081792688072
4494,32.0233873,118.7083827,27.0965318,142.2163549,2333.6363370416557
4495,-52.1855556,105.9480556,-19.1466667,8.4033333,8834.637819653852
4496,15.118742188221,14.396253999504,15.117137638159447,15.1498291,80.89386939312868
4497,37.003476388889,-121.96989472222,-5.863799,120.514493,12828.849307343085
4498,15.11910603,18.56148597,42.555086545152,-81.751733302348,9694.705947508883
4499,-13.002663135529,136.71730041504,15.8924207,80.908950399972,6926.207717043552
4500,35.2421025,-91.7914528,43.4947936,-114.2827539,2131.009062702022
4501,-35.8370721,-61.8708488,35.107224820163,-90.581351962905,8430.912147404373
4502,8.8116094272727,68.058057534545,7.6033977812672,58.490973689201,1061.4061977453225
4503,-2.228463,-80.92439,10.937230784503,49.243189831047,14433.913359636172
4504,-17.508038888889,-149.44512222222,-17.525469166667,-149.53842222222,10.081470079008524
4505,26.6849444,78.3896111,26.7456083,78.4336222,8.038108259166792
4506,-44.7186859572,169.2212083236,32.139918,-8.229267,18599.07415580478
4507,-35.4397716,-62.4911975,33.692863184046,0.95324521960375,10126.128900209418
4508,-19.1466667,8.4033333,-25.4847222,-124.2436111,12886.11014599562
4509,8.9122211175,64.602689962083,7.300275015,52.896162250833,1301.0163918484886
4510,-32.029521,115.968186,24.6237,72.738151666667,7793.612659953021
4511,35.242682399972,-97.600148799972,-26.06379193494,-65.950455092771,7585.957794835367
4512,-3.4552340420584,-10.331313379706,-9.0209067183267,-26.972938198018,1940.0386572361178
4513,-35.34776,-62.4417083,15.122021833333,104.30767146667,17407.032455124187
4514,7.0996331114306,171.10219565285,7.0811144046914,171.15521286617,6.201987381349983
4515,8.1430835489583,57.227795590625,7.6984305515625,54.096463379063,348.39096881741574
4516,-43.810906,173.086923,-25.152328116339,45.100685673205,10695.621079229883
4517,37.741479319086,-25.654973972166,37.748009180642,-25.634664801393,1.927695141550887
4518,13.3435343,60.053703007527,13.3435343,61.61063850086,168.44937925989947
4519,15.103893329676,27.268184609499,15.103084782655,21.605265909558,607.9195665908396
4520,34.836995577699,10.76495394053,15.305922408,99.705321428,8948.701471276043
4521,-3.6182475,152.3979506,26.117764357673,88.61392499669,7606.06066214027
4522,27.0954371,142.1849174,4.4377851794846,72.962156243905,7728.783056904001
4523,-34.938883977722,-58.608756046653,15.548797,-88.035766,6415.95882219147
4524,7.6211500553571,134.63434250685,-3.0722813266667,-60.066551696667,18311.204376418682
4525,22.057327663607,-159.38784874959,22.05840736535,-159.38927056378,0.18943016277814712
4526,25.2795807,48.9117056,25.244438,48.6399246,27.60847631953828
4527,8.6780033979592,62.774513457959,1.6459744952381,0.98968827523811,6879.348304235919
4528,-15.310745383627,145.27223314172,5.2084951,5.8104344,15448.665728441723
4529,-2.2710393999722,-80.924600499972,1.3653764,173.1306923,11784.82466484785
4530,-21.2060947,-159.8118246,-33.369730200003,22.108935700001,13943.112414241148
4531,35.219294547915,-97.453814466011,35.182659546463,-97.500125888161,5.856703553190282
4532,20.957377777778,-76.945555555556,32.741497583489,-16.774775393808,6033.056513751318
4533,34.747891878,10.3988268127,38.3020741,-107.9196044,9705.499498932177
4534,18.4909266,-77.9240542,-21.2250183,-159.7400304,9937.2954235549
4535,-33.825633713453,121.85139497686,-33.816979316017,121.83648421212,1.6802927885601955
4536,-19.674659555603,-42.974630055635,-19.674249888935,-42.974314777862,0.0562562616057613
4537,26.5124003682,-78.6908427905,-6.2926849,176.31841059997,11808.925119806476
4538,5.3666137911333,163.00827621837,-45.3973123,-72.6708138,13058.362764518566
4539,-23.7443553004,29.4095093943,-23.7515858654,29.4108579587,0.8156339529867859
4540,35.240985,-97.467619,25.3013179,89.2261769,13246.320723675137
4541,37.744688389514,-25.639420618024,-19.684486888903,-42.985841055512,6638.689393397732
4542,24.9806238,89.9702954,23.9394854,90.2703764,119.68707380309354
4543,23.1767886,89.1950901,34.995529,25.5262887,6222.6016262412895
4544,-4.2477972,-56.019011700003,10.937230784503,49.243189831047,11761.235450587112
4545,33.362714564137,134.20491416156,33.378474455917,134.21114629052,1.8455090728347698
4546,38.3753809,-107.8761816,38.3398548,-107.8984886,4.403202735211339
4547,44.942649,-109.56084599997,-21.398282311667,27.452681846667,15313.265890505514
4548,6.7996169999722,80.9753273,-4.1607952655771,138.98153361073,6552.428332727054
4549,14.673984124358,-17.451159695352,-11.9979834,-42.6277805,4060.315924341624
4550,-17.432492030556,177.97060805361,26.243535833333,-98.149476666667,10270.358037420065
4551,42.434941666667,-81.889644444444,42.517558333333,-81.776586111111,13.05245639546952
4552,-13.954517560778,136.4783753,-36.539414559018,150.03279499208,2850.103728706502
4553,-29.047837229808,167.93256692429,-45.9315108,-71.8412383,9734.958195159164
4554,-32.026694444444,115.91055555556,31.6381856,118.9763055,7086.553128278178
4555,15.108145606667,28.198368053333,-34.514881568623,172.83783907733,15877.638657219231
4556,44.918226933638,-107.10419501701,40.157147427366,-75.037077708527,2661.9068009692733
4557,15.1498291,11.387724961505,15.1498291,15.875706119097,481.68851331735766
4558,-35.861310799972,-72.646963799972,-35.549632099972,-72.5669876,35.40142712228044
4559,24.6998464,-76.1982633,-23.0405976,44.2688025,14007.930254250787
4560,24.14776966827,82.643169178036,-0.3823472,42.4966454,5114.04172186516
4561,42.549191666667,-81.802730555556,42.579408333333,-81.799616666667,3.3696040582420097
4562,3.7446717922789,98.672189124213,31.233654627398,29.958071127451,7772.8771817744355
4563,-17.3584402,178.2399578,-18.441083333333,127.43261111111,5359.409345897884
4564,39.447042064994,-31.223576363442,-34.94132908,-57.9393124685,8714.677278677917
4565,-13.4516844,-172.4046603,23.025643358,113.98209246507,8973.90440764804
4566,20.009943164285,41.457258887046,-22.56206234,45.41150098,4753.211847672322
4567,31.26195479653,29.993124380736,25.378401666667,88.994461666667,5745.5648651748315
4568,22.690379148235,89.038086252941,-34.928093925083,-57.973346784694,16545.342930933195
4569,19.7346513022,-79.76503602346,10.4490539,-73.2831894,1244.5940867089591
4570,-2.228636,-80.934734,-2.227721,-80.921715,1.4501258567032007
4571,-19.685895084614,-42.988838350256,-8.5357859183333,115.147283425,16068.044563139454
4572,-19.674249888935,-42.974314777862,-19.674659555603,-42.974630055635,0.0562562616057613
4573,1.4966017357925,124.87224936092,5.1718128752,-52.6495137624,19224.14651719667
4574,25.480671363064,48.138437136869,25.334195034921,47.865215699193,31.911818065838503
4575,-35.3329425,-72.433894499972,19.714688259253,-79.816401498347,6170.369356994586
4576,42.424127777778,-82.184655555556,42.582188888889,-82.397625,24.77308812921769
4577,-9.414557105,147.44010982,4.7914388888889,51.779036111111,10713.866203553054
4578,42.555086545152,-81.751733302348,15.11910603,18.56148597,9694.705947508883
4579,42.565122222222,-81.812622222222,42.429883333333,-82.153908333333,31.765242822553358
4580,0.0,-180.0,0.0,-180.0,0.0
4581,20.965388888889,-76.941641666667,43.4947936,-114.2827539,4258.112764008388
4582,-3.9689508291345,122.56506901389,25.6871202,89.5873205,4848.171979842833
4583,3.7193835714353,98.682823484713,30.984870700001,29.6898502,7796.816630868629
4584,42.426838888889,-82.15925,8.5614942,-82.4157736,3765.738157534624
4585,3.7438853248408,98.680402207006,-9.4246195533333,147.40237422278,5593.439244636121
4586,6.832353,80.998300299972,-19.2438837,146.808956,7764.100159853801
4587,44.949707099972,-109.7911572,12.046071672778,119.97356973583,11946.283886590845
4588,32.3477234412,-64.7175853327,-45.695535,167.6381608,15346.397264762187
4589,22.618400224073,131.56014487463,-67.568503333333,-68.124265,14833.852664526046
4590,44.869177999972,-107.26903649997,26.463176099972,127.9308299,10311.644708200905
4591,-51.764101237628,-59.226810061963,12.176596303473,21.389245362955,10434.939905751833
4592,-43.7271825,-176.5086544,-43.743756666667,-176.55686472222,4.289444633356435
4593,-4.8466522111255,-14.491719584284,-4.7734196759114,-14.272750836675,25.592517008544508
4594,-25.0291346,45.1300017,-25.0917093,45.0985465,7.645412780144862
4595,38.94821983,-36.02494629,38.948175753333,-32.022092026667,346.13068733400536
4596,17.043517520688,-25.170766005023,15.0967796,23.648350599998,5207.546953168604
4597,38.343706,-108.0707675,-35.3960369,-62.4254998,9448.58086584889
4598,31.23389292923,29.949557104121,-43.827724,173.04444,16508.795685538273
4599,24.6330282278,-76.1573874112,-30.306480364241,149.33243431705,15512.44906684637
4600,35.218561,-97.459149,-27.114968355892,-109.36849010202,7043.253645620638
4601,42.485144444444,-81.844280555556,42.579408333333,-81.799616666667,11.102201578219615
4602,-43.7543206,-176.2838331,-13.4494312,-172.3717887,3390.3596422542973
4603,18.43175284805,-77.94577416975,32.8374565,-8.1953253333056,7052.774070421934
4604,35.19139,-97.470933,-31.935783,115.880093,16918.301927327237
4605,35.207126602652,-97.480524121386,-52.385788,-68.417147,10140.037053749176
4606,-20.235021666667,13.214908333333,-20.11237,13.100541666667,18.12427541752038
4607,-3.6649094,152.43810924695353,-3.6650211,152.4377592,0.0407812735067721
4608,-34.434532623014,172.68483989817,39.48734448392,-12.29395406995,19300.263831056327
4609,35.044056199972,-97.878050599972,-26.285084908333,-48.866572625,8547.340588564542
4610,27.0964586,142.2027627,-35.003638888889,117.86605555556,7363.993649049145
4611,42.517558333333,-81.776586111111,42.557375,-81.951380555556,14.990066891047762
4612,35.21834,-97.463418,-35.237336521602,150.0069075663,14015.431795486193
4613,-23.8582138997,29.4141788688,-23.890286414,29.7054471541,29.830287328796103
4614,-6.2926849,176.31841059997,-6.2935173,176.31978829997,0.17819455170602252
4615,-4.5266666666667,136.88228611111,-18.441083333333,127.43261111111,1856.9404024392759
4616,-51.729942222948,-58.11013833274,12.058009430764,21.622077701612,10364.779938788013
4617,22.8108030652,89.5564933134,-45.839218083584,170.65352622492,11152.433172047195
4618,4.9847817006126,-1.6580637539051,20.949836111111,-76.963591666667,8285.149727719312
4619,-4.7001871406974,-14.053782089065,-4.7734196759114,-14.272750836675,25.59497215777062
4620,35.2488436,-91.7662019,35.2487947,-91.7646333,0.14254473466045367
4621,-35.323032515827,-72.412274856835,-11.820269609191,25.153872414086,9922.907607532301
4622,42.579408333333,-81.799616666667,42.485144444444,-81.844280555556,11.102201578219615
4623,-25.156523248033,45.096984368298,-15.049425307459,13.238109969026,3500.7131266930596
4624,42.429883333333,-82.153908333333,42.565122222222,-81.812622222222,31.765242822553358
4625,33.066043638889,139.81284702778,-17.738094124722,178.3897947425,6978.1326269301035
4626,-23.8627213519,29.3823338393,-23.8602198567,29.4254253712,4.390826059652607
4627,44.8431963,-109.31686799997,38.948175753333,-32.022092026667,6185.5779155920945
4628,23.1804366,89.1935128,21.077715099998,-97.605589099999,15038.97751228742
4629,13.370503461364,61.795863217208,13.370419597727,60.445133966558,146.12307821520338
4630,37.801100754883,-25.747797365586,-8.916088,147.9194515,16740.94938187253
4631,7.3420381,134.4780097,9.0546467629532,38.773161398756,10500.18684277282
4632,-56.936038229637,-28.01424332999,-67.568503333333,-68.124265,2329.959443024308
4633,-51.846438345946,-58.296999252553,-4.0875138888889,-63.141616666667,5329.469550079985
4634,38.348081299999,-108.0661039,38.343706,-108.0707675,0.6341138138078644
4635,-0.890062,131.317039,38.352756900002,-107.8443453,12710.11550941911
4636,19.74304547616,-79.769779615987,-0.50358145248358,166.94201957092,12457.021270145224
4637,5.506833,9.995045,5.788075,10.161461,36.29166317383851
4638,3.3415835,23.9714782,22.6232784,114.0192875,9869.58151246903
4639,-44.69396927,169.13647637,6.2183772013176,145.2389469,6144.076443694027
4640,24.972814099999,83.909951799998,15.167177827869,120.5681025592,3966.8560562344387
4641,27.0769315,142.2063115,15.872844100002,-61.5797894,14593.120550949703
4642,20.9681667,-76.9405283,-26.3014866875,-48.842229055,6066.500624508982
4643,-17.1438966,177.1934974,-44.256687588801,170.1007790442,3087.216066435667
4644,18.440246,-77.210177,-8.6863766267677,115.15555707115,18295.34411362957
4645,1.6459744952381,0.98968827523811,8.6780033979592,62.774513457959,6879.348304235919
4646,5.1604135707,-52.6329613477,25.1378867,88.5570483,14636.940213061333
4647,-37.042804086098,139.80120894055,-36.889671037425,139.83372273384,17.270901157824905
4648,42.583330725359,-80.521035371423,-20.641895700001,-70.1807164,7109.931950620495
4649,-34.714218915936,173.03775143586,-19.31821078012,146.80176279468,3096.421265953634
4650,-32.047769,115.98027,-23.987674150588,-65.454576195866,13782.364766035136
4651,-4.1649945558441,138.98495151019,-4.1649384300551,138.98490673006,0.007975697258679686
4652,13.35438962,62.768691419999,3.2333333,0.0,6979.949222018259
4653,-35.431257377193,-72.441209181579,18.0685347474,-15.9223446524,8413.965529219095
4654,3.6845499118681,98.66033523011,0.0,-103.33210709999,17537.235960931434
4655,-5.8021049499512,-35.329036712646,5.261213349,162.9990026172,17985.789995815558
4656,6.9199917,158.3223878,23.9384707,90.2697873,7468.925382068542
4657,24.896752823627,89.983010732768,-12.527744099972,-41.363638199972,14739.211815432376
4658,5.060856,9.974065,5.059509,9.991617,1.9498480723461353
4659,-35.256113116168,-72.321372097605,-45.839218083584,170.65352622492,9012.129235807763
4660,-17.508672222222,-149.43590277778,42.555086545152,-81.751733302348,9604.096827179685
4661,-14.919683081112,13.486996684236,34.000955,-109.54711066,13954.746177029394
4662,27.0810223,142.2164729,-35.549632099972,-72.5669876,16598.936459836437
4663,-16.3160325,-39.0441986,35.2441572,-91.7363672,7979.687295374116
4664,-45.695535,167.6381608,15.8073369648,120.4578315784,8319.618057673013
4665,3.7487179537655,98.674987751255,4.4381040188889,72.964451577475,2852.4764453347907
4666,31.063074700002,28.0115208,31.066538899999,28.081366700002,6.663811982382483
4667,-14.781501330449,13.77478337848,16.998872,-25.247515,5551.472339093667
4668,3.772713,98.68154,34.041878705997,-109.85667895301,14854.921004799178
4669,35.226542352243,-93.964270545468,35.227797556958,-93.97266573631,0.7752196338259952
4670,42.451577777778,-82.196211111111,42.424127777778,-82.184655555556,3.196213382048871
4671,19.895704435229,41.293091573381,19.883200411511,41.330940328896,4.194683926698325
4672,3.8597578162421,10.079574814345,-3.0296887657658,-60.004819944444,7825.562211155355
4673,3.0351124184506,24.116408186544,26.226239722222,-98.128203055556,13013.742248026612
4674,-32.0048618,115.8906022,-26.229642594582,-35.956837725569,12885.00571758725
4675,15.102583835044,18.096718454159,15.103814232684,26.71420343233,925.0625218653835
4676,5.1659850216944,-52.651160890194,-21.398282311667,27.452681846667,9199.353726386797
4677,5.533061,9.97784,5.5601,10.314398,37.3694682378929
4678,42.557375,-81.951380555556,42.517558333333,-81.776586111111,14.990066891047762
4679,-51.816586057635,-58.728210282266,-51.834702691182,-58.428713201603,20.681194711886896
4680,-23.8705060445,29.5094077662,14.943426022767,-86.149796342493,13247.703417421671
4681,42.414144444444,-82.198802777778,42.426838888889,-82.15925,3.540291040130075
4682,42.417572222222,-82.147202777778,-23.8182626478,29.3869589735,13493.76232533764
4683,-35.016591666667,117.78262222222,3.7212208949367,98.67905858481,4747.127356557876
4684,37.006730143223,-121.74748697916,-8.6386290999722,126.38181059997,12522.02417787584
4685,6.8070288,81.2971059,-19.2407094,146.8063408,7732.359024679949
4686,36.965383143779,-121.39210492275,33.690388055556,-117.620725,499.57745109521613
4687,37.083536526226,-120.48045676583,36.990348208518,-121.38367353548,80.83702511531256
4688,36.972961851326,-121.42669878189,40.144857956762,-74.954838823552,4010.1184294355585
4689,-43.73828,-176.26273,32.378672529,-64.6893682424,14064.325662416464
4690,42.557027777778,-81.978783333333,42.559008333333,-82.163377777778,15.120880467458237
4691,-25.999446571707,-36.464780259153,-34.320209915173,-32.475584809236,1001.3009428599262
4692,14.867499406294,-24.713672552448,5.10007549,9.9344592899999,3940.1323995677308
4693,35.217638,-97.476795,17.9419891,-15.4748438,8161.0051008999035
4694,37.056816243601,-120.85849679086,-32.6275789,18.948694799972,16341.493414912777
4695,42.437669444444,-82.057394444444,42.485144444444,-81.844280555556,18.261814572045125
4696,37.074579560103,-120.98731083451,23.78156,-110.135434,1804.6234614659656
4697,-23.06280778776,29.913418083303,3.6897155383693,98.675799417746,8016.966408589697
4698,-35.350502960245,-72.40854476524,-23.043791666667,-50.81515,2494.1000508818506
4699,25.04656,56.355497,24.968254458333,56.273122333333,12.029997264453563
4700,36.953826388889,-120.56256472222,37.017913055556,-120.54519805556,7.291148175795285
4701,25.026048039995,56.364613976441,26.232915555145,127.70311542231,7054.724785542961
4702,-14.882248244262,13.531582625595,-14.882662352188,13.530839737517,0.0921619501993624
4703,17.019396391396,-25.166714542256,-45.77765566303,170.58544422209,16499.92950845758
4704,-18.354060196581,127.5021351341,-19.301083875149,135.00890166538,796.9687146091621
4705,2.8493764,24.626975700001,-5.7253823280334,-35.203563690186,6712.267972120259
4706,37.048548739082,-120.62539307982,2.54634202,9.82600158,13274.068860472353
4707,-16.3424397,-39.007212,-17.53914978682,127.87126914586,15982.733034434268
4708,37.098356388889,-120.45534805556,40.163089578777,-75.060055918042,3915.0334896240474
4709,15.1216634,27.969868191852,15.1216634,14.912112047037,1401.4734689241875
4710,24.7986891,85.0087663,23.9394854,90.2703764,541.3953714699647
4711,-35.824420194747,-72.604176182061,-43.7440258,-176.2740508,8290.427838839825
4712,3.7409505,96.8359715,-7.2340232800633,112.77820307998,2149.2202792773883
4713,17.979873,-76.78893,-12.4297339,-41.7876579,5116.9652774799915
4714,-23.857947439,29.3665476982,22.62578815995,131.51544113451,12172.155769651257
4715,37.011730594217,-120.83695424303,40.162667540989,-75.111400679566,3945.8842990980406
4716,30.878285290702,29.885577522246,30.8489994,29.284101900001,57.502266554498945
4717,-28.043021197196,19.221427340083,9.0188384129168,38.752290998155,4625.40287058544
4718,26.5009732358,-78.6988418084,-22.647627,-152.8052988,9661.052925651535
4719,3.6839524860939,98.664320333387,34.03467270686,-109.79248248628,14868.726766353771
4720,35.174101052176,-97.493888654942,21.787364747336,39.156194352816,12205.04872084955
4721,5.1046041,-1.2416363,38.352756900002,-107.8443453,11082.819307534815
4722,3.6859705925037,98.650886277961,-5.7916445732117,-35.33581161499,14912.051920405802
4723,3.6762869953047,98.668626295584,-6.169849,106.767166,1416.764507645336
4724,-0.50358145248358,166.94201957092,25.2755101,93.2677594,8394.924058044444
4725,3.6964501328323,98.63598162587,-35.3919935,-62.4189775,15987.932614686864
4726,-6.291139,176.31471519997,18.808306999972,79.4133494,10956.429908977341
4727,3.752994218896,98.695650437367,-16.292845599972,-39.0305472,15193.759010459718
4728,3.6700112782324,98.667164630626,-23.558376369718,-70.395132606554,17510.8709234619
4729,35.162314215886,-93.878166503375,-0.6327960782343,73.224684431294,15949.562439422038
4730,-24.579659864615,28.672675652869,10.547407407407,37.025913700001,4009.7699791038926
4731,-4.5905555555556,145.53222222222,1.0578156,25.2750076,13370.336660051591
4732,-32.008972,115.971967,0.0,0.0,12431.473829756003
4733,-16.293435299972,-39.0358608,26.508347999769,-78.648306693202,6399.920976701914
4734,-35.347871498234,-72.413745294701,6.2183772013176,145.2389469,14989.158889275503
4735,-4.357069,55.832137,7.5212014583223,134.51801135152,8828.602789419987
4736,4.9583439,-1.7392054,4.9605956,-1.7348844,0.5402019671905457
4737,-16.687792326289,128.25686338727,-16.334198374315,128.23918663676,39.362990126176605
4738,-3.8946292533427,-11.645125865362,-3.9678617885568,-11.864094612972,25.619499064674244
4739,-45.91543,170.435252,15.093379710145,-23.6484436,16344.498735932199
4740,-3.6650211,152.4377592,-3.6649094,152.43810924695353,0.0407812735067721
4741,31.240855736805,29.958372014309,12.176596303473,21.389245362955,2294.8927860137355
4742,-0.0286141,-0.0383596,15.122793876667,104.30425889333,11546.873626476981
4743,3.6840420803357,98.658156789568,-44.7037852,169.1492785,8778.821272532323
4744,-63.901260361111,-57.608837111111,-44.304875124675,171.01044618643,7252.0834108986755
4745,20.440137980852,41.930802302321,40.144952931122,-75.007080848017,10641.478954081851
4746,-32.0333162,115.9287251,15.122793876667,104.30425889333,5387.869271743858
4747,25.3578272,46.2033457,25.6316775,45.7567741,54.186519932390624
4748,25.078582666667,56.359866333333,25.04656,56.355497,3.587852941879472
4749,22.752193648036,89.397700496475,4.4367553279743,72.958173322508,2696.6034903410455
4750,-23.4094905033,113.94895348354,-22.707669697423,114.33987320409,87.69076910641314
4751,-9.4216802708333,147.41258589667,-1.0169444444444,-1.0169444444444,16331.586973322976
4752,32.378672529,-64.6893682424,-20.925073486111,55.51792665,14013.356577816734
4753,25.144956987457,55.435027973729,24.943964250905,56.209088789683,81.11852047014959
4754,23.274921205988,88.941672778443,-2.224373,-80.921247,17432.11964351223
4755,-4.7015092999977,145.6189652,-11.561042723077,25.204765757542,13181.836351790596
4756,-4.5968964,145.5440144,12.289610306205,-69.073845720956,16116.837621029816
4757,2.992195,9.930494,24.5919994,72.5616138,7110.798959654255
4758,5.13500512,9.97828908,-36.796411921073,-59.845653949073,8584.750068329484
4759,9.536944,138.1094465,9.5435278999973,138.1839471,8.202252404935974
4760,-4.1569976726727,-55.328334994328,-20.92431115,55.516652716667,11986.250749685609
4761,37.511889386667,-44.841369906667,-2.253361,40.106968,9715.325863106576
4762,-37.335234039465,-59.12048434437,44.7490122,-107.1299929,10321.044105436678
4763,-43.8226,173.053668,1.3358743,173.0159642,5021.394640402953
4764,-45.77765566303,170.58544422209,17.019396391396,-25.166714542256,16499.92950845758
4765,3.704252,98.538207,3.70991,98.533182,0.8406662420794614
4766,18.0685347474,-15.9223446524,-35.431257377193,-72.441209181579,8413.965529219095
4767,9.5196458,138.1216922,2.992195,9.930494,14109.748040988528
4768,-4.3453082302626,55.768381292052,-4.3470823857974,55.771082108892,0.35859540711007376
4769,5.716973,10.187371,5.727725,10.181005,1.387615405918791
4770,-23.261778014641,113.87239698895,-16.269752038076,128.29468389997,1696.1270354199296
4771,-4.0045435928176,122.50899390204,-4.0122310731154,122.50960788849,0.8575175872469379
4772,-25.193942839431,45.995937508459,-25.191354402716,46.004461217158,0.9046482498989049
4773,7.0606655,171.2573374,-3.6649094,152.43810924695353,2405.1260345710693
4774,24.7788296,84.335805899999,32.4417047,117.80139,3361.0510042775522
4775,-23.8587365951,29.3289214186,-44.6904763,169.1334412,11369.588140138165
4776,-36.838150903671,139.84599316667,-36.826225545455,139.86258296529,1.984540478207145
4777,-24.5038663689,28.7197570503,35.2310642,-91.7073739,14233.111046541893
4778,26.4962300844,-78.6896342039,44.942649,-109.56084599997,3425.8970889112916
4779,6.7704658,81.263325899972,2.956185,9.910938,7910.961921708117
4780,-51.85700579115,-58.222749848423,-9.444497,160.04689,12280.695957709777
4781,-24.161796960833,28.982144398611,14.919144223655,-24.345602910254,7237.879619805987
4782,-11.664640891667,25.204048477976,-11.685943270029,25.208873268462,2.4262840797476244
4783,37.771868324603,-25.311811127381,5.3686298999979,163.0158901,15141.259657864297
4784,3.7443006751124,98.681080093853,16.850613333333,7.9695233333333,9962.500017788234
4785,-23.7359981239,29.4325683452,0.0,0.0,4128.729069597985
4786,40.268161885542,-11.799522416234614,25.2746007,93.2707274,9391.320729862473
4787,-36.796411921073,-59.845653949073,5.13500512,9.97828908,8584.750068329484
4788,-43.7378803,-176.2616928,-43.7576872,-176.3210408,5.251367545594211
4789,7.90501,52.16901,7.90502,52.169018,0.0014187246047833969
4790,-45.571737184604,167.61259267562,14.674404504021,-17.45252619895,16546.79101259166
4791,35.182659546463,-97.500125888161,35.219294547915,-97.453814466011,5.856703553190282
4792,-9.4508624327653,160.13937074086,-9.4403586349059,160.08344157539,6.244913868269681
4793,-15.477464425741,145.25763283217,9.867043,-83.932105,14653.232876192887
4794,35.162190300002,-97.4850456,-26.912606847001,-68.603111358604,7540.363087737548
4795,15.1498291,87.582777260344,15.1498291,29.581155304387,6205.290264464284
4796,-16.315482,-39.0329182,-8.1440950255255,115.05046643093,16074.172421523892
4797,15.1213257,27.3056436125,4.9480389,45.200421,2259.8148734990755
4798,3.7813399707646,98.694657161619,-0.2878427,36.1085464,6968.86728379116
4799,38.3459229,-107.8955169,38.352358,-107.8908292,0.8240865692674669
4800,31.255668369151,29.984603002695,14.6994175,-17.468104700002,5149.094681354397
4801,-33.753055555556,121.73922222222,-3.0628994583333,-59.950345354167,15917.503349600614
4802,-0.49105159997222,-90.2822898,-31.854769015,115.88640678,15485.940095490321
4803,30.596863662065,29.862960232139,5.6084405,-0.2263995,4194.845807696073
4804,-17.360624999972,178.24388759997,-44.304710923195,170.99169919278,3071.9850869829047
4805,-22.661972222222,114.20586111111,-32.715365597873,134.82689255932,2311.496722112392
4806,-35.830923928739,-72.619517403128,-8.755896105778,125.56602563859,14703.777745156984
4807,32.8374565,-8.1953253333056,18.43175284805,-77.94577416975,7052.774070421934
4808,-9.3913030594522,147.40866991383,14.908884079999,101.92362654321,5694.592861784242
4809,15.784281317131,-1.2980857585657,15.811923597531,-1.292467132716,3.1319186731120188
4810,-17.684542480833,178.33745419972,-18.029367606944,178.53228173194,43.535740764881474
4811,-21.2048853,-159.7888782,-16.531881433665,38.920789994323,15349.250555181168
4812,-43.750649,-176.328372,15.5696658,80.0749939,12280.153588204326
4813,-63.875648472222,-57.584686277778,23.5303995,14.4465915,11511.700003192382
4814,-24.1624964308,28.9883929398,-37.183538639396,150.01135792412,10820.444468602158
4815,-29.041222380655,167.96289049597,13.3102971,144.730929,5329.555405085227
4816,24.953228244444,56.3726791275,-12.003315749543,-42.622543044467,11462.519715417407
4817,3.6944468261791,98.672694107034,-45.4234183,167.73291459997,8695.961494123687
4818,-32.022111111111,115.94422222222,38.2764628,-107.817056,16013.701343166098
4819,16.101793,168.1416794,-77.8458894,166.6683252,10446.932737176146
4820,15.556905987667,-1.3343507150051,-14.882248244262,13.531582625595,3758.1611697667754
4821,-13.254810989189,24.859594602703,-12.5640975,-41.5403628,7174.064856430798
4822,0.0,0.0,24.990547725674,68.414767733572,7841.704138235988
4823,44.937407132222,-109.62433196583,-67.568078333333,-68.12311,12985.49264950312
4824,-20.40759827,26.378172570833,16.788765700001,7.98401,4597.559662672918
4825,-5.357209339994331,-5.356326,-3.971049018413,122.60293973273,14143.028147289544
4826,5.1716454886,-52.6555538457,42.4280214,-82.9579972,5107.525432881637
4827,-12.8413247,45.1321294,7.0996331114306,171.10219565285,14073.514522786292
4828,26.23463,-98.144290833333,-13.6942942,-172.1995207,9146.38588153108
4829,-19.738282888837,-43.019043333317,31.96537989378,35.825716358051,10162.405772662256
4830,3.7613644703634,98.678863569764,-44.6949959,169.1347793,8782.15904201968
4831,3.9766164749053,-59.115243915803,-27.098925492085,-109.37838422977,6402.580592571862
4832,-12.8437412716,45.1862002909,27.0988823,142.2053009,11338.054972172433
4833,-35.721753290837,-72.533506794622,18.101838333366,-15.9281934615,8441.574708257956
4834,27.945975,179.8463067,27.945975,179.8463067,0.0
4835,26.376412900002,-98.883045400002,5.6242913,-0.1729745,10591.153209860635
4836,-46.053789279773,170.19213345046,-43.761716111111,-176.31618277778,1091.1861009534489
4837,1.7951464187371,173.04053848625,12.156738652845,21.381376096981,16521.516345193333
4838,-27.087740977669,-109.38067790525,-27.097289419477,-109.3794099302,1.069132296080948
4839,15.8073369648,120.4578315784,-45.695535,167.6381608,8319.618057673013
4840,-43.7496481,-176.4481431,-9.5273573884932,160.09058710873,4428.7080488216625
4841,-45.425806,170.70163,15.167260463795,120.57198416479,8411.770376970839
4842,12.092385902293,119.97463797019,-3.2330664,151.9766689,3925.837935916385
4843,-32.63469743042,-34.402091130057,-30.37928487102,-37.397983158479,378.85928232613617
4844,-20.744150960556,26.891682827778,-20.40759827,26.378172570833,65.25439578253456
4845,-13.6044234,-172.2030649,-43.7429961,-176.3397781,3374.396335573139
4846,16.1018604,168.1416917,13.3615316,43.578414309677,13097.512304231856
4847,26.219322777778,-98.149464444444,6.3988614,125.2295224,14097.273853667966
4848,-17.7252275,-149.30905833333,26.7041231,128.1287742,10177.431287506877
4849,1.49936,124.845692,25.952641899999,89.250807300002,4677.732925954158
4850,7.7220064,134.6175031,6.9206991197002,158.32236759165,2615.5582349430683
4851,13.472066286169,144.7886390683,13.472779558969,144.78714067374,0.18039913267948263
4852,26.226239722222,-98.128203055556,26.231531111111,-98.160886944444,3.3127503601718193
4853,26.240624166667,-98.144456111111,-34.9855168,173.5616279,11496.79608657107
4854,-21.381391875976,27.465289978078,-23.622311102222,28.828087448889,285.8075905158178
4855,32.3663337808,-64.6743241511,2.8053274378207,23.870960762747,9704.05689109
4856,-30.17812645356,-37.665184339393,-30.17203074394,-37.673281344875,1.0321081572845963
4857,-19.537597058441,135.58486698052,-19.527909126819,135.57135050992,1.7795637873466952
4858,-3.918764517381,143.94138317749,-3.9335689557143,144.01568659714,8.405546298737493
4859,7.3468035,134.4979939,-18.610327043083,-173.99896447628,6340.893052660939
4860,-25.144039100002,33.088851900001,-25.171247300002,33.0752688,3.3199535951306425
4861,1.5104085579529,25.294030811661,-11.820269609191,25.153872414086,1482.3846710022058
4862,-23.8602198567,29.4254253712,-23.8627213519,29.3823338393,4.390826059652607
4863,-0.2937632,36.0910345,-32.404673685367,134.52012989667,10780.39534292561
4864,6.8774388,158.2890641,25.3423455,91.8895624,7312.734851159459
4865,1.630164,109.497986,-9.2774299433333,147.23037523333,4351.922896752669
4866,-45.4305955,167.7620574,14.840678906673,-86.289593426987,12414.414429071032
4867,-0.90136666666667,-89.604633333333,39.488171638755,-12.293451128313,8987.036400473586
4868,-0.294225,36.1181444,-5.0137627777777,80.743470833333,4982.788511328691
4869,16.101810200002,168.1416466,7.065585582756,125.61355146382,4730.529223124498
4870,-63.870143888889,-57.60430525,-33.730276246333,121.643067231,9162.212133872212
4871,14.876550299745,-24.719076199998,6.8843647,158.2898803,17572.751334608703
4872,16.19333153206,-0.52399262492462,-22.721768856049,-22.721768856049,4955.654359905475
4873,-23.036976095246,29.912523820948,-23.413366666667,-57.450213888889,8761.379747603007
4874,19.877395810001,3.0114187500001,21.470985233334,3.3460405000001,180.5859358603598
4875,-36.51698466,150.04214097333,25.3348686,93.0593641,9105.14127095098
4876,27.0371111,142.176326,27.0375418,142.1762509,0.04846582110161187
4877,37.766444225938,-25.288626851156,3.878906,10.070216,5203.002755738731
4878,0.0,-180.0,-8.6450790866192,-25.8400313026,16995.780921375972
4879,-3.9179810230952,143.9689204781,-3.9171800426945,143.94486336584,2.670264025201035
4880,14.868742,-24.7133456,2.0165954729413,-157.4856113487,14489.715925627672
4881,-34.56185001146,172.87621276379,40.267987765868,-11.799677584132,19258.319950512578
4882,3.0661336582294,24.122642871053,3.0859333,24.1221367,2.2023369619485402
4883,44.953893578795,-106.94772111798,44.951627018742,-106.94542961162,0.3098953841939501
4884,7.4982797,134.5445831,25.2563295,93.0035318,4823.564622483653
4885,-43.743987,-176.359116,-9.4392626559078,160.12708187137,4439.550489004597
4886,40.267375218943,-11.800021101496,-43.873995,172.866825,19459.197104287607
4887,-35.412651699972,-72.4354969,-34.72844450303,173.04375060636,9675.320000842295
4888,16.204667448887,-0.2603807902834,43.4796431,-118.8375965,10910.647183178244
4889,5.6242913,-0.1729745,26.376412900002,-98.883045400002,10591.153209860635
4890,-36.5223740262,150.03429042163,24.626329550326,-76.146048366276,15447.320104202025
4891,7.7048747948847,134.63022437602,7.0529083999722,125.5435844,1004.6168624361856
4892,25.158941089353,55.4538671599,30.596863662065,29.862960232139,2580.7855036791566
4893,-13.29646154995,25.080614508523,0.84227106873913,73.408631432312,5553.0579744175475
4894,27.945975,179.8463067,27.945975,179.8463067,0.0
4895,-4.1884183,139.0037117,-4.637199445484,55.475626619333,9254.31847321245
4896,-12.8393551,45.1299576859,-0.3025090454978,73.435716278117,3417.110741231935
4897,2.8698649,23.9439554,6.7395841190654,81.362983798684,6373.477937173447
4898,16.958993757516,-25.297903142285,2.041881001924,-157.49023364798,14362.97435687962
4899,-19.675353396077,-42.978028458821,31.944827500731,35.836014176533,10154.978292152071
4900,-18.638096042443,-174.03954465303,-21.140748,-175.174959,302.54355006426795
4901,-37.250805555556,150.03155555556,7.1425128999722,125.65835819997,5548.296460657694
4902,-43.743756666667,-176.55686472222,-43.7271825,-176.5086544,4.289444633356435
4903,13.481505910934,144.86212046536,-13.6421535,50.019292,10868.758302460346
4904,26.216901944444,-98.147306666667,25.244445,105.806399,13741.886965838483
4905,5.51434,9.981917,4.889811,10.782583,112.6216284137314
4906,-9.2774299433333,147.23037523333,-0.3823472,42.4966454,11616.837282985476
4907,-27.147945,-109.336352,-44.6989147,169.1274146,7287.840923994361
4908,5.511539,9.982249,5.5601,10.314398,37.155489007145306
4909,-4.1605240935065,138.98136558611,-47.7397259,-65.8986763,13754.339413922065
4910,9.5349193,138.1098688,-3.2501097,152.0226436,2096.925961392032
4911,2.9474946,9.9169519,30.551521164488,-81.820821426009,10007.179194748203
4912,37.744250451189,-25.515809718463,-10.3428388,150.57404379997,16943.215879507556
4913,-32.404673685367,134.52012989667,19.714688259253,-79.816401498347,16326.984161322756
4914,32.3636001069,-64.6644470841,-27.101752896902,-109.37579874997,8129.708204037643
4915,24.678813,68.47355,6.9199917,158.3223878,9671.72967362015
4916,7.64184,134.6327647,-35.4290091,-72.438719699972,15875.20794402236
4917,32.2966551036,-64.8749579117,15.2784058,5.6018717,7293.041715030617
4918,24.884559805005,68.583581630706,5.154588148,-52.64459359,12843.686286849836
4919,5.36614586261,162.98296408246,-13.449392,-172.3707112,3432.4126174527114
4920,24.398907177721,68.797339725907,-22.721768856049,-22.721768856049,11172.440786442143
4921,-18.633685257049,-174.00752256905,-18.614455970495,-174.00302211366,2.190155808667641
4922,-9.387069394397,-28.067781936065,-9.6799995352533,-28.943656926503,101.42041477251945
4923,32.2944604699,-64.7721398715,13.369125302273,39.598879198203,10521.508389047478
4924,-14.732835246264,13.878779076053,-25.237393956924,45.792114334374,3522.4450739263793
4925,33.111433333333,139.78228333333,35.2318183,-91.7528503,10712.651349286014
4926,-23.8412261289,29.3617980927,-54.269396534706,-36.502881743979,6323.745353196553
4927,25.145908081667,55.456151291667,-16.283237299972,-39.029607699972,11206.637789129245
4928,32.505409333306,-8.1714166666667,-35.3711291,-62.246648,9418.006912146277
4929,-22.679874384722,27.138295182778,35.107224820163,-90.581351962905,13893.731923187113
4930,-13.665281799998,50.023023299998,-31.8553013687,115.916365898,6949.417171464817
4931,-35.566729299972,-72.602185399972,16.2510602642,-61.5469235089,5878.502172148511
4932,25.1209092,47.6329185,25.1112033,47.7757932,14.425258335472835
4933,-23.622311102222,28.828087448889,-21.381391875976,27.465289978078,285.8075905158178
4934,23.9495382,90.2741937,-22.721768856049,-22.721768856049,13241.718853294542
4935,24.841469163869,69.12961675518,-29.03209625593,167.94797988571,12119.897276631262
4936,5.84758,10.162125,15.121612426667,104.30439236667,10280.250187638236
4937,24.920556334635,56.38702438037,-4.5657694533971,136.87769099789,9268.065218097066
4938,32.29325708,-64.7811971884,-6.2921161,176.31507139997,13086.40694856237
4939,-12.8380799,45.1310228,10.425796707912,99.043672398664,6489.167025248753
4940,-32.719742299699,134.83469536647,-25.1056399,30.4510094,9752.071268709367
4941,5.732097,10.175695,5.727725,10.181005,0.7625526344310717
4942,24.98540727116,68.462138772884,15.134199906667,104.30401702111,3887.2213616514996
4943,3.871214,10.072524,20.965388888889,-76.941641666667,9544.049629227662
4944,33.189216833306,-8.1877148333056,-45.5176193,167.7869838,18601.717329198375
4945,5.769513,10.158402,5.060856,9.974065,81.3983168826221
4946,19.925961410623,41.560637090716,32.492789,117.542464,7557.4656538131085
4947,-3.4691666666667,152.2275,-12.364315067475,-69.1522071116,15116.10782000531
4948,-17.547327777778,-149.58493611111,-17.707130555556,-149.58407222222,17.76949398948634
4949,-32.702195876333,134.81550834717,-32.2872944,18.5783479,10172.553695473298
4950,4.788516,10.825601,4.794375,10.822687,0.7271164693263495
4951,44.8494746,-109.55371239997,10.745715968526,-74.754051081545,5036.62574131511
4952,-14.920330499313,13.501061182482,-13.4471336,-172.3901968,16794.842660087375
4953,-24.1760245711,28.9980228245,14.5159078,62.45962568,5631.347113353943
4954,20.146117318754673,17.3725349593167,9.5434665,138.1661277,12747.068562231896
4955,30.835132900002,28.959908899998,-9.444878956643,160.13295690153,14446.516285588505
4956,-45.099474166667,170.06739361111,16.024863998885,-16.503919764857,16724.17407717769
4957,37.793648346962,-107.67350159011,-36.523222836533,150.03330627393,13342.852430426712
4958,24.806425,68.535699681249,-15.181928353753,-70.357098071418,15606.255872781565
4959,5.6305837,-0.1155107,-34.9395599,-57.9713365,7538.902513818938
4960,24.611756885912,68.452260796751,35.2408992,-91.7341764,13040.428720454493
4961,24.578238466085,69.11807169215,12.516874372957,21.700426116588,5148.521990889588
4962,3.0859333,24.1221367,-14.847316034152,13.577682338668,2307.629625482168
4963,44.914039,-107.079403,-16.531881433665,38.920789994323,15544.4270816032
4964,5.0067716092,115.0050113071,-3.8382544231259,-11.482695552622,14082.595186155504
4965,3.830877,10.091252,-0.288354,36.1163573,2927.875369863184
4966,15.745031933068,-1.2995080880478,5.6165341938889,-0.24553846555556,1132.0935964070077
4967,-35.6781434,-72.537904299972,-30.568156986388,147.49164403187,11544.711634781168
4968,-13.6293495,50.0122388,-13.6405892,50.018783,1.4359975175114839
4969,0.35867015183714,109.99666776544,-8.5603889,125.5237778,1985.7172254734458
4970,-35.794926422062,-72.547023530515,25.0768527,46.4871116,14142.779638425303
4971,25.107827503235,56.357473013927,26.250532693709,127.67463055928,7049.295248547441
4972,-51.693912627456,-57.838930641239,37.090186114361,-121.11680966477,11623.274127882356
4973,16.998872,-25.247515,-14.781501330449,13.77478337848,5551.472339093667
4974,24.740695756211,69.24321062734,9.1242454097363,5.8018835221095,6909.731719304012
4975,2.8859157999976,23.9889624,12.092385902293,119.97463797019,10589.959244223022
4976,44.9689959,-108.26912409997,-24.11353743043,150.1902085292,12754.434508422823
4977,-22.409894876111,29.85191253,-5.7644872665405,-35.332511901855,7215.619338210231
4978,5.1594845529601,-52.666085876504,-26.270704485031,-48.894987297164,3518.4318742319874
4979,24.990547725674,68.414767733572,0.0,0.0,7841.704138235988
4980,-23.8470979035,29.368959507,22.096724722222,-159.36067,19100.608776064735
4981,-21.398282311667,27.452681846667,44.942649,-109.56084599997,15313.265890505514
4982,18.305083880005,42.725071300045,-1.0169444444444,-1.0169444444444,5241.637491936577
4983,-19.309408101959,135.10721578486,-19.430646631712,135.39367005978,32.934790499649736
4984,24.571848,69.21121,-34.501717887411,172.80136984964,12710.52865062844
4985,24.6811822802,69.0686101754,-33.753513036036,121.74037542543,8554.507390916204
4986,-36.575501247894,-59.642985127196,-6.107934,177.33813829997,12434.005126539072
4987,24.97756166007,68.583563997328,26.5078918263,-78.7092493661,13300.037661787268
4988,24.541521743213,68.531049335993,5.529243,10.355916,6542.370567589968
4989,-45.231643099972,167.8119474,16.0237356,80.9224216,11026.4353546976
4990,14.919144223655,-24.345602910254,21.484461333333,39.1862495,6708.095794122356
4991,3.2112928786364,24.086302449034,-9.4409546126214,160.09966045922,15108.682632954278
4992,-32.723711362613,134.84713966397,24.527093576417,43.601311831799,11558.560024670405
4993,-43.73124647872,-176.4977529861,27.0946254,142.1950744,8929.674200737161
4994,-9.3075716885144,147.23190891511,-37.344516394739,-59.12804800415,14146.021335883006
4995,-12.8405725,45.1310917,-37.3303197,-59.0812522,10361.781729735128
4996,-20.149406666667,13.193223333333,25.153992,55.483995,6801.950127130755
4997,32.2580362391,-64.8668394517,7.828032,52.186474,12004.521618284869
4998,-3.0630058066667,-59.950633753333,19.439305,98.3391283,17035.776561392962
4999,32.027318099999,-8.2166602,31.970738600002,-8.210461699999,6.318448092681661
