id,gt_lat,gt_lon,plonk_lat,plonk_lon,fractus_lat,fractus_lon
0,16.146444599998,168.1148514,16.146444599998,168.1148514,16.146444599998,168.1148514
1,-33.98184925644,-32.612652918486,-33.98184925644,-32.612652918486,-33.98184925644,-32.612652918486
2,-35.595377,-62.4435055,-35.595377,-62.4435055,-35.595377,-62.4435055
3,-3.9707426869888,122.5906746048,-3.9707426869888,122.5906746048,-3.9707426869888,122.5906746048
4,22.055194781733,-159.38694063739,22.055194781733,-159.38694063739,22.055194781733,-159.38694063739
5,17.9971477,-15.6410917,17.9971477,-15.6410917,17.9971477,-15.6410917
6,40.269087605668,-11.799009156275,40.269087605668,-11.799009156275,40.269087605668,-11.799009156275
7,-4.5657694533971,136.87769099789,-4.5657694533971,136.87769099789,-4.5657694533971,136.87769099789
8,-35.3917309,-62.4237201,-35.3917309,-62.4237201,-35.3917309,-62.4237201
9,1.8509544711577,172.99873894097,1.8509544711577,172.99873894097,1.8509544711577,172.99873894097
10,26.5579432,78.7202628,26.5579432,78.7202628,26.5579432,78.7202628
11,1.9828404529191,-157.35593335685,1.9828404529191,-157.35593335685,1.9828404529191,-157.35593335685
12,1.9902825470222,-157.37940550382,1.9902825470222,-157.37940550382,1.9902825470222,-157.37940550382
13,1.9831686861805,-157.3657819861,1.9831686861805,-157.3657819861,1.9831686861805,-157.3657819861
14,2.041881001924,-157.49023364798,2.041881001924,-157.49023364798,2.041881001924,-157.49023364798
15,22.688583324679,131.12826227172,22.688583324679,131.12826227172,22.688583324679,131.12826227172
16,-14.893372827309,50.27758068755,-14.893372827309,50.27758068755,-14.893372827309,50.27758068755
17,-35.025622222222,117.87645555556,-35.025622222222,117.87645555556,-35.025622222222,117.87645555556
18,-77.8463677,166.6717459,-77.8463677,166.6717459,-77.8463677,166.6717459
19,-27.100351125556,-109.37711997465,-27.100351125556,-109.37711997465,-27.100351125556,-109.37711997465
20,-27.140849,-109.411603,-27.140849,-109.411603,-27.140849,-109.411603
21,4.7914388888889,51.779036111111,4.7914388888889,51.779036111111,4.7914388888889,51.779036111111
22,-18.612210349112,-174.00089703609,-18.612210349112,-174.00089703609,-18.612210349112,-174.00089703609
23,-27.098266705185,-109.37879372492,-27.098266705185,-109.37879372492,-27.098266705185,-109.37879372492
24,38.0006071919,-41.857120398158,38.0006071919,-41.857120398158,38.0006071919,-41.857120398158
25,-77.8462596,166.6668388,-77.8462596,166.6668388,-77.8462596,166.6668388
26,-8.1421162957581,-24.345313226706,-8.1421162957581,-24.345313226706,-8.1421162957581,-24.345313226706
27,-35.086054043358,-32.561044387261,-35.086054043358,-32.561044387261,-35.086054043358,-32.561044387261
28,27.945975,179.8463067,27.945975,179.8463067,27.945975,179.8463067
29,-67.567985,-68.122978333333,-67.567985,-68.122978333333,-67.567985,-68.122978333333
30,16.1335336,168.1298906,16.1335336,168.1298906,16.1335336,168.1298906
31,-27.100002753553,-109.37743984645,-27.100002753553,-109.37743984645,-27.100002753553,-109.37743984645
32,-18.846018,72.47929275,-18.846018,72.47929275,-18.846018,72.47929275
33,2.043164789686,-157.48663920077,2.043164789686,-157.48663920077,2.043164789686,-157.48663920077
34,38.07843726052,-47.7175375166,38.07843726052,-47.7175375166,38.07843726052,-47.7175375166
35,-6.2974772999722,176.3184621,-6.2974772999722,176.3184621,-6.2974772999722,176.3184621
36,2.0221870330489,-157.48903094376,2.0221870330489,-157.48903094376,2.0221870330489,-157.48903094376
37,-54.2647463596,-36.501215547357,-54.2647463596,-36.501215547357,-54.2647463596,-36.501215547357
38,-4.5648755361457,136.86721415762,-4.5648755361457,136.86721415762,-4.5648755361457,136.86721415762
39,-77.8458894,166.6683252,-77.8458894,166.6683252,-77.8458894,166.6683252
40,-6.2946952999722,176.3210907,-6.2946952999722,176.3210907,-6.2946952999722,176.3210907
41,-54.262541080876,-36.49784015495,-54.262541080876,-36.49784015495,-54.262541080876,-36.49784015495
42,-33.713359,0.0,-33.713359,0.0,-33.713359,0.0
43,-77.8463774,166.6716091,-77.8463774,166.6716091,-77.8463774,166.6716091
44,-4.5651456880952,136.87114504127,-4.5651456880952,136.87114504127,-4.5651456880952,136.87114504127
45,-36.035700762307,-32.667014264013,-36.035700762307,-32.667014264013,-36.035700762307,-32.667014264013
46,16.133585100003,168.129909,16.133585100003,168.129909,16.133585100003,168.129909
47,-27.101752896902,-109.37579874997,-27.101752896902,-109.37579874997,-27.101752896902,-109.37579874997
48,43.939628128418,-59.877183952711,43.939628128418,-59.877183952711,43.939628128418,-59.877183952711
49,38.06805925288,-50.6117926804,38.06805925288,-50.6117926804,38.06805925288,-50.6117926804
50,37.988889419167,-50.208898339331,37.988889419167,-50.208898339331,37.988889419167,-50.208898339331
51,-4.1018456769078,138.93215966343,-4.1018456769078,138.93215966343,-4.1018456769078,138.93215966343
52,-13.682447,50.021800599998,-13.682447,50.021800599998,-13.682447,50.021800599998
53,38.049576713333,-44.781052506667,38.049576713333,-44.781052506667,38.049576713333,-44.781052506667
54,-4.3340244646271,-12.958938351019,-4.3340244646271,-12.958938351019,-4.3340244646271,-12.958938351019
55,-27.094912359832,-109.38071075178,-27.094912359832,-109.38071075178,-27.094912359832,-109.38071075178
56,37.4989176,-46.501526449524,37.4989176,-46.501526449524,37.4989176,-46.501526449524
57,-6.2911852,176.3161641,-6.2911852,176.3161641,-6.2911852,176.3161641
58,43.938013116899,-59.877024822532,43.938013116899,-59.877024822532,43.938013116899,-59.877024822532
59,-35.539056218967,-33.267712202583,-35.539056218967,-33.267712202583,-35.539056218967,-33.267712202583
60,-6.3113029154066,-18.871094536472,-6.3113029154066,-18.871094536472,-6.3113029154066,-18.871094536472
61,38.554098798333,-38.445941305,38.554098798333,-38.445941305,38.554098798333,-38.445941305
62,-5.2860474224098,-15.80553206994,-5.2860474224098,-15.80553206994,-5.2860474224098,-15.80553206994
63,-35.698729345905,-32.629412049682,-35.698729345905,-32.629412049682,-35.698729345905,-32.629412049682
64,-27.098925492085,-109.37838422977,-27.098925492085,-109.37838422977,-27.098925492085,-109.37838422977
65,-25.4847222,-124.2436111,-25.4847222,-124.2436111,-25.4847222,-124.2436111
66,-67.5718,-68.12929,-67.5718,-68.12929,-67.5718,-68.12929
67,-6.2938309999722,176.3158222,-6.2938309999722,176.3158222,-6.2938309999722,176.3158222
68,38.07151858876,-49.647040959133,38.07151858876,-49.647040959133,38.07151858876,-49.647040959133
69,-4.9953135567602,-14.937398257149,-4.9953135567602,-14.937398257149,-4.9953135567602,-14.937398257149
70,-56.936228080158,-28.014700948282,-56.936228080158,-28.014700948282,-56.936228080158,-28.014700948282
71,-3.4052697078032,-10.182718105778,-3.4052697078032,-10.182718105778,-3.4052697078032,-10.182718105778
72,-34.320209915173,-32.475584809236,-34.320209915173,-32.475584809236,-34.320209915173,-32.475584809236
73,-54.421741616696,3.3888923584485,-54.421741616696,3.3888923584485,-54.421741616696,3.3888923584485
74,0.0,-180.0,0.0,-180.0,0.0,-180.0
75,1.5001989099929,124.89054551999,1.5001989099929,124.89054551999,1.5001989099929,124.89054551999
76,-4.0130178068343,-11.983733670417,-4.0130178068343,-11.983733670417,-4.0130178068343,-11.983733670417
77,-35.802749685671,-32.999954620824,-35.802749685671,-32.999954620824,-35.802749685671,-32.999954620824
78,-27.111154390683,-109.37230189964,-27.111154390683,-109.37230189964,-27.111154390683,-109.37230189964
79,-35.003961111111,117.51656111111,-35.003961111111,117.51656111111,-35.003961111111,117.51656111111
80,-77.8461044,166.6672587,-77.8461044,166.6672587,-77.8461044,166.6672587
81,-18.614455970495,-174.00302211366,-18.614455970495,-174.00302211366,-18.614455970495,-174.00302211366
82,-35.239222868994,-32.578136302866,-35.239222868994,-32.578136302866,-35.239222868994,-32.578136302866
83,-4.7734196759114,-14.272750836675,-4.7734196759114,-14.272750836675,-4.7734196759114,-14.272750836675
84,27.945975,179.8463067,27.945975,179.8463067,27.945975,179.8463067
85,-6.2868554,176.31439449997,-6.2868554,176.31439449997,-6.2868554,176.31439449997
86,-25.594301571447,-37.358759118259,-25.594301571447,-37.358759118259,-25.594301571447,-37.358759118259
87,-24.3366585,-128.3139861,-24.3366585,-128.3139861,-24.3366585,-128.3139861
88,-31.4055556,-130.3563889,-31.4055556,-130.3563889,-31.4055556,-130.3563889
89,-6.5023393154404,-19.458263937371,-6.5023393154404,-19.458263937371,-6.5023393154404,-19.458263937371
90,-54.269396534706,-36.502881743979,-54.269396534706,-36.502881743979,-54.269396534706,-36.502881743979
91,-5.7254426336942,-17.119344555597,-5.7254426336942,-17.119344555597,-5.7254426336942,-17.119344555597
92,22.645468659512,131.39413603825,22.645468659512,131.39413603825,22.645468659512,131.39413603825
93,27.945975,179.8463067,27.945975,179.8463067,27.945975,179.8463067
94,-67.570336666667,-68.12801,-67.570336666667,-68.12801,-67.570336666667,-68.12801
95,38.06892408685,-50.370604750083,38.06892408685,-50.370604750083,38.06892408685,-50.370604750083
96,39.436501041056,-31.257868409167,39.436501041056,-31.257868409167,39.436501041056,-31.257868409167
97,0.0,-180.0,0.0,-180.0,0.0,-180.0
98,-54.421584682483,3.3908522688457,-54.421584682483,3.3908522688457,-54.421584682483,3.3908522688457
99,-29.5197898146,-38.539660931473,-29.5197898146,-38.539660931473,-29.5197898146,-38.539660931473
100,1.514422229991,124.91755734999,1.514422229991,124.91755734999,1.514422229991,124.91755734999
101,-7.7776670572399,-23.269001968737,-7.7776670572399,-23.269001968737,-7.7776670572399,-23.269001968737
102,-67.568265,-68.123328333333,-67.568265,-68.123328333333,-67.568265,-68.123328333333
103,-3.9893352076181,122.51698689218,-3.9893352076181,122.51698689218,-3.9893352076181,122.51698689218
104,-32.25066772436,-34.912202475437,-32.25066772436,-34.912202475437,-32.25066772436,-34.912202475437
105,-4.7465500962417,-14.204061043894,-4.7465500962417,-14.204061043894,-4.7465500962417,-14.204061043894
106,37.4989176,-30.458241265,37.4989176,-30.458241265,37.4989176,-30.458241265
107,-3.8198401157788,-11.417453463835,-3.8198401157788,-11.417453463835,-3.8198401157788,-11.417453463835
108,-4.0358005932902,122.491733147,-4.0358005932902,122.491733147,-4.0358005932902,122.491733147
109,-6.3448808766815,-18.94717797344,-6.3448808766815,-18.94717797344,-6.3448808766815,-18.94717797344
110,-33.981666666667,-112.43083333333,-33.981666666667,-112.43083333333,-33.981666666667,-112.43083333333
111,-30.36709345178,-37.414177169444,-30.36709345178,-37.414177169444,-30.36709345178,-37.414177169444
112,38.07930209449,-47.476349586284,38.07930209449,-47.476349586284,38.07930209449,-47.476349586284
113,-18.660563336637,-174.03955954745,-18.660563336637,-174.03955954745,-18.660563336637,-174.03955954745
114,-35.016202777778,117.88049166667,-35.016202777778,117.88049166667,-35.016202777778,117.88049166667
115,-54.441028512134,-36.189404474605,-54.441028512134,-36.189404474605,-54.441028512134,-36.189404474605
116,-6.6042330562628,-19.746969526909,-6.6042330562628,-19.746969526909,-6.6042330562628,-19.746969526909
117,37.51046224,-48.92063152,37.51046224,-48.92063152,37.51046224,-48.92063152
118,2.0165954729413,-157.4856113487,2.0165954729413,-157.4856113487,2.0165954729413,-157.4856113487
119,-4.9846274192707,-14.885168796677,-4.9846274192707,-14.885168796677,-4.9846274192707,-14.885168796677
120,-4.0410943237708,-12.083063360581,-4.0410943237708,-12.083063360581,-4.0410943237708,-12.083063360581
121,-4.5663216414502,136.88008716158,-4.5663216414502,136.88008716158,-4.5663216414502,136.88008716158
122,-14.893276637919,50.275164088591,-14.893276637919,50.275164088591,-14.893276637919,50.275164088591
123,-21.201464098442,-172.02016182663,-21.201464098442,-172.02016182663,-21.201464098442,-172.02016182663
124,-61.33,-62.865,-61.33,-62.865,-61.33,-62.865
125,-4.3466909090097,55.770494705118,-4.3466909090097,55.770494705118,-4.3466909090097,55.770494705118
126,16.101726699997,168.1416623,16.101726699997,168.1416623,16.101726699997,168.1416623
127,43.93884225067,-59.878215791549,43.93884225067,-59.878215791549,43.93884225067,-59.878215791549
128,-26.011343926788,-36.421469743888,-26.011343926788,-36.421469743888,-26.011343926788,-36.421469743888
129,1.9878989667735,-157.37358445924,1.9878989667735,-157.37358445924,1.9878989667735,-157.37358445924
130,-5.680168410706,-16.979456438191,-5.680168410706,-16.979456438191,-5.680168410706,-16.979456438191
131,-54.421654530948,3.3899799496049,-54.421654530948,3.3899799496049,-54.421654530948,3.3899799496049
132,-4.5270764438418,-13.547285682209,-4.5270764438418,-13.547285682209,-4.5270764438418,-13.547285682209
133,-35.005830555556,117.51788888889,-35.005830555556,117.51788888889,-35.005830555556,117.51788888889
134,2.0353675101598,-157.494114485,2.0353675101598,-157.494114485,2.0353675101598,-157.494114485
135,-77.8465337,166.6690092,-77.8465337,166.6690092,-77.8465337,166.6690092
136,-8.4350464366143,-25.221188217143,-8.4350464366143,-25.221188217143,-8.4350464366143,-25.221188217143
137,-35.024497222222,117.67413888889,-35.024497222222,117.67413888889,-35.024497222222,117.67413888889
138,-35.004661111111,117.516975,-35.004661111111,117.516975,-35.004661111111,117.516975
139,-5.2884801503168,-15.821256437898,-5.2884801503168,-15.821256437898,-5.2884801503168,-15.821256437898
140,7.1279179283333,171.04672023429,7.1279179283333,171.04672023429,7.1279179283333,171.04672023429
141,-31.57404395654,-35.810970083964,-31.57404395654,-35.810970083964,-31.57404395654,-35.810970083964
142,-8.4776021870389,-25.369242192533,-8.4776021870389,-25.369242192533,-8.4776021870389,-25.369242192533
143,-6.2935173,176.31978829997,-6.2935173,176.31978829997,-6.2935173,176.31978829997
144,-21.335750389676,-174.95160531357,-21.335750389676,-174.95160531357,-21.335750389676,-174.95160531357
145,38.041619396467,-12.625897604052,38.041619396467,-12.625897604052,38.041619396467,-12.625897604052
146,16.1464482,168.1146852,16.1464482,168.1146852,16.1464482,168.1146852
147,-77.8464808,166.6689583,-77.8464808,166.6689583,-77.8464808,166.6689583
148,-54.421640590538,3.3909122925004,-54.421640590538,3.3909122925004,-54.421640590538,3.3909122925004
149,-24.3365736,-128.3137468,-24.3365736,-128.3137468,-24.3365736,-128.3137468
150,7.1126635,171.3677444,7.1126635,171.3677444,7.1126635,171.3677444
151,-7.3164904891179,-21.8486130997,-7.3164904891179,-21.8486130997,-7.3164904891179,-21.8486130997
152,-3.9702937015353,122.5244264006,-3.9702937015353,122.5244264006,-3.9702937015353,122.5244264006
153,0.0,-180.0,0.0,-180.0,0.0,-180.0
154,-67.571735,-68.129208333333,-67.571735,-68.129208333333,-67.571735,-68.129208333333
155,43.937842839936,-59.876854936037,43.937842839936,-59.876854936037,43.937842839936,-59.876854936037
156,2.0120463371277,-157.48469543457,2.0120463371277,-157.48469543457,2.0120463371277,-157.48469543457
157,-77.8464256,166.6696661,-77.8464256,166.6696661,-77.8464256,166.6696661
158,-63.875648472222,-57.584686277778,-63.875648472222,-57.584686277778,-63.875648472222,-57.584686277778
159,-77.8465053,166.6690148,-77.8465053,166.6690148,-77.8465053,166.6690148
160,-77.8463268,166.6720834,-77.8463268,166.6720834,-77.8463268,166.6720834
161,43.936907731838,-59.876141861196,43.936907731838,-59.876141861196,43.936907731838,-59.876141861196
162,7.0574397,171.2488028,7.0574397,171.2488028,7.0574397,171.2488028
163,-46.3408333,-173.2888889,-46.3408333,-173.2888889,-46.3408333,-173.2888889
164,-9.8426754814523,-29.392344427975,-9.8426754814523,-29.392344427975,-9.8426754814523,-29.392344427975
165,39.436441571444,-31.257914090528,39.436441571444,-31.257914090528,39.436441571444,-31.257914090528
166,0.0,-180.0,0.0,-180.0,0.0,-180.0
167,-4.1649384300551,138.98490673006,-4.1649384300551,138.98490673006,-4.1649384300551,138.98490673006
168,-27.091308529562,-109.38150997192,-27.091308529562,-109.38150997192,-27.091308529562,-109.38150997192
169,-4.4260027509468,120.33299723012,-4.4260027509468,120.33299723012,-4.4260027509468,120.33299723012
170,2.0230271872221,-157.48961019591,2.0230271872221,-157.48961019591,2.0230271872221,-157.48961019591
171,16.146328,168.1148054,16.146328,168.1148054,16.146328,168.1148054
172,-3.8382544231259,-11.482695552622,-3.8382544231259,-11.482695552622,-3.8382544231259,-11.482695552622
173,-35.423025459759,-32.598646601592,-35.423025459759,-32.598646601592,-35.423025459759,-32.598646601592
174,43.938868926783,-59.878210268318,43.938868926783,-59.878210268318,43.938868926783,-59.878210268318
175,-13.645410200002,50.019686699998,-13.645410200002,50.019686699998,-13.645410200002,50.019686699998
176,-14.0528495,50.0209914,-14.0528495,50.0209914,-14.0528495,50.0209914
177,-77.8463113,166.6721069,-77.8463113,166.6721069,-77.8463113,166.6721069
178,-35.00045000696,117.10049753227,-35.00045000696,117.10049753227,-35.00045000696,117.10049753227
179,-77.8462026,166.6667557,-77.8462026,166.6667557,-77.8462026,166.6667557
180,-18.604768488634,-174.00143372019,-18.604768488634,-174.00143372019,-18.604768488634,-174.00143372019
181,16.500605099999,167.6505342067,16.500605099999,167.6505342067,16.500605099999,167.6505342067
182,16.1334975,168.1299944,16.1334975,168.1299944,16.1334975,168.1299944
183,-4.3490023445378,55.775615880318,-4.3490023445378,55.775615880318,-4.3490023445378,55.775615880318
184,16.1335172,168.1300091,16.1335172,168.1300091,16.1335172,168.1300091
185,-4.637199445484,55.475626619333,-4.637199445484,55.475626619333,-4.637199445484,55.475626619333
186,-77.8464261,166.6684989,-77.8464261,166.6684989,-77.8464261,166.6684989
187,37.4989176,-54.057005660952,37.4989176,-54.057005660952,37.4989176,-54.057005660952
188,-6.2926947999722,176.3152967,-6.2926947999722,176.3152967,-6.2926947999722,176.3152967
189,-54.51134,158.920216,-54.51134,158.920216,-54.51134,158.920216
190,-54.57393,158.917819,-54.57393,158.917819,-54.57393,158.917819
191,0.0,-180.0,0.0,-180.0,0.0,-180.0
192,-5.0417086888599,-15.082834567771,-5.0417086888599,-15.082834567771,-5.0417086888599,-15.082834567771
193,-77.8458348,166.6686303,-77.8458348,166.6686303,-77.8458348,166.6686303
194,-21.140748,-175.174959,-21.140748,-175.174959,-21.140748,-175.174959
195,1.3640267,173.0876742,1.3640267,173.0876742,1.3640267,173.0876742
196,-35.790630641287,-32.639667199045,-35.790630641287,-32.639667199045,-35.790630641287,-32.639667199045
197,43.938572942347,-59.878061913532,43.938572942347,-59.878061913532,43.938572942347,-59.878061913532
198,1.9960876768496,-157.48045826007,1.9960876768496,-157.48045826007,1.9960876768496,-157.48045826007
199,37.4989176,-32.1110023425,37.4989176,-32.1110023425,37.4989176,-32.1110023425
200,43.937660267447,-59.876740960452,43.937660267447,-59.876740960452,43.937660267447,-59.876740960452
201,39.436488719667,-31.257966812694,39.436488719667,-31.257966812694,39.436488719667,-31.257966812694
202,-19.0472571665,72.5749023335,-19.0472571665,72.5749023335,-19.0472571665,72.5749023335
203,38.554098525,-30.352058925,38.554098525,-30.352058925,38.554098525,-30.352058925
204,0.0,-180.0,0.0,-180.0,0.0,-180.0
205,2.0430406261333,-157.46662308782,2.0430406261333,-157.46662308782,2.0430406261333,-157.46662308782
206,39.436601875361,-31.257857261222,39.436601875361,-31.257857261222,39.436601875361,-31.257857261222
207,-30.76331457708,-36.887871813099,-30.76331457708,-36.887871813099,-30.76331457708,-36.887871813099
208,37.4989176,-49.4014259225,37.4989176,-49.4014259225,37.4989176,-49.4014259225
209,0.0,-180.0,0.0,-180.0,0.0,-180.0
210,-35.025302777778,117.66613611111,-35.025302777778,117.66613611111,-35.025302777778,117.66613611111
211,38.0006071919,-41.857120398158,38.0006071919,-41.857120398158,38.0006071919,-41.857120398158
212,-77.8458118,166.6687284,-77.8458118,166.6687284,-77.8458118,166.6687284
213,13.9900736,-45.505196568333,13.9900736,-45.505196568333,13.9900736,-45.505196568333
214,0.0,-180.0,0.0,-180.0,0.0,-180.0
215,-6.0633920106407,-18.144713214002,-6.0633920106407,-18.144713214002,-6.0633920106407,-18.144713214002
216,38.012324964633,-33.505342456985,38.012324964633,-33.505342456985,38.012324964633,-33.505342456985
217,38.0530599654,-54.79502241942,38.0530599654,-54.79502241942,38.0530599654,-54.79502241942
218,-67.568078333333,-68.12311,-67.568078333333,-68.12311,-67.568078333333,-68.12311
219,39.436592278083,-31.257929513222,39.436592278083,-31.257929513222,39.436592278083,-31.257929513222
220,39.436441571444,-31.257914090528,39.436441571444,-31.257914090528,39.436441571444,-31.257914090528
221,38.053852990967,-54.57383842639,38.053852990967,-54.57383842639,38.053852990967,-54.57383842639
222,39.436508836222,-31.257974859333,39.436508836222,-31.257974859333,39.436508836222,-31.257974859333
223,38.07843726052,-47.7175375166,38.07843726052,-47.7175375166,38.07843726052,-47.7175375166
224,-9.0209067183267,-26.972938198018,-9.0209067183267,-26.972938198018,-9.0209067183267,-26.972938198018
225,-35.576194285396,-32.615738517197,-35.576194285396,-32.615738517197,-35.576194285396,-32.615738517197
226,1.9838180541992,-157.47537231445,1.9838180541992,-157.47537231445,1.9838180541992,-157.47537231445
227,-33.728012,0.116645,-33.728012,0.116645,-33.728012,0.116645
228,38.052266939833,-55.01620641245,38.052266939833,-55.01620641245,38.052266939833,-55.01620641245
229,2.0198804442477,-157.48738634093,2.0198804442477,-157.48738634093,2.0198804442477,-157.48738634093
230,-67.567956666667,-68.123108333333,-67.567956666667,-68.123108333333,-67.567956666667,-68.123108333333
231,-21.164244362182,-172.0490588164,-21.164244362182,-172.0490588164,-21.164244362182,-172.0490588164
232,39.436444756583,-31.257930770528,39.436444756583,-31.257930770528,39.436444756583,-31.257930770528
233,38.08276143037,-46.511597865016,38.08276143037,-46.511597865016,38.08276143037,-46.511597865016
234,16.133590100001,168.12990310078,16.133590100001,168.12990310078,16.133590100001,168.12990310078
235,37.4989176,-48.765748585,37.4989176,-48.765748585,37.4989176,-48.765748585
236,-35.028508333333,117.60293333333,-35.028508333333,117.60293333333,-35.028508333333,117.60293333333
237,-56.936207038698,-28.014660792178,-56.936207038698,-28.014660792178,-56.936207038698,-28.014660792178
238,-35.637461815651,-32.622575283439,-35.637461815651,-32.622575283439,-35.637461815651,-32.622575283439
239,39.436518684972,-31.257944516833,39.436518684972,-31.257944516833,39.436518684972,-31.257944516833
240,-6.2828656630405,-18.801488575686,-6.2828656630405,-18.801488575686,-6.2828656630405,-18.801488575686
241,-35.05542027823,-32.55762600414,-35.05542027823,-32.55762600414,-35.05542027823,-32.55762600414
242,-7.4387693439091,-22.234386842909,-7.4387693439091,-22.234386842909,-7.4387693439091,-22.234386842909
243,-54.421776540929,3.3884561988282,-54.421776540929,3.3884561988282,-54.421776540929,3.3884561988282
244,-35.030335573313,117.91963302756,-35.030335573313,117.91963302756,-35.030335573313,117.91963302756
245,-35.275362752264,-33.535469784341,-35.275362752264,-33.535469784341,-35.275362752264,-33.535469784341
246,43.937055388972,-59.876218041736,43.937055388972,-59.876218041736,43.937055388972,-59.876218041736
247,-5.8475622254095,-17.494182301663,-5.8475622254095,-17.494182301663,-5.8475622254095,-17.494182301663
248,-30.17203074394,-37.673281344875,-30.17203074394,-37.673281344875,-30.17203074394,-37.673281344875
249,-35.031101872333,117.9058002195,-35.031101872333,117.9058002195,-35.031101872333,117.9058002195
250,39.486875571193,-12.294234047818,39.486875571193,-12.294234047818,39.486875571193,-12.294234047818
251,-4.307602791442,-12.890510320524,-4.307602791442,-12.890510320524,-4.307602791442,-12.890510320524
252,-6.0916053097644,-18.214188293643,-6.0916053097644,-18.214188293643,-6.0916053097644,-18.214188293643
253,-77.8462601,166.6717981,-77.8462601,166.6717981,-77.8462601,166.6717981
254,22.603676838832,131.64982703791,22.603676838832,131.64982703791,22.603676838832,131.64982703791
255,-6.0183727745504,-17.995219546034,-6.0183727745504,-17.995219546034,-6.0183727745504,-17.995219546034
256,-4.356925,55.830535,-4.356925,55.830535,-4.356925,55.830535
257,-35.545560520268,-32.612320134076,-35.545560520268,-32.612320134076,-35.545560520268,-32.612320134076
258,-35.17795533874,-32.571299536624,-35.17795533874,-32.571299536624,-35.17795533874,-32.571299536624
259,-6.94128662024,-20.77181466074,-6.94128662024,-20.77181466074,-6.94128662024,-20.77181466074
260,38.0459227353,-56.78567835669,38.0459227353,-56.78567835669,38.0459227353,-56.78567835669
261,-27.115144,-109.395431,-27.115144,-109.395431,-27.115144,-109.395431
262,-35.116687808485,-32.564462770382,-35.116687808485,-32.564462770382,-35.116687808485,-32.564462770382
263,-77.846125,166.6662063,-77.846125,166.6662063,-77.846125,166.6662063
264,15.12229,0.0,15.12229,0.0,15.12229,0.0
265,38.0862829975,-42.669969274998,38.0862829975,-42.669969274998,38.0862829975,-42.669969274998
266,-14.132214599998,50.061151,-14.132214599998,50.061151,-14.132214599998,50.061151
267,12.504471833333,-40.7359809,12.504471833333,-40.7359809,12.504471833333,-40.7359809
268,-46.6594444,-173.115,-46.6594444,-173.115,-46.6594444,-173.115
269,36.408523109135,-146.8458305345,36.408523109135,-146.8458305345,36.408523109135,-146.8458305345
270,-64.933332999867,-63.665,-64.933332999867,-63.665,-64.933332999867,-63.665
271,37.4989176,-34.526576225,37.4989176,-34.526576225,37.4989176,-34.526576225
272,-33.408016,0.066667,-33.408016,0.066667,-33.408016,0.066667
273,-35.023515,117.8836115,-35.023515,117.8836115,-35.023515,117.8836115
274,-35.032205714214,117.91534468068,-35.032205714214,117.91534468068,-35.032205714214,117.91534468068
275,-54.442232237248,-36.190321035717,-54.442232237248,-36.190321035717,-54.442232237248,-36.190321035717
276,-56.936183569028,-28.014556388615,-56.936183569028,-28.014556388615,-56.936183569028,-28.014556388615
277,-27.111416997451,-109.37207851647,-27.111416997451,-109.37207851647,-27.111416997451,-109.37207851647
278,7.0700457,171.3033942,7.0700457,171.3033942,7.0700457,171.3033942
279,-56.93615297933,-28.014403465622,-56.93615297933,-28.014403465622,-56.93615297933,-28.014403465622
280,-54.421718035567,3.3906788054346,-54.421718035567,3.3906788054346,-54.421718035567,3.3906788054346
281,-35.668095580778,-32.62599366656,-35.668095580778,-32.62599366656,-35.668095580778,-32.62599366656
282,-24.336974,-128.3147973,-24.336974,-128.3147973,-24.336974,-128.3147973
283,-4.0006011651073,122.51003332769,-4.0006011651073,122.51003332769,-4.0006011651073,122.51003332769
284,-7.0494194886865,-21.076084209179,-7.0494194886865,-21.076084209179,-7.0494194886865,-21.076084209179
285,38.042750633033,-57.67041432881,38.042750633033,-57.67041432881,38.042750633033,-57.67041432881
286,-27.092377102614,-109.38093769869,-27.092377102614,-109.38093769869,-27.092377102614,-109.38093769869
287,-67.568503333333,-68.124265,-67.568503333333,-68.124265,-67.568503333333,-68.124265
288,37.520001681111,-14.944791852222,37.520001681111,-14.944791852222,37.520001681111,-14.944791852222
289,-77.8461737,166.6707932,-77.8461737,166.6707932,-77.8461737,166.6707932
290,38.9531209,-47.633139477,38.9531209,-47.633139477,38.9531209,-47.633139477
291,-4.0670831527789,122.40716848487,-4.0670831527789,122.40716848487,-4.0670831527789,122.40716848487
292,-35.026469,117.8838257,-35.026469,117.8838257,-35.026469,117.8838257
293,-67.567985,-68.122978333333,-67.567985,-68.122978333333,-67.567985,-68.122978333333
294,-77.8461786,166.6708044,-77.8461786,166.6708044,-77.8461786,166.6708044
295,-77.8462186,166.6716697,-77.8462186,166.6716697,-77.8462186,166.6716697
296,-14.891039010386,50.276139595549,-14.891039010386,50.276139595549,-14.891039010386,50.276139595549
297,-21.337293819374,-174.95219271271,-21.337293819374,-174.95219271271,-21.337293819374,-174.95219271271
298,-54.567879,158.915987,-54.567879,158.915987,-54.567879,158.915987
299,-54.421600243129,3.3908897514204,-54.421600243129,3.3908897514204,-54.421600243129,3.3908897514204
300,27.076292479169,142.2202502073,27.076292479169,142.2202502073,27.076292479169,142.2202502073
301,-27.139872,-109.411332,-27.139872,-109.411332,-27.139872,-109.411332
302,1.3358743,173.0159642,1.3358743,173.0159642,1.3358743,173.0159642
303,-77.8457734,166.668922,-77.8457734,166.668922,-77.8457734,166.668922
304,2.0437258824425,-157.48483068109,2.0437258824425,-157.48483068109,2.0437258824425,-157.48483068109
305,38.9531209,-46.2321647865,38.9531209,-46.2321647865,38.9531209,-46.2321647865
306,36.430076929541,-146.65980848922,36.430076929541,-146.65980848922,36.430076929541,-146.65980848922
307,0.0,-180.0,0.0,-180.0,0.0,-180.0
308,0.0,-180.0,0.0,-180.0,0.0,-180.0
309,1.3645829,173.1013478,1.3645829,173.1013478,1.3645829,173.1013478
310,-14.891022151942,50.273827562734,-14.891022151942,50.273827562734,-14.891022151942,50.273827562734
311,38.089963821313,-31.466093124865,38.089963821313,-31.466093124865,38.089963821313,-31.466093124865
312,-54.266229663095,-36.502429246936,-54.266229663095,-36.502429246936,-54.266229663095,-36.502429246936
313,-6.2949682999722,176.32149469997,-6.2949682999722,176.32149469997,-6.2949682999722,176.32149469997
314,-35.030058457333,117.91998851183,-35.030058457333,117.91998851183,-35.030058457333,117.91998851183
315,-19.0472571665,72.5749023335,-19.0472571665,72.5749023335,-19.0472571665,72.5749023335
316,40.283316224324,-11.789429740841,40.283316224324,-11.789429740841,40.283316224324,-11.789429740841
317,38.0732482567,-49.1646650985,38.0732482567,-49.1646650985,38.0732482567,-49.1646650985
318,-4.0881291390422,-12.233734958839,-4.0881291390422,-12.233734958839,-4.0881291390422,-12.233734958839
319,-54.421715535938,3.3892180742166,-54.421715535938,3.3892180742166,-54.421715535938,3.3892180742166
320,-18.63348579481,-174.0197468724,-18.63348579481,-174.0197468724,-18.63348579481,-174.0197468724
321,-18.632814257859,-174.01313631945,-18.632814257859,-174.01313631945,-18.632814257859,-174.01313631945
322,1.9994755983353,-157.48095703125,1.9994755983353,-157.48095703125,1.9994755983353,-157.48095703125
323,39.436515164556,-31.257971338917,39.436515164556,-31.257971338917,39.436515164556,-31.257971338917
324,-27.097289419477,-109.3794099302,-27.097289419477,-109.3794099302,-27.097289419477,-109.3794099302
325,-6.5444697850104,-19.557705153378,-6.5444697850104,-19.557705153378,-6.5444697850104,-19.557705153378
326,39.436438260611,-31.257892297583,39.436438260611,-31.257892297583,39.436438260611,-31.257892297583
327,38.07065375479,-49.88822888945,38.07065375479,-49.88822888945,38.07065375479,-49.88822888945
328,-21.18727,-175.19962,-21.18727,-175.19962,-21.18727,-175.19962
329,-3.971049018413,122.60293973273,-3.971049018413,122.60293973273,-3.971049018413,122.60293973273
330,39.436517930583,-31.257961615917,39.436517930583,-31.257961615917,39.436517930583,-31.257961615917
331,-6.2999904,176.3197656,-6.2999904,176.3197656,-6.2999904,176.3197656
332,15.15,0.0,15.15,0.0,15.15,0.0
333,-31.63500105274,-35.730000029142,-31.63500105274,-35.730000029142,-31.63500105274,-35.730000029142
334,37.4989176,-43.5531944175,37.4989176,-43.5531944175,37.4989176,-43.5531944175
335,43.937485483464,-59.87660206675,43.937485483464,-59.87660206675,43.937485483464,-59.87660206675
336,-34.902251452593,-32.540534088535,-34.902251452593,-32.540534088535,-34.902251452593,-32.540534088535
337,16.500714699999,167.6509539,16.500714699999,167.6509539,16.500714699999,167.6509539
338,-18.661971644236,-174.03843261606,-18.661971644236,-174.03843261606,-18.661971644236,-174.03843261606
339,-35.269856634122,-32.581554685987,-35.269856634122,-32.581554685987,-35.269856634122,-32.581554685987
340,1.9831438527282,-157.47248293161,1.9831438527282,-157.47248293161,1.9831438527282,-157.47248293161
341,-14.895189326899,50.2794551423,-14.895189326899,50.2794551423,-14.895189326899,50.2794551423
342,37.4989176,-43.42605895,37.4989176,-43.42605895,37.4989176,-43.42605895
343,39.436304359694,-31.257877713056,39.436304359694,-31.257877713056,39.436304359694,-31.257877713056
344,1.9989868012123,-157.38622852441,1.9989868012123,-157.38622852441,1.9989868012123,-157.38622852441
345,-10.03699740394,-29.972631453227,-10.03699740394,-29.972631453227,-10.03699740394,-29.972631453227
346,38.04958336,-48.85205728,38.04958336,-48.85205728,38.04958336,-48.85205728
347,-29.641704007,-38.377720821828,-29.641704007,-38.377720821828,-29.641704007,-38.377720821828
348,-4.0372901910703,122.48712089075,-4.0372901910703,122.48712089075,-4.0372901910703,122.48712089075
349,27.0988823,142.2053009,27.0988823,142.2053009,27.0988823,142.2053009
350,38.0506808887,-55.45857439851,38.0506808887,-55.45857439851,38.0506808887,-55.45857439851
351,27.0595794,142.2048687,27.0595794,142.2048687,27.0595794,142.2048687
352,39.482557075624,-12.297089121678,39.482557075624,-12.297089121678,39.482557075624,-12.297089121678
353,-43.742335,-176.5574336,-43.742335,-176.5574336,-43.742335,-176.5574336
354,3.3418883,23.95937,3.3418883,23.95937,3.3418883,23.95937
355,24.605440930789,69.210434278192,24.605440930789,69.210434278192,24.605440930789,69.210434278192
356,34.950841802087,10.498749320238,34.950841802087,10.498749320238,34.950841802087,10.498749320238
357,-3.4823344,152.2533422,-3.4823344,152.2533422,-3.4823344,152.2533422
358,27.945975,179.8463067,27.945975,179.8463067,27.945975,179.8463067
359,-16.454194,-39.0645619,-16.454194,-39.0645619,-16.454194,-39.0645619
360,17.020263648128,-25.135702031455,17.020263648128,-25.135702031455,17.020263648128,-25.135702031455
361,-35.449074302273,-72.475564662253,-35.449074302273,-72.475564662253,-35.449074302273,-72.475564662253
362,-21.2688361,-159.7395057,-21.2688361,-159.7395057,-21.2688361,-159.7395057
363,-3.2117356,151.9406875,-3.2117356,151.9406875,-3.2117356,151.9406875
364,15.0959859,24.140637885625,15.0959859,24.140637885625,15.0959859,24.140637885625
365,-19.357017046982,135.20990335211,-19.357017046982,135.20990335211,-19.357017046982,135.20990335211
366,44.8567395,-106.98988559997,44.8567395,-106.98988559997,44.8567395,-106.98988559997
367,-12.8382104,45.1310708,-12.8382104,45.1310708,-12.8382104,45.1310708
368,-13.4495361,-172.3660293,-13.4495361,-172.3660293,-13.4495361,-172.3660293
369,-19.676321666667,-42.979205,-19.676321666667,-42.979205,-19.676321666667,-42.979205
370,-8.5815115070424,-25.659125712362,-8.5815115070424,-25.659125712362,-8.5815115070424,-25.659125712362
371,-9.4392626559078,160.12708187137,-9.4392626559078,160.12708187137,-9.4392626559078,160.12708187137
372,15.1498291,12.931791044091,15.1498291,12.931791044091,15.1498291,12.931791044091
373,18.0466602,-15.8029732,18.0466602,-15.8029732,18.0466602,-15.8029732
374,27.0659653,142.2170907,27.0659653,142.2170907,27.0659653,142.2170907
375,17.9973437,-15.6422955,17.9973437,-15.6422955,17.9973437,-15.6422955
376,-34.930792230002,-57.989597879999,-34.930792230002,-57.989597879999,-34.930792230002,-57.989597879999
377,-34.9324563704,-57.9377458245,-34.9324563704,-57.9377458245,-34.9324563704,-57.9377458245
378,-35.3953061,-62.4282893,-35.3953061,-62.4282893,-35.3953061,-62.4282893
379,15.12283076,104.30435549,15.12283076,104.30435549,15.12283076,104.30435549
380,6.9068484,158.3219347,6.9068484,158.3219347,6.9068484,158.3219347
381,-16.278387069305,-39.022625123354,-16.278387069305,-39.022625123354,-16.278387069305,-39.022625123354
382,-6.169849,106.767166,-6.169849,106.767166,-6.169849,106.767166
383,-21.2531397,-159.7304165,-21.2531397,-159.7304165,-21.2531397,-159.7304165
384,15.12266207,104.30443629,15.12266207,104.30443629,15.12266207,104.30443629
385,15.1498291,15.662588105758,15.1498291,15.662588105758,15.1498291,15.662588105758
386,34.615351300667,10.007456116878,34.615351300667,10.007456116878,34.615351300667,10.007456116878
387,-6.172194,106.78049,-6.172194,106.78049,-6.172194,106.78049
388,15.122746646667,104.30417212333,15.122746646667,104.30417212333,15.122746646667,104.30417212333
389,-13.6845304,50.021225099999,-13.6845304,50.021225099999,-13.6845304,50.021225099999
390,-5.4049710534412,-16.174387128948,-5.4049710534412,-16.174387128948,-5.4049710534412,-16.174387128948
391,5.0106369237778,-52.4768394325,5.0106369237778,-52.4768394325,5.0106369237778,-52.4768394325
392,26.7001444,78.4357722,26.7001444,78.4357722,26.7001444,78.4357722
393,15.118850533446,15.147771337162,15.118850533446,15.147771337162,15.118850533446,15.147771337162
394,9.5837228824338,138.12076540134,9.5837228824338,138.12076540134,9.5837228824338,138.12076540134
395,-6.7022016882509,155.71314000381,-6.7022016882509,155.71314000381,-6.7022016882509,155.71314000381
396,-34.935583387028,-57.967613634045,-34.935583387028,-57.967613634045,-34.935583387028,-57.967613634045
397,31.109353100002,27.829637899998,31.109353100002,27.829637899998,31.109353100002,27.829637899998
398,30.908561400002,29.433513699999,30.908561400002,29.433513699999,30.908561400002,29.433513699999
399,15.12266904,104.30449055,15.12266904,104.30449055,15.12266904,104.30449055
400,-18.846018,72.47929275,-18.846018,72.47929275,-18.846018,72.47929275
401,-6.170222,106.776676,-6.170222,106.776676,-6.170222,106.776676
402,-12.8388057,45.1286142,-12.8388057,45.1286142,-12.8388057,45.1286142
403,44.931056164167,-109.65017781583,44.931056164167,-109.65017781583,44.931056164167,-109.65017781583
404,33.378474455917,134.21114629052,33.378474455917,134.21114629052,33.378474455917,134.21114629052
405,38.012324964633,-33.505342456985,38.012324964633,-33.505342456985,38.012324964633,-33.505342456985
406,34.328559340733,10.004973369772,34.328559340733,10.004973369772,34.328559340733,10.004973369772
407,-45.0621169,170.0468342,-45.0621169,170.0468342,-45.0621169,170.0468342
408,40.270324956105,-11.798340835015,40.270324956105,-11.798340835015,40.270324956105,-11.798340835015
409,-6.169816,106.75658,-6.169816,106.75658,-6.169816,106.75658
410,-6.171988,106.780476,-6.171988,106.780476,-6.171988,106.780476
411,-21.2174047,-159.7489859,-21.2174047,-159.7489859,-21.2174047,-159.7489859
412,-34.514881568623,172.83783907733,-34.514881568623,172.83783907733,-34.514881568623,172.83783907733
413,34.7875467,10.761916769531,34.7875467,10.761916769531,34.7875467,10.761916769531
414,-12.8393213,45.1318835,-12.8393213,45.1318835,-12.8393213,45.1318835
415,7.6082001503478,53.40029948713,7.6082001503478,53.40029948713,7.6082001503478,53.40029948713
416,-6.166574,106.755112,-6.166574,106.755112,-6.166574,106.755112
417,-5.8439183582409,-17.487937852317,-5.8439183582409,-17.487937852317,-5.8439183582409,-17.487937852317
418,-12.8389523,45.1312524,-12.8389523,45.1312524,-12.8389523,45.1312524
419,15.122903866667,104.30416717333,15.122903866667,104.30416717333,15.122903866667,104.30416717333
420,-18.770525434664,126.75332973114,-18.770525434664,126.75332973114,-18.770525434664,126.75332973114
421,14.862965687202,-24.713157614087,14.862965687202,-24.713157614087,14.862965687202,-24.713157614087
422,6.9196693536634,158.30761093356,6.9196693536634,158.30761093356,6.9196693536634,158.30761093356
423,7.5052381,134.6146931,7.5052381,134.6146931,7.5052381,134.6146931
424,26.265029584245,-98.172193192428,26.265029584245,-98.172193192428,26.265029584245,-98.172193192428
425,16.0321752,80.9116057,16.0321752,80.9116057,16.0321752,80.9116057
426,15.0967796,23.648350599998,15.0967796,23.648350599998,15.0967796,23.648350599998
427,-6.168364,106.755473,-6.168364,106.755473,-6.168364,106.755473
428,-14.848761111111,13.607780555556,-14.848761111111,13.607780555556,-14.848761111111,13.607780555556
429,15.122801406667,104.30433484667,15.122801406667,104.30433484667,15.122801406667,104.30433484667
430,17.998154,-15.6502975,17.998154,-15.6502975,17.998154,-15.6502975
431,-31.85231132,115.8815606419,-31.85231132,115.8815606419,-31.85231132,115.8815606419
432,21.803641699999,-98.1078202,21.803641699999,-98.1078202,21.803641699999,-98.1078202
433,7.284443278125,51.181085113125,7.284443278125,51.181085113125,7.284443278125,51.181085113125
434,-6.169555,106.764944,-6.169555,106.764944,-6.169555,106.764944
435,-6.7274217351857,155.68392184784,-6.7274217351857,155.68392184784,-6.7274217351857,155.68392184784
436,-32.753862472139,134.92361449049,-32.753862472139,134.92361449049,-32.753862472139,134.92361449049
437,15.12184504,104.30762916,15.12184504,104.30762916,15.12184504,104.30762916
438,31.233654627398,29.958071127451,31.233654627398,29.958071127451,31.233654627398,29.958071127451
439,21.2680529,-97.5100517,21.2680529,-97.5100517,21.2680529,-97.5100517
440,-2.23456,-80.921378,-2.23456,-80.921378,-2.23456,-80.921378
441,15.122619633333,104.30453664667,15.122619633333,104.30453664667,15.122619633333,104.30453664667
442,-28.45913634072,-39.948539885379,-28.45913634072,-39.948539885379,-28.45913634072,-39.948539885379
443,15.121991,104.30739258,15.121991,104.30739258,15.121991,104.30739258
444,38.2954354,-107.931656,38.2954354,-107.931656,38.2954354,-107.931656
445,-6.167409,106.769377,-6.167409,106.769377,-6.167409,106.769377
446,15.1227026,104.3043587,15.1227026,104.3043587,15.1227026,104.3043587
447,15.122714146667,104.30425288333,15.122714146667,104.30425288333,15.122714146667,104.30425288333
448,-45.5176193,167.7869838,-45.5176193,167.7869838,-45.5176193,167.7869838
449,15.121892324438,104.30750465204,15.121892324438,104.30750465204,15.121892324438,104.30750465204
450,-8.0937781790669,-24.169761200708,-8.0937781790669,-24.169761200708,-8.0937781790669,-24.169761200708
451,24.760344,90.442447300002,24.760344,90.442447300002,24.760344,90.442447300002
452,-67.570268333333,-68.128181666667,-67.570268333333,-68.128181666667,-67.570268333333,-68.128181666667
453,-6.169041,106.775603,-6.169041,106.775603,-6.169041,106.775603
454,7.4917052417681,52.376266671246,7.4917052417681,52.376266671246,7.4917052417681,52.376266671246
455,7.4152929741047,57.001487581543,7.4152929741047,57.001487581543,7.4152929741047,57.001487581543
456,-8.6920017962929,125.5487606152,-8.6920017962929,125.5487606152,-8.6920017962929,125.5487606152
457,-12.8404007,45.1305141,-12.8404007,45.1305141,-12.8404007,45.1305141
458,33.104336333306,-8.2499535,33.104336333306,-8.2499535,33.104336333306,-8.2499535
459,-1.0169444444444,-1.0169444444444,-1.0169444444444,-1.0169444444444,-1.0169444444444,-1.0169444444444
460,33.8293431,11.0085966,33.8293431,11.0085966,33.8293431,11.0085966
461,-6.169555,106.764904,-6.169555,106.764904,-6.169555,106.764904
462,-3.9191281321429,143.9678079623,-3.9191281321429,143.9678079623,-3.9191281321429,143.9678079623
463,39.488171638755,-12.293451128313,39.488171638755,-12.293451128313,39.488171638755,-12.293451128313
464,15.122714966667,104.30431643333,15.122714966667,104.30431643333,15.122714966667,104.30431643333
465,-9.4300717380952,147.3942588797,-9.4300717380952,147.3942588797,-9.4300717380952,147.3942588797
466,-5.7453889846802,-35.212810516357,-5.7453889846802,-35.212810516357,-5.7453889846802,-35.212810516357
467,1.3620213,173.1626027,1.3620213,173.1626027,1.3620213,173.1626027
468,-52.340663,-68.382507,-52.340663,-68.382507,-52.340663,-68.382507
469,-8.5465833,125.5435278,-8.5465833,125.5435278,-8.5465833,125.5435278
470,15.12269995,104.30430829,15.12269995,104.30430829,15.12269995,104.30430829
471,-18.554101063591,127.23010500452,-18.554101063591,127.23010500452,-18.554101063591,127.23010500452
472,0.43333329999998,0.0,0.43333329999998,0.0,0.43333329999998,0.0
473,-51.697066980332,-57.826721178242,-51.697066980332,-57.826721178242,-51.697066980332,-57.826721178242
474,-35.719737067477,-72.533873192705,-35.719737067477,-72.533873192705,-35.719737067477,-72.533873192705
475,15.1228394,104.3040527,15.1228394,104.3040527,15.1228394,104.3040527
476,43.939432308631,-59.87752114818,43.939432308631,-59.87752114818,43.939432308631,-59.87752114818
477,-28.92241027184,-39.33316746873,-28.92241027184,-39.33316746873,-28.92241027184,-39.33316746873
478,15.12264382,104.30448732,15.12264382,104.30448732,15.12264382,104.30448732
479,15.134072722288,104.30420340579,15.134072722288,104.30420340579,15.134072722288,104.30420340579
480,-19.692461104329,-42.992838333333,-19.692461104329,-42.992838333333,-19.692461104329,-42.992838333333
481,-34.9395599,-57.9713365,-34.9395599,-57.9713365,-34.9395599,-57.9713365
482,6.7984352,81.112763499972,6.7984352,81.112763499972,6.7984352,81.112763499972
483,-4.4735869,26.6567384,-4.4735869,26.6567384,-4.4735869,26.6567384
484,15.122906199998,23.621224199998,15.122906199998,23.621224199998,15.122906199998,23.621224199998
485,13.44809,144.81498155827,13.44809,144.81498155827,13.44809,144.81498155827
486,-12.8362898,45.151964099998,-12.8362898,45.151964099998,-12.8362898,45.151964099998
487,-5.7715911865234,-35.198287963867,-5.7715911865234,-35.198287963867,-5.7715911865234,-35.198287963867
488,-45.84920405,170.61602543327,-45.84920405,170.61602543327,-45.84920405,170.61602543327
489,34.745688488287,10.19161100939,34.745688488287,10.19161100939,34.745688488287,10.19161100939
490,-8.5614167,125.5464167,-8.5614167,125.5464167,-8.5614167,125.5464167
491,-34.930421354,-58.4885494784,-34.930421354,-58.4885494784,-34.930421354,-58.4885494784
492,5.2652434252767,163.01069536008,5.2652434252767,163.01069536008,5.2652434252767,163.01069536008
493,26.4040516,-99.014240700001,26.4040516,-99.014240700001,26.4040516,-99.014240700001
494,-8.55418,125.56494,-8.55418,125.56494,-8.55418,125.56494
495,13.400523404496,144.70617605984,13.400523404496,144.70617605984,13.400523404496,144.70617605984
496,-14.998847799998,48.174752700003,-14.998847799998,48.174752700003,-14.998847799998,48.174752700003
497,-10.2262213,150.87006329997,-10.2262213,150.87006329997,-10.2262213,150.87006329997
498,-12.8360564914,45.1712074969,-12.8360564914,45.1712074969,-12.8360564914,45.1712074969
499,-35.729363111033,-32.632830432803,-35.729363111033,-32.632830432803,-35.729363111033,-32.632830432803
500,16.050338199972,80.909289299972,16.050338199972,80.909289299972,16.050338199972,80.909289299972
501,-25.0357079,45.126839,-25.0357079,45.126839,-25.0357079,45.126839
502,18.070036810661,-15.927153577196,18.070036810661,-15.927153577196,18.070036810661,-15.927153577196
503,25.142386785366,55.431492196951,25.142386785366,55.431492196951,25.142386785366,55.431492196951
504,-34.9372698222,-57.9753917767,-34.9372698222,-57.9753917767,-34.9372698222,-57.9753917767
505,-1.0169444444444,-1.0169444444444,-1.0169444444444,-1.0169444444444,-1.0169444444444,-1.0169444444444
506,4.4346814693878,72.958999457143,4.4346814693878,72.958999457143,4.4346814693878,72.958999457143
507,-8.6199100763779,125.46747075131,-8.6199100763779,125.46747075131,-8.6199100763779,125.46747075131
508,44.8718372,-108.316344,44.8718372,-108.316344,44.8718372,-108.316344
509,18.0019924,-15.6833541,18.0019924,-15.6833541,18.0019924,-15.6833541
510,27.0946254,142.1950744,27.0946254,142.1950744,27.0946254,142.1950744
511,-8.6386290999722,126.38181059997,-8.6386290999722,126.38181059997,-8.6386290999722,126.38181059997
512,1.5577452499947,109.429019,1.5577452499947,109.429019,1.5577452499947,109.429019
513,26.6844028,78.3719417,26.6844028,78.3719417,26.6844028,78.3719417
514,15.122947413333,104.30396807,15.122947413333,104.30396807,15.122947413333,104.30396807
515,14.877201700002,-24.718425,14.877201700002,-24.718425,14.877201700002,-24.718425
516,32.75174032,-16.74175545007,32.75174032,-16.74175545007,32.75174032,-16.74175545007
517,-3.3120689,152.0801044,-3.3120689,152.0801044,-3.3120689,152.0801044
518,-8.5603889,125.5237778,-8.5603889,125.5237778,-8.5603889,125.5237778
519,26.242853333333,-98.1589625,26.242853333333,-98.1589625,26.242853333333,-98.1589625
520,38.361949,-107.8075864,38.361949,-107.8075864,38.361949,-107.8075864
521,-8.755896105778,125.56602563859,-8.755896105778,125.56602563859,-8.755896105778,125.56602563859
522,34.754017571714,10.197629786732,34.754017571714,10.197629786732,34.754017571714,10.197629786732
523,17.8654422,-15.2278538,17.8654422,-15.2278538,17.8654422,-15.2278538
524,0.84607066888949,73.409249754264,0.84607066888949,73.409249754264,0.84607066888949,73.409249754264
525,-8.5422087999722,126.15292019997,-8.5422087999722,126.15292019997,-8.5422087999722,126.15292019997
526,-8.5171890999722,126.98973789997,-8.5171890999722,126.98973789997,-8.5171890999722,126.98973789997
527,-8.5499167,125.5658056,-8.5499167,125.5658056,-8.5499167,125.5658056
528,38.352358,-107.8908292,38.352358,-107.8908292,38.352358,-107.8908292
529,15.12280358,104.30453121333,15.12280358,104.30453121333,15.12280358,104.30453121333
530,-12.8353867,45.133721,-12.8353867,45.133721,-12.8353867,45.133721
531,-8.4903773,126.6645843,-8.4903773,126.6645843,-8.4903773,126.6645843
532,32.692919,-16.7739225,32.692919,-16.7739225,32.692919,-16.7739225
533,-27.100720756358,-109.37678890069,-27.100720756358,-109.37678890069,-27.100720756358,-109.37678890069
534,-12.8416443,45.1360512,-12.8416443,45.1360512,-12.8416443,45.1360512
535,-77.8457665,166.6699591,-77.8457665,166.6699591,-77.8457665,166.6699591
536,-29.34910994524,-38.766377084975,-29.34910994524,-38.766377084975,-29.34910994524,-38.766377084975
537,-8.7216822,125.42733699997,-8.7216822,125.42733699997,-8.7216822,125.42733699997
538,12.04962451,119.97051109556,12.04962451,119.97051109556,12.04962451,119.97051109556
539,5.3665448438333,163.00823108121,5.3665448438333,163.00823108121,5.3665448438333,163.00823108121
540,26.5266281,78.6937418,26.5266281,78.6937418,26.5266281,78.6937418
541,-5.7584133148193,-35.200141906738,-5.7584133148193,-35.200141906738,-5.7584133148193,-35.200141906738
542,-47.7566597,-65.8933365,-47.7566597,-65.8933365,-47.7566597,-65.8933365
543,32.7231527,-16.7672988,32.7231527,-16.7672988,32.7231527,-16.7672988
544,4.8922403,-1.8796619,4.8922403,-1.8796619,4.8922403,-1.8796619
545,-8.5571667,125.5479444,-8.5571667,125.5479444,-8.5571667,125.5479444
546,15.1227203,104.30428875,15.1227203,104.30428875,15.1227203,104.30428875
547,24.7175634,90.4309249,24.7175634,90.4309249,24.7175634,90.4309249
548,32.663897499972,-16.803717699972,32.663897499972,-16.803717699972,32.663897499972,-16.803717699972
549,-8.5655433,125.552985,-8.5655433,125.552985,-8.5655433,125.552985
550,-25.0358789,45.1267758,-25.0358789,45.1267758,-25.0358789,45.1267758
551,-2.225628,-80.938482,-2.225628,-80.938482,-2.225628,-80.938482
552,32.7436333,-16.7439151,32.7436333,-16.7439151,32.7436333,-16.7439151
553,-43.809376,173.058908,-43.809376,173.058908,-43.809376,173.058908
554,-15.955366430173,128.95809639164,-15.955366430173,128.95809639164,-15.955366430173,128.95809639164
555,-52.385788,-68.417147,-52.385788,-68.417147,-52.385788,-68.417147
556,16.146311800002,168.114814,16.146311800002,168.114814,16.146311800002,168.114814
557,32.7413354,-16.7337107,32.7413354,-16.7337107,32.7413354,-16.7337107
558,-0.5030972,166.9398662,-0.5030972,166.9398662,-0.5030972,166.9398662
559,5.0118036848,-52.4766481575,5.0118036848,-52.4766481575,5.0118036848,-52.4766481575
560,-5.7768359184265,-35.195659637451,-5.7768359184265,-35.195659637451,-5.7768359184265,-35.195659637451
561,-8.5420278,125.5396111,-8.5420278,125.5396111,-8.5420278,125.5396111
562,32.741497583489,-16.774775393808,32.741497583489,-16.774775393808,32.741497583489,-16.774775393808
563,-8.6384188273969,125.45193130947,-8.6384188273969,125.45193130947,-8.6384188273969,125.45193130947
564,-36.810304809843,18.145548584971,-36.810304809843,18.145548584971,-36.810304809843,18.145548584971
565,-35.3919935,-62.4189775,-35.3919935,-62.4189775,-35.3919935,-62.4189775
566,-8.5524633,125.5598383,-8.5524633,125.5598383,-8.5524633,125.5598383
567,-35.4290091,-72.438719699972,-35.4290091,-72.438719699972,-35.4290091,-72.438719699972
568,-13.5989957,-172.2047643,-13.5989957,-172.2047643,-13.5989957,-172.2047643
569,-0.54679590966833,166.92397357277,-0.54679590966833,166.92397357277,-0.54679590966833,166.92397357277
570,-35.372933,-62.2463832,-35.372933,-62.2463832,-35.372933,-62.2463832
571,32.6685112,-16.8039154,32.6685112,-16.8039154,32.6685112,-16.8039154
572,-3.051847805,-59.951631583333,-3.051847805,-59.951631583333,-3.051847805,-59.951631583333
573,-18.441083333333,127.43261111111,-18.441083333333,127.43261111111,-18.441083333333,127.43261111111
574,-6.2891951999723,176.31418059997,-6.2891951999723,176.31418059997,-6.2891951999723,176.31418059997
575,-45.371245,170.851508,-45.371245,170.851508,-45.371245,170.851508
576,15.121971966667,104.3077528,15.121971966667,104.3077528,15.121971966667,104.3077528
577,15.122900233333,104.30399195333,15.122900233333,104.30399195333,15.122900233333,104.30399195333
578,-45.587710396475,167.59712877387,-45.587710396475,167.59712877387,-45.587710396475,167.59712877387
579,-8.7195137,125.43556429997,-8.7195137,125.43556429997,-8.7195137,125.43556429997
580,27.945975,179.8463067,27.945975,179.8463067,27.945975,179.8463067
581,7.0894377,171.3797717,7.0894377,171.3797717,7.0894377,171.3797717
582,22.7843888,89.5423738,22.7843888,89.5423738,22.7843888,89.5423738
583,-8.5416922999722,126.8281996,-8.5416922999722,126.8281996,-8.5416922999722,126.8281996
584,1.9929092897326,-157.38374008229,1.9929092897326,-157.38374008229,1.9929092897326,-157.38374008229
585,-8.5123826,126.9849032,-8.5123826,126.9849032,-8.5123826,126.9849032
586,-12.8352227,45.1386137,-12.8352227,45.1386137,-12.8352227,45.1386137
587,32.7199449,-16.7661973,32.7199449,-16.7661973,32.7199449,-16.7661973
588,-5.7902302742004,-35.188323974609,-5.7902302742004,-35.188323974609,-5.7902302742004,-35.188323974609
589,33.8448333,10.9882339,33.8448333,10.9882339,33.8448333,10.9882339
590,-25.204670127213,45.93468571923,-25.204670127213,45.93468571923,-25.204670127213,45.93468571923
591,32.6820158,-16.7966264,32.6820158,-16.7966264,32.6820158,-16.7966264
592,15.12181278,104.30765954,15.12181278,104.30765954,15.12181278,104.30765954
593,26.3290968,-98.695138190955,26.3290968,-98.695138190955,26.3290968,-98.695138190955
594,-8.6450790866192,-25.8400313026,-8.6450790866192,-25.8400313026,-8.6450790866192,-25.8400313026
595,32.7324283,-16.7724781,32.7324283,-16.7724781,32.7324283,-16.7724781
596,34.950704773537,10.49442155697,34.950704773537,10.49442155697,34.950704773537,10.49442155697
597,13.483807738375,144.85492566534,13.483807738375,144.85492566534,13.483807738375,144.85492566534
598,7.5243717128226,134.49965457863,7.5243717128226,134.49965457863,7.5243717128226,134.49965457863
599,26.243535833333,-98.149476666667,26.243535833333,-98.149476666667,26.243535833333,-98.149476666667
600,-34.440216600002,172.7024352,-34.440216600002,172.7024352,-34.440216600002,172.7024352
601,-8.5499,125.5391733,-8.5499,125.5391733,-8.5499,125.5391733
602,16.101741799998,168.1416147,16.101741799998,168.1416147,16.101741799998,168.1416147
603,-8.559165,125.5300333,-8.559165,125.5300333,-8.559165,125.5300333
604,-0.54645035555556,166.92318720899,-0.54645035555556,166.92318720899,-0.54645035555556,166.92318720899
605,32.6895014,-16.788128,32.6895014,-16.788128,32.6895014,-16.788128
606,-8.5553056,125.5555278,-8.5553056,125.5555278,-8.5553056,125.5555278
607,34.991289821167,10.064019132792,34.991289821167,10.064019132792,34.991289821167,10.064019132792
608,-8.4790981999722,126.4568033,-8.4790981999722,126.4568033,-8.4790981999722,126.4568033
609,9.5199767,138.1219499,9.5199767,138.1219499,9.5199767,138.1219499
610,-8.5564722,125.5487222,-8.5564722,125.5487222,-8.5564722,125.5487222
611,-25.171247300002,33.0752688,-25.171247300002,33.0752688,-25.171247300002,33.0752688
612,15.12286721,104.30410156,15.12286721,104.30410156,15.12286721,104.30410156
613,-8.4954964999722,126.99211139997,-8.4954964999722,126.99211139997,-8.4954964999722,126.99211139997
614,-12.8384993,45.1307687,-12.8384993,45.1307687,-12.8384993,45.1307687
615,1.3848145,173.1443883,1.3848145,173.1443883,1.3848145,173.1443883
616,32.730262,-16.779131670024,32.730262,-16.779131670024,32.730262,-16.779131670024
617,34.909746600002,10.343155,34.909746600002,10.343155,34.909746600002,10.343155
618,-8.5780833,125.5312222,-8.5780833,125.5312222,-8.5780833,125.5312222
619,38.301459799998,-107.8770672,38.301459799998,-107.8770672,38.301459799998,-107.8770672
620,-5.7638964653015,-35.196876525879,-5.7638964653015,-35.196876525879,-5.7638964653015,-35.196876525879
621,33.610743299997,10.2873248,33.610743299997,10.2873248,33.610743299997,10.2873248
622,-4.6269546054833,-13.834813341456,-4.6269546054833,-13.834813341456,-4.6269546054833,-13.834813341456
623,-16.283237299972,-39.029607699972,-16.283237299972,-39.029607699972,-16.283237299972,-39.029607699972
624,24.9078057,89.9569955,24.9078057,89.9569955,24.9078057,89.9569955
625,-16.3363522,-39.0183679,-16.3363522,-39.0183679,-16.3363522,-39.0183679
626,-35.01166928556,-33.8032273661,-35.01166928556,-33.8032273661,-35.01166928556,-33.8032273661
627,-26.229642594582,-35.956837725569,-26.229642594582,-35.956837725569,-26.229642594582,-35.956837725569
628,0.041510535849057,109.88876261132,0.041510535849057,109.88876261132,0.041510535849057,109.88876261132
629,24.9221595,89.9508551,24.9221595,89.9508551,24.9221595,89.9508551
630,9.5829554,138.1215538,9.5829554,138.1215538,9.5829554,138.1215538
631,-8.4873761999722,126.45468169997,-8.4873761999722,126.45468169997,-8.4873761999722,126.45468169997
632,-8.5235742999722,126.9952337,-8.5235742999722,126.9952337,-8.5235742999722,126.9952337
633,-8.5350002,126.17714379997,-8.5350002,126.17714379997,-8.5350002,126.17714379997
634,-43.7576872,-176.3210408,-43.7576872,-176.3210408,-43.7576872,-176.3210408
635,-32.0089727,115.8935566,-32.0089727,115.8935566,-32.0089727,115.8935566
636,-33.595447,0.091102,-33.595447,0.091102,-33.595447,0.091102
637,9.5144313,138.1076307,9.5144313,138.1076307,9.5144313,138.1076307
638,-45.4608799,167.7887092,-45.4608799,167.7887092,-45.4608799,167.7887092
639,7.6259614,134.6334064,7.6259614,134.6334064,7.6259614,134.6334064
640,-17.53914978682,127.87126914586,-17.53914978682,127.87126914586,-17.53914978682,127.87126914586
641,34.76694371831,10.385336438028,34.76694371831,10.385336438028,34.76694371831,10.385336438028
642,38.089963821313,-31.466093124865,38.089963821313,-31.466093124865,38.089963821313,-31.466093124865
643,-45.231749499972,167.81186349997,-45.231749499972,167.81186349997,-45.231749499972,167.81186349997
644,32.7026792,-16.774809,32.7026792,-16.774809,32.7026792,-16.774809
645,-3.4372003,152.1871097,-3.4372003,152.1871097,-3.4372003,152.1871097
646,-5.7925934791565,-35.328304290771,-5.7925934791565,-35.328304290771,-5.7925934791565,-35.328304290771
647,-34.932649203,-57.954682947,-34.932649203,-57.954682947,-34.932649203,-57.954682947
648,-0.6327960782343,73.224684431294,-0.6327960782343,73.224684431294,-0.6327960782343,73.224684431294
649,-9.7944441014379,-29.309894362641,-9.7944441014379,-29.309894362641,-9.7944441014379,-29.309894362641
650,-21.2198103,-159.7501489,-21.2198103,-159.7501489,-21.2198103,-159.7501489
651,15.121920546667,104.30742734667,15.121920546667,104.30742734667,15.121920546667,104.30742734667
652,29.177323401595,-13.425580379789,29.177323401595,-13.425580379789,29.177323401595,-13.425580379789
653,-23.463968598673,150.39977519486,-23.463968598673,150.39977519486,-23.463968598673,150.39977519486
654,15.121199126667,104.30743385333,15.121199126667,104.30743385333,15.121199126667,104.30743385333
655,22.692167530845,131.10600934381,22.692167530845,131.10600934381,22.692167530845,131.10600934381
656,-17.738094124722,178.3897947425,-17.738094124722,178.3897947425,-17.738094124722,178.3897947425
657,-43.7330008,-176.2677928,-43.7330008,-176.2677928,-43.7330008,-176.2677928
658,13.440189586114,144.80276470572,13.440189586114,144.80276470572,13.440189586114,144.80276470572
659,-34.620137147835,172.96322573701,-34.620137147835,172.96322573701,-34.620137147835,172.96322573701
660,-19.055335,-43.045027777778,-19.055335,-43.045027777778,-19.055335,-43.045027777778
661,-21.2020593,-159.7878176,-21.2020593,-159.7878176,-21.2020593,-159.7878176
662,-35.851898171542,-32.646503965287,-35.851898171542,-32.646503965287,-35.851898171542,-32.646503965287
663,26.229172000326,-98.235304332155,26.229172000326,-98.235304332155,26.229172000326,-98.235304332155
664,-16.3098759,-43.0821819,-16.3098759,-43.0821819,-16.3098759,-43.0821819
665,32.7187192,-16.7596948,32.7187192,-16.7596948,32.7187192,-16.7596948
666,15.12165036,104.3075195,15.12165036,104.3075195,15.12165036,104.3075195
667,-6.171915,106.771241,-6.171915,106.771241,-6.171915,106.771241
668,-5.373947,104.966288,-5.373947,104.966288,-5.373947,104.966288
669,-30.37928487102,-37.397983158479,-30.37928487102,-37.397983158479,-30.37928487102,-37.397983158479
670,15.12142662,104.3074382,15.12142662,104.3074382,15.12142662,104.3074382
671,32.6882898,-16.7845041,32.6882898,-16.7845041,32.6882898,-16.7845041
672,22.219725,-98.003661699997,22.219725,-98.003661699997,22.219725,-98.003661699997
673,20.11869430542,-98.780967712402,20.11869430542,-98.780967712402,20.11869430542,-98.780967712402
674,-5.371137,104.966311,-5.371137,104.966311,-5.371137,104.966311
675,-21.2622366,-159.7824455,-21.2622366,-159.7824455,-21.2622366,-159.7824455
676,-6.170107,106.766494,-6.170107,106.766494,-6.170107,106.766494
677,-21.2241667,-159.7927215,-21.2241667,-159.7927215,-21.2241667,-159.7927215
678,-11.487362671327,25.222101916413,-11.487362671327,25.222101916413,-11.487362671327,25.222101916413
679,14.858987450353,-24.717558349043,14.858987450353,-24.717558349043,14.858987450353,-24.717558349043
680,-35.147321573612,-32.567881153503,-35.147321573612,-32.567881153503,-35.147321573612,-32.567881153503
681,15.12142235,104.3076009,15.12142235,104.3076009,15.12142235,104.3076009
682,0.2132065378257,109.82665336433,0.2132065378257,109.82665336433,0.2132065378257,109.82665336433
683,23.1804024,89.1935604,23.1804024,89.1935604,23.1804024,89.1935604
684,-3.9678617885568,-11.864094612972,-3.9678617885568,-11.864094612972,-3.9678617885568,-11.864094612972
685,32.7081782,-16.7636136,32.7081782,-16.7636136,32.7081782,-16.7636136
686,21.106992,-97.638133699998,21.106992,-97.638133699998,21.106992,-97.638133699998
687,-21.2543998,-159.7310951,-21.2543998,-159.7310951,-21.2543998,-159.7310951
688,-77.8463822,166.6711724,-77.8463822,166.6711724,-77.8463822,166.6711724
689,25.0210158,47.1874071,25.0210158,47.1874071,25.0210158,47.1874071
690,4.9666716,-1.7272677,4.9666716,-1.7272677,4.9666716,-1.7272677
691,-14.89124408926,50.276313037082,-14.89124408926,50.276313037082,-14.89124408926,50.276313037082
692,31.002062,28.625930600002,31.002062,28.625930600002,31.002062,28.625930600002
693,15.12286357,104.30416663,15.12286357,104.30416663,15.12286357,104.30416663
694,31.632288844367,-8.1978844028393,31.632288844367,-8.1978844028393,31.632288844367,-8.1978844028393
695,15.1219211,104.30771483333,15.1219211,104.30771483333,15.1219211,104.30771483333
696,21.077715099998,-97.605589099999,21.077715099998,-97.605589099999,21.077715099998,-97.605589099999
697,-34.9339799,-57.9446303,-34.9339799,-57.9446303,-34.9339799,-57.9446303
698,-33.856485690188,121.89507010551,-33.856485690188,121.89507010551,-33.856485690188,121.89507010551
699,15.6188449,80.0976434,15.6188449,80.0976434,15.6188449,80.0976434
700,-11.685943270029,25.208873268462,-11.685943270029,25.208873268462,-11.685943270029,25.208873268462
701,28.283272349736,69.46963696108,28.283272349736,69.46963696108,28.283272349736,69.46963696108
702,24.8513004,-98.1437694,24.8513004,-98.1437694,24.8513004,-98.1437694
703,-45.253631954821,170.79617294764,-45.253631954821,170.79617294764,-45.253631954821,170.79617294764
704,-52.208524407888,-69.039845860842,-52.208524407888,-69.039845860842,-52.208524407888,-69.039845860842
705,-43.7469639,-176.3788358,-43.7469639,-176.3788358,-43.7469639,-176.3788358
706,-37.188750764106,150.01731841025,-37.188750764106,150.01731841025,-37.188750764106,150.01731841025
707,28.292887207898,68.773070659496,28.292887207898,68.773070659496,28.292887207898,68.773070659496
708,-2.2313643,-80.921566999972,-2.2313643,-80.921566999972,-2.2313643,-80.921566999972
709,15.12185206,104.30757274,15.12185206,104.30757274,15.12185206,104.30757274
710,7.1198620069501,171.05604659705,7.1198620069501,171.05604659705,7.1198620069501,171.05604659705
711,-5.505745028052,-16.462438312769,-5.505745028052,-16.462438312769,-5.505745028052,-16.462438312769
712,-5.387072,104.964133,-5.387072,104.964133,-5.387072,104.964133
713,-34.94132908,-57.9393124685,-34.94132908,-57.9393124685,-34.94132908,-57.9393124685
714,-4.357022,55.831538,-4.357022,55.831538,-4.357022,55.831538
715,-35.41125602109,-72.436305381534,-35.41125602109,-72.436305381534,-35.41125602109,-72.436305381534
716,15.1498291,25.683033522121,15.1498291,25.683033522121,15.1498291,25.683033522121
717,-10.3324197,150.5323959,-10.3324197,150.5323959,-10.3324197,150.5323959
718,-32.763568194168,134.56729037873,-32.763568194168,134.56729037873,-32.763568194168,134.56729037873
719,-54.510047222222,-67.189947222222,-54.510047222222,-67.189947222222,-54.510047222222,-67.189947222222
720,-18.569993260563,127.10579904204,-18.569993260563,127.10579904204,-18.569993260563,127.10579904204
721,-45.4658253,167.8414964,-45.4658253,167.8414964,-45.4658253,167.8414964
722,0.0,-103.2846314,0.0,-103.2846314,0.0,-103.2846314
723,1.3654443184654,173.12088907207,1.3654443184654,173.12088907207,1.3654443184654,173.12088907207
724,28.283037635465,69.015929997364,28.283037635465,69.015929997364,28.283037635465,69.015929997364
725,13.55202673187,144.83744524793,13.55202673187,144.83744524793,13.55202673187,144.83744524793
726,4.4373812217348,72.959707017747,4.4373812217348,72.959707017747,4.4373812217348,72.959707017747
727,21.9696673,-98.4100173,21.9696673,-98.4100173,21.9696673,-98.4100173
728,15.121993573333,104.30742734667,15.121993573333,104.30742734667,15.121993573333,104.30742734667
729,15.125117666667,17.381019416666,15.125117666667,17.381019416666,15.125117666667,17.381019416666
730,15.12196862,104.30746094,15.12196862,104.30746094,15.12196862,104.30746094
731,-11.820269609191,25.153872414086,-11.820269609191,25.153872414086,-11.820269609191,25.153872414086
732,-21.2081257,-159.7897604,-21.2081257,-159.7897604,-21.2081257,-159.7897604
733,0.8411316265713,73.40884143879,0.8411316265713,73.40884143879,0.8411316265713,73.40884143879
734,31.633576235953,-8.2276681870441,31.633576235953,-8.2276681870441,31.633576235953,-8.2276681870441
735,-6.7387058775077,-20.159817323175,-6.7387058775077,-20.159817323175,-6.7387058775077,-20.159817323175
736,26.3714595,-98.8582796,26.3714595,-98.8582796,26.3714595,-98.8582796
737,-3.6171994,152.3980014,-3.6171994,152.3980014,-3.6171994,152.3980014
738,15.122793876667,104.30425889333,15.122793876667,104.30425889333,15.122793876667,104.30425889333
739,-34.9357375,-57.9769672,-34.9357375,-57.9769672,-34.9357375,-57.9769672
740,22.7859726,89.4632972,22.7859726,89.4632972,22.7859726,89.4632972
741,-6.7765623863378,155.70614822789,-6.7765623863378,155.70614822789,-6.7765623863378,155.70614822789
742,-2.2270926,-80.919404599972,-2.2270926,-80.919404599972,-2.2270926,-80.919404599972
743,38.07670759258,-48.199913377234,38.07670759258,-48.199913377234,38.07670759258,-48.199913377234
744,-36.549706350467,150.03652269707,-36.549706350467,150.03652269707,-36.549706350467,150.03652269707
745,-25.213322117844,45.894338602388,-25.213322117844,45.894338602388,-25.213322117844,45.894338602388
746,16.198723128832,-0.49635150152284,16.198723128832,-0.49635150152284,16.198723128832,-0.49635150152284
747,-32.747143578,134.70248980433,-32.747143578,134.70248980433,-32.747143578,134.70248980433
748,23.1128704,89.1155115,23.1128704,89.1155115,23.1128704,89.1155115
749,21.0219145,-97.5148432,21.0219145,-97.5148432,21.0219145,-97.5148432
750,15.122021833333,104.30767146667,15.122021833333,104.30767146667,15.122021833333,104.30767146667
751,7.1085865,171.373401,7.1085865,171.373401,7.1085865,171.373401
752,6.920662600002,158.3191843,6.920662600002,158.3191843,6.920662600002,158.3191843
753,5.2153415,-1.0629862,5.2153415,-1.0629862,5.2153415,-1.0629862
754,22.0381077,-98.4041215,22.0381077,-98.4041215,22.0381077,-98.4041215
755,26.4623644,-98.1338305,26.4623644,-98.1338305,26.4623644,-98.1338305
756,17.9088577,-15.3847669,17.9088577,-15.3847669,17.9088577,-15.3847669
757,-3.2528794,152.0370072,-3.2528794,152.0370072,-3.2528794,152.0370072
758,31.066538899999,28.081366700002,31.066538899999,28.081366700002,31.066538899999,28.081366700002
759,-2.2710363,-80.9246059,-2.2710363,-80.9246059,-2.2710363,-80.9246059
760,7.818233,52.217285,7.818233,52.217285,7.818233,52.217285
761,16.199810327027,-0.49282762882883,16.199810327027,-0.49282762882883,16.199810327027,-0.49282762882883
762,-45.5182606,167.8742461,-45.5182606,167.8742461,-45.5182606,167.8742461
763,27.0941917,142.2044772,27.0941917,142.2044772,27.0941917,142.2044772
764,-32.0052723,115.8949077,-32.0052723,115.8949077,-32.0052723,115.8949077
765,-16.1877393,-38.9801869,-16.1877393,-38.9801869,-16.1877393,-38.9801869
766,-8.2881001015542,-24.75004822596,-8.2881001015542,-24.75004822596,-8.2881001015542,-24.75004822596
767,21.2064377,-98.1085412,21.2064377,-98.1085412,21.2064377,-98.1085412
768,13.6425699,144.8554022,13.6425699,144.8554022,13.6425699,144.8554022
769,27.846682816526,67.948243546543,27.846682816526,67.948243546543,27.846682816526,67.948243546543
770,-2.227535,-80.921187,-2.227535,-80.921187,-2.227535,-80.921187
771,-34.940412455255,-58.61175976036,-34.940412455255,-58.61175976036,-34.940412455255,-58.61175976036
772,17.8765629,-15.2533914,17.8765629,-15.2533914,17.8765629,-15.2533914
773,-34.929515884,-57.9858221704,-34.929515884,-57.9858221704,-34.929515884,-57.9858221704
774,-35.386856,-62.4155663,-35.386856,-62.4155663,-35.386856,-62.4155663
775,5.1603464317,-52.6281640492,5.1603464317,-52.6281640492,5.1603464317,-52.6281640492
776,-45.5550394,167.7756431,-45.5550394,167.7756431,-45.5550394,167.7756431
777,17.8698936,-15.236338,17.8698936,-15.236338,17.8698936,-15.236338
778,-2.224373,-80.921247,-2.224373,-80.921247,-2.224373,-80.921247
779,-5.7890577316284,-35.338924407959,-5.7890577316284,-35.338924407959,-5.7890577316284,-35.338924407959
780,0.0,-180.0,0.0,-180.0,0.0,-180.0
781,-9.441242860184,160.09799384812,-9.441242860184,160.09799384812,-9.441242860184,160.09799384812
782,-32.715365597873,134.82689255932,-32.715365597873,134.82689255932,-32.715365597873,134.82689255932
783,-6.6994940678049,155.71763008439,-6.6994940678049,155.71763008439,-6.6994940678049,155.71763008439
784,-43.7437708,-176.3585961,-43.7437708,-176.3585961,-43.7437708,-176.3585961
785,-13.4466944,-172.3799535,-13.4466944,-172.3799535,-13.4466944,-172.3799535
786,5.26200963068,163.0040780224,5.26200963068,163.0040780224,5.26200963068,163.0040780224
787,-3.5242008,152.3303306,-3.5242008,152.3303306,-3.5242008,152.3303306
788,-16.2943194,-39.0324731,-16.2943194,-39.0324731,-16.2943194,-39.0324731
789,34.995529,25.5262887,34.995529,25.5262887,34.995529,25.5262887
790,-19.997015,13.035556666667,-19.997015,13.035556666667,-19.997015,13.035556666667
791,-15.807405437008,129.94025056821,-15.807405437008,129.94025056821,-15.807405437008,129.94025056821
792,-32.0067608,115.8940994,-32.0067608,115.8940994,-32.0067608,115.8940994
793,-0.5317314467631,166.95124195892,-0.5317314467631,166.95124195892,-0.5317314467631,166.95124195892
794,-35.389869,-62.414762,-35.389869,-62.414762,-35.389869,-62.414762
795,-5.1854974010413,-15.517611767263,-5.1854974010413,-15.517611767263,-5.1854974010413,-15.517611767263
796,3.865841,10.074906,3.865841,10.074906,3.865841,10.074906
797,15.1498291,12.595253524086,15.1498291,12.595253524086,15.1498291,12.595253524086
798,6.7395841190654,81.362983798684,6.7395841190654,81.362983798684,6.7395841190654,81.362983798684
799,-35.873414099972,-72.662456899972,-35.873414099972,-72.662456899972,-35.873414099972,-72.662456899972
800,-18.231029544773,127.66118544764,-18.231029544773,127.66118544764,-18.231029544773,127.66118544764
801,6.9368541,158.2786879,6.9368541,158.2786879,6.9368541,158.2786879
802,-35.484292990014,-32.605483367834,-35.484292990014,-32.605483367834,-35.484292990014,-32.605483367834
803,-63.898693083333,-57.611679055556,-63.898693083333,-57.611679055556,-63.898693083333,-57.611679055556
804,6.820651700002,158.2973281,6.820651700002,158.2973281,6.820651700002,158.2973281
805,6.8437516234951,158.31861909417,6.8437516234951,158.31861909417,6.8437516234951,158.31861909417
806,0.289649725,0.5773301866667,0.289649725,0.5773301866667,0.289649725,0.5773301866667
807,-33.756811398774,121.74766028595,-33.756811398774,121.74766028595,-33.756811398774,121.74766028595
808,6.9140968,158.3015066,6.9140968,158.3015066,6.9140968,158.3015066
809,-32.722851068333,134.839948683,-32.722851068333,134.839948683,-32.722851068333,134.839948683
810,1.3577715,173.0630363,1.3577715,173.0630363,1.3577715,173.0630363
811,5.3680076204976,163.00562294749,5.3680076204976,163.00562294749,5.3680076204976,163.00562294749
812,-18.59606855648,127.07484666105,-18.59606855648,127.07484666105,-18.59606855648,127.07484666105
813,-32.012831653291,115.91939634584,-32.012831653291,115.91939634584,-32.012831653291,115.91939634584
814,-0.55185376545455,166.93827765293,-0.55185376545455,166.93827765293,-0.55185376545455,166.93827765293
815,6.5697688981952,81.730252476485,6.5697688981952,81.730252476485,6.5697688981952,81.730252476485
816,-32.0046244,115.8918678,-32.0046244,115.8918678,-32.0046244,115.8918678
817,15.306656794821,-1.7212673601594,15.306656794821,-1.7212673601594,15.306656794821,-1.7212673601594
818,9.5478083000022,138.1628538,9.5478083000022,138.1628538,9.5478083000022,138.1628538
819,-34.9359228644,-58.518475517,-34.9359228644,-58.518475517,-34.9359228644,-58.518475517
820,0.0,-180.0,0.0,-180.0,0.0,-180.0
821,24.9842838,83.264191999972,24.9842838,83.264191999972,24.9842838,83.264191999972
822,4.4367553279743,72.958173322508,4.4367553279743,72.958173322508,4.4367553279743,72.958173322508
823,15.870401499407,-1.2388228144411,15.870401499407,-1.2388228144411,15.870401499407,-1.2388228144411
824,32.845187333306,-8.2170511666667,32.845187333306,-8.2170511666667,32.845187333306,-8.2170511666667
825,26.419190299999,-99.021835299998,26.419190299999,-99.021835299998,26.419190299999,-99.021835299998
826,2.946336,9.917798,2.946336,9.917798,2.946336,9.917798
827,-9.4324981,160.0765172,-9.4324981,160.0765172,-9.4324981,160.0765172
828,-35.3693392,-62.4430024,-35.3693392,-62.4430024,-35.3693392,-62.4430024
829,4.956787,10.718675,4.956787,10.718675,4.956787,10.718675
830,15.1498291,24.599742125758,15.1498291,24.599742125758,15.1498291,24.599742125758
831,0.0,0.0,0.0,0.0,0.0,0.0
832,5.0159667245833,-52.478066626889,5.0159667245833,-52.478066626889,5.0159667245833,-52.478066626889
833,7.7904277234375,54.744325215938,7.7904277234375,54.744325215938,7.7904277234375,54.744325215938
834,25.141356,55.441943,25.141356,55.441943,25.141356,55.441943
835,2.0438532631436,-157.48370593167,2.0438532631436,-157.48370593167,2.0438532631436,-157.48370593167
836,-34.9328888784,-57.981391168,-34.9328888784,-57.981391168,-34.9328888784,-57.981391168
837,-29.047106903089,167.93353156519,-29.047106903089,167.93353156519,-29.047106903089,167.93353156519
838,8.15731685875,57.69412569375,8.15731685875,57.69412569375,8.15731685875,57.69412569375
839,17.9755001,-15.5600911,17.9755001,-15.5600911,17.9755001,-15.5600911
840,6.5794989885824,81.71499682598,6.5794989885824,81.71499682598,6.5794989885824,81.71499682598
841,15.12285194,104.30427086,15.12285194,104.30427086,15.12285194,104.30427086
842,15.2659479,5.5985898,15.2659479,5.5985898,15.2659479,5.5985898
843,15.1216634,18.620823851481,15.1216634,18.620823851481,15.1216634,18.620823851481
844,-25.20164002086,45.94883678047,-25.20164002086,45.94883678047,-25.20164002086,45.94883678047
845,38.3368861,-107.898849,38.3368861,-107.898849,38.3368861,-107.898849
846,6.4183082999975,81.1350115,6.4183082999975,81.1350115,6.4183082999975,81.1350115
847,-54.4217031782,3.3907492486436,-54.4217031782,3.3907492486436,-54.4217031782,3.3907492486436
848,-23.53936489575,150.22043349934,-23.53936489575,150.22043349934,-23.53936489575,150.22043349934
849,26.309647899998,-98.646239,26.309647899998,-98.646239,26.309647899998,-98.646239
850,-9.4408880555556,160.12913194444,-9.4408880555556,160.12913194444,-9.4408880555556,160.12913194444
851,-32.45792185144,-34.636904289042,-32.45792185144,-34.636904289042,-32.45792185144,-34.636904289042
852,-3.2378011,151.9665597,-3.2378011,151.9665597,-3.2378011,151.9665597
853,-63.881944444444,-57.621111111111,-63.881944444444,-57.621111111111,-63.881944444444,-57.621111111111
854,-43.761716111111,-176.31618277778,-43.761716111111,-176.31618277778,-43.761716111111,-176.31618277778
855,0.0,0.0,0.0,0.0,0.0,0.0
856,-25.0039848,45.1491369,-25.0039848,45.1491369,-25.0039848,45.1491369
857,-43.726224641942,-176.52869598449,-43.726224641942,-176.52869598449,-43.726224641942,-176.52869598449
858,27.0387358,142.1757061,27.0387358,142.1757061,27.0387358,142.1757061
859,-51.838903236317,-58.239180395219,-51.838903236317,-58.239180395219,-51.838903236317,-58.239180395219
860,-4.0594310984318,122.43078403701,-4.0594310984318,122.43078403701,-4.0594310984318,122.43078403701
861,-35.549632099972,-72.5669876,-35.549632099972,-72.5669876,-35.549632099972,-72.5669876
862,-45.414075699972,167.71577469997,-45.414075699972,167.71577469997,-45.414075699972,167.71577469997
863,15.123138466667,104.30453664667,15.123138466667,104.30453664667,15.123138466667,104.30453664667
864,-35.474169899972,-72.242631799972,-35.474169899972,-72.242631799972,-35.474169899972,-72.242631799972
865,25.244438,48.6399246,25.244438,48.6399246,25.244438,48.6399246
866,-13.4471336,-172.3901968,-13.4471336,-172.3901968,-13.4471336,-172.3901968
867,15.0697594,5.7559597999975,15.0697594,5.7559597999975,15.0697594,5.7559597999975
868,4.1251975122369,73.472215389192,4.1251975122369,73.472215389192,4.1251975122369,73.472215389192
869,-34.9360704225,-57.976113249,-34.9360704225,-57.976113249,-34.9360704225,-57.976113249
870,15.122903143333,104.30407496667,15.122903143333,104.30407496667,15.122903143333,104.30407496667
871,-17.978707299972,178.6009893,-17.978707299972,178.6009893,-17.978707299972,178.6009893
872,-43.7493058,-176.4278817,-43.7493058,-176.4278817,-43.7493058,-176.4278817
873,15.0695918,5.7540051,15.0695918,5.7540051,15.0695918,5.7540051
874,27.0686564,142.2040049,27.0686564,142.2040049,27.0686564,142.2040049
875,-23.482417513333,150.36658768,-23.482417513333,150.36658768,-23.482417513333,150.36658768
876,3.869986,10.073044,3.869986,10.073044,3.869986,10.073044
877,29.192516431168,-13.461705794897,29.192516431168,-13.461705794897,29.192516431168,-13.461705794897
878,15.8799051,80.9068374,15.8799051,80.9068374,15.8799051,80.9068374
879,-5.7881879806519,-35.328884124756,-5.7881879806519,-35.328884124756,-5.7881879806519,-35.328884124756
880,-6.1078578999722,177.3382444,-6.1078578999722,177.3382444,-6.1078578999722,177.3382444
881,15.1219604,104.3074056,15.1219604,104.3074056,15.1219604,104.3074056
882,6.8964652,158.3125135,6.8964652,158.3125135,6.8964652,158.3125135
883,-17.634120299972,-149.6127333,-17.634120299972,-149.6127333,-17.634120299972,-149.6127333
884,0.0,-180.0,0.0,-180.0,0.0,-180.0
885,25.6316775,45.7567741,25.6316775,45.7567741,25.6316775,45.7567741
886,-14.903763961061,13.477588668478,-14.903763961061,13.477588668478,-14.903763961061,13.477588668478
887,7.0559184,171.2210411,7.0559184,171.2210411,7.0559184,171.2210411
888,27.0854802,142.2087426,27.0854802,142.2087426,27.0854802,142.2087426
889,-23.488809583917,150.31539236987,-23.488809583917,150.31539236987,-23.488809583917,150.31539236987
890,9.6002016,138.166284,9.6002016,138.166284,9.6002016,138.166284
891,-32.75750222333,134.92936127069,-32.75750222333,134.92936127069,-32.75750222333,134.92936127069
892,16.850613333333,7.9695233333333,16.850613333333,7.9695233333333,16.850613333333,7.9695233333333
893,-43.7505406,-176.4525764,-43.7505406,-176.4525764,-43.7505406,-176.4525764
894,-18.292580199129,127.5936018716,-18.292580199129,127.5936018716,-18.292580199129,127.5936018716
895,-5.695657,-35.2111633,-5.695657,-35.2111633,-5.695657,-35.2111633
896,1.3653764,173.1306923,1.3653764,173.1306923,1.3653764,173.1306923
897,-51.859652216867,-58.226180741365,-51.859652216867,-58.226180741365,-51.859652216867,-58.226180741365
898,-32.0021627,115.8903408,-32.0021627,115.8903408,-32.0021627,115.8903408
899,-32.73455015015,134.75914640774,-32.73455015015,134.75914640774,-32.73455015015,134.75914640774
900,6.960866900002,158.277179,6.960866900002,158.277179,6.960866900002,158.277179
901,-32.003092,115.8940259,-32.003092,115.8940259,-32.003092,115.8940259
902,-18.026035325808,178.51979257192,-18.026035325808,178.51979257192,-18.026035325808,178.51979257192
903,0.0,0.0,0.0,0.0,0.0,0.0
904,15.1219686,104.30744356667,15.1219686,104.30744356667,15.1219686,104.30744356667
905,-19.046892777778,-43.057623333333,-19.046892777778,-43.057623333333,-19.046892777778,-43.057623333333
906,38.3398548,-107.8984886,38.3398548,-107.8984886,38.3398548,-107.8984886
907,-9.5273573884932,160.09058710873,-9.5273573884932,160.09058710873,-9.5273573884932,160.09058710873
908,-33.780256851557,121.78560058449,-33.780256851557,121.78560058449,-33.780256851557,121.78560058449
909,-33.8389472,121.8863615,-33.8389472,121.8863615,-33.8389472,121.8863615
910,16.695818199998,7.9587041999973,16.695818199998,7.9587041999973,16.695818199998,7.9587041999973
911,5.9814194444444,116.071975,5.9814194444444,116.071975,5.9814194444444,116.071975
912,15.103814232684,26.71420343233,15.103814232684,26.71420343233,15.103814232684,26.71420343233
913,-13.4503621,-172.4001356,-13.4503621,-172.4001356,-13.4503621,-172.4001356
914,-44.7494579,169.1198701,-44.7494579,169.1198701,-44.7494579,169.1198701
915,6.9206991197002,158.32236759165,6.9206991197002,158.32236759165,6.9206991197002,158.32236759165
916,-0.5387864596649,166.94966168938,-0.5387864596649,166.94966168938,-0.5387864596649,166.94966168938
917,-9.464277535953,160.1043995051,-9.464277535953,160.1043995051,-9.464277535953,160.1043995051
918,37.771797761232,-25.303561553388,37.771797761232,-25.303561553388,37.771797761232,-25.303561553388
919,24.978344282238,56.264639496776,24.978344282238,56.264639496776,24.978344282238,56.264639496776
920,-54.4217939281,3.3882390549828,-54.4217939281,3.3882390549828,-54.4217939281,3.3882390549828
921,5.0160140824,-52.479728926,5.0160140824,-52.479728926,5.0160140824,-52.479728926
922,13.467829324238,144.79845198721,13.467829324238,144.79845198721,13.467829324238,144.79845198721
923,-33.72764425,121.62069525,-33.72764425,121.62069525,-33.72764425,121.62069525
924,2.1734789,45.1183853,2.1734789,45.1183853,2.1734789,45.1183853
925,6.8381508,158.2986684,6.8381508,158.2986684,6.8381508,158.2986684
926,31.632708025895,-8.2080698336386,31.632708025895,-8.2080698336386,31.632708025895,-8.2080698336386
927,-22.6487422,-152.7936024,-22.6487422,-152.7936024,-22.6487422,-152.7936024
928,-33.858376979687,121.89415804429,-33.858376979687,121.89415804429,-33.858376979687,121.89415804429
929,-31.8553013687,115.916365898,-31.8553013687,115.916365898,-31.8553013687,115.916365898
930,37.52537108,-48.92270186,37.52537108,-48.92270186,37.52537108,-48.92270186
931,27.0968947,142.1946973,27.0968947,142.1946973,27.0968947,142.1946973
932,25.1213185,47.6273274,25.1213185,47.6273274,25.1213185,47.6273274
933,-33.8323217,121.8961317,-33.8323217,121.8961317,-33.8323217,121.8961317
934,2.0203904717624,-157.48775046921,2.0203904717624,-157.48775046921,2.0203904717624,-157.48775046921
935,-13.4451003,-172.3598879,-13.4451003,-172.3598879,-13.4451003,-172.3598879
936,-21.2664768,-159.7711652,-21.2664768,-159.7711652,-21.2664768,-159.7711652
937,-21.2655861,-159.7410202,-21.2655861,-159.7410202,-21.2655861,-159.7410202
938,-21.2249287,-159.756075,-21.2249287,-159.756075,-21.2249287,-159.756075
939,13.46727220676,144.79879792035,13.46727220676,144.79879792035,13.46727220676,144.79879792035
940,-6.2905141,176.3145172,-6.2905141,176.3145172,-6.2905141,176.3145172
941,26.197388199997,-98.2553668,26.197388199997,-98.2553668,26.197388199997,-98.2553668
942,25.068528,47.3490334,25.068528,47.3490334,25.068528,47.3490334
943,25.37781,49.275763,25.37781,49.275763,25.37781,49.275763
944,7.1297701975349,171.04536374742,7.1297701975349,171.04536374742,7.1297701975349,171.04536374742
945,5.5601,10.314398,5.5601,10.314398,5.5601,10.314398
946,6.9612403,158.2650469,6.9612403,158.2650469,6.9612403,158.2650469
947,-63.874404888889,-57.609943388889,-63.874404888889,-57.609943388889,-63.874404888889,-57.609943388889
948,20.791843055556,-156.02405361111,20.791843055556,-156.02405361111,20.791843055556,-156.02405361111
949,6.0568968,145.2127095,6.0568968,145.2127095,6.0568968,145.2127095
950,-28.058546782578,19.280112910272,-28.058546782578,19.280112910272,-28.058546782578,19.280112910272
951,30.949792300003,28.773003,30.949792300003,28.773003,30.949792300003,28.773003
952,6.957953,158.278523,6.957953,158.278523,6.957953,158.278523
953,-17.971495699999,178.6187397,-17.971495699999,178.6187397,-17.971495699999,178.6187397
954,-3.6177156,152.3979783,-3.6177156,152.3979783,-3.6177156,152.3979783
955,-19.297994774559,135.08511456743,-19.297994774559,135.08511456743,-19.297994774559,135.08511456743
956,-32.2872944,18.5783479,-32.2872944,18.5783479,-32.2872944,18.5783479
957,39.4363016775,-31.257876288139,39.4363016775,-31.257876288139,39.4363016775,-31.257876288139
958,1.3293492,172.9879443,1.3293492,172.9879443,1.3293492,172.9879443
959,-6.1648378449785,-18.433157041253,-6.1648378449785,-18.433157041253,-6.1648378449785,-18.433157041253
960,-5.5595169,150.2970222,-5.5595169,150.2970222,-5.5595169,150.2970222
961,23.5303995,14.4465915,23.5303995,14.4465915,23.5303995,14.4465915
962,-17.809426099972,178.72236399997,-17.809426099972,178.72236399997,-17.809426099972,178.72236399997
963,13.475512923248,144.76780515874,13.475512923248,144.76780515874,13.475512923248,144.76780515874
964,-35.3447242,-62.4811282,-35.3447242,-62.4811282,-35.3447242,-62.4811282
965,25.010841900002,56.363503399997,25.010841900002,56.363503399997,25.010841900002,56.363503399997
966,-22.661761829691,114.2584781012,-22.661761829691,114.2584781012,-22.661761829691,114.2584781012
967,-23.8852658,-67.7545637,-23.8852658,-67.7545637,-23.8852658,-67.7545637
968,-22.721768856049,-22.721768856049,-22.721768856049,-22.721768856049,-22.721768856049,-22.721768856049
969,-9.4847300052264,160.11067891566,-9.4847300052264,160.11067891566,-9.4847300052264,160.11067891566
970,1.9765285,44.97474,1.9765285,44.97474,1.9765285,44.97474
971,-16.329631,-39.0315121,-16.329631,-39.0315121,-16.329631,-39.0315121
972,-35.020999308648,117.88358094085,-35.020999308648,117.88358094085,-35.020999308648,117.88358094085
973,-12.8270776,45.1932549,-12.8270776,45.1932549,-12.8270776,45.1932549
974,5.3685420657877,162.99585051884,5.3685420657877,162.99585051884,5.3685420657877,162.99585051884
975,26.4981233049,-78.6876941286,26.4981233049,-78.6876941286,26.4981233049,-78.6876941286
976,-35.029032885104,117.88765290815,-35.029032885104,117.88765290815,-35.029032885104,117.88765290815
977,24.9675535,56.309415899999,24.9675535,56.309415899999,24.9675535,56.309415899999
978,-3.6749316477006,-10.988219622534,-3.6749316477006,-10.988219622534,-3.6749316477006,-10.988219622534
979,26.273273700002,-98.552740700002,26.273273700002,-98.552740700002,26.273273700002,-98.552740700002
980,6.9607848,158.2657369,6.9607848,158.2657369,6.9607848,158.2657369
981,1.9634354,44.9634736,1.9634354,44.9634736,1.9634354,44.9634736
982,-27.113908509091,-109.36902542273,-27.113908509091,-109.36902542273,-27.113908509091,-109.36902542273
983,-67.570186666667,-68.127851666667,-67.570186666667,-68.127851666667,-67.570186666667,-68.127851666667
984,22.18940156011,-159.45744477717,22.18940156011,-159.45744477717,22.18940156011,-159.45744477717
985,5.727725,10.181005,5.727725,10.181005,5.727725,10.181005
986,-16.744817709337,128.28292443063,-16.744817709337,128.28292443063,-16.744817709337,128.28292443063
987,-25.214948534895,45.829867257375,-25.214948534895,45.829867257375,-25.214948534895,45.829867257375
988,15.165934372873,120.57148586336,15.165934372873,120.57148586336,15.165934372873,120.57148586336
989,4.1247808299159,73.472573091848,4.1247808299159,73.472573091848,4.1247808299159,73.472573091848
990,2.0351912837733,45.301177123287,2.0351912837733,45.301177123287,2.0351912837733,45.301177123287
991,-34.9395572428,-57.971999571,-34.9395572428,-57.971999571,-34.9395572428,-57.971999571
992,-23.744143901921,-65.471731500504,-23.744143901921,-65.471731500504,-23.744143901921,-65.471731500504
993,39.436438009139,-31.257899925111,39.436438009139,-31.257899925111,39.436438009139,-31.257899925111
994,-45.4234183,167.73291459997,-45.4234183,167.73291459997,-45.4234183,167.73291459997
995,25.2574435,48.8048841,25.2574435,48.8048841,25.2574435,48.8048841
996,-12.835418928205,45.153527614256,-12.835418928205,45.153527614256,-12.835418928205,45.153527614256
997,-37.196237322447,150.01810259058,-37.196237322447,150.01810259058,-37.196237322447,150.01810259058
998,16.2542785,-61.574146899998,16.2542785,-61.574146899998,16.2542785,-61.574146899998
999,17.1571093798,-61.838893611,17.1571093798,-61.838893611,17.1571093798,-61.838893611
1000,-12.8341382,45.1320912,-12.8341382,45.1320912,-12.8341382,45.1320912
1001,-3.8686554866423,-11.576959597155,-3.8686554866423,-11.576959597155,-3.8686554866423,-11.576959597155
1002,-34.931911882,-57.9427570291,-34.931911882,-57.9427570291,-34.931911882,-57.9427570291
1003,-19.317430312728,146.81445583333,-19.317430312728,146.81445583333,-19.317430312728,146.81445583333
1004,1.9413685,44.9406782,1.9413685,44.9406782,1.9413685,44.9406782
1005,1.9662829,44.9660934,1.9662829,44.9660934,1.9662829,44.9660934
1006,-6.7126048422222,155.68885622296,-6.7126048422222,155.68885622296,-6.7126048422222,155.68885622296
1007,2.54634202,9.82600158,2.54634202,9.82600158,2.54634202,9.82600158
1008,-12.8339387,45.1312479,-12.8339387,45.1312479,-12.8339387,45.1312479
1009,16.2509426,-61.5707278,16.2509426,-61.5707278,16.2509426,-61.5707278
1010,-51.8975,-127.5963889,-51.8975,-127.5963889,-51.8975,-127.5963889
1011,26.5093072783,-78.7075986341,26.5093072783,-78.7075986341,26.5093072783,-78.7075986341
1012,-44.296145804997,170.87061081606,-44.296145804997,170.87061081606,-44.296145804997,170.87061081606
1013,-11.561042723077,25.204765757542,-11.561042723077,25.204765757542,-11.561042723077,25.204765757542
1014,7.810353079942,55.177297608812,7.810353079942,55.177297608812,7.810353079942,55.177297608812
1015,5.851721,10.159149,5.851721,10.159149,5.851721,10.159149
1016,16.2344971,-61.6009092,16.2344971,-61.6009092,16.2344971,-61.6009092
1017,-13.456479633333,25.010236128783,-13.456479633333,25.010236128783,-13.456479633333,25.010236128783
1018,-33.8665102,121.8923402,-33.8665102,121.8923402,-33.8665102,121.8923402
1019,12.2562336,-39.845346248889,12.2562336,-39.845346248889,12.2562336,-39.845346248889
1020,27.0965318,142.2163549,27.0965318,142.2163549,27.0965318,142.2163549
1021,-5.783787727356,-35.332649230957,-5.783787727356,-35.332649230957,-5.783787727356,-35.332649230957
1022,-3.8213967181287,-11.426157117753,-3.8213967181287,-11.426157117753,-3.8213967181287,-11.426157117753
1023,-18.8168948235,169.0273854858,-18.8168948235,169.0273854858,-18.8168948235,169.0273854858
1024,-23.3009855,43.6570395,-23.3009855,43.6570395,-23.3009855,43.6570395
1025,-11.300953844965,24.87308908993,-11.300953844965,24.87308908993,-11.300953844965,24.87308908993
1026,5.368132730187,163.01889491758,5.368132730187,163.01889491758,5.368132730187,163.01889491758
1027,6.8695221,158.2870393,6.8695221,158.2870393,6.8695221,158.2870393
1028,16.223572,-61.614367400002,16.223572,-61.614367400002,16.223572,-61.614367400002
1029,-4.4941666666667,145.4315608,-4.4941666666667,145.4315608,-4.4941666666667,145.4315608
1030,16.17218886,-61.58751372,16.17218886,-61.58751372,16.17218886,-61.58751372
1031,-12.834770200002,45.131512899998,-12.834770200002,45.131512899998,-12.834770200002,45.131512899998
1032,-6.7949067071429,155.71629339246,-6.7949067071429,155.71629339246,-6.7949067071429,155.71629339246
1033,6.8426225,158.3093588,6.8426225,158.3093588,6.8426225,158.3093588
1034,-44.305736595048,170.99402695883,-44.305736595048,170.99402695883,-44.305736595048,170.99402695883
1035,-34.9394850344,-57.93646988,-34.9394850344,-57.93646988,-34.9394850344,-57.93646988
1036,6.9358576,158.2788063,6.9358576,158.2788063,6.9358576,158.2788063
1037,-12.8435456,45.1853102,-12.8435456,45.1853102,-12.8435456,45.1853102
1038,-12.8385955,45.1322713,-12.8385955,45.1322713,-12.8385955,45.1322713
1039,16.215564300001,-61.6424125,16.215564300001,-61.6424125,16.215564300001,-61.6424125
1040,-26.811994481667,-65.300828246389,-26.811994481667,-65.300828246389,-26.811994481667,-65.300828246389
1041,2.0361506851733,45.301717706827,2.0361506851733,45.301717706827,2.0361506851733,45.301717706827
1042,22.139129444444,-159.300425,22.139129444444,-159.300425,22.139129444444,-159.300425
1043,-11.26973259009,24.977510740541,-11.26973259009,24.977510740541,-11.26973259009,24.977510740541
1044,-26.825100058207,-69.174731308963,-26.825100058207,-69.174731308963,-26.825100058207,-69.174731308963
1045,18.101838333366,-15.9281934615,18.101838333366,-15.9281934615,18.101838333366,-15.9281934615
1046,-17.431296261261,127.99172458568,-17.431296261261,127.99172458568,-17.431296261261,127.99172458568
1047,27.0940503,142.1938819,27.0940503,142.1938819,27.0940503,142.1938819
1048,15.298947495862,-13.960463708966,15.298947495862,-13.960463708966,15.298947495862,-13.960463708966
1049,-0.2497346,42.6000929,-0.2497346,42.6000929,-0.2497346,42.6000929
1050,-43.82156,173.051971,-43.82156,173.051971,-43.82156,173.051971
1051,6.785165,81.1095988,6.785165,81.1095988,6.785165,81.1095988
1052,16.2510602642,-61.5469235089,16.2510602642,-61.5469235089,16.2510602642,-61.5469235089
1053,4.889811,10.782583,4.889811,10.782583,4.889811,10.782583
1054,1.3547342,172.9274953,1.3547342,172.9274953,1.3547342,172.9274953
1055,6.8403241,158.2994211,6.8403241,158.2994211,6.8403241,158.2994211
1056,17.1343257744,-61.8409146555,17.1343257744,-61.8409146555,17.1343257744,-61.8409146555
1057,-34.522303,172.7747732,-34.522303,172.7747732,-34.522303,172.7747732
1058,0.22390150027548,0.057287927217629,0.22390150027548,0.057287927217629,0.22390150027548,0.057287927217629
1059,7.5472402,99.057103,7.5472402,99.057103,7.5472402,99.057103
1060,-26.853352599998,-65.711385499288,-26.853352599998,-65.711385499288,-26.853352599998,-65.711385499288
1061,-12.8350018,45.1375457,-12.8350018,45.1375457,-12.8350018,45.1375457
1062,-77.8464405,166.6701639,-77.8464405,166.6701639,-77.8464405,166.6701639
1063,16.26629479,-61.51138159,16.26629479,-61.51138159,16.26629479,-61.51138159
1064,16.00003005,-61.67469403,16.00003005,-61.67469403,16.00003005,-61.67469403
1065,15.862129,-61.583239900001,15.862129,-61.583239900001,15.862129,-61.583239900001
1066,15.4021048,-16.423928699998,15.4021048,-16.423928699998,15.4021048,-16.423928699998
1067,15.111075690091,120.71111428292,15.111075690091,120.71111428292,15.111075690091,120.71111428292
1068,-22.91284924,44.53907087,-22.91284924,44.53907087,-22.91284924,44.53907087
1069,16.2541152164,-61.5232136194,16.2541152164,-61.5232136194,16.2541152164,-61.5232136194
1070,-32.6275789,18.948694799972,-32.6275789,18.948694799972,-32.6275789,18.948694799972
1071,-27.114968355892,-109.36849010202,-27.114968355892,-109.36849010202,-27.114968355892,-109.36849010202
1072,16.017839899998,-16.48322,16.017839899998,-16.48322,16.017839899998,-16.48322
1073,16.024863998885,-16.503919764857,16.024863998885,-16.503919764857,16.024863998885,-16.503919764857
1074,2.0427679799453,-157.47017403299,2.0427679799453,-157.47017403299,2.0427679799453,-157.47017403299
1075,6.945096,158.2697921,6.945096,158.2697921,6.945096,158.2697921
1076,25.153975434807,55.42287991304,25.153975434807,55.42287991304,25.153975434807,55.42287991304
1077,25.154391028907,55.484571182169,25.154391028907,55.484571182169,25.154391028907,55.484571182169
1078,-29.021201129667,167.96613409661,-29.021201129667,167.96613409661,-29.021201129667,167.96613409661
1079,7.53298,99.0512439,7.53298,99.0512439,7.53298,99.0512439
1080,-31.935783,115.880093,-31.935783,115.880093,-31.935783,115.880093
1081,-3.0628994583333,-59.950345354167,-3.0628994583333,-59.950345354167,-3.0628994583333,-59.950345354167
1082,16.2541848,-61.5963142,16.2541848,-61.5963142,16.2541848,-61.5963142
1083,-22.721768856049,-22.721768856049,-22.721768856049,-22.721768856049,-22.721768856049,-22.721768856049
1084,-18.610327043083,-173.99896447628,-18.610327043083,-173.99896447628,-18.610327043083,-173.99896447628
1085,5.599341,10.293827,5.599341,10.293827,5.599341,10.293827
1086,18.10484319495,-15.99813101802,18.10484319495,-15.99813101802,18.10484319495,-15.99813101802
1087,-10.323304,150.66012219997,-10.323304,150.66012219997,-10.323304,150.66012219997
1088,15.872844100002,-61.5797894,15.872844100002,-61.5797894,15.872844100002,-61.5797894
1089,0.0,0.0,0.0,0.0,0.0,0.0
1090,-23.089992659674,150.27566436247,-23.089992659674,150.27566436247,-23.089992659674,150.27566436247
1091,-12.8438406,45.1342887,-12.8438406,45.1342887,-12.8438406,45.1342887
1092,-10.308333333333,150.45111111111,-10.308333333333,150.45111111111,-10.308333333333,150.45111111111
1093,9.0761556,99.1757774,9.0761556,99.1757774,9.0761556,99.1757774
1094,-33.34789545596,-33.454741488637,-33.34789545596,-33.454741488637,-33.34789545596,-33.454741488637
1095,5.529243,10.355916,5.529243,10.355916,5.529243,10.355916
1096,25.1309672,47.5842053,25.1309672,47.5842053,25.1309672,47.5842053
1097,4.923485,45.2195984,4.923485,45.2195984,4.923485,45.2195984
1098,38.3273618,-107.9025683,38.3273618,-107.9025683,38.3273618,-107.9025683
1099,-33.019862642587,18.671234843849,-33.019862642587,18.671234843849,-33.019862642587,18.671234843849
1100,-44.304710923195,170.99169919278,-44.304710923195,170.99169919278,-44.304710923195,170.99169919278
1101,6.2183772013176,145.2389469,6.2183772013176,145.2389469,6.2183772013176,145.2389469
1102,-12.8436828,45.1854114,-12.8436828,45.1854114,-12.8436828,45.1854114
1103,15.292653333333,5.6330383333333,15.292653333333,5.6330383333333,15.292653333333,5.6330383333333
1104,-35.1143712,150.0878671,-35.1143712,150.0878671,-35.1143712,150.0878671
1105,-33.867949183333,121.89217480083,-33.867949183333,121.89217480083,-33.867949183333,121.89217480083
1106,-4.3879297999977,145.3177303,-4.3879297999977,145.3177303,-4.3879297999977,145.3177303
1107,4.9605956,-1.7348844,4.9605956,-1.7348844,4.9605956,-1.7348844
1108,3.878906,10.070216,3.878906,10.070216,3.878906,10.070216
1109,15.062671299998,-23.696555555556,15.062671299998,-23.696555555556,15.062671299998,-23.696555555556
1110,-45.425802,170.702985,-45.425802,170.702985,-45.425802,170.702985
1111,-34.94052637,-58.5114515748,-34.94052637,-58.5114515748,-34.94052637,-58.5114515748
1112,-29.052975114103,167.95778731026,-29.052975114103,167.95778731026,-29.052975114103,167.95778731026
1113,5.272858,-0.9831761,5.272858,-0.9831761,5.272858,-0.9831761
1114,5.3648041992941,162.98034452768,5.3648041992941,162.98034452768,5.3648041992941,162.98034452768
1115,-0.2778793,36.101937,-0.2778793,36.101937,-0.2778793,36.101937
1116,-11.299902799972,-51.546944899972,-11.299902799972,-51.546944899972,-11.299902799972,-51.546944899972
1117,-34.9328510784,-57.9800964024,-34.9328510784,-57.9800964024,-34.9328510784,-57.9800964024
1118,16.662623799998,7.9541024,16.662623799998,7.9541024,16.662623799998,7.9541024
1119,-34.9397337002,-57.971619554,-34.9397337002,-57.971619554,-34.9397337002,-57.971619554
1120,-19.436333488155,135.4102779708,-19.436333488155,135.4102779708,-19.436333488155,135.4102779708
1121,15.2784058,5.6018717,15.2784058,5.6018717,15.2784058,5.6018717
1122,26.5011127107,-78.6953509133,26.5011127107,-78.6953509133,26.5011127107,-78.6953509133
1123,14.875369272062,-24.725514957216,14.875369272062,-24.725514957216,14.875369272062,-24.725514957216
1124,-0.2821354,36.1002782,-0.2821354,36.1002782,-0.2821354,36.1002782
1125,0.8445932846934,73.408397497232,0.8445932846934,73.408397497232,0.8445932846934,73.408397497232
1126,-51.845689621501,-58.3159905643,-51.845689621501,-58.3159905643,-51.845689621501,-58.3159905643
1127,7.4855638,99.0893895,7.4855638,99.0893895,7.4855638,99.0893895
1128,-33.856351938693,121.89590161759,-33.856351938693,121.89590161759,-33.856351938693,121.89590161759
1129,38.3178819,-107.9050601,38.3178819,-107.9050601,38.3178819,-107.9050601
1130,-32.148689599972,18.8634236,-32.148689599972,18.8634236,-32.148689599972,18.8634236
1131,-44.304544661554,171.01066796662,-44.304544661554,171.01066796662,-44.304544661554,171.01066796662
1132,5.1039832,-1.243323,5.1039832,-1.243323,5.1039832,-1.243323
1133,-13.4493638,-172.370235,-13.4493638,-172.370235,-13.4493638,-172.370235
1134,-12.8413365,45.1242301,-12.8413365,45.1242301,-12.8413365,45.1242301
1135,-6.8183309767959,155.73419542621,-6.8183309767959,155.73419542621,-6.8183309767959,155.73419542621
1136,-26.271034504961,-69.095951751946,-26.271034504961,-69.095951751946,-26.271034504961,-69.095951751946
1137,25.153992,55.483995,25.153992,55.483995,25.153992,55.483995
1138,-5.7644872665405,-35.332511901855,-5.7644872665405,-35.332511901855,-5.7644872665405,-35.332511901855
1139,10.182924382222,99.096985459167,10.182924382222,99.096985459167,10.182924382222,99.096985459167
1140,-0.2919167,36.0969678,-0.2919167,36.0969678,-0.2919167,36.0969678
1141,24.3167635,72.8614885,24.3167635,72.8614885,24.3167635,72.8614885
1142,-45.5774281,167.7595447,-45.5774281,167.7595447,-45.5774281,167.7595447
1143,2.1250212,45.1155417,2.1250212,45.1155417,2.1250212,45.1155417
1144,7.4974775,99.0736378,7.4974775,99.0736378,7.4974775,99.0736378
1145,4.2117481000014,73.544146699999,4.2117481000014,73.544146699999,4.2117481000014,73.544146699999
1146,-34.839074899998,173.1299521,-34.839074899998,173.1299521,-34.839074899998,173.1299521
1147,6.0658038,145.213391,6.0658038,145.213391,6.0658038,145.213391
1148,6.8843647,158.2898803,6.8843647,158.2898803,6.8843647,158.2898803
1149,-44.6963913,169.1694557,-44.6963913,169.1694557,-44.6963913,169.1694557
1150,6.8657545,158.2894664,6.8657545,158.2894664,6.8657545,158.2894664
1151,-22.721768856049,-22.721768856049,-22.721768856049,-22.721768856049,-22.721768856049,-22.721768856049
1152,43.938434578728,-59.877803840544,43.938434578728,-59.877803840544,43.938434578728,-59.877803840544
1153,7.5542146,99.0724143,7.5542146,99.0724143,7.5542146,99.0724143
1154,4.2126591000024,73.540075700003,4.2126591000024,73.540075700003,4.2126591000024,73.540075700003
1155,25.0277345,47.231738,25.0277345,47.231738,25.0277345,47.231738
1156,-23.236336316584,150.49015202255,-23.236336316584,150.49015202255,-23.236336316584,150.49015202255
1157,-19.31725,146.81058333333,-19.31725,146.81058333333,-19.31725,146.81058333333
1158,0.037104999972222,109.24383039997,0.037104999972222,109.24383039997,0.037104999972222,109.24383039997
1159,5.854714,10.158488,5.854714,10.158488,5.854714,10.158488
1160,-13.137407992892,24.985983471273,-13.137407992892,24.985983471273,-13.137407992892,24.985983471273
1161,4.7631368,45.2306599,4.7631368,45.2306599,4.7631368,45.2306599
1162,1.9892614,44.9855204,1.9892614,44.9855204,1.9892614,44.9855204
1163,37.745120582402,-25.643317195084,37.745120582402,-25.643317195084,37.745120582402,-25.643317195084
1164,1.3578837121379,172.932190733,1.3578837121379,172.932190733,1.3578837121379,172.932190733
1165,17.036064529429,-25.149063055817,17.036064529429,-25.149063055817,17.036064529429,-25.149063055817
1166,-33.727183772423,121.61673598561,-33.727183772423,121.61673598561,-33.727183772423,121.61673598561
1167,-30.310222649368,148.8301106497,-30.310222649368,148.8301106497,-30.310222649368,148.8301106497
1168,-45.2332188,167.81156509997,-45.2332188,167.81156509997,-45.2332188,167.81156509997
1169,-29.671694444444,148.81126222222,-29.671694444444,148.81126222222,-29.671694444444,148.81126222222
1170,7.5152978680556,99.060185752222,7.5152978680556,99.060185752222,7.5152978680556,99.060185752222
1171,-34.9387823672,-58.5144744449,-34.9387823672,-58.5144744449,-34.9387823672,-58.5144744449
1172,-12.4609228,-69.138752233333,-12.4609228,-69.138752233333,-12.4609228,-69.138752233333
1173,-34.9286959841,-57.9602793811,-34.9286959841,-57.9602793811,-34.9286959841,-57.9602793811
1174,13.551741480698,78.479359736448,13.551741480698,78.479359736448,13.551741480698,78.479359736448
1175,-33.841778455965,121.88751030791,-33.841778455965,121.88751030791,-33.841778455965,121.88751030791
1176,-35.238935898667,150.00619321067,-35.238935898667,150.00619321067,-35.238935898667,150.00619321067
1177,1.3321895304073,172.96884491279,1.3321895304073,172.96884491279,1.3321895304073,172.96884491279
1178,-30.226454525308,149.42720057626,-30.226454525308,149.42720057626,-30.226454525308,149.42720057626
1179,-9.8044147319706,-66.852764946974,-9.8044147319706,-66.852764946974,-9.8044147319706,-66.852764946974
1180,38.9531209,-45.0313293375,38.9531209,-45.0313293375,38.9531209,-45.0313293375
1181,-12.8324745,45.1455449,-12.8324745,45.1455449,-12.8324745,45.1455449
1182,15.5696658,80.0749939,15.5696658,80.0749939,15.5696658,80.0749939
1183,-30.042019,148.7764175,-30.042019,148.7764175,-30.042019,148.7764175
1184,-33.397175415,-70.6576362622,-33.397175415,-70.6576362622,-33.397175415,-70.6576362622
1185,13.43374521896,144.78024677699,13.43374521896,144.78024677699,13.43374521896,144.78024677699
1186,7.0690484,171.2874743,7.0690484,171.2874743,7.0690484,171.2874743
1187,14.544747,-90.619945,14.544747,-90.619945,14.544747,-90.619945
1188,-29.034608981522,167.94324659968,-29.034608981522,167.94324659968,-29.034608981522,167.94324659968
1189,-31.854769015,115.88640678,-31.854769015,115.88640678,-31.854769015,115.88640678
1190,-12.364315067475,-69.1522071116,-12.364315067475,-69.1522071116,-12.364315067475,-69.1522071116
1191,-30.017423875622,148.55346789701,-30.017423875622,148.55346789701,-30.017423875622,148.55346789701
1192,7.1168786298595,171.05921473378,7.1168786298595,171.05921473378,7.1168786298595,171.05921473378
1193,-30.2217484,149.4506862,-30.2217484,149.4506862,-30.2217484,149.4506862
1194,-32.227438599972,18.851020999972,-32.227438599972,18.851020999972,-32.227438599972,18.851020999972
1195,4.4381040188889,72.964451577475,4.4381040188889,72.964451577475,4.4381040188889,72.964451577475
1196,-11.957428925,-69.131331225,-11.957428925,-69.131331225,-11.957428925,-69.131331225
1197,9.9470417401506,-73.090447330113,9.9470417401506,-73.090447330113,9.9470417401506,-73.090447330113
1198,20.835467590059,-103.8157408748,20.835467590059,-103.8157408748,20.835467590059,-103.8157408748
1199,22.05840736535,-159.38927056378,22.05840736535,-159.38927056378,22.05840736535,-159.38927056378
1200,22.187234444444,-159.34219111111,22.187234444444,-159.34219111111,22.187234444444,-159.34219111111
1201,-31.8558555,115.91279975,-31.8558555,115.91279975,-31.8558555,115.91279975
1202,-31.952295616921,115.88061140871,-31.952295616921,115.88061140871,-31.952295616921,115.88061140871
1203,-34.9855168,173.5616279,-34.9855168,173.5616279,-34.9855168,173.5616279
1204,-0.28726,36.09113,-0.28726,36.09113,-0.28726,36.09113
1205,-35.4033227,-62.4461545,-35.4033227,-62.4461545,-35.4033227,-62.4461545
1206,15.164981263333,120.57173395667,15.164981263333,120.57173395667,15.164981263333,120.57173395667
1207,-34.7420752,173.08370119887,-34.7420752,173.08370119887,-34.7420752,173.08370119887
1208,-29.052604113486,167.93542615033,-29.052604113486,167.93542615033,-29.052604113486,167.93542615033
1209,14.528595,-90.616765,14.528595,-90.616765,14.528595,-90.616765
1210,-12.25890465,-69.148047170833,-12.25890465,-69.148047170833,-12.25890465,-69.148047170833
1211,26.243561388889,-98.149675555556,26.243561388889,-98.149675555556,26.243561388889,-98.149675555556
1212,-5.352933,104.962315,-5.352933,104.962315,-5.352933,104.962315
1213,-32.920769399972,18.762814399972,-32.920769399972,18.762814399972,-32.920769399972,18.762814399972
1214,18.083948813103,-15.901569908276,18.083948813103,-15.901569908276,18.083948813103,-15.901569908276
1215,-12.719336598662,-69.487859395987,-12.719336598662,-69.487859395987,-12.719336598662,-69.487859395987
1216,-12.764945782813,-69.571752769866,-12.764945782813,-69.571752769866,-12.764945782813,-69.571752769866
1217,-16.33688,-39.0162099,-16.33688,-39.0162099,-16.33688,-39.0162099
1218,-37.259208061889,150.04775663242,-37.259208061889,150.04775663242,-37.259208061889,150.04775663242
1219,-19.685117857107,-42.984893333379,-19.685117857107,-42.984893333379,-19.685117857107,-42.984893333379
1220,0.372048,108.9531508,0.372048,108.9531508,0.372048,108.9531508
1221,19.483183556574,-103.7969969008,19.483183556574,-103.7969969008,19.483183556574,-103.7969969008
1222,8.500128,-79.957781,8.500128,-79.957781,8.500128,-79.957781
1223,-0.53256871711864,166.91088908644,-0.53256871711864,166.91088908644,-0.53256871711864,166.91088908644
1224,-9.7459397702306,-66.635224410776,-9.7459397702306,-66.635224410776,-9.7459397702306,-66.635224410776
1225,-26.8290265,-69.211725,-26.8290265,-69.211725,-26.8290265,-69.211725
1226,-9.8461016,-66.867685,-9.8461016,-66.867685,-9.8461016,-66.867685
1227,26.5033892356,-78.7039881293,26.5033892356,-78.7039881293,26.5033892356,-78.7039881293
1228,7.90502,52.169018,7.90502,52.169018,7.90502,52.169018
1229,-34.940651440972,-57.963316747889,-34.940651440972,-57.963316747889,-34.940651440972,-57.963316747889
1230,-12.599677800499,-69.194768162575,-12.599677800499,-69.194768162575,-12.599677800499,-69.194768162575
1231,18.593632780747,-103.69538736503,18.593632780747,-103.69538736503,18.593632780747,-103.69538736503
1232,2.4307041,45.0011564,2.4307041,45.0011564,2.4307041,45.0011564
1233,7.5470123,99.0766856,7.5470123,99.0766856,7.5470123,99.0766856
1234,-33.396218044,-70.657858396,-33.396218044,-70.657858396,-33.396218044,-70.657858396
1235,-9.8238248,-66.8768668,-9.8238248,-66.8768668,-9.8238248,-66.8768668
1236,-19.492944444444,135.52275,-19.492944444444,135.52275,-19.492944444444,135.52275
1237,-34.928726824,-57.963391452,-34.928726824,-57.963391452,-34.928726824,-57.963391452
1238,-30.159740916252,148.93852767164,-30.159740916252,148.93852767164,-30.159740916252,148.93852767164
1239,-30.372694444444,148.69663888889,-30.372694444444,148.69663888889,-30.372694444444,148.69663888889
1240,-17.498312,-149.913269,-17.498312,-149.913269,-17.498312,-149.913269
1241,-26.06379193494,-65.950455092771,-26.06379193494,-65.950455092771,-26.06379193494,-65.950455092771
1242,-33.655123,0.281092,-33.655123,0.281092,-33.655123,0.281092
1243,-22.707669697423,114.33987320409,-22.707669697423,114.33987320409,-22.707669697423,114.33987320409
1244,38.3353871,-107.8999684,38.3353871,-107.8999684,38.3353871,-107.8999684
1245,-9.7302409000024,-66.884212100002,-9.7302409000024,-66.884212100002,-9.7302409000024,-66.884212100002
1246,-31.8560516977,115.8979668674,-31.8560516977,115.8979668674,-31.8560516977,115.8979668674
1247,-16.284160799972,-39.0287815,-16.284160799972,-39.0287815,-16.284160799972,-39.0287815
1248,9.0638762,99.1750979,9.0638762,99.1750979,9.0638762,99.1750979
1249,-12.198622944731,-69.122746720015,-12.198622944731,-69.122746720015,-12.198622944731,-69.122746720015
1250,-12.5923268875,-69.17537855,-12.5923268875,-69.17537855,-12.5923268875,-69.17537855
1251,-34.928649380001,-57.987160540001,-34.928649380001,-57.987160540001,-34.928649380001,-57.987160540001
1252,10.149491521693,-73.113014434039,10.149491521693,-73.113014434039,10.149491521693,-73.113014434039
1253,4.7443474,45.2106537,4.7443474,45.2106537,4.7443474,45.2106537
1254,4.0958549,73.4015559,4.0958549,73.4015559,4.0958549,73.4015559
1255,10.136635468333,-75.2710787475,10.136635468333,-75.2710787475,10.136635468333,-75.2710787475
1256,-9.7726552,-66.8121935,-9.7726552,-66.8121935,-9.7726552,-66.8121935
1257,-4.4172794,26.6660024,-4.4172794,26.6660024,-4.4172794,26.6660024
1258,21.031726598739,-104.24926757812,21.031726598739,-104.24926757812,21.031726598739,-104.24926757812
1259,-22.721768856049,-22.721768856049,-22.721768856049,-22.721768856049,-22.721768856049,-22.721768856049
1260,15.8924207,80.908950399972,15.8924207,80.908950399972,15.8924207,80.908950399972
1261,-19.967146666667,13.024823333333,-19.967146666667,13.024823333333,-19.967146666667,13.024823333333
1262,-30.227057921954,149.68130760373,-30.227057921954,149.68130760373,-30.227057921954,149.68130760373
1263,2.0270497679513,25.325646861663,2.0270497679513,25.325646861663,2.0270497679513,25.325646861663
1264,-2.229193,-80.921425,-2.229193,-80.921425,-2.229193,-80.921425
1265,-4.25176,-56.005929699998,-4.25176,-56.005929699998,-4.25176,-56.005929699998
1266,-34.524907813808,172.77387672866,-34.524907813808,172.77387672866,-34.524907813808,172.77387672866
1267,-30.386573362667,149.71377548267,-30.386573362667,149.71377548267,-30.386573362667,149.71377548267
1268,4.9480389,45.200421,4.9480389,45.200421,4.9480389,45.200421
1269,-19.327830423257,146.72557521622,-19.327830423257,146.72557521622,-19.327830423257,146.72557521622
1270,-35.3875972,-62.4160981,-35.3875972,-62.4160981,-35.3875972,-62.4160981
1271,19.06640396039,-103.78252141805,19.06640396039,-103.78252141805,19.06640396039,-103.78252141805
1272,14.241556976742,74.448919592623,14.241556976742,74.448919592623,14.241556976742,74.448919592623
1273,-2.22919,-80.927154,-2.22919,-80.927154,-2.22919,-80.927154
1274,10.436194156265,99.066891941108,10.436194156265,99.066891941108,10.436194156265,99.066891941108
1275,-21.320536344998,55.800018723335,-21.320536344998,55.800018723335,-21.320536344998,55.800018723335
1276,18.945489534804,-104.11497573641,18.945489534804,-104.11497573641,18.945489534804,-104.11497573641
1277,-45.6966325,167.6536928,-45.6966325,167.6536928,-45.6966325,167.6536928
1278,9.93671672,-75.09110828,9.93671672,-75.09110828,9.93671672,-75.09110828
1279,5.0725220521141,115.5491546881,5.0725220521141,115.5491546881,5.0725220521141,115.5491546881
1280,26.5202990547,-78.7177038565,26.5202990547,-78.7177038565,26.5202990547,-78.7177038565
1281,-33.478757316,-70.6573024572,-33.478757316,-70.6573024572,-33.478757316,-70.6573024572
1282,10.42888109828,99.055432082064,10.42888109828,99.055432082064,10.42888109828,99.055432082064
1283,-12.8452192526,45.135428505,-12.8452192526,45.135428505,-12.8452192526,45.135428505
1284,8.465354,-79.969013,8.465354,-79.969013,8.465354,-79.969013
1285,-34.9380411591,-57.9357197895,-34.9380411591,-57.9357197895,-34.9380411591,-57.9357197895
1286,-21.284063511668,55.795970016622,-21.284063511668,55.795970016622,-21.284063511668,55.795970016622
1287,-35.1153889,150.0869471,-35.1153889,150.0869471,-35.1153889,150.0869471
1288,10.4498444,-73.2545222,10.4498444,-73.2545222,10.4498444,-73.2545222
1289,-9.7459246,-66.6349611,-9.7459246,-66.6349611,-9.7459246,-66.6349611
1290,0.83961789997222,108.8864391,0.83961789997222,108.8864391,0.83961789997222,108.8864391
1291,38.352756900002,-107.8443453,38.352756900002,-107.8443453,38.352756900002,-107.8443453
1292,-5.354813,104.972425,-5.354813,104.972425,-5.354813,104.972425
1293,5.3671264,162.9865219,5.3671264,162.9865219,5.3671264,162.9865219
1294,-29.559391976736,149.60062439831,-29.559391976736,149.60062439831,-29.559391976736,149.60062439831
1295,-3.145696457958,-59.999606957958,-3.145696457958,-59.999606957958,-3.145696457958,-59.999606957958
1296,-30.042962166667,148.78353408974,-30.042962166667,148.78353408974,-30.042962166667,148.78353408974
1297,-26.177766462778,-65.213028061944,-26.177766462778,-65.213028061944,-26.177766462778,-65.213028061944
1298,15.1661633875,120.5700104675,15.1661633875,120.5700104675,15.1661633875,120.5700104675
1299,31.96537989378,35.825716358051,31.96537989378,35.825716358051,31.96537989378,35.825716358051
1300,-33.463317131,-70.6571568597,-33.463317131,-70.6571568597,-33.463317131,-70.6571568597
1301,14.931230018248,-23.501862074088,14.931230018248,-23.501862074088,14.931230018248,-23.501862074088
1302,0.0,-103.23307379998,0.0,-103.23307379998,0.0,-103.23307379998
1303,10.737461096667,-74.752684965556,10.737461096667,-74.752684965556,10.737461096667,-74.752684965556
1304,22.101719722222,-159.35357583333,22.101719722222,-159.35357583333,22.101719722222,-159.35357583333
1305,-34.928093925083,-57.973346784694,-34.928093925083,-57.973346784694,-34.928093925083,-57.973346784694
1306,-31.8551660076,115.8874928266,-31.8551660076,115.8874928266,-31.8551660076,115.8874928266
1307,-44.675792,169.1289844,-44.675792,169.1289844,-44.675792,169.1289844
1308,10.40552116,-75.5032651126,10.40552116,-75.5032651126,10.40552116,-75.5032651126
1309,31.914859910309,35.891142823733,31.914859910309,35.891142823733,31.914859910309,35.891142823733
1310,10.4811222,-73.2816767,10.4811222,-73.2816767,10.4811222,-73.2816767
1311,-30.226267833333,149.4414095,-30.226267833333,149.4414095,-30.226267833333,149.4414095
1312,-14.914994603266,13.452729958401,-14.914994603266,13.452729958401,-14.914994603266,13.452729958401
1313,9.8052522331745,99.09962304633,9.8052522331745,99.09962304633,9.8052522331745,99.09962304633
1314,4.8114696,45.2465728,4.8114696,45.2465728,4.8114696,45.2465728
1315,10.407203611111,-75.455979722222,10.407203611111,-75.455979722222,10.407203611111,-75.455979722222
1316,15.134199906667,104.30401702111,15.134199906667,104.30401702111,15.134199906667,104.30401702111
1317,-17.567625,-149.32444694444,-17.567625,-149.32444694444,-17.567625,-149.32444694444
1318,10.4000068735,-75.482198037194,10.4000068735,-75.482198037194,10.4000068735,-75.482198037194
1319,10.4771611,-73.2496694,10.4771611,-73.2496694,10.4771611,-73.2496694
1320,10.8717465375,-74.783910615,10.8717465375,-74.783910615,10.8717465375,-74.783910615
1321,-2.04639067333,-60.0260353267,-2.04639067333,-60.0260353267,-2.04639067333,-60.0260353267
1322,-34.542589185772,172.85622844593,-34.542589185772,172.85622844593,-34.542589185772,172.85622844593
1323,10.4746306,-73.2408167,10.4746306,-73.2408167,10.4746306,-73.2408167
1324,9.7196581502732,-75.124453915301,9.7196581502732,-75.124453915301,9.7196581502732,-75.124453915301
1325,30.86859,28.8831012,30.86859,28.8831012,30.86859,28.8831012
1326,10.428096055972,-75.530037581889,10.428096055972,-75.530037581889,10.428096055972,-75.530037581889
1327,10.937250360972,-74.897261823283,10.937250360972,-74.897261823283,10.937250360972,-74.897261823283
1328,0.0,0.0,0.0,0.0,0.0,0.0
1329,-10.322222222222,150.28833333333,-10.322222222222,150.28833333333,-10.322222222222,150.28833333333
1330,10.4735139,-73.2867847,10.4735139,-73.2867847,10.4735139,-73.2867847
1331,10.4524683,-73.2610928,10.4524683,-73.2610928,10.4524683,-73.2610928
1332,31.963095184788,35.877676365059,31.963095184788,35.877676365059,31.963095184788,35.877676365059
1333,5.0084897317,115.0028180145,5.0084897317,115.0028180145,5.0084897317,115.0028180145
1334,-2.228007,-80.922877,-2.228007,-80.922877,-2.228007,-80.922877
1335,-34.9375072215,-57.9846429918,-34.9375072215,-57.9846429918,-34.9375072215,-57.9846429918
1336,2.1018937,45.0910745,2.1018937,45.0910745,2.1018937,45.0910745
1337,9.3039173816667,99.147053500556,9.3039173816667,99.147053500556,9.3039173816667,99.147053500556
1338,10.736656134831,-74.761226404494,10.736656134831,-74.761226404494,10.736656134831,-74.761226404494
1339,31.937709183712,35.847357681021,31.937709183712,35.847357681021,31.937709183712,35.847357681021
1340,-34.9374584388,-57.9935090337,-34.9374584388,-57.9935090337,-34.9374584388,-57.9935090337
1341,7.4879503,99.0849626,7.4879503,99.0849626,7.4879503,99.0849626
1342,-25.055883,45.1103728,-25.055883,45.1103728,-25.055883,45.1103728
1343,-45.4181932,167.7125989,-45.4181932,167.7125989,-45.4181932,167.7125989
1344,10.4490539,-73.2831894,10.4490539,-73.2831894,10.4490539,-73.2831894
1345,10.3942259587,-75.4736412875,10.3942259587,-75.4736412875,10.3942259587,-75.4736412875
1346,-23.137668981141,113.7746069361,-23.137668981141,113.7746069361,-23.137668981141,113.7746069361
1347,39.48734448392,-12.29395406995,39.48734448392,-12.29395406995,39.48734448392,-12.29395406995
1348,4.7439306,45.2228021,4.7439306,45.2228021,4.7439306,45.2228021
1349,10.4911944,-73.2792861,10.4911944,-73.2792861,10.4911944,-73.2792861
1350,11.05139106574,-74.857635447351,11.05139106574,-74.857635447351,11.05139106574,-74.857635447351
1351,31.953473977,35.83371569775,31.953473977,35.83371569775,31.953473977,35.83371569775
1352,10.257615195833,-75.343937170833,10.257615195833,-75.343937170833,10.257615195833,-75.343937170833
1353,-23.314416845089,113.92918971845,-23.314416845089,113.92918971845,-23.314416845089,113.92918971845
1354,10.4839083,-73.2769167,10.4839083,-73.2769167,10.4839083,-73.2769167
1355,-13.4501541,-172.3992831,-13.4501541,-172.3992831,-13.4501541,-172.3992831
1356,-29.456040709843,149.8448607689,-29.456040709843,149.8448607689,-29.456040709843,149.8448607689
1357,-30.306480364241,149.33243431705,-30.306480364241,149.33243431705,-30.306480364241,149.33243431705
1358,-44.270328134266,170.0442398958,-44.270328134266,170.0442398958,-44.270328134266,170.0442398958
1359,-44.6965559,169.1715924,-44.6965559,169.1715924,-44.6965559,169.1715924
1360,17.9809397,-15.5810731,17.9809397,-15.5810731,17.9809397,-15.5810731
1361,-19.317424610588,134.87350378507,-19.317424610588,134.87350378507,-19.317424610588,134.87350378507
1362,-32.908224384927,18.766155561523,-32.908224384927,18.766155561523,-32.908224384927,18.766155561523
1363,12.108977814208,21.563126100226,12.108977814208,21.563126100226,12.108977814208,21.563126100226
1364,13.64043773,79.39743723,13.64043773,79.39743723,13.64043773,79.39743723
1365,7.9796916,99.2728584,7.9796916,99.2728584,7.9796916,99.2728584
1366,5.3685378227403,162.99637681597,5.3685378227403,162.99637681597,5.3685378227403,162.99637681597
1367,-0.89977777777778,-89.608708333306,-0.89977777777778,-89.608708333306,-0.89977777777778,-89.608708333306
1368,-23.0405976,44.2688025,-23.0405976,44.2688025,-23.0405976,44.2688025
1369,22.063265150533,-159.39425274088,22.063265150533,-159.39425274088,22.063265150533,-159.39425274088
1370,9.0747579001019,99.2224908,9.0747579001019,99.2224908,9.0747579001019,99.2224908
1371,4.9035022,45.2333718,4.9035022,45.2333718,4.9035022,45.2333718
1372,5.0130861998,115.0338963512,5.0130861998,115.0338963512,5.0130861998,115.0338963512
1373,-17.601630042097,168.24568030859,-17.601630042097,168.24568030859,-17.601630042097,168.24568030859
1374,-33.4546756065,-70.6579877938,-33.4546756065,-70.6579877938,-33.4546756065,-70.6579877938
1375,10.040219798611,99.069606643056,10.040219798611,99.069606643056,10.040219798611,99.069606643056
1376,-44.6857524,169.18279451,-44.6857524,169.18279451,-44.6857524,169.18279451
1377,-2.222191,-80.920459,-2.222191,-80.920459,-2.222191,-80.920459
1378,-7.254118,112.7825431,-7.254118,112.7825431,-7.254118,112.7825431
1379,31.911827460118,35.852546975948,31.911827460118,35.852546975948,31.911827460118,35.852546975948
1380,-2.227166,-80.936391,-2.227166,-80.936391,-2.227166,-80.936391
1381,3.9982087165155,10.016656760136,3.9982087165155,10.016656760136,3.9982087165155,10.016656760136
1382,2.1033285,45.0927536,2.1033285,45.0927536,2.1033285,45.0927536
1383,-7.3028233933333,112.79983191333,-7.3028233933333,112.79983191333,-7.3028233933333,112.79983191333
1384,-30.402919749004,149.70437475647,-30.402919749004,149.70437475647,-30.402919749004,149.70437475647
1385,13.3736497,144.7713052,13.3736497,144.7713052,13.3736497,144.7713052
1386,7.0607606,171.2572471,7.0607606,171.2572471,7.0607606,171.2572471
1387,31.944827500731,35.836014176533,31.944827500731,35.836014176533,31.944827500731,35.836014176533
1388,14.185535044809,79.869910275228,14.185535044809,79.869910275228,14.185535044809,79.869910275228
1389,31.943153225631,35.861858989578,31.943153225631,35.861858989578,31.943153225631,35.861858989578
1390,-26.8416151,-69.2222741,-26.8416151,-69.2222741,-26.8416151,-69.2222741
1391,-0.53942416620833,166.91645890428,-0.53942416620833,166.91645890428,-0.53942416620833,166.91645890428
1392,-26.912606847001,-68.603111358604,-26.912606847001,-68.603111358604,-26.912606847001,-68.603111358604
1393,-29.473093681577,149.91669559642,-29.473093681577,149.91669559642,-29.473093681577,149.91669559642
1394,31.955172992999,35.905297673013,31.955172992999,35.905297673013,31.955172992999,35.905297673013
1395,-7.2496608666667,112.7964525,-7.2496608666667,112.7964525,-7.2496608666667,112.7964525
1396,-12.834819,45.1361703,-12.834819,45.1361703,-12.834819,45.1361703
1397,-17.7985089,178.52705979997,-17.7985089,178.52705979997,-17.7985089,178.52705979997
1398,13.640689653439,79.373231637566,13.640689653439,79.373231637566,13.640689653439,79.373231637566
1399,-19.2438837,146.808956,-19.2438837,146.808956,-19.2438837,146.808956
1400,19.458361078343,-103.79439281806,19.458361078343,-103.79439281806,19.458361078343,-103.79439281806
1401,27.0387466,142.1757218,27.0387466,142.1757218,27.0387466,142.1757218
1402,-1.0169444444444,-1.0169444444444,-1.0169444444444,-1.0169444444444,-1.0169444444444,-1.0169444444444
1403,-14.927347283824,13.558787181986,-14.927347283824,13.558787181986,-14.927347283824,13.558787181986
1404,29.189492866351,-13.463887766851,29.189492866351,-13.463887766851,29.189492866351,-13.463887766851
1405,7.9928527794033,99.130249693648,7.9928527794033,99.130249693648,7.9928527794033,99.130249693648
1406,2.1146267,45.1046015,2.1146267,45.1046015,2.1146267,45.1046015
1407,14.3424173,79.7695424,14.3424173,79.7695424,14.3424173,79.7695424
1408,-12.835989,45.150642699999,-12.835989,45.150642699999,-12.835989,45.150642699999
1409,18.878891925553,-103.8470169161,18.878891925553,-103.8470169161,18.878891925553,-103.8470169161
1410,5.0146183278,115.0630209502,5.0146183278,115.0630209502,5.0146183278,115.0630209502
1411,-23.110159281655,150.30299891226,-23.110159281655,150.30299891226,-23.110159281655,150.30299891226
1412,-23.159477492333,150.43893695367,-23.159477492333,150.43893695367,-23.159477492333,150.43893695367
1413,27.0723173,142.2197125,27.0723173,142.2197125,27.0723173,142.2197125
1414,-35.022752777778,117.85938888889,-35.022752777778,117.85938888889,-35.022752777778,117.85938888889
1415,5.3690948078705,162.99956962897,5.3690948078705,162.99956962897,5.3690948078705,162.99956962897
1416,2.0745461,45.3404957,2.0745461,45.3404957,2.0745461,45.3404957
1417,13.370520234091,62.066009067338,13.370520234091,62.066009067338,13.370520234091,62.066009067338
1418,17.017223815654,-25.135971151108,17.017223815654,-25.135971151108,17.017223815654,-25.135971151108
1419,7.0811144046914,171.15521286617,7.0811144046914,171.15521286617,7.0811144046914,171.15521286617
1420,-35.318748086885,139.80241044344,-35.318748086885,139.80241044344,-35.318748086885,139.80241044344
1421,-44.315051467,171.013074205,-44.315051467,171.013074205,-44.315051467,171.013074205
1422,15.16573234,120.545764995,15.16573234,120.545764995,15.16573234,120.545764995
1423,-56.936169438562,-28.01449480592,-56.936169438562,-28.01449480592,-56.936169438562,-28.01449480592
1424,-36.796179261988,139.99723982988,-36.796179261988,139.99723982988,-36.796179261988,139.99723982988
1425,3.9188069,45.5877018,3.9188069,45.5877018,3.9188069,45.5877018
1426,10.425796707912,99.043672398664,10.425796707912,99.043672398664,10.425796707912,99.043672398664
1427,-9.7986764285385,-66.845664982952,-9.7986764285385,-66.845664982952,-9.7986764285385,-66.845664982952
1428,-44.3169943568,171.01496631893,-44.3169943568,171.01496631893,-44.3169943568,171.01496631893
1429,-12.8369812,45.129561099972,-12.8369812,45.129561099972,-12.8369812,45.129561099972
1430,31.910991375335,35.901980440132,31.910991375335,35.901980440132,31.910991375335,35.901980440132
1431,-22.721768856049,-22.721768856049,-22.721768856049,-22.721768856049,-22.721768856049,-22.721768856049
1432,-14.685303485035,13.897741204141,-14.685303485035,13.897741204141,-14.685303485035,13.897741204141
1433,7.0807711740164,171.15577031269,7.0807711740164,171.15577031269,7.0807711740164,171.15577031269
1434,-8.34578835,113.60496022,-8.34578835,113.60496022,-8.34578835,113.60496022
1435,4.8218745,45.2450489,4.8218745,45.2450489,4.8218745,45.2450489
1436,-44.256687588801,170.1007790442,-44.256687588801,170.1007790442,-44.256687588801,170.1007790442
1437,-9.7633294289,-66.765118032533,-9.7633294289,-66.765118032533,-9.7633294289,-66.765118032533
1438,-19.68891455553,-42.990579555513,-19.68891455553,-42.990579555513,-19.68891455553,-42.990579555513
1439,-19.735638111043,-43.018403777747,-19.735638111043,-43.018403777747,-19.735638111043,-43.018403777747
1440,3.8504459000011,10.0862026,3.8504459000011,10.0862026,3.8504459000011,10.0862026
1441,-44.6989147,169.1274146,-44.6989147,169.1274146,-44.6989147,169.1274146
1442,14.925198107056,-24.356216096069,14.925198107056,-24.356216096069,14.925198107056,-24.356216096069
1443,3.8746752,45.5780625,3.8746752,45.5780625,3.8746752,45.5780625
1444,-17.569602777778,-149.60576944444,-17.569602777778,-149.60576944444,-17.569602777778,-149.60576944444
1445,13.643198327634,79.38685755169,13.643198327634,79.38685755169,13.643198327634,79.38685755169
1446,10.057718423615,99.074965331487,10.057718423615,99.074965331487,10.057718423615,99.074965331487
1447,-6.107934,177.33813829997,-6.107934,177.33813829997,-6.107934,177.33813829997
1448,-23.133600333333,150.40603525,-23.133600333333,150.40603525,-23.133600333333,150.40603525
1449,38.2975282,-107.9244368,38.2975282,-107.9244368,38.2975282,-107.9244368
1450,-44.304193563721,171.01085015995,-44.304193563721,171.01085015995,-44.304193563721,171.01085015995
1451,-35.21880583,150.02502690733,-35.21880583,150.02502690733,-35.21880583,150.02502690733
1452,-8.15612528,113.69851705,-8.15612528,113.69851705,-8.15612528,113.69851705
1453,-11.554515155556,25.205504507571,-11.554515155556,25.205504507571,-11.554515155556,25.205504507571
1454,-33.4030106664,-70.6584642269,-33.4030106664,-70.6584642269,-33.4030106664,-70.6584642269
1455,-33.356904850114,-70.661570944688,-33.356904850114,-70.661570944688,-33.356904850114,-70.661570944688
1456,5.0340302289,115.0767689478,5.0340302289,115.0767689478,5.0340302289,115.0767689478
1457,-13.4493646,-172.3703818,-13.4493646,-172.3703818,-13.4493646,-172.3703818
1458,7.9256125650049,99.269808446644,7.9256125650049,99.269808446644,7.9256125650049,99.269808446644
1459,13.3102971,144.730929,13.3102971,144.730929,13.3102971,144.730929
1460,5.059449,9.992135,5.059449,9.992135,5.059449,9.992135
1461,-17.717802945938,168.56910715938,-17.717802945938,168.56910715938,-17.717802945938,168.56910715938
1462,-33.702195680013,121.83690898799,-33.702195680013,121.83690898799,-33.702195680013,121.83690898799
1463,14.8785732,-24.730177699999,14.8785732,-24.730177699999,14.8785732,-24.730177699999
1464,-36.889671037425,139.83372273384,-36.889671037425,139.83372273384,-36.889671037425,139.83372273384
1465,-4.162439569255,138.98267981102,-4.162439569255,138.98267981102,-4.162439569255,138.98267981102
1466,-21.704363971058,149.35802913772,-21.704363971058,149.35802913772,-21.704363971058,149.35802913772
1467,-27.107448200002,-65.566541,-27.107448200002,-65.566541,-27.107448200002,-65.566541
1468,2.0554783,45.3033546,2.0554783,45.3033546,2.0554783,45.3033546
1469,-51.855983647264,-58.223206896517,-51.855983647264,-58.223206896517,-51.855983647264,-58.223206896517
1470,-0.66426666666667,-90.395727777778,-0.66426666666667,-90.395727777778,-0.66426666666667,-90.395727777778
1471,-23.106425241541,150.29626185561,-23.106425241541,150.29626185561,-23.106425241541,150.29626185561
1472,-0.73172777777778,-90.327561111111,-0.73172777777778,-90.327561111111,-0.73172777777778,-90.327561111111
1473,38.2764628,-107.817056,38.2764628,-107.817056,38.2764628,-107.817056
1474,-45.3872892,167.9078725,-45.3872892,167.9078725,-45.3872892,167.9078725
1475,0.0,0.0,0.0,0.0,0.0,0.0
1476,4.7438462,45.2242678,4.7438462,45.2242678,4.7438462,45.2242678
1477,-3.0435501867168,-59.97338577736,-3.0435501867168,-59.97338577736,-3.0435501867168,-59.97338577736
1478,18.883277714039,-103.84993016663,18.883277714039,-103.84993016663,18.883277714039,-103.84993016663
1479,37.751832527419,-25.621608713859,37.751832527419,-25.621608713859,37.751832527419,-25.621608713859
1480,12.046071672778,119.97356973583,12.046071672778,119.97356973583,12.046071672778,119.97356973583
1481,-30.468124422908,148.1952813777,-30.468124422908,148.1952813777,-30.468124422908,148.1952813777
1482,19.242196847633,-103.69938388288,19.242196847633,-103.69938388288,19.242196847633,-103.69938388288
1483,-30.315905223553,147.84498621291,-30.315905223553,147.84498621291,-30.315905223553,147.84498621291
1484,13.3247173,79.9471259,13.3247173,79.9471259,13.3247173,79.9471259
1485,-3.1051900916667,-60.020477821667,-3.1051900916667,-60.020477821667,-3.1051900916667,-60.020477821667
1486,-4.2251485,-69.9544572,-4.2251485,-69.9544572,-4.2251485,-69.9544572
1487,17.9521408,-15.5015537,17.9521408,-15.5015537,17.9521408,-15.5015537
1488,4.7449468,45.2245411,4.7449468,45.2245411,4.7449468,45.2245411
1489,-0.55243504148148,166.92384569111,-0.55243504148148,166.92384569111,-0.55243504148148,166.92384569111
1490,38.3020741,-107.9196044,38.3020741,-107.9196044,38.3020741,-107.9196044
1491,0.87073675001153,108.934900125,0.87073675001153,108.934900125,0.87073675001153,108.934900125
1492,5.743748,10.163085,5.743748,10.163085,5.743748,10.163085
1493,-19.2434815,146.8061222,-19.2434815,146.8061222,-19.2434815,146.8061222
1494,-9.4403586349059,160.08344157539,-9.4403586349059,160.08344157539,-9.4403586349059,160.08344157539
1495,4.4339865337904,72.958513734868,4.4339865337904,72.958513734868,4.4339865337904,72.958513734868
1496,-3.0490835125,-59.950680521667,-3.0490835125,-59.950680521667,-3.0490835125,-59.950680521667
1497,-22.963780899998,44.3437672,-22.963780899998,44.3437672,-22.963780899998,44.3437672
1498,14.067558333333,79.857485833333,14.067558333333,79.857485833333,14.067558333333,79.857485833333
1499,31.047614,28.3368275,31.047614,28.3368275,31.047614,28.3368275
1500,-29.019859048802,167.9592681972,-29.019859048802,167.9592681972,-29.019859048802,167.9592681972
1501,-21.2067886,-159.7702415,-21.2067886,-159.7702415,-21.2067886,-159.7702415
1502,-18.1324744631,127.72867586106,-18.1324744631,127.72867586106,-18.1324744631,127.72867586106
1503,22.096724722222,-159.36067,22.096724722222,-159.36067,22.096724722222,-159.36067
1504,-9.747109,-66.6450308,-9.747109,-66.6450308,-9.747109,-66.6450308
1505,2.0411896705627,-157.49159240723,2.0411896705627,-157.49159240723,2.0411896705627,-157.49159240723
1506,26.28329598727,-98.165747624323,26.28329598727,-98.165747624323,26.28329598727,-98.165747624323
1507,-35.031062067433,117.90000789727,-35.031062067433,117.90000789727,-35.031062067433,117.90000789727
1508,-22.721768856049,-22.721768856049,-22.721768856049,-22.721768856049,-22.721768856049,-22.721768856049
1509,0.0,0.0,0.0,0.0,0.0,0.0
1510,39.436451378278,-31.25793135725,39.436451378278,-31.25793135725,39.436451378278,-31.25793135725
1511,14.397369166667,79.698794444444,14.397369166667,79.698794444444,14.397369166667,79.698794444444
1512,-33.5093783,-70.6565392,-33.5093783,-70.6565392,-33.5093783,-70.6565392
1513,-35.3755078,139.5613315,-35.3755078,139.5613315,-35.3755078,139.5613315
1514,-44.287855868461,170.08660929755,-44.287855868461,170.08660929755,-44.287855868461,170.08660929755
1515,-5.384009,104.969677,-5.384009,104.969677,-5.384009,104.969677
1516,-0.52007782916667,166.95843524603,-0.52007782916667,166.95843524603,-0.52007782916667,166.95843524603
1517,-30.569475499333,147.49241989973,-30.569475499333,147.49241989973,-30.569475499333,147.49241989973
1518,5.0323727913248,118.41064025659,5.0323727913248,118.41064025659,5.0323727913248,118.41064025659
1519,-23.040094,44.2701094,-23.040094,44.2701094,-23.040094,44.2701094
1520,-63.902222222222,-57.607777777778,-63.902222222222,-57.607777777778,-63.902222222222,-57.607777777778
1521,-12.588425,-69.1717917,-12.588425,-69.1717917,-12.588425,-69.1717917
1522,30.836243900001,29.238791699999,30.836243900001,29.238791699999,30.836243900001,29.238791699999
1523,-14.847316034152,13.577682338668,-14.847316034152,13.577682338668,-14.847316034152,13.577682338668
1524,32.4291968,117.4967279,32.4291968,117.4967279,32.4291968,117.4967279
1525,-26.2819426475,-48.849475315,-26.2819426475,-48.849475315,-26.2819426475,-48.849475315
1526,4.7887883333333,52.155773333333,4.7887883333333,52.155773333333,4.7887883333333,52.155773333333
1527,24.0251892,90.2784382,24.0251892,90.2784382,24.0251892,90.2784382
1528,-36.8488330176,-59.9676433216,-36.8488330176,-59.9676433216,-36.8488330176,-59.9676433216
1529,-33.201131857889,-70.656419629194,-33.201131857889,-70.656419629194,-33.201131857889,-70.656419629194
1530,-29.03209625593,167.94797988571,-29.03209625593,167.94797988571,-29.03209625593,167.94797988571
1531,24.96966237001,56.219976540715,24.96966237001,56.219976540715,24.96966237001,56.219976540715
1532,7.21549445,56.147897466,7.21549445,56.147897466,7.21549445,56.147897466
1533,-17.544789925691,127.86244096339,-17.544789925691,127.86244096339,-17.544789925691,127.86244096339
1534,13.628652461417,79.277966738117,13.628652461417,79.277966738117,13.628652461417,79.277966738117
1535,-26.211151116667,-48.533348083333,-26.211151116667,-48.533348083333,-26.211151116667,-48.533348083333
1536,-9.775973399998,-66.817502750275,-9.775973399998,-66.817502750275,-9.775973399998,-66.817502750275
1537,-30.568156986388,147.49164403187,-30.568156986388,147.49164403187,-30.568156986388,147.49164403187
1538,-10.225847599972,150.8727197,-10.225847599972,150.8727197,-10.225847599972,150.8727197
1539,-33.4108793315,-70.659324531,-33.4108793315,-70.659324531,-33.4108793315,-70.659324531
1540,-17.764461111111,-149.40061666667,-17.764461111111,-149.40061666667,-17.764461111111,-149.40061666667
1541,-25.545144732594,-49.29853376385,-25.545144732594,-49.29853376385,-25.545144732594,-49.29853376385
1542,-43.75691,172.997957,-43.75691,172.997957,-43.75691,172.997957
1543,-12.380632322261,-69.146333733569,-12.380632322261,-69.146333733569,-12.380632322261,-69.146333733569
1544,-25.152328116339,45.100685673205,-25.152328116339,45.100685673205,-25.152328116339,45.100685673205
1545,-25.489088399972,-49.294364,-25.489088399972,-49.294364,-25.489088399972,-49.294364
1546,-35.3963076,-62.4224238,-35.3963076,-62.4224238,-35.3963076,-62.4224238
1547,5.722709,10.185999,5.722709,10.185999,5.722709,10.185999
1548,10.077254598599,-75.137409257758,10.077254598599,-75.137409257758,10.077254598599,-75.137409257758
1549,10.4547944,-73.2625528,10.4547944,-73.2625528,10.4547944,-73.2625528
1550,15.126359573162,104.30471602371,15.126359573162,104.30471602371,15.126359573162,104.30471602371
1551,-33.3760903,-70.6581512,-33.3760903,-70.6581512,-33.3760903,-70.6581512
1552,10.4706917,-73.2401056,10.4706917,-73.2401056,10.4706917,-73.2401056
1553,7.7125399470175,52.334574924211,7.7125399470175,52.334574924211,7.7125399470175,52.334574924211
1554,10.745715968526,-74.754051081545,10.745715968526,-74.754051081545,10.745715968526,-74.754051081545
1555,-45.4057228,167.7131024,-45.4057228,167.7131024,-45.4057228,167.7131024
1556,14.742552461834,74.257503863905,14.742552461834,74.257503863905,14.742552461834,74.257503863905
1557,-25.417687499972,-49.288684099972,-25.417687499972,-49.288684099972,-25.417687499972,-49.288684099972
1558,-17.675958333333,-149.30808055556,-17.675958333333,-149.30808055556,-17.675958333333,-149.30808055556
1559,-26.27057758068,-48.89503774159,-26.27057758068,-48.89503774159,-26.27057758068,-48.89503774159
1560,10.79195346495,-74.912067248212,10.79195346495,-74.912067248212,10.79195346495,-74.912067248212
1561,-9.4386317392354,160.08205375186,-9.4386317392354,160.08205375186,-9.4386317392354,160.08205375186
1562,10.401008464286,-75.464619452381,10.401008464286,-75.464619452381,10.401008464286,-75.464619452381
1563,10.960473333333,-74.7872681575,10.960473333333,-74.7872681575,10.960473333333,-74.7872681575
1564,7.905012,52.169003,7.905012,52.169003,7.905012,52.169003
1565,-45.871285,170.69591,-45.871285,170.69591,-45.871285,170.69591
1566,-25.214027872598,45.896177094123,-25.214027872598,45.896177094123,-25.214027872598,45.896177094123
1567,10.460375,-73.2376,10.460375,-73.2376,10.460375,-73.2376
1568,1.0578156,25.2750076,1.0578156,25.2750076,1.0578156,25.2750076
1569,9.5227018368362,61.307597200904,9.5227018368362,61.307597200904,9.5227018368362,61.307597200904
1570,10.378956675,-75.486646308333,10.378956675,-75.486646308333,10.378956675,-75.486646308333
1571,-30.32478518719,147.84263241162,-30.32478518719,147.84263241162,-30.32478518719,147.84263241162
1572,5.059722,9.99084,5.059722,9.99084,5.059722,9.99084
1573,-6.6414250407109,-19.866700020367,-6.6414250407109,-19.866700020367,-6.6414250407109,-19.866700020367
1574,10.3920821194,-75.5052627716,10.3920821194,-75.5052627716,10.3920821194,-75.5052627716
1575,-37.470260296411,139.99087786826,-37.470260296411,139.99087786826,-37.470260296411,139.99087786826
1576,-16.34139530129,-39.006207225968,-16.34139530129,-39.006207225968,-16.34139530129,-39.006207225968
1577,-7.1747818,112.7810644,-7.1747818,112.7810644,-7.1747818,112.7810644
1578,10.9351972625,-74.7732170125,10.9351972625,-74.7732170125,10.9351972625,-74.7732170125
1579,4.898843,-1.7550753,4.898843,-1.7550753,4.898843,-1.7550753
1580,-19.31821078012,146.80176279468,-19.31821078012,146.80176279468,-19.31821078012,146.80176279468
1581,10.4388661,-73.2601764,10.4388661,-73.2601764,10.4388661,-73.2601764
1582,10.9524892922,-74.8278142232,10.9524892922,-74.8278142232,10.9524892922,-74.8278142232
1583,-25.505163888889,-49.295777777778,-25.505163888889,-49.295777777778,-25.505163888889,-49.295777777778
1584,-19.2454535,146.808662,-19.2454535,146.808662,-19.2454535,146.808662
1585,-9.6732389,-66.8790326,-9.6732389,-66.8790326,-9.6732389,-66.8790326
1586,10.4807103,-73.2866558,10.4807103,-73.2866558,10.4807103,-73.2866558
1587,-29.6295,148.08269444444,-29.6295,148.08269444444,-29.6295,148.08269444444
1588,22.211761111111,-159.40467861111,22.211761111111,-159.40467861111,22.211761111111,-159.40467861111
1589,-23.900244,-67.7109774,-23.900244,-67.7109774,-23.900244,-67.7109774
1590,-29.928971932998,148.16112975879,-29.928971932998,148.16112975879,-29.928971932998,148.16112975879
1591,-23.4638855,150.3999978,-23.4638855,150.3999978,-23.4638855,150.3999978
1592,-3.0492135,-59.950490291667,-3.0492135,-59.950490291667,-3.0492135,-59.950490291667
1593,10.962628386667,-74.791101136667,10.962628386667,-74.791101136667,10.962628386667,-74.791101136667
1594,22.168819166667,-159.31534861111,22.168819166667,-159.31534861111,22.168819166667,-159.31534861111
1595,10.745999297297,-74.767559202703,10.745999297297,-74.767559202703,10.745999297297,-74.767559202703
1596,10.9448190127,-74.8336727545,10.9448190127,-74.8336727545,10.9448190127,-74.8336727545
1597,-22.56206234,45.41150098,-22.56206234,45.41150098,-22.56206234,45.41150098
1598,10.403064759389,-75.519484262889,10.403064759389,-75.519484262889,10.403064759389,-75.519484262889
1599,10.924051058288,-74.794515181239,10.924051058288,-74.794515181239,10.924051058288,-74.794515181239
1600,10.9988527,-74.789766334,10.9988527,-74.789766334,10.9988527,-74.789766334
1601,10.771305206868,-74.848854864322,10.771305206868,-74.848854864322,10.771305206868,-74.848854864322
1602,15.0869585,5.709749,15.0869585,5.709749,15.0869585,5.709749
1603,24.2962716,72.9500081,24.2962716,72.9500081,24.2962716,72.9500081
1604,5.3690878,162.999637,5.3690878,162.999637,5.3690878,162.999637
1605,-13.4494312,-172.3717887,-13.4494312,-172.3717887,-13.4494312,-172.3717887
1606,-25.329316999972,-49.2931432,-25.329316999972,-49.2931432,-25.329316999972,-49.2931432
1607,-12.56846826258,-69.168463429567,-12.56846826258,-69.168463429567,-12.56846826258,-69.168463429567
1608,5.736092,10.169928,5.736092,10.169928,5.736092,10.169928
1609,25.6536187,45.7080443,25.6536187,45.7080443,25.6536187,45.7080443
1610,-36.783408175645,-59.830179343201,-36.783408175645,-59.830179343201,-36.783408175645,-59.830179343201
1611,-17.752357782226,127.80478559923,-17.752357782226,127.80478559923,-17.752357782226,127.80478559923
1612,15.231859633333,120.56395582667,15.231859633333,120.56395582667,15.231859633333,120.56395582667
1613,-10.3428388,150.57404379997,-10.3428388,150.57404379997,-10.3428388,150.57404379997
1614,-29.989319173333,146.90763429033,-29.989319173333,146.90763429033,-29.989319173333,146.90763429033
1615,-26.212495158333,-48.913244716667,-26.212495158333,-48.913244716667,-26.212495158333,-48.913244716667
1616,-4.6086811,-56.3244187,-4.6086811,-56.3244187,-4.6086811,-56.3244187
1617,-26.196212455254,-48.529877771683,-26.196212455254,-48.529877771683,-26.196212455254,-48.529877771683
1618,-31.95229741446,115.8814723847,-31.95229741446,115.8814723847,-31.95229741446,115.8814723847
1619,-23.7462950846,-65.5021550036,-23.7462950846,-65.5021550036,-23.7462950846,-65.5021550036
1620,-26.290981066667,-48.8131381,-26.290981066667,-48.8131381,-26.290981066667,-48.8131381
1621,-9.7531684538333,-66.697150569133,-9.7531684538333,-66.697150569133,-9.7531684538333,-66.697150569133
1622,-16.334198374315,128.23918663676,-16.334198374315,128.23918663676,-16.334198374315,128.23918663676
1623,4.4393411887526,72.962231800613,4.4393411887526,72.962231800613,4.4393411887526,72.962231800613
1624,-19.681756555607,-42.981760888897,-19.681756555607,-42.981760888897,-19.681756555607,-42.981760888897
1625,-21.957643345309,149.43070572122,-21.957643345309,149.43070572122,-21.957643345309,149.43070572122
1626,-26.203458,-49.1437544,-26.203458,-49.1437544,-26.203458,-49.1437544
1627,5.606082,10.291912,5.606082,10.291912,5.606082,10.291912
1628,-21.154482,-175.21656,-21.154482,-175.21656,-21.154482,-175.21656
1629,13.352110069804,60.171895205882,13.352110069804,60.171895205882,13.352110069804,60.171895205882
1630,-22.721768856049,-22.721768856049,-22.721768856049,-22.721768856049,-22.721768856049,-22.721768856049
1631,-8.59071710625,115.0754258875,-8.59071710625,115.0754258875,-8.59071710625,115.0754258875
1632,-26.197277091516,-48.531080916637,-26.197277091516,-48.531080916637,-26.197277091516,-48.531080916637
1633,7.9377898292517,56.270847649252,7.9377898292517,56.270847649252,7.9377898292517,56.270847649252
1634,-29.988205111772,148.15565808714,-29.988205111772,148.15565808714,-29.988205111772,148.15565808714
1635,-9.7563857589863,-66.723268618306,-9.7563857589863,-66.723268618306,-9.7563857589863,-66.723268618306
1636,-13.693092,-172.1961196,-13.693092,-172.1961196,-13.693092,-172.1961196
1637,-26.317873186667,-48.87234244,-26.317873186667,-48.87234244,-26.317873186667,-48.87234244
1638,-19.684456333333,-42.982267,-19.684456333333,-42.982267,-19.684456333333,-42.982267
1639,-15.904739432087,129.78929332211,-15.904739432087,129.78929332211,-15.904739432087,129.78929332211
1640,-26.162789008767,-48.907372162867,-26.162789008767,-48.907372162867,-26.162789008767,-48.907372162867
1641,32.4518682,117.5400108,32.4518682,117.5400108,32.4518682,117.5400108
1642,-36.75861296,-59.80522606,-36.75861296,-59.80522606,-36.75861296,-59.80522606
1643,-3.3538898,-64.72186,-3.3538898,-64.72186,-3.3538898,-64.72186
1644,-21.2229213,-159.7376883,-21.2229213,-159.7376883,-21.2229213,-159.7376883
1645,-26.233694099999,-48.499441694169,-26.233694099999,-48.499441694169,-26.233694099999,-48.499441694169
1646,0.0,-103.16964390002,0.0,-103.16964390002,0.0,-103.16964390002
1647,-29.660403057157,147.81503779589,-29.660403057157,147.81503779589,-29.660403057157,147.81503779589
1648,2.956185,9.910938,2.956185,9.910938,2.956185,9.910938
1649,-26.278175553376,-48.891938913202,-26.278175553376,-48.891938913202,-26.278175553376,-48.891938913202
1650,-26.3014866875,-48.842229055,-26.3014866875,-48.842229055,-26.3014866875,-48.842229055
1651,7.300275015,52.896162250833,7.300275015,52.896162250833,7.300275015,52.896162250833
1652,-23.116052072685,113.86199479229,-23.116052072685,113.86199479229,-23.116052072685,113.86199479229
1653,-7.280755990524,112.78126401338,-7.280755990524,112.78126401338,-7.280755990524,112.78126401338
1654,-7.2340232800633,112.77820307998,-7.2340232800633,112.77820307998,-7.2340232800633,112.77820307998
1655,-29.049095437615,167.95870302795,-29.049095437615,167.95870302795,-29.049095437615,167.95870302795
1656,15.792004178374,80.40941464257,15.792004178374,80.40941464257,15.792004178374,80.40941464257
1657,-35.5106533,-62.3067627,-35.5106533,-62.3067627,-35.5106533,-62.3067627
1658,-16.269752038076,128.29468389997,-16.269752038076,128.29468389997,-16.269752038076,128.29468389997
1659,25.0768527,46.4871116,25.0768527,46.4871116,25.0768527,46.4871116
1660,-7.2321484085443,112.77855504565,-7.2321484085443,112.77855504565,-7.2321484085443,112.77855504565
1661,-23.8829856,-67.7713461,-23.8829856,-67.7713461,-23.8829856,-67.7713461
1662,22.129168333333,-159.32280777778,22.129168333333,-159.32280777778,22.129168333333,-159.32280777778
1663,8.459581,-79.984178,8.459581,-79.984178,8.459581,-79.984178
1664,16.7893618,7.9844935,16.7893618,7.9844935,16.7893618,7.9844935
1665,-22.721768856049,-22.721768856049,-22.721768856049,-22.721768856049,-22.721768856049,-22.721768856049
1666,7.0829138321906,171.15182736939,7.0829138321906,171.15182736939,7.0829138321906,171.15182736939
1667,-4.5470725,-56.3052217,-4.5470725,-56.3052217,-4.5470725,-56.3052217
1668,15.165506309524,120.55940164881,15.165506309524,120.55940164881,15.165506309524,120.55940164881
1669,-5.7911758422852,-35.331783294678,-5.7911758422852,-35.331783294678,-5.7911758422852,-35.331783294678
1670,-14.881535237669,13.545699007822,-14.881535237669,13.545699007822,-14.881535237669,13.545699007822
1671,-43.797543,172.992988,-43.797543,172.992988,-43.797543,172.992988
1672,-9.7863062000024,-66.8355745,-9.7863062000024,-66.8355745,-9.7863062000024,-66.8355745
1673,25.0310132,47.2419157,25.0310132,47.2419157,25.0310132,47.2419157
1674,-9.761908,-66.7564826,-9.761908,-66.7564826,-9.761908,-66.7564826
1675,-37.215148843844,150.01407156632,-37.215148843844,150.01407156632,-37.215148843844,150.01407156632
1676,-23.050159,-67.861712,-23.050159,-67.861712,-23.050159,-67.861712
1677,-9.8583421,-66.843785,-9.8583421,-66.843785,-9.8583421,-66.843785
1678,-3.3454894,-64.708358,-3.3454894,-64.708358,-3.3454894,-64.708358
1679,-3.0384344229229,-60.01619963964,-3.0384344229229,-60.01619963964,-3.0384344229229,-60.01619963964
1680,-3.0827381433333,-60.047670974167,-3.0827381433333,-60.047670974167,-3.0827381433333,-60.047670974167
1681,-22.721768856049,-22.721768856049,-22.721768856049,-22.721768856049,-22.721768856049,-22.721768856049
1682,-8.8234415973783,115.10494337453,-8.8234415973783,115.10494337453,-8.8234415973783,115.10494337453
1683,-9.772292946272,-66.810521613498,-9.772292946272,-66.810521613498,-9.772292946272,-66.810521613498
1684,-3.116589935,-60.02682029,-3.116589935,-60.02682029,-3.116589935,-60.02682029
1685,-2.9875074916667,-60.005094528333,-2.9875074916667,-60.005094528333,-2.9875074916667,-60.005094528333
1686,15.115047941678,120.70930975901,15.115047941678,120.70930975901,15.115047941678,120.70930975901
1687,10.08333101,119.12253071,10.08333101,119.12253071,10.08333101,119.12253071
1688,-3.0645020918164,-60.015556209581,-3.0645020918164,-60.015556209581,-3.0645020918164,-60.015556209581
1689,-3.0840828333333,-60.0552754825,-3.0840828333333,-60.0552754825,-3.0840828333333,-60.0552754825
1690,-3.1113123375,-60.072907694167,-3.1113123375,-60.072907694167,-3.1113123375,-60.072907694167
1691,-67.569901666667,-68.127576666667,-67.569901666667,-68.127576666667,-67.569901666667,-68.127576666667
1692,-7.2404338928006,112.77933269549,-7.2404338928006,112.77933269549,-7.2404338928006,112.77933269549
1693,-3.0722813266667,-60.066551696667,-3.0722813266667,-60.066551696667,-3.0722813266667,-60.066551696667
1694,-3.0875811055556,-60.01902995,-3.0875811055556,-60.01902995,-3.0875811055556,-60.01902995
1695,-54.421820158747,3.3879114672851,-54.421820158747,3.3879114672851,-54.421820158747,3.3879114672851
1696,26.1840975,-98.185873900002,26.1840975,-98.185873900002,26.1840975,-98.185873900002
1697,-23.135,150.3675667,-23.135,150.3675667,-23.135,150.3675667
1698,-3.0460111158333,-60.0765067175,-3.0460111158333,-60.0765067175,-3.0460111158333,-60.0765067175
1699,-19.67534,-42.976875157714,-19.67534,-42.976875157714,-19.67534,-42.976875157714
1700,-7.3084593508772,112.80431589599,-7.3084593508772,112.80431589599,-7.3084593508772,112.80431589599
1701,-7.2956590225564,112.78194791165,-7.2956590225564,112.78194791165,-7.2956590225564,112.78194791165
1702,-9.4392421531027,160.10392317382,-9.4392421531027,160.10392317382,-9.4392421531027,160.10392317382
1703,-31.8505589994,115.880294851,-31.8505589994,115.880294851,-31.8505589994,115.880294851
1704,38.07843726052,-47.7175375166,38.07843726052,-47.7175375166,38.07843726052,-47.7175375166
1705,0.0,-180.0,0.0,-180.0,0.0,-180.0
1706,-21.2057909,-159.7842546,-21.2057909,-159.7842546,-21.2057909,-159.7842546
1707,-23.18671752883,-65.362700157057,-23.18671752883,-65.362700157057,-23.18671752883,-65.362700157057
1708,-44.6949959,169.1347793,-44.6949959,169.1347793,-44.6949959,169.1347793
1709,-45.5126125,167.8296561,-45.5126125,167.8296561,-45.5126125,167.8296561
1710,-7.3007728256423,112.78177132587,-7.3007728256423,112.78177132587,-7.3007728256423,112.78177132587
1711,-7.2930114564489,112.80177721357,-7.2930114564489,112.80177721357,-7.2930114564489,112.80177721357
1712,-3.07657019,-60.050451166667,-3.07657019,-60.050451166667,-3.07657019,-60.050451166667
1713,-18.022109471072,178.50624938018,-18.022109471072,178.50624938018,-18.022109471072,178.50624938018
1714,-7.265203737475,112.79586616566,-7.265203737475,112.79586616566,-7.265203737475,112.79586616566
1715,13.350607023721,69.509873395349,13.350607023721,69.509873395349,13.350607023721,69.509873395349
1716,-7.2221243183333,112.77787087167,-7.2221243183333,112.77787087167,-7.2221243183333,112.77787087167
1717,-3.0179792908333,-60.0157345875,-3.0179792908333,-60.0157345875,-3.0179792908333,-60.0157345875
1718,-21.2222193,-159.7409752,-21.2222193,-159.7409752,-21.2222193,-159.7409752
1719,-3.1386582083333,-60.016958583333,-3.1386582083333,-60.016958583333,-3.1386582083333,-60.016958583333
1720,13.3615316,69.390244323871,13.3615316,69.390244323871,13.3615316,69.390244323871
1721,22.102368888889,-159.37330805556,22.102368888889,-159.37330805556,22.102368888889,-159.37330805556
1722,6.7624728999722,81.2514077,6.7624728999722,81.2514077,6.7624728999722,81.2514077
1723,5.9266795,144.72335139996,5.9266795,144.72335139996,5.9266795,144.72335139996
1724,-18.816780962978,169.02748308089,-18.816780962978,169.02748308089,-18.816780962978,169.02748308089
1725,15.39433,-3.14301,15.39433,-3.14301,15.39433,-3.14301
1726,-3.1348487263099,-60.008725129877,-3.1348487263099,-60.008725129877,-3.1348487263099,-60.008725129877
1727,-3.108260279732,-60.023210554439,-3.108260279732,-60.023210554439,-3.108260279732,-60.023210554439
1728,-19.317683164685,146.7892237291,-19.317683164685,146.7892237291,-19.317683164685,146.7892237291
1729,4.8974757,-1.7568324,4.8974757,-1.7568324,4.8974757,-1.7568324
1730,2.0321961330251,-157.42200697466,2.0321961330251,-157.42200697466,2.0321961330251,-157.42200697466
1731,-25.0917093,45.0985465,-25.0917093,45.0985465,-25.0917093,45.0985465
1732,-9.7805158,-66.842458100001,-9.7805158,-66.842458100001,-9.7805158,-66.842458100001
1733,7.5781514,134.5829281,7.5781514,134.5829281,7.5781514,134.5829281
1734,16.89112,7.9678333333333,16.89112,7.9678333333333,16.89112,7.9678333333333
1735,22.1981079376,-159.458832348,22.1981079376,-159.458832348,22.1981079376,-159.458832348
1736,-2.9882194257028,-60.015033104418,-2.9882194257028,-60.015033104418,-2.9882194257028,-60.015033104418
1737,5.519448,10.352924,5.519448,10.352924,5.519448,10.352924
1738,22.170098333333,-159.31309305556,22.170098333333,-159.31309305556,22.170098333333,-159.31309305556
1739,-3.1274376983333,-60.084865725833,-3.1274376983333,-60.084865725833,-3.1274376983333,-60.084865725833
1740,-3.0764912083333,-60.07930048,-3.0764912083333,-60.07930048,-3.0764912083333,-60.07930048
1741,-3.11373325,-60.0106235,-3.11373325,-60.0106235,-3.11373325,-60.0106235
1742,15.102482766667,17.388853616667,15.102482766667,17.388853616667,15.102482766667,17.388853616667
1743,-9.1615810443694,-27.38627713126,-9.1615810443694,-27.38627713126,-9.1615810443694,-27.38627713126
1744,12.184676961043,21.472306838258,12.184676961043,21.472306838258,12.184676961043,21.472306838258
1745,-67.570451666667,-68.12832,-67.570451666667,-68.12832,-67.570451666667,-68.12832
1746,-3.7056786003367,-11.085198804887,-3.7056786003367,-11.085198804887,-3.7056786003367,-11.085198804887
1747,-7.276288125,112.80244419417,-7.276288125,112.80244419417,-7.276288125,112.80244419417
1748,-9.7740154,-66.8150527,-9.7740154,-66.8150527,-9.7740154,-66.8150527
1749,34.377013,139.9799507,34.377013,139.9799507,34.377013,139.9799507
1750,13.3435343,60.136726463935,13.3435343,60.136726463935,13.3435343,60.136726463935
1751,-4.0875138888889,-63.141616666667,-4.0875138888889,-63.141616666667,-4.0875138888889,-63.141616666667
1752,1.997574187396,-157.48056902833,1.997574187396,-157.48056902833,1.997574187396,-157.48056902833
1753,-8.068883760544,-24.126344479097,-8.068883760544,-24.126344479097,-8.068883760544,-24.126344479097
1754,-26.270704485031,-48.894987297164,-26.270704485031,-48.894987297164,-26.270704485031,-48.894987297164
1755,-4.5062942,145.461565,-4.5062942,145.461565,-4.5062942,145.461565
1756,26.51222608711,-78.64256699162,26.51222608711,-78.64256699162,26.51222608711,-78.64256699162
1757,-8.584803845,115.1250906825,-8.584803845,115.1250906825,-8.584803845,115.1250906825
1758,8.455256,-79.998748,8.455256,-79.998748,8.455256,-79.998748
1759,-37.215844615033,150.0140722819,-37.215844615033,150.0140722819,-37.215844615033,150.0140722819
1760,14.7020806,-17.455594699999,14.7020806,-17.455594699999,14.7020806,-17.455594699999
1761,-3.0103494492132,-60.015966319742,-3.0103494492132,-60.015966319742,-3.0103494492132,-60.015966319742
1762,29.197930599944,-13.461774199972,29.197930599944,-13.461774199972,29.197930599944,-13.461774199972
1763,6.9056084549451,158.32050694176,6.9056084549451,158.32050694176,6.9056084549451,158.32050694176
1764,-8.5281679075,115.14154701083,-8.5281679075,115.14154701083,-8.5281679075,115.14154701083
1765,-2.229184,-80.933213,-2.229184,-80.933213,-2.229184,-80.933213
1766,-3.0095255,-60.07696214787,-3.0095255,-60.07696214787,-3.0095255,-60.07696214787
1767,-2.28580666667,-60.042294724985,-2.28580666667,-60.042294724985,-2.28580666667,-60.042294724985
1768,-18.557109544208,127.19685671993,-18.557109544208,127.19685671993,-18.557109544208,127.19685671993
1769,-8.6863766267677,115.15555707115,-8.6863766267677,115.15555707115,-8.6863766267677,115.15555707115
1770,-23.891644080835,-65.458425896207,-23.891644080835,-65.458425896207,-23.891644080835,-65.458425896207
1771,-3.129992652419,-60.024081516385,-3.129992652419,-60.024081516385,-3.129992652419,-60.024081516385
1772,7.828204,52.186279,7.828204,52.186279,7.828204,52.186279
1773,12.033260352909,21.630785996096,12.033260352909,21.630785996096,12.033260352909,21.630785996096
1774,-9.8468361,-66.8581099,-9.8468361,-66.8581099,-9.8468361,-66.8581099
1775,-3.0132247508333,-60.076720395833,-3.0132247508333,-60.076720395833,-3.0132247508333,-60.076720395833
1776,-3.0296887657658,-60.004819944444,-3.0296887657658,-60.004819944444,-3.0296887657658,-60.004819944444
1777,16.6791247,7.9571513,16.6791247,7.9571513,16.6791247,7.9571513
1778,-25.428775,-49.295275,-25.428775,-49.295275,-25.428775,-49.295275
1779,0.96277777333333,0.0,0.96277777333333,0.0,0.96277777333333,0.0
1780,-8.6454141381381,115.11433646547,-8.6454141381381,115.11433646547,-8.6454141381381,115.11433646547
1781,-7.7027210844737,-23.03150074105,-7.7027210844737,-23.03150074105,-7.7027210844737,-23.03150074105
1782,-3.092167825,-60.03694034,-3.092167825,-60.03694034,-3.092167825,-60.03694034
1783,-23.8065615,-67.8668307,-23.8065615,-67.8668307,-23.8065615,-67.8668307
1784,-33.8393683,121.8874948,-33.8393683,121.8874948,-33.8393683,121.8874948
1785,-34.55058023,172.864608165,-34.55058023,172.864608165,-34.55058023,172.864608165
1786,-8.3655491707951,115.15805742737,-8.3655491707951,115.15805742737,-8.3655491707951,115.15805742737
1787,-3.9171800426945,143.94486336584,-3.9171800426945,143.94486336584,-3.9171800426945,143.94486336584
1788,3.5367898475072,72.92871982451,3.5367898475072,72.92871982451,3.5367898475072,72.92871982451
1789,-5.7928552627563,-35.32878112793,-5.7928552627563,-35.32878112793,-5.7928552627563,-35.32878112793
1790,-25.49475,-49.294111111111,-25.49475,-49.294111111111,-25.49475,-49.294111111111
1791,5.3684972,163.0180421,5.3684972,163.0180421,5.3684972,163.0180421
1792,-26.18731976466,-48.534067969879,-26.18731976466,-48.534067969879,-26.18731976466,-48.534067969879
1793,-9.444878956643,160.13295690153,-9.444878956643,160.13295690153,-9.444878956643,160.13295690153
1794,6.8669387,158.2879326,6.8669387,158.2879326,6.8669387,158.2879326
1795,7.5212014583223,134.51801135152,7.5212014583223,134.51801135152,7.5212014583223,134.51801135152
1796,-26.280810016667,-48.810941258333,-26.280810016667,-48.810941258333,-26.280810016667,-48.810941258333
1797,6.0387556999975,145.2281905,6.0387556999975,145.2281905,6.0387556999975,145.2281905
1798,38.938127966667,-40.026085066667,38.938127966667,-40.026085066667,38.938127966667,-40.026085066667
1799,-19.317029730603,146.6960782654,-19.317029730603,146.6960782654,-19.317029730603,146.6960782654
1800,16.1018592,168.1416576,16.1018592,168.1416576,16.1018592,168.1416576
1801,12.872992185874,21.797833217833,12.872992185874,21.797833217833,12.872992185874,21.797833217833
1802,15.1498291,4.5588512930303,15.1498291,4.5588512930303,15.1498291,4.5588512930303
1803,-25.353915426667,-49.291619428315265,-25.353915426667,-49.291619428315265,-25.353915426667,-49.291619428315265
1804,-19.314116472435,134.90137542405,-19.314116472435,134.90137542405,-19.314116472435,134.90137542405
1805,25.2480322,48.6639663,25.2480322,48.6639663,25.2480322,48.6639663
1806,25.2503142,48.7488655,25.2503142,48.7488655,25.2503142,48.7488655
1807,26.240975555556,-98.146779166667,26.240975555556,-98.146779166667,26.240975555556,-98.146779166667
1808,15.1498291,0.97044854257577,15.1498291,0.97044854257577,15.1498291,0.97044854257577
1809,-23.457994748588,150.4148124106,-23.457994748588,150.4148124106,-23.457994748588,150.4148124106
1810,-26.309042548333,-48.840958915833,-26.309042548333,-48.840958915833,-26.309042548333,-48.840958915833
1811,-5.7916445732117,-35.33581161499,-5.7916445732117,-35.33581161499,-5.7916445732117,-35.33581161499
1812,-12.8423867,45.1838714,-12.8423867,45.1838714,-12.8423867,45.1838714
1813,-33.675144344689,121.72109572604,-33.675144344689,121.72109572604,-33.675144344689,121.72109572604
1814,-8.3789126628176,115.03226586952,-8.3789126628176,115.03226586952,-8.3789126628176,115.03226586952
1815,-9.7045202999987,-66.863162300001,-9.7045202999987,-66.863162300001,-9.7045202999987,-66.863162300001
1816,-35.974433232052,-32.660177497771,-35.974433232052,-32.660177497771,-35.974433232052,-32.660177497771
1817,16.756963333333,7.97059,16.756963333333,7.97059,16.756963333333,7.97059
1818,-26.297025674167,-48.864246523611,-26.297025674167,-48.864246523611,-26.297025674167,-48.864246523611
1819,-4.8590037971545,120.30046364187,-4.8590037971545,120.30046364187,-4.8590037971545,120.30046364187
1820,-23.073778,-67.973458,-23.073778,-67.973458,-23.073778,-67.973458
1821,15.12047912,104.30460289,15.12047912,104.30460289,15.12047912,104.30460289
1822,8.2292080050964,63.446379393526,8.2292080050964,63.446379393526,8.2292080050964,63.446379393526
1823,4.928722,10.754384,4.928722,10.754384,4.928722,10.754384
1824,-26.2772174,-48.848414225,-26.2772174,-48.848414225,-26.2772174,-48.848414225
1825,13.079759026876,21.859130747615,13.079759026876,21.859130747615,13.079759026876,21.859130747615
1826,13.3435343,65.095960111481,13.3435343,65.095960111481,13.3435343,65.095960111481
1827,-10.327223999972,150.5163655,-10.327223999972,150.5163655,-10.327223999972,150.5163655
1828,13.370462927273,61.143010746061,13.370462927273,61.143010746061,13.370462927273,61.143010746061
1829,7.4018864,134.5089864,7.4018864,134.5089864,7.4018864,134.5089864
1830,-26.296595658333,-48.852470833333,-26.296595658333,-48.852470833333,-26.296595658333,-48.852470833333
1831,-8.6153963708333,115.1517839125,-8.6153963708333,115.1517839125,-8.6153963708333,115.1517839125
1832,24.995728181639,56.32630893029,24.995728181639,56.32630893029,24.995728181639,56.32630893029
1833,-27.102951899998,-65.5167475,-27.102951899998,-65.5167475,-27.102951899998,-65.5167475
1834,-12.8371148,45.1511313,-12.8371148,45.1511313,-12.8371148,45.1511313
1835,-9.462902,160.132781,-9.462902,160.132781,-9.462902,160.132781
1836,-26.293409075,-48.848062991667,-26.293409075,-48.848062991667,-26.293409075,-48.848062991667
1837,3.9551904844157,10.086422357718,3.9551904844157,10.086422357718,3.9551904844157,10.086422357718
1838,-8.8239765325,115.10629019583,-8.8239765325,115.10629019583,-8.8239765325,115.10629019583
1839,22.209683055556,-159.40616138889,22.209683055556,-159.40616138889,22.209683055556,-159.40616138889
1840,-15.905388888889,129.78633333333,-15.905388888889,129.78633333333,-15.905388888889,129.78633333333
1841,-8.539702,115.12654,-8.539702,115.12654,-8.539702,115.12654
1842,17.9946102,-15.6322541,17.9946102,-15.6322541,17.9946102,-15.6322541
1843,-4.4494444444444,145.36527777778,-4.4494444444444,145.36527777778,-4.4494444444444,145.36527777778
1844,-8.2375994595517,115.13826691365,-8.2375994595517,115.13826691365,-8.2375994595517,115.13826691365
1845,-21.2079919,-159.7718118,-21.2079919,-159.7718118,-21.2079919,-159.7718118
1846,15.162957398333,120.57937561333,15.162957398333,120.57937561333,15.162957398333,120.57937561333
1847,-25.378397222222,-49.292288888889,-25.378397222222,-49.292288888889,-25.378397222222,-49.292288888889
1848,-9.4409546126214,160.09966045922,-9.4409546126214,160.09966045922,-9.4409546126214,160.09966045922
1849,-3.0647796916667,-60.055200358333,-3.0647796916667,-60.055200358333,-3.0647796916667,-60.055200358333
1850,-8.2962614116667,115.17549917833,-8.2962614116667,115.17549917833,-8.2962614116667,115.17549917833
1851,-54.421662584625,3.3909061330093,-54.421662584625,3.3909061330093,-54.421662584625,3.3909061330093
1852,-8.8134173725982,115.10216907435,-8.8134173725982,115.10216907435,-8.8134173725982,115.10216907435
1853,-25.454102777778,-49.293794444444,-25.454102777778,-49.293794444444,-25.454102777778,-49.293794444444
1854,-45.3738903,167.6979706,-45.3738903,167.6979706,-45.3738903,167.6979706
1855,-3.0870115,-60.012000658635,-3.0870115,-60.012000658635,-3.0870115,-60.012000658635
1856,-4.7520374415205,-61.309960934837,-4.7520374415205,-61.309960934837,-4.7520374415205,-61.309960934837
1857,-3.0045956533333,-60.020302246667,-3.0045956533333,-60.020302246667,-3.0045956533333,-60.020302246667
1858,6.8758414000023,158.333766,6.8758414000023,158.333766,6.8758414000023,158.333766
1859,-26.212216083333,-48.913243075,-26.212216083333,-48.913243075,-26.212216083333,-48.913243075
1860,-61.33,-62.865,-61.33,-62.865,-61.33,-62.865
1861,12.176596303473,21.389245362955,12.176596303473,21.389245362955,12.176596303473,21.389245362955
1862,-19.684108698865,135.791152494,-19.684108698865,135.791152494,-19.684108698865,135.791152494
1863,-3.3475711,-64.7112361,-3.3475711,-64.7112361,-3.3475711,-64.7112361
1864,-3.115427015,-60.029745816667,-3.115427015,-60.029745816667,-3.115427015,-60.029745816667
1865,18.065410833333,-15.892582777778,18.065410833333,-15.892582777778,18.065410833333,-15.892582777778
1866,-26.273599174167,-48.827668116667,-26.273599174167,-48.827668116667,-26.273599174167,-48.827668116667
1867,-44.305915603735,171.00991576716,-44.305915603735,171.00991576716,-44.305915603735,171.00991576716
1868,-9.7026359000024,-66.863901,-9.7026359000024,-66.863901,-9.7026359000024,-66.863901
1869,-9.8182968155798,-66.644143874271,-9.8182968155798,-66.644143874271,-9.8182968155798,-66.644143874271
1870,-26.285084908333,-48.866572625,-26.285084908333,-48.866572625,-26.285084908333,-48.866572625
1871,-21.809916869949,118.82006315901,-21.809916869949,118.82006315901,-21.809916869949,118.82006315901
1872,-35.237336521602,150.0069075663,-35.237336521602,150.0069075663,-35.237336521602,150.0069075663
1873,-16.3028535,-39.024513,-16.3028535,-39.024513,-16.3028535,-39.024513
1874,-3.0346507541667,-60.013032860833,-3.0346507541667,-60.013032860833,-3.0346507541667,-60.013032860833
1875,15.2772734,5.6001828,15.2772734,5.6001828,15.2772734,5.6001828
1876,-45.893954281802,170.51712413487,-45.893954281802,170.51712413487,-45.893954281802,170.51712413487
1877,-9.7810283907969,-66.842397503134,-9.7810283907969,-66.842397503134,-9.7810283907969,-66.842397503134
1878,-3.0900050543071,-60.060900539326,-3.0900050543071,-60.060900539326,-3.0900050543071,-60.060900539326
1879,-2.9705476,-60.0253533,-2.9705476,-60.0253533,-2.9705476,-60.0253533
1880,-45.441524,170.711484,-45.441524,170.711484,-45.441524,170.711484
1881,-26.277206441667,-48.80837185,-26.277206441667,-48.80837185,-26.277206441667,-48.80837185
1882,26.250532693709,127.67463055928,26.250532693709,127.67463055928,26.250532693709,127.67463055928
1883,-0.286618,36.0878738,-0.286618,36.0878738,-0.286618,36.0878738
1884,26.222569605248,127.69840448759,26.222569605248,127.69840448759,26.222569605248,127.69840448759
1885,-0.2878427,36.1085464,-0.2878427,36.1085464,-0.2878427,36.1085464
1886,13.3536438,20.126451949099,13.3536438,20.126451949099,13.3536438,20.126451949099
1887,0.0,-180.0,0.0,-180.0,0.0,-180.0
1888,-2.6509846,-60.0499383,-2.6509846,-60.0499383,-2.6509846,-60.0499383
1889,-3.0974834324034,-60.049925134478,-3.0974834324034,-60.049925134478,-3.0974834324034,-60.049925134478
1890,-21.2067389,-159.7559216,-21.2067389,-159.7559216,-21.2067389,-159.7559216
1891,26.649159099972,127.87486529997,26.649159099972,127.87486529997,26.649159099972,127.87486529997
1892,38.948175753333,-32.022092026667,38.948175753333,-32.022092026667,38.948175753333,-32.022092026667
1893,-3.0851648098827,-60.038968313233,-3.0851648098827,-60.038968313233,-3.0851648098827,-60.038968313233
1894,16.797443333333,7.9862266666667,16.797443333333,7.9862266666667,16.797443333333,7.9862266666667
1895,-2.9696825971524,-60.003577742044,-2.9696825971524,-60.003577742044,-2.9696825971524,-60.003577742044
1896,-8.6160945833333,115.090502135,-8.6160945833333,115.090502135,-8.6160945833333,115.090502135
1897,-3.0850493066667,-60.054962235,-3.0850493066667,-60.054962235,-3.0850493066667,-60.054962235
1898,15.164063407778,120.54776773056,15.164063407778,120.54776773056,15.164063407778,120.54776773056
1899,-17.151139584987,128.15486147711,-17.151139584987,128.15486147711,-17.151139584987,128.15486147711
1900,-3.5044744,152.2959169,-3.5044744,152.2959169,-3.5044744,152.2959169
1901,-3.10509566,-60.04491339,-3.10509566,-60.04491339,-3.10509566,-60.04491339
1902,-0.288354,36.1163573,-0.288354,36.1163573,-0.288354,36.1163573
1903,-45.461392799972,167.7894603,-45.461392799972,167.7894603,-45.461392799972,167.7894603
1904,-3.0373292846442,-60.015121970037,-3.0373292846442,-60.015121970037,-3.0373292846442,-60.015121970037
1905,17.9205919,-15.4172323,17.9205919,-15.4172323,17.9205919,-15.4172323
1906,-3.1135848,-60.0428373,-3.1135848,-60.0428373,-3.1135848,-60.0428373
1907,3.6343090973529,72.958521433431,3.6343090973529,72.958521433431,3.6343090973529,72.958521433431
1908,27.097104514141,142.19480861287,27.097104514141,142.19480861287,27.097104514141,142.19480861287
1909,26.1959106,127.6924885,26.1959106,127.6924885,26.1959106,127.6924885
1910,-3.3542361,-64.7128283,-3.3542361,-64.7128283,-3.3542361,-64.7128283
1911,-22.721768856049,-22.721768856049,-22.721768856049,-22.721768856049,-22.721768856049,-22.721768856049
1912,-9.8583504,-66.8437631,-9.8583504,-66.8437631,-9.8583504,-66.8437631
1913,-25.536483333333,-49.301091666667,-25.536483333333,-49.301091666667,-25.536483333333,-49.301091666667
1914,-23.149792758741,113.77099474261,-23.149792758741,113.77099474261,-23.149792758741,113.77099474261
1915,-9.751495,-66.6829942,-9.751495,-66.6829942,-9.751495,-66.6829942
1916,26.231531111111,-98.160886944444,26.231531111111,-98.160886944444,26.231531111111,-98.160886944444
1917,-33.3584477,22.0541538,-33.3584477,22.0541538,-33.3584477,22.0541538
1918,-12.8427262,45.1364053,-12.8427262,45.1364053,-12.8427262,45.1364053
1919,43.939152820382,-59.877997179588,43.939152820382,-59.877997179588,43.939152820382,-59.877997179588
1920,-9.2858032052941,147.22828098176,-9.2858032052941,147.22828098176,-9.2858032052941,147.22828098176
1921,-0.6734094,-90.3861592,-0.6734094,-90.3861592,-0.6734094,-90.3861592
1922,-29.057806617552,167.95597681921,-29.057806617552,167.95597681921,-29.057806617552,167.95597681921
1923,-0.2796691,36.1132625,-0.2796691,36.1132625,-0.2796691,36.1132625
1924,26.3442817,127.8582418,26.3442817,127.8582418,26.3442817,127.8582418
1925,-9.7801212,-66.6300481,-9.7801212,-66.6300481,-9.7801212,-66.6300481
1926,29.187098,-13.422839506173,29.187098,-13.422839506173,29.187098,-13.422839506173
1927,-0.2832355,36.1266066,-0.2832355,36.1266066,-0.2832355,36.1266066
1928,-26.292673375,-48.8143842,-26.292673375,-48.8143842,-26.292673375,-48.8143842
1929,26.6155572,128.0168879,26.6155572,128.0168879,26.6155572,128.0168879
1930,26.2104703,127.6750307,26.2104703,127.6750307,26.2104703,127.6750307
1931,-3.0535643966667,-59.950932693333,-3.0535643966667,-59.950932693333,-3.0535643966667,-59.950932693333
1932,-9.820647699999,-66.872840599998,-9.820647699999,-66.872840599998,-9.820647699999,-66.872840599998
1933,14.882658214158,-24.35596210297,14.882658214158,-24.35596210297,14.882658214158,-24.35596210297
1934,-26.294192758333,-48.884188783333,-26.294192758333,-48.884188783333,-26.294192758333,-48.884188783333
1935,-22.678998721557,114.34124550675,-22.678998721557,114.34124550675,-22.678998721557,114.34124550675
1936,15.1498291,21.710965068788,15.1498291,21.710965068788,15.1498291,21.710965068788
1937,26.4103126,127.81947429997,26.4103126,127.81947429997,26.4103126,127.81947429997
1938,38.08449109831,-46.029222004383,38.08449109831,-46.029222004383,38.08449109831,-46.029222004383
1939,-26.227773682568,-48.505820766312,-26.227773682568,-48.505820766312,-26.227773682568,-48.505820766312
1940,-0.53889224746974,166.94962695084,-0.53889224746974,166.94962695084,-0.53889224746974,166.94962695084
1941,-35.3803189,-62.2465263,-35.3803189,-62.2465263,-35.3803189,-62.2465263
1942,26.3362809,127.7900717,26.3362809,127.7900717,26.3362809,127.7900717
1943,-26.21527726492,-48.528169602766,-26.21527726492,-48.528169602766,-26.21527726492,-48.528169602766
1944,22.0576021176,-159.38819631066,22.0576021176,-159.38819631066,22.0576021176,-159.38819631066
1945,0.0,-103.1532103,0.0,-103.1532103,0.0,-103.1532103
1946,-34.928637120436,-59.994458535062,-34.928637120436,-59.994458535062,-34.928637120436,-59.994458535062
1947,-8.5956531883333,115.07283399667,-8.5956531883333,115.07283399667,-8.5956531883333,115.07283399667
1948,-7.1558159604167,112.78250388083,-7.1558159604167,112.78250388083,-7.1558159604167,112.78250388083
1949,26.32519324483,127.79301441487,26.32519324483,127.79301441487,26.32519324483,127.79301441487
1950,-25.395733333333,-49.285722222222,-25.395733333333,-49.285722222222,-25.395733333333,-49.285722222222
1951,15.165512994924,120.54231083188,15.165512994924,120.54231083188,15.165512994924,120.54231083188
1952,-9.7592353,-66.7402699,-9.7592353,-66.7402699,-9.7592353,-66.7402699
1953,-25.400380555556,-49.301302777778,-25.400380555556,-49.301302777778,-25.400380555556,-49.301302777778
1954,1.4959285604108,124.84476179898,1.4959285604108,124.84476179898,1.4959285604108,124.84476179898
1955,-26.22355134483,-48.520155641861,-26.22355134483,-48.520155641861,-26.22355134483,-48.520155641861
1956,-9.7677699719078,-66.788262008386,-9.7677699719078,-66.788262008386,-9.7677699719078,-66.788262008386
1957,26.288350402328,127.78647498492,26.288350402328,127.78647498492,26.288350402328,127.78647498492
1958,-8.5664390916667,115.15426392708,-8.5664390916667,115.15426392708,-8.5664390916667,115.15426392708
1959,26.8151306,87.2703453,26.8151306,87.2703453,26.8151306,87.2703453
1960,-9.8024672,-66.8502922,-9.8024672,-66.8502922,-9.8024672,-66.8502922
1961,26.2140944,127.6818047,26.2140944,127.6818047,26.2140944,127.6818047
1962,-19.2407094,146.8063408,-19.2407094,146.8063408,-19.2407094,146.8063408
1963,16.788765700001,7.98401,16.788765700001,7.98401,16.788765700001,7.98401
1964,-8.7952010018727,115.14293615418,-8.7952010018727,115.14293615418,-8.7952010018727,115.14293615418
1965,-9.7787224,-66.6293403,-9.7787224,-66.6293403,-9.7787224,-66.6293403
1966,-35.3988832,-62.4347771,-35.3988832,-62.4347771,-35.3988832,-62.4347771
1967,3.852976,10.085215,3.852976,10.085215,3.852976,10.085215
1968,22.139708333333,-159.30170722222,22.139708333333,-159.30170722222,22.139708333333,-159.30170722222
1969,-9.4259276077014,147.42521812637,-9.4259276077014,147.42521812637,-9.4259276077014,147.42521812637
1970,-19.2434734,146.8086391,-19.2434734,146.8086391,-19.2434734,146.8086391
1971,-9.7831081,-66.8263132,-9.7831081,-66.8263132,-9.7831081,-66.8263132
1972,24.968254458333,56.273122333333,24.968254458333,56.273122333333,24.968254458333,56.273122333333
1973,26.2563793,127.7646748,26.2563793,127.7646748,26.2563793,127.7646748
1974,-25.450980555556,-49.296069444444,-25.450980555556,-49.296069444444,-25.450980555556,-49.296069444444
1975,12.388750948011,21.56463635154,12.388750948011,21.56463635154,12.388750948011,21.56463635154
1976,-8.1572032466667,115.03367006667,-8.1572032466667,115.03367006667,-8.1572032466667,115.03367006667
1977,-33.402907233694,-70.658176057,-33.402907233694,-70.658176057,-33.402907233694,-70.658176057
1978,-9.7463892,-66.63890665,-9.7463892,-66.63890665,-9.7463892,-66.63890665
1979,-0.2970299,36.1255259,-0.2970299,36.1255259,-0.2970299,36.1255259
1980,-8.51279769375,115.16673784479,-8.51279769375,115.16673784479,-8.51279769375,115.16673784479
1981,-8.6370577127303,115.13233021273,-8.6370577127303,115.13233021273,-8.6370577127303,115.13233021273
1982,16.7914612,7.9858408,16.7914612,7.9858408,16.7914612,7.9858408
1983,-12.8413744,45.124962,-12.8413744,45.124962,-12.8413744,45.124962
1984,-25.432258333333,-49.300927777778,-25.432258333333,-49.300927777778,-25.432258333333,-49.300927777778
1985,-8.5976803249581,115.10725279816,-8.5976803249581,115.10725279816,-8.5976803249581,115.10725279816
1986,-8.2353666416667,114.9509597,-8.2353666416667,114.9509597,-8.2353666416667,114.9509597
1987,-0.2869684,36.1252552,-0.2869684,36.1252552,-0.2869684,36.1252552
1988,-26.270238001667,-48.813868548333,-26.270238001667,-48.813868548333,-26.270238001667,-48.813868548333
1989,-3.9349592255896,144.02060695487,-3.9349592255896,144.02060695487,-3.9349592255896,144.02060695487
1990,-8.3708282531333,115.16461301307,-8.3708282531333,115.16461301307,-8.3708282531333,115.16461301307
1991,16.680107,7.9571892,16.680107,7.9571892,16.680107,7.9571892
1992,26.215533,127.6877832,26.215533,127.6877832,26.215533,127.6877832
1993,43.4878733,-114.2745131,43.4878733,-114.2745131,43.4878733,-114.2745131
1994,-25.219920126803,45.817582892981,-25.219920126803,45.817582892981,-25.219920126803,45.817582892981
1995,-14.937702777778,13.482955555556,-14.937702777778,13.482955555556,-14.937702777778,13.482955555556
1996,-0.2786003,36.1141242,-0.2786003,36.1141242,-0.2786003,36.1141242
1997,-8.821389998325,115.14501253266,-8.821389998325,115.14501253266,-8.821389998325,115.14501253266
1998,-9.444497,160.04689,-9.444497,160.04689,-9.444497,160.04689
1999,-5.360577,104.96659,-5.360577,104.96659,-5.360577,104.96659
2000,-25.534502777778,-49.299158333333,-25.534502777778,-49.299158333333,-25.534502777778,-49.299158333333
2001,26.218804244715,127.67535431601,26.218804244715,127.67535431601,26.218804244715,127.67535431601
2002,26.7041231,128.1287742,26.7041231,128.1287742,26.7041231,128.1287742
2003,-8.8051273566667,115.117201285,-8.8051273566667,115.117201285,-8.8051273566667,115.117201285
2004,-8.5357859183333,115.147283425,-8.5357859183333,115.147283425,-8.5357859183333,115.147283425
2005,-25.505994444444,-49.303469444444,-25.505994444444,-49.303469444444,-25.505994444444,-49.303469444444
2006,7.3424597,134.4760014,7.3424597,134.4760014,7.3424597,134.4760014
2007,-8.1440950255255,115.05046643093,-8.1440950255255,115.05046643093,-8.1440950255255,115.05046643093
2008,15.261958333333,5.2111383333333,15.261958333333,5.2111383333333,15.261958333333,5.2111383333333
2009,-5.7579970359802,-35.200664520264,-5.7579970359802,-35.200664520264,-5.7579970359802,-35.200664520264
2010,-28.007329736739,18.832708053045,-28.007329736739,18.832708053045,-28.007329736739,18.832708053045
2011,32.058437542719,118.76632377072,32.058437542719,118.76632377072,32.058437542719,118.76632377072
2012,-8.5708731458333,115.11194501667,-8.5708731458333,115.11194501667,-8.5708731458333,115.11194501667
2013,7.6391926,99.0319865,7.6391926,99.0319865,7.6391926,99.0319865
2014,-23.7092541,-67.817705,-23.7092541,-67.817705,-23.7092541,-67.817705
2015,3.933994,10.053848,3.933994,10.053848,3.933994,10.053848
2016,-53.030267122727,-70.834086752182,-53.030267122727,-70.834086752182,-53.030267122727,-70.834086752182
2017,-0.2871368,36.104592,-0.2871368,36.104592,-0.2871368,36.104592
2018,-52.802988989757,-71.153076415057,-52.802988989757,-71.153076415057,-52.802988989757,-71.153076415057
2019,-16.2833155,-39.0248897,-16.2833155,-39.0248897,-16.2833155,-39.0248897
2020,37.801712174398,-25.766389094952,37.801712174398,-25.766389094952,37.801712174398,-25.766389094952
2021,-13.4467028,-172.3798923,-13.4467028,-172.3798923,-13.4467028,-172.3798923
2022,-45.0768863,-72.0908437,-45.0768863,-72.0908437,-45.0768863,-72.0908437
2023,-0.2906563,36.0933225,-0.2906563,36.0933225,-0.2906563,36.0933225
2024,-54.267900637402,-36.501806094345,-54.267900637402,-36.501806094345,-54.267900637402,-36.501806094345
2025,-36.828688539357,139.85100925524,-36.828688539357,139.85100925524,-36.828688539357,139.85100925524
2026,-17.509227777778,-149.43158888889,-17.509227777778,-149.43158888889,-17.509227777778,-149.43158888889
2027,-45.49522,-72.6636628,-45.49522,-72.6636628,-45.49522,-72.6636628
2028,-52.542455400739,-70.552268449552,-52.542455400739,-70.552268449552,-52.542455400739,-70.552268449552
2029,43.00674949348,-114.39530623602,43.00674949348,-114.39530623602,43.00674949348,-114.39530623602
2030,3.849534,10.086518,3.849534,10.086518,3.849534,10.086518
2031,-4.4350729,-56.2869506,-4.4350729,-56.2869506,-4.4350729,-56.2869506
2032,-35.3995554,-62.4231316,-35.3995554,-62.4231316,-35.3995554,-62.4231316
2033,26.5423442,78.75764,26.5423442,78.75764,26.5423442,78.75764
2034,-52.133832635743,-70.028258280221,-52.133832635743,-70.028258280221,-52.133832635743,-70.028258280221
2035,-5.202375,-80.627382,-5.202375,-80.627382,-5.202375,-80.627382
2036,24.038386,90.2405498,24.038386,90.2405498,24.038386,90.2405498
2037,-25.3860375,30.1327652,-25.3860375,30.1327652,-25.3860375,30.1327652
2038,6.8882861,158.2961692,6.8882861,158.2961692,6.8882861,158.2961692
2039,-52.593712916545,-70.495341996364,-52.593712916545,-70.495341996364,-52.593712916545,-70.495341996364
2040,-43.827724,173.04444,-43.827724,173.04444,-43.827724,173.04444
2041,-45.571988,-72.0597232,-45.571988,-72.0597232,-45.571988,-72.0597232
2042,-52.596101937321,-70.51818445625,-52.596101937321,-70.51818445625,-52.596101937321,-70.51818445625
2043,-0.2767229,36.117331,-0.2767229,36.117331,-0.2767229,36.117331
2044,0.0,0.0,0.0,0.0,0.0,0.0
2045,-52.9226909798,-70.89147080408,-52.9226909798,-70.89147080408,-52.9226909798,-70.89147080408
2046,-45.4978217,-72.1463824,-45.4978217,-72.1463824,-45.4978217,-72.1463824
2047,25.014427,46.5192725,25.014427,46.5192725,25.014427,46.5192725
2048,-52.242243133663,-70.279633137562,-52.242243133663,-70.279633137562,-52.242243133663,-70.279633137562
2049,14.6790262,-17.4622654,14.6790262,-17.4622654,14.6790262,-17.4622654
2050,-25.4601544,31.5354386,-25.4601544,31.5354386,-25.4601544,31.5354386
2051,-0.2957129,36.0915909,-0.2957129,36.0915909,-0.2957129,36.0915909
2052,-45.2153976,-71.8508078,-45.2153976,-71.8508078,-45.2153976,-71.8508078
2053,33.6840497331,-117.62593733213,33.6840497331,-117.62593733213,33.6840497331,-117.62593733213
2054,6.8504161,158.319049,6.8504161,158.319049,6.8504161,158.319049
2055,-52.76925247549,-71.31773240287,-52.76925247549,-71.31773240287,-52.76925247549,-71.31773240287
2056,43.938773456416,-59.878209842326,43.938773456416,-59.878209842326,43.938773456416,-59.878209842326
2057,13.35065796,62.340742199999,13.35065796,62.340742199999,13.35065796,62.340742199999
2058,-16.3387692,-39.0162093,-16.3387692,-39.0162093,-16.3387692,-39.0162093
2059,14.556685294372,62.119627237403,14.556685294372,62.119627237403,14.556685294372,62.119627237403
2060,15.133629784958,104.30443096065,15.133629784958,104.30443096065,15.133629784958,104.30443096065
2061,-11.330184505159,25.228564075694,-11.330184505159,25.228564075694,-11.330184505159,25.228564075694
2062,33.675266388889,-117.62824305556,33.675266388889,-117.62824305556,33.675266388889,-117.62824305556
2063,-51.741960718277,-72.484245568188,-51.741960718277,-72.484245568188,-51.741960718277,-72.484245568188
2064,-0.2815012,36.1086591,-0.2815012,36.1086591,-0.2815012,36.1086591
2065,-46.2367256,-71.9533054,-46.2367256,-71.9533054,-46.2367256,-71.9533054
2066,-0.5438828,166.9179968,-0.5438828,166.9179968,-0.5438828,166.9179968
2067,-26.6370865,-60.868478700002,-26.6370865,-60.868478700002,-26.6370865,-60.868478700002
2068,15.879722291552,-1.2317951320236,15.879722291552,-1.2317951320236,15.879722291552,-1.2317951320236
2069,33.672119352363,-117.6504635173,33.672119352363,-117.6504635173,33.672119352363,-117.6504635173
2070,7.495314,99.0750435,7.495314,99.0750435,7.495314,99.0750435
2071,43.151276200787,-114.34272539526,43.151276200787,-114.34272539526,43.151276200787,-114.34272539526
2072,7.5818179841838,99.066085270069,7.5818179841838,99.066085270069,7.5818179841838,99.066085270069
2073,12.983766035178,21.834339592603,12.983766035178,21.834339592603,12.983766035178,21.834339592603
2074,33.682668055556,-117.62913305556,33.682668055556,-117.62913305556,33.682668055556,-117.62913305556
2075,-52.598954412143,-70.1866993725,-52.598954412143,-70.1866993725,-52.598954412143,-70.1866993725
2076,33.68121239468,-117.62580264931,33.68121239468,-117.62580264931,33.68121239468,-117.62580264931
2077,32.627539833306,-8.1862864999722,32.627539833306,-8.1862864999722,32.627539833306,-8.1862864999722
2078,-51.740044943091,-72.486334831013,-51.740044943091,-72.486334831013,-51.740044943091,-72.486334831013
2079,-52.846481575326,-70.966428002453,-52.846481575326,-70.966428002453,-52.846481575326,-70.966428002453
2080,10.3275135,39.934229700002,10.3275135,39.934229700002,10.3275135,39.934229700002
2081,-43.787157,173.069834,-43.787157,173.069834,-43.787157,173.069834
2082,-52.597379200849,-70.638878613428,-52.597379200849,-70.638878613428,-52.597379200849,-70.638878613428
2083,33.690388055556,-117.620725,33.690388055556,-117.620725,33.690388055556,-117.620725
2084,-0.2929032,36.120131,-0.2929032,36.120131,-0.2929032,36.120131
2085,-2.253361,40.106968,-2.253361,40.106968,-2.253361,40.106968
2086,13.3630046,62.343037202846,13.3630046,62.343037202846,13.3630046,62.343037202846
2087,-52.611021276948,-70.202202302255,-52.611021276948,-70.202202302255,-52.611021276948,-70.202202302255
2088,7.5470564,99.0461496,7.5470564,99.0461496,7.5470564,99.0461496
2089,-52.938516482407,-70.858756173148,-52.938516482407,-70.858756173148,-52.938516482407,-70.858756173148
2090,-25.323883127417,31.879492644217,-25.323883127417,31.879492644217,-25.323883127417,31.879492644217
2091,-52.603211332727,-70.590237266061,-52.603211332727,-70.590237266061,-52.603211332727,-70.590237266061
2092,27.945975,179.8463067,27.945975,179.8463067,27.945975,179.8463067
2093,-52.592242480976,-70.448551840518,-52.592242480976,-70.448551840518,-52.592242480976,-70.448551840518
2094,-52.951870831636,-70.840111745818,-52.951870831636,-70.840111745818,-52.951870831636,-70.840111745818
2095,12.983382772652,21.834012027838,12.983382772652,21.834012027838,12.983382772652,21.834012027838
2096,7.9404567,99.2913965,7.9404567,99.2913965,7.9404567,99.2913965
2097,-0.4538913,-90.2801349,-0.4538913,-90.2801349,-0.4538913,-90.2801349
2098,-45.3903985,-71.5387171,-45.3903985,-71.5387171,-45.3903985,-71.5387171
2099,-52.599480528817,-70.19167114427,-52.599480528817,-70.19167114427,-52.599480528817,-70.19167114427
2100,-51.737118612917,-72.476776314636,-51.737118612917,-72.476776314636,-51.737118612917,-72.476776314636
2101,-23.5854008,-65.4027663,-23.5854008,-65.4027663,-23.5854008,-65.4027663
2102,0.0,0.0,0.0,0.0,0.0,0.0
2103,-52.596608420126,-70.726781013836,-52.596608420126,-70.726781013836,-52.596608420126,-70.726781013836
2104,-2.635515,-56.7516735,-2.635515,-56.7516735,-2.635515,-56.7516735
2105,-0.53753740850575,166.94476204552,-0.53753740850575,166.94476204552,-0.53753740850575,166.94476204552
2106,-52.592026502798,-70.439534260881,-52.592026502798,-70.439534260881,-52.592026502798,-70.439534260881
2107,14.87568072259,-24.392669741577,14.87568072259,-24.392669741577,14.87568072259,-24.392669741577
2108,15.1898134,5.6877627,15.1898134,5.6877627,15.1898134,5.6877627
2109,-45.5255597,-72.0796604,-45.5255597,-72.0796604,-45.5255597,-72.0796604
2110,26.3396519,127.9610031,26.3396519,127.9610031,26.3396519,127.9610031
2111,13.35218628,62.3451465,13.35218628,62.3451465,13.35218628,62.3451465
2112,9.0258402063366,38.826750587327,9.0258402063366,38.826750587327,9.0258402063366,38.826750587327
2113,12.629861111111,21.804919531571,12.629861111111,21.804919531571,12.629861111111,21.804919531571
2114,-25.4986434,31.5118381,-25.4986434,31.5118381,-25.4986434,31.5118381
2115,-45.9315108,-71.8412383,-45.9315108,-71.8412383,-45.9315108,-71.8412383
2116,26.279242199972,127.74497669997,26.279242199972,127.74497669997,26.279242199972,127.74497669997
2117,12.019052356481,21.686783395706,12.019052356481,21.686783395706,12.019052356481,21.686783395706
2118,31.970738600002,-8.210461699999,31.970738600002,-8.210461699999,31.970738600002,-8.210461699999
2119,-16.285691199972,-39.0262887,-16.285691199972,-39.0262887,-16.285691199972,-39.0262887
2120,-45.8633164,-72.0640596,-45.8633164,-72.0640596,-45.8633164,-72.0640596
2121,26.2123971,127.6754825,26.2123971,127.6754825,26.2123971,127.6754825
2122,26.440992749302,127.77111262505,26.440992749302,127.77111262505,26.440992749302,127.77111262505
2123,-53.04299178125,-70.846545463125,-53.04299178125,-70.846545463125,-53.04299178125,-70.846545463125
2124,9.0544670809237,38.737924933534,9.0544670809237,38.737924933534,9.0544670809237,38.737924933534
2125,-45.5813487,-72.0304563,-45.5813487,-72.0304563,-45.5813487,-72.0304563
2126,-22.818478599998,43.5977844,-22.818478599998,43.5977844,-22.818478599998,43.5977844
2127,-53.166195957273,-70.907669255,-53.166195957273,-70.907669255,-53.166195957273,-70.907669255
2128,26.460280499972,127.8700924,26.460280499972,127.8700924,26.460280499972,127.8700924
2129,-19.325760657371,146.70762780478,-19.325760657371,146.70762780478,-19.325760657371,146.70762780478
2130,-45.867510913145,170.54269499555,-45.867510913145,170.54269499555,-45.867510913145,170.54269499555
2131,-52.666833488929,-70.822031407857,-52.666833488929,-70.822031407857,-52.666833488929,-70.822031407857
2132,26.7456774,128.1801308,26.7456774,128.1801308,26.7456774,128.1801308
2133,-52.416780058968,-70.575116748004,-52.416780058968,-70.575116748004,-52.416780058968,-70.575116748004
2134,-17.765111111111,-149.40322222222,-17.765111111111,-149.40322222222,-17.765111111111,-149.40322222222
2135,-43.81837,172.991678,-43.81837,172.991678,-43.81837,172.991678
2136,33.677395,-117.628815,33.677395,-117.628815,33.677395,-117.628815
2137,26.547046,78.6970475,26.547046,78.6970475,26.547046,78.6970475
2138,10.6224753,37.0448035,10.6224753,37.0448035,10.6224753,37.0448035
2139,26.3454518,127.8842478,26.3454518,127.8842478,26.3454518,127.8842478
2140,-22.724708700002,43.635637100002,-22.724708700002,43.635637100002,-22.724708700002,43.635637100002
2141,-17.9103254,178.56551569997,-17.9103254,178.56551569997,-17.9103254,178.56551569997
2142,26.212904918006,127.65622213281,26.212904918006,127.65622213281,26.212904918006,127.65622213281
2143,-5.367024,104.969186,-5.367024,104.969186,-5.367024,104.969186
2144,6.5139199000018,81.6923032,6.5139199000018,81.6923032,6.5139199000018,81.6923032
2145,14.8680945,-24.706412299999,14.8680945,-24.706412299999,14.8680945,-24.706412299999
2146,-2.6621579,-56.7888571,-2.6621579,-56.7888571,-2.6621579,-56.7888571
2147,-44.7017681,169.1334391,-44.7017681,169.1334391,-44.7017681,169.1334391
2148,9.3227007,36.5110405,9.3227007,36.5110405,9.3227007,36.5110405
2149,26.223358222045,127.71418293826,26.223358222045,127.71418293826,26.223358222045,127.71418293826
2150,-35.206660250914,150.03553747325,-35.206660250914,150.03553747325,-35.206660250914,150.03553747325
2151,-16.440261708163,38.621197258163,-16.440261708163,38.621197258163,-16.440261708163,38.621197258163
2152,-5.182931,-80.6242,-5.182931,-80.6242,-5.182931,-80.6242
2153,5.0028638821,115.052782204,5.0028638821,115.052782204,5.0028638821,115.052782204
2154,10.2945418,50.2150787,10.2945418,50.2150787,10.2945418,50.2150787
2155,-16.531881433665,38.920789994323,-16.531881433665,38.920789994323,-16.531881433665,38.920789994323
2156,26.232915555145,127.70311542231,26.232915555145,127.70311542231,26.232915555145,127.70311542231
2157,9.0632042645355,38.748428876823,9.0632042645355,38.748428876823,9.0632042645355,38.748428876823
2158,26.2141201,127.6745611,26.2141201,127.6745611,26.2141201,127.6745611
2159,-3.9708299518607,122.5906712068,-3.9708299518607,122.5906712068,-3.9708299518607,122.5906712068
2160,14.669653699972,-17.3985616,14.669653699972,-17.3985616,14.669653699972,-17.3985616
2161,12.6163538,37.456887899972,12.6163538,37.456887899972,12.6163538,37.456887899972
2162,10.779762199997,37.6867528,10.779762199997,37.6867528,10.779762199997,37.6867528
2163,-5.5573742,150.2979314,-5.5573742,150.2979314,-5.5573742,150.2979314
2164,33.112626277778,139.769415,33.112626277778,139.769415,33.112626277778,139.769415
2165,13.145446200002,37.985927400003,13.145446200002,37.985927400003,13.145446200002,37.985927400003
2166,-0.73133055555556,-90.321041666667,-0.73133055555556,-90.321041666667,-0.73133055555556,-90.321041666667
2167,4.794375,10.822687,4.794375,10.822687,4.794375,10.822687
2168,-3.2330664,151.9766689,-3.2330664,151.9766689,-3.2330664,151.9766689
2169,10.671991,37.0560949,10.671991,37.0560949,10.671991,37.0560949
2170,-5.182333,-80.623762,-5.182333,-80.623762,-5.182333,-80.623762
2171,-5.210786,-80.62373,-5.210786,-80.62373,-5.210786,-80.62373
2172,-25.023203557356,31.904466021806,-25.023203557356,31.904466021806,-25.023203557356,31.904466021806
2173,-13.6359454,-172.194997,-13.6359454,-172.194997,-13.6359454,-172.194997
2174,-16.340998564564,-39.006330624625,-16.340998564564,-39.006330624625,-16.340998564564,-39.006330624625
2175,26.2192259,127.6884061,26.2192259,127.6884061,26.2192259,127.6884061
2176,26.251541272676,127.74117280285,26.251541272676,127.74117280285,26.251541272676,127.74117280285
2177,14.66732884,-17.44050066,14.66732884,-17.44050066,14.66732884,-17.44050066
2178,-37.3129743,-59.0940602,-37.3129743,-59.0940602,-37.3129743,-59.0940602
2179,27.945975,179.8463067,27.945975,179.8463067,27.945975,179.8463067
2180,13.369125302273,39.598879198203,13.369125302273,39.598879198203,13.369125302273,39.598879198203
2181,26.210722246244,127.68883323272,26.210722246244,127.68883323272,26.210722246244,127.68883323272
2182,26.463176099972,127.9308299,26.463176099972,127.9308299,26.463176099972,127.9308299
2183,12.09433060605,21.35891025641,12.09433060605,21.35891025641,12.09433060605,21.35891025641
2184,-26.693972699999,-65.8028114,-26.693972699999,-65.8028114,-26.693972699999,-65.8028114
2185,26.389013829392,127.74091544681,26.389013829392,127.74091544681,26.389013829392,127.74091544681
2186,26.24136056628,127.74024973084,26.24136056628,127.74024973084,26.24136056628,127.74024973084
2187,26.726333499972,127.81234399997,26.726333499972,127.81234399997,26.726333499972,127.81234399997
2188,-0.50553932103448,166.94932479362,-0.50553932103448,166.94932479362,-0.50553932103448,166.94932479362
2189,-37.3287817,-59.0870922,-37.3287817,-59.0870922,-37.3287817,-59.0870922
2190,-19.319707255167,146.83481135283,-19.319707255167,146.83481135283,-19.319707255167,146.83481135283
2191,9.1784099,36.5072779,9.1784099,36.5072779,9.1784099,36.5072779
2192,37.823686041895,-25.751855916209,37.823686041895,-25.751855916209,37.823686041895,-25.751855916209
2193,-23.4245552,-67.9984326,-23.4245552,-67.9984326,-23.4245552,-67.9984326
2194,-3.2359831,151.9522522,-3.2359831,151.9522522,-3.2359831,151.9522522
2195,26.238153120905,127.72757941787,26.238153120905,127.72757941787,26.238153120905,127.72757941787
2196,-13.4475932,-172.3929694,-13.4475932,-172.3929694,-13.4475932,-172.3929694
2197,43.4967458,-114.2790283,43.4967458,-114.2790283,43.4967458,-114.2790283
2198,37.4989176,-46.307796213333,37.4989176,-46.307796213333,37.4989176,-46.307796213333
2199,43.4979914,-114.2860467,43.4979914,-114.2860467,43.4979914,-114.2860467
2200,-33.4512256,22.2571119,-33.4512256,22.2571119,-33.4512256,22.2571119
2201,-35.3747444,-62.2461496,-35.3747444,-62.2461496,-35.3747444,-62.2461496
2202,32.1592299,117.4612045,32.1592299,117.4612045,32.1592299,117.4612045
2203,15.051364914414,-3.1573752177932,15.051364914414,-3.1573752177932,15.051364914414,-3.1573752177932
2204,-34.644315707965,172.97017565664,-34.644315707965,172.97017565664,-34.644315707965,172.97017565664
2205,-19.430646631712,135.39367005978,-19.430646631712,135.39367005978,-19.430646631712,135.39367005978
2206,32.039881413587,118.74835974201,32.039881413587,118.74835974201,32.039881413587,118.74835974201
2207,-5.7253823280334,-35.203563690186,-5.7253823280334,-35.203563690186,-5.7253823280334,-35.203563690186
2208,13.370419597727,60.445133966558,13.370419597727,60.445133966558,13.370419597727,60.445133966558
2209,26.3149553,127.8084875,26.3149553,127.8084875,26.3149553,127.8084875
2210,-35.4170517,-62.4320268,-35.4170517,-62.4320268,-35.4170517,-62.4320268
2211,14.6770264,-17.457062599998,14.6770264,-17.457062599998,14.6770264,-17.457062599998
2212,-16.46114471379,38.651959002877,-16.46114471379,38.651959002877,-16.46114471379,38.651959002877
2213,26.505281933385,-78.654590731534,26.505281933385,-78.654590731534,26.505281933385,-78.654590731534
2214,26.21744546114,127.68235617856,26.21744546114,127.68235617856,26.21744546114,127.68235617856
2215,-26.553943799998,-65.958901799997,-26.553943799998,-65.958901799997,-26.553943799998,-65.958901799997
2216,32.4609,139.76305,32.4609,139.76305,32.4609,139.76305
2217,26.2048534,127.6629254,26.2048534,127.6629254,26.2048534,127.6629254
2218,-4.9250045642153,-14.724589888937,-4.9250045642153,-14.724589888937,-4.9250045642153,-14.724589888937
2219,-33.3948189,22.0479732,-33.3948189,22.0479732,-33.3948189,22.0479732
2220,26.217785338646,127.6822480077,26.217785338646,127.6822480077,26.217785338646,127.6822480077
2221,26.23121070564,127.7407747803,26.23121070564,127.7407747803,26.23121070564,127.7407747803
2222,-0.6350023,-90.395503399972,-0.6350023,-90.395503399972,-0.6350023,-90.395503399972
2223,15.2720428,5.5915393,15.2720428,5.5915393,15.2720428,5.5915393
2224,13.35536784,20.77188802,13.35536784,20.77188802,13.35536784,20.77188802
2225,27.097182377518,142.19487218418,27.097182377518,142.19487218418,27.097182377518,142.19487218418
2226,0.0,-180.0,0.0,-180.0,0.0,-180.0
2227,15.1650438,13.887645399999,15.1650438,13.887645399999,15.1650438,13.887645399999
2228,43.939560752599,-59.877240795773,43.939560752599,-59.877240795773,43.939560752599,-59.877240795773
2229,15.133491366667,104.30453826667,15.133491366667,104.30453826667,15.133491366667,104.30453826667
2230,24.3099384,72.9496985,24.3099384,72.9496985,24.3099384,72.9496985
2231,26.7877441,87.3115424,26.7877441,87.3115424,26.7877441,87.3115424
2232,12.464254293591,21.636098697784,12.464254293591,21.636098697784,12.464254293591,21.636098697784
2233,-23.247643400002,43.627672,-23.247643400002,43.627672,-23.247643400002,43.627672
2234,-44.3075821768,171.0092717141,-44.3075821768,171.0092717141,-44.3075821768,171.0092717141
2235,16.8058828,7.9858749000022,16.8058828,7.9858749000022,16.8058828,7.9858749000022
2236,16.101851500153,168.1416141,16.101851500153,168.1416141,16.101851500153,168.1416141
2237,9.6125857000011,138.1729952,9.6125857000011,138.1729952,9.6125857000011,138.1729952
2238,-23.35059232,43.66910833,-23.35059232,43.66910833,-23.35059232,43.66910833
2239,15.103440719115,24.098181206814,15.103440719115,24.098181206814,15.103440719115,24.098181206814
2240,-5.19862,-80.62807,-5.19862,-80.62807,-5.19862,-80.62807
2241,-14.922830699997,13.479362200002,-14.922830699997,13.479362200002,-14.922830699997,13.479362200002
2242,-33.5988677,22.1686912,-33.5988677,22.1686912,-33.5988677,22.1686912
2243,-26.114663,-65.9707792,-26.114663,-65.9707792,-26.114663,-65.9707792
2244,-23.4606767,-68.1055,-23.4606767,-68.1055,-23.4606767,-68.1055
2245,-63.901260361111,-57.608837111111,-63.901260361111,-57.608837111111,-63.901260361111,-57.608837111111
2246,24.0115814,90.3164616,24.0115814,90.3164616,24.0115814,90.3164616
2247,-26.8330255,-65.204404100001,-26.8330255,-65.204404100001,-26.8330255,-65.204404100001
2248,25.5154775,45.971057,25.5154775,45.971057,25.5154775,45.971057
2249,-33.6315607,21.9534872,-33.6315607,21.9534872,-33.6315607,21.9534872
2250,-29.043033642321,167.97008976143,-29.043033642321,167.97008976143,-29.043033642321,167.97008976143
2251,26.5217259,78.6792476,26.5217259,78.6792476,26.5217259,78.6792476
2252,-5.187891,-80.614252,-5.187891,-80.614252,-5.187891,-80.614252
2253,-33.617594,21.917252,-33.617594,21.917252,-33.617594,21.917252
2254,-26.9405804,-65.710873699999,-26.9405804,-65.710873699999,-26.9405804,-65.710873699999
2255,43.938252927735,-59.877236150531,43.938252927735,-59.877236150531,43.938252927735,-59.877236150531
2256,9.0202034749355,38.800576318992,9.0202034749355,38.800576318992,9.0202034749355,38.800576318992
2257,27.686482183544,86.732192506908,27.686482183544,86.732192506908,27.686482183544,86.732192506908
2258,-27.142808,-109.412132,-27.142808,-109.412132,-27.142808,-109.412132
2259,26.72486132721,128.21272970462,26.72486132721,128.21272970462,26.72486132721,128.21272970462
2260,-14.932977777778,13.564625,-14.932977777778,13.564625,-14.932977777778,13.564625
2261,-44.31128707719,170.89602139772,-44.31128707719,170.89602139772,-44.31128707719,170.89602139772
2262,-2.950286,40.099983,-2.950286,40.099983,-2.950286,40.099983
2263,0.0,0.0,0.0,0.0,0.0,0.0
2264,26.665082763587,127.90714400498,26.665082763587,127.90714400498,26.665082763587,127.90714400498
2265,4.9666152,-1.7298081,4.9666152,-1.7298081,4.9666152,-1.7298081
2266,0.21521999997222,109.1306564,0.21521999997222,109.1306564,0.21521999997222,109.1306564
2267,-25.5531490501,31.618982506911,-25.5531490501,31.618982506911,-25.5531490501,31.618982506911
2268,-15.077752128063,39.202379498518,-15.077752128063,39.202379498518,-15.077752128063,39.202379498518
2269,-33.4050873,21.984346,-33.4050873,21.984346,-33.4050873,21.984346
2270,-33.362554,22.074663,-33.362554,22.074663,-33.362554,22.074663
2271,-35.75999687616,-32.636248815924,-35.75999687616,-32.636248815924,-35.75999687616,-32.636248815924
2272,43.4947936,-114.2827539,43.4947936,-114.2827539,43.4947936,-114.2827539
2273,-36.261938583551,-59.347392331896,-36.261938583551,-59.347392331896,-36.261938583551,-59.347392331896
2274,38.9531209,-31.4218609155,38.9531209,-31.4218609155,38.9531209,-31.4218609155
2275,-12.418589540625,130.83233970937,-12.418589540625,130.83233970937,-12.418589540625,130.83233970937
2276,-3.2501097,152.0226436,-3.2501097,152.0226436,-3.2501097,152.0226436
2277,0.0,-180.0,0.0,-180.0,0.0,-180.0
2278,-32.913081967083,18.665427204586,-32.913081967083,18.665427204586,-32.913081967083,18.665427204586
2279,-14.894738704911,13.467218829331,-14.894738704911,13.467218829331,-14.894738704911,13.467218829331
2280,-5.186706,-80.610899,-5.186706,-80.610899,-5.186706,-80.610899
2281,12.010455457494,21.721455555556,12.010455457494,21.721455555556,12.010455457494,21.721455555556
2282,22.659830012976,131.30584166938,22.659830012976,131.30584166938,22.659830012976,131.30584166938
2283,33.106311695056,139.78573070604,33.106311695056,139.78573070604,33.106311695056,139.78573070604
2284,-33.6156898,21.9475577,-33.6156898,21.9475577,-33.6156898,21.9475577
2285,-9.4145455654349,147.4436789542,-9.4145455654349,147.4436789542,-9.4145455654349,147.4436789542
2286,0.630077,124.532888,0.630077,124.532888,0.630077,124.532888
2287,43.464010502252,-114.26083585258,43.464010502252,-114.26083585258,43.464010502252,-114.26083585258
2288,-26.248058276412,-35.916202322883,-26.248058276412,-35.916202322883,-26.248058276412,-35.916202322883
2289,-44.299136574587,171.01505855167,-44.299136574587,171.01505855167,-44.299136574587,171.01505855167
2290,16.240813383333,-52.95677517,16.240813383333,-52.95677517,16.240813383333,-52.95677517
2291,26.5592485,78.7227017,26.5592485,78.7227017,26.5592485,78.7227017
2292,-5.187837,-80.612993,-5.187837,-80.612993,-5.187837,-80.612993
2293,32.033455950609,118.77888534757,32.033455950609,118.77888534757,32.033455950609,118.77888534757
2294,0.0,-103.1916011,0.0,-103.1916011,0.0,-103.1916011
2295,23.9148118,90.2590329,23.9148118,90.2590329,23.9148118,90.2590329
2296,-3.4804231,152.2484458,-3.4804231,152.2484458,-3.4804231,152.2484458
2297,9.0254646085886,38.825794992673,9.0254646085886,38.825794992673,9.0254646085886,38.825794992673
2298,-17.525469166667,-149.53842222222,-17.525469166667,-149.53842222222,-17.525469166667,-149.53842222222
2299,-33.4520228,22.2577678,-33.4520228,22.2577678,-33.4520228,22.2577678
2300,32.886039833306,-8.2188273333056,32.886039833306,-8.2188273333056,32.886039833306,-8.2188273333056
2301,-6.2958736,176.3171006,-6.2958736,176.3171006,-6.2958736,176.3171006
2302,-34.1513076,21.983832799972,-34.1513076,21.983832799972,-34.1513076,21.983832799972
2303,-25.1056399,30.4510094,-25.1056399,30.4510094,-25.1056399,30.4510094
2304,14.556678764912,39.826600825263,14.556678764912,39.826600825263,14.556678764912,39.826600825263
2305,43.501020277778,-114.28414722222,43.501020277778,-114.28414722222,43.501020277778,-114.28414722222
2306,0.820702,108.86538249997,0.820702,108.86538249997,0.820702,108.86538249997
2307,15.048996557783,-23.580621945203,15.048996557783,-23.580621945203,15.048996557783,-23.580621945203
2308,-37.3303197,-59.0812522,-37.3303197,-59.0812522,-37.3303197,-59.0812522
2309,-35.3435634,-62.4364423,-35.3435634,-62.4364423,-35.3435634,-62.4364423
2310,40.273605377934,-11.796267212939,40.273605377934,-11.796267212939,40.273605377934,-11.796267212939
2311,-26.8369232,-65.203051799989,-26.8369232,-65.203051799989,-26.8369232,-65.203051799989
2312,5.83214,10.157411,5.83214,10.157411,5.83214,10.157411
2313,-34.1057643,21.9047805,-34.1057643,21.9047805,-34.1057643,21.9047805
2314,-7.1607602726399,-21.428590022425,-7.1607602726399,-21.428590022425,-7.1607602726399,-21.428590022425
2315,-4.2509255,-56.007023,-4.2509255,-56.007023,-4.2509255,-56.007023
2316,9.0356497239516,38.749985507849,9.0356497239516,38.749985507849,9.0356497239516,38.749985507849
2317,-12.401056,130.852295,-12.401056,130.852295,-12.401056,130.852295
2318,-5.2082,-80.621253,-5.2082,-80.621253,-5.2082,-80.621253
2319,4.4377851794846,72.962156243905,4.4377851794846,72.962156243905,4.4377851794846,72.962156243905
2320,11.9806828,38.9866243,11.9806828,38.9866243,11.9806828,38.9866243
2321,10.7679845,37.719270299999,10.7679845,37.719270299999,10.7679845,37.719270299999
2322,40.163283853441,-75.052349316859,40.163283853441,-75.052349316859,40.163283853441,-75.052349316859
2323,-20.3571857,15.6958222,-20.3571857,15.6958222,-20.3571857,15.6958222
2324,-20.949703,14.945485,-20.949703,14.945485,-20.949703,14.945485
2325,0.098607121838035,109.90291073685,0.098607121838035,109.90291073685,0.098607121838035,109.90291073685
2326,-3.3992017,152.15612,-3.3992017,152.15612,-3.3992017,152.15612
2327,-12.4297339,-41.7876579,-12.4297339,-41.7876579,-12.4297339,-41.7876579
2328,40.152975281686,-75.028808651575,40.152975281686,-75.028808651575,40.152975281686,-75.028808651575
2329,40.144857956762,-74.954838823552,40.144857956762,-74.954838823552,40.144857956762,-74.954838823552
2330,9.0114497155512,38.735411564075,9.0114497155512,38.735411564075,9.0114497155512,38.735411564075
2331,-35.6795139,-62.3486374,-35.6795139,-62.3486374,-35.6795139,-62.3486374
2332,-12.440822,-41.544116,-12.440822,-41.544116,-12.440822,-41.544116
2333,9.5839296,138.155697,9.5839296,138.155697,9.5839296,138.155697
2334,-3.2330375,151.9811128,-3.2330375,151.9811128,-3.2330375,151.9811128
2335,9.0188384129168,38.752290998155,9.0188384129168,38.752290998155,9.0188384129168,38.752290998155
2336,-4.6961261,145.6126706,-4.6961261,145.6126706,-4.6961261,145.6126706
2337,14.678884106827,-17.436893599573,14.678884106827,-17.436893599573,14.678884106827,-17.436893599573
2338,9.7457689774881,36.648029298874,9.7457689774881,36.648029298874,9.7457689774881,36.648029298874
2339,-23.048873100001,43.577178200002,-23.048873100001,43.577178200002,-23.048873100001,43.577178200002
2340,-12.4720258,-41.3886134,-12.4720258,-41.3886134,-12.4720258,-41.3886134
2341,23.928195708167,90.265177041031,23.928195708167,90.265177041031,23.928195708167,90.265177041031
2342,-19.321059643357,146.7455843951,-19.321059643357,146.7455843951,-19.321059643357,146.7455843951
2343,40.162819163816,-75.0646184543,40.162819163816,-75.0646184543,40.162819163816,-75.0646184543
2344,15.125810955535,104.30465057229,15.125810955535,104.30465057229,15.125810955535,104.30465057229
2345,23.916926520748,90.260130033386,23.916926520748,90.260130033386,23.916926520748,90.260130033386
2346,-54.421707176581,3.390627498388,-54.421707176581,3.390627498388,-54.421707176581,3.390627498388
2347,-25.189546880807,46.010310453196,-25.189546880807,46.010310453196,-25.189546880807,46.010310453196
2348,-3814396932019565.0,-25.6861805823,-3814396932019565.0,-25.6861805823,-3814396932019565.0,-25.6861805823
2349,13.369047029545,38.338198564264,13.369047029545,38.338198564264,13.369047029545,38.338198564264
2350,15.010901067964,-3.0012723718563,15.010901067964,-3.0012723718563,15.010901067964,-3.0012723718563
2351,15.129662176612,104.30412565155,15.129662176612,104.30412565155,15.129662176612,104.30412565155
2352,16.96726,-25.279087,16.96726,-25.279087,16.96726,-25.279087
2353,23.9384707,90.2697873,23.9384707,90.2697873,23.9384707,90.2697873
2354,9.0263412349895,38.762103260922,9.0263412349895,38.762103260922,9.0263412349895,38.762103260922
2355,23.6566781,-15.9978093,23.6566781,-15.9978093,23.6566781,-15.9978093
2356,24.3147317,72.950409,24.3147317,72.950409,24.3147317,72.950409
2357,-12.527744099972,-41.363638199972,-12.527744099972,-41.363638199972,-12.527744099972,-41.363638199972
2358,-33.420406,21.9519502,-33.420406,21.9519502,-33.420406,21.9519502
2359,9.5289458710657,37.111505502061,9.5289458710657,37.111505502061,9.5289458710657,37.111505502061
2360,-25.22417668235,45.926293415258,-25.22417668235,45.926293415258,-25.22417668235,45.926293415258
2361,14.6913969,-17.4739637,14.6913969,-17.4739637,14.6913969,-17.4739637
2362,15.12427492,29.04594724,15.12427492,29.04594724,15.12427492,29.04594724
2363,-12.4403992,-41.5245033,-12.4403992,-41.5245033,-12.4403992,-41.5245033
2364,-9.2847270655058,147.22828161416,-9.2847270655058,147.22828161416,-9.2847270655058,147.22828161416
2365,15.121612426667,104.30439236667,15.121612426667,104.30439236667,15.121612426667,104.30439236667
2366,7.4228586510204,51.74655839102,7.4228586510204,51.74655839102,7.4228586510204,51.74655839102
2367,-35.4027379,-62.4337697,-35.4027379,-62.4337697,-35.4027379,-62.4337697
2368,24.7227894,90.4309569,24.7227894,90.4309569,24.7227894,90.4309569
2369,-19.329494957248,146.72534051035,-19.329494957248,146.72534051035,-19.329494957248,146.72534051035
2370,-25.3568671,30.160458,-25.3568671,30.160458,-25.3568671,30.160458
2371,0.0,0.0,0.0,0.0,0.0,0.0
2372,-12.4976451,-40.4075791,-12.4976451,-40.4075791,-12.4976451,-40.4075791
2373,24.3092232,72.9496087,24.3092232,72.9496087,24.3092232,72.9496087
2374,25.537983421224,89.024873509115,25.537983421224,89.024873509115,25.537983421224,89.024873509115
2375,-3.007615,151.5705578,-3.007615,151.5705578,-3.007615,151.5705578
2376,-12.40057918371,130.88481760903,-12.40057918371,130.88481760903,-12.40057918371,130.88481760903
2377,-12.469319099972,-41.020206899972,-12.469319099972,-41.020206899972,-12.469319099972,-41.020206899972
2378,-19.343631166167,146.7284153535,-19.343631166167,146.7284153535,-19.343631166167,146.7284153535
2379,-4.9198847463395,-14.710688331894,-4.9198847463395,-14.710688331894,-4.9198847463395,-14.710688331894
2380,25.1461625,88.5603124,25.1461625,88.5603124,25.1461625,88.5603124
2381,-8.7682433,-40.1940417,-8.7682433,-40.1940417,-8.7682433,-40.1940417
2382,-18.97895625,72.5260620835,-18.97895625,72.5260620835,-18.97895625,72.5260620835
2383,-25.433256402611,31.953621357678,-25.433256402611,31.953621357678,-25.433256402611,31.953621357678
2384,24.3147639,72.8625132,24.3147639,72.8625132,24.3147639,72.8625132
2385,39.4365902245,-31.25793227925,39.4365902245,-31.25793227925,39.4365902245,-31.25793227925
2386,9.0397646995806,38.863914799581,9.0397646995806,38.863914799581,9.0397646995806,38.863914799581
2387,-23.987674150588,-65.454576195866,-23.987674150588,-65.454576195866,-23.987674150588,-65.454576195866
2388,26.6888028,78.3952694,26.6888028,78.3952694,26.6888028,78.3952694
2389,-25.231499525936,45.801193812545,-25.231499525936,45.801193812545,-25.231499525936,45.801193812545
2390,-22.834416199998,43.5875604,-22.834416199998,43.5875604,-22.834416199998,43.5875604
2391,-23.1956336,43.619770200002,-23.1956336,43.619770200002,-23.1956336,43.619770200002
2392,27.0383605,142.1752881,27.0383605,142.1752881,27.0383605,142.1752881
2393,-13.6942942,-172.1995207,-13.6942942,-172.1995207,-13.6942942,-172.1995207
2394,8.5156631000027,39.278204899998,8.5156631000027,39.278204899998,8.5156631000027,39.278204899998
2395,25.7236212,88.3991862,25.7236212,88.3991862,25.7236212,88.3991862
2396,-34.657294018605,172.96785402184,-34.657294018605,172.96785402184,-34.657294018605,172.96785402184
2397,26.5569849,78.7192147,26.5569849,78.7192147,26.5569849,78.7192147
2398,43.936943033382,-59.876151317985,43.936943033382,-59.876151317985,43.936943033382,-59.876151317985
2399,9.895760203131,36.728997371102,9.895760203131,36.728997371102,9.895760203131,36.728997371102
2400,-34.9201948,173.2677354,-34.9201948,173.2677354,-34.9201948,173.2677354
2401,7.0691544,171.2902118,7.0691544,171.2902118,7.0691544,171.2902118
2402,11.552260600002,39.2193124,11.552260600002,39.2193124,11.552260600002,39.2193124
2403,-13.12380361557,136.82375144958,-13.12380361557,136.82375144958,-13.12380361557,136.82375144958
2404,-12.4714367,-41.0651287,-12.4714367,-41.0651287,-12.4714367,-41.0651287
2405,-0.50297730000112,166.9390952,-0.50297730000112,166.9390952,-0.50297730000112,166.9390952
2406,27.501890886255,88.538009884795,27.501890886255,88.538009884795,27.501890886255,88.538009884795
2407,9.297722,36.5124797,9.297722,36.5124797,9.297722,36.5124797
2408,-17.704231160903,168.30358772789,-17.704231160903,168.30358772789,-17.704231160903,168.30358772789
2409,-23.76782071876,150.1676968732,-23.76782071876,150.1676968732,-23.76782071876,150.1676968732
2410,-45.870706604467,170.52288551371,-45.870706604467,170.52288551371,-45.870706604467,170.52288551371
2411,27.059658,142.2026886,27.059658,142.2026886,27.059658,142.2026886
2412,-64.626667,-62.543333,-64.626667,-62.543333,-64.626667,-62.543333
2413,-17.755691971307,168.31462459713,-17.755691971307,168.31462459713,-17.755691971307,168.31462459713
2414,-25.4399918,30.0947959,-25.4399918,30.0947959,-25.4399918,30.0947959
2415,-12.5944039,-41.4982189,-12.5944039,-41.4982189,-12.5944039,-41.4982189
2416,-12.4996056,-41.2007097,-12.4996056,-41.2007097,-12.4996056,-41.2007097
2417,7.828032,52.186474,7.828032,52.186474,7.828032,52.186474
2418,-12.4500487,-41.4873781,-12.4500487,-41.4873781,-12.4500487,-41.4873781
2419,-34.613636118725,172.95696291036,-34.613636118725,172.95696291036,-34.613636118725,172.95696291036
2420,13.023009340339,38.106231399998,13.023009340339,38.106231399998,13.023009340339,38.106231399998
2421,-37.473883415735,139.9949964229,-37.473883415735,139.9949964229,-37.473883415735,139.9949964229
2422,9.9154181235087,36.778814127486,9.9154181235087,36.778814127486,9.9154181235087,36.778814127486
2423,26.5137255,78.6953717,26.5137255,78.6953717,26.5137255,78.6953717
2424,-13.510151711708,-172.29962471244,-13.510151711708,-172.29962471244,-13.510151711708,-172.29962471244
2425,-11.9979834,-42.6277805,-11.9979834,-42.6277805,-11.9979834,-42.6277805
2426,-11.955321799998,-42.573848600003,-11.955321799998,-42.573848600003,-11.955321799998,-42.573848600003
2427,-2.6321323,-56.7471485,-2.6321323,-56.7471485,-2.6321323,-56.7471485
2428,4.4395753226943,72.962859302176,4.4395753226943,72.962859302176,4.4395753226943,72.962859302176
2429,13.0403192,38.0355442,13.0403192,38.0355442,13.0403192,38.0355442
2430,25.1003653,89.0334918,25.1003653,89.0334918,25.1003653,89.0334918
2431,-12.493162167748,-41.166626250507,-12.493162167748,-41.166626250507,-12.493162167748,-41.166626250507
2432,-4.3734396,-56.253321,-4.3734396,-56.253321,-4.3734396,-56.253321
2433,-9.4181027208333,147.42759038917,-9.4181027208333,147.42759038917,-9.4181027208333,147.42759038917
2434,3.3253976580251,24.02922072487,3.3253976580251,24.02922072487,3.3253976580251,24.02922072487
2435,12.712178207001,21.865241406487,12.712178207001,21.865241406487,12.712178207001,21.865241406487
2436,4.88059181353,-1.7618758001017,4.88059181353,-1.7618758001017,4.88059181353,-1.7618758001017
2437,-12.457405899972,-41.637750699972,-12.457405899972,-41.637750699972,-12.457405899972,-41.637750699972
2438,15.102111878006,120.70215840208,15.102111878006,120.70215840208,15.102111878006,120.70215840208
2439,13.126206900226,38.016253899999,13.126206900226,38.016253899999,13.126206900226,38.016253899999
2440,-8.82246,-40.2885617,-8.82246,-40.2885617,-8.82246,-40.2885617
2441,-8.87161,-40.2198317,-8.87161,-40.2198317,-8.87161,-40.2198317
2442,-3.9335689557143,144.01568659714,-3.9335689557143,144.01568659714,-3.9335689557143,144.01568659714
2443,24.9899718,56.3028474,24.9899718,56.3028474,24.9899718,56.3028474
2444,38.087203203453,-39.869000237465,38.087203203453,-39.869000237465,38.087203203453,-39.869000237465
2445,0.0,-180.0,0.0,-180.0,0.0,-180.0
2446,9.5742469969022,36.633375251597,9.5742469969022,36.633375251597,9.5742469969022,36.633375251597
2447,-0.29990178278343,73.423316460438,-0.29990178278343,73.423316460438,-0.29990178278343,73.423316460438
2448,9.1465737612613,38.149238913617,9.1465737612613,38.149238913617,9.1465737612613,38.149238913617
2449,9.0167043571939,38.716580792538,9.0167043571939,38.716580792538,9.0167043571939,38.716580792538
2450,-37.167230821355,139.77539525694,-37.167230821355,139.77539525694,-37.167230821355,139.77539525694
2451,-11.737972366135,24.919363662948,-11.737972366135,24.919363662948,-11.737972366135,24.919363662948
2452,-12.5640975,-41.5403628,-12.5640975,-41.5403628,-12.5640975,-41.5403628
2453,40.26489342837,-11.801411461167,40.26489342837,-11.801411461167,40.26489342837,-11.801411461167
2454,-13.615882432874,24.976012701673,-13.615882432874,24.976012701673,-13.615882432874,24.976012701673
2455,10.281594,50.2249472,10.281594,50.2249472,10.281594,50.2249472
2456,15.103084782655,21.605265909558,15.103084782655,21.605265909558,15.103084782655,21.605265909558
2457,-13.1478652,-41.5981353,-13.1478652,-41.5981353,-13.1478652,-41.5981353
2458,9.8780059811387,36.672969743786,9.8780059811387,36.672969743786,9.8780059811387,36.672969743786
2459,5.2556317811881,-1.0217915475378,5.2556317811881,-1.0217915475378,5.2556317811881,-1.0217915475378
2460,0.41291249997222,108.94688039997,0.41291249997222,108.94688039997,0.41291249997222,108.94688039997
2461,24.0377119,90.2561157,24.0377119,90.2561157,24.0377119,90.2561157
2462,-64.242777777778,-56.6225,-64.242777777778,-56.6225,-64.242777777778,-56.6225
2463,12.644101520998,21.826587757098,12.644101520998,21.826587757098,12.644101520998,21.826587757098
2464,-25.213818006261,45.83721908328,-25.213818006261,45.83721908328,-25.213818006261,45.83721908328
2465,0.0,-103.33210709999,0.0,-103.33210709999,0.0,-103.33210709999
2466,-12.5010754,-40.4266943,-12.5010754,-40.4266943,-12.5010754,-40.4266943
2467,12.7802965,36.4046018,12.7802965,36.4046018,12.7802965,36.4046018
2468,-77.8462184,166.670845,-77.8462184,166.670845,-77.8462184,166.670845
2469,24.0384364,90.2553476,24.0384364,90.2553476,24.0384364,90.2553476
2470,-58.4019444,50.6038889,-58.4019444,50.6038889,-58.4019444,50.6038889
2471,4.9076107,-1.7590286,4.9076107,-1.7590286,4.9076107,-1.7590286
2472,0.0,0.0,0.0,0.0,0.0,0.0
2473,-12.553156,-41.5137312,-12.553156,-41.5137312,-12.553156,-41.5137312
2474,-23.680768029129,150.1251304717,-23.680768029129,150.1251304717,-23.680768029129,150.1251304717
2475,14.913321899972,100.40413619997,14.913321899972,100.40413619997,14.913321899972,100.40413619997
2476,-12.4524466,-40.5990215,-12.4524466,-40.5990215,-12.4524466,-40.5990215
2477,12.0323738,39.0417502,12.0323738,39.0417502,12.0323738,39.0417502
2478,14.9199442,101.9497577,14.9199442,101.9497577,14.9199442,101.9497577
2479,25.1510889,88.5676002,25.1510889,88.5676002,25.1510889,88.5676002
2480,-35.3947787,-62.4925917,-35.3947787,-62.4925917,-35.3947787,-62.4925917
2481,8.4994899000563,39.285491,8.4994899000563,39.285491,8.4994899000563,39.285491
2482,7.4122661501412,57.625380835254,7.4122661501412,57.625380835254,7.4122661501412,57.625380835254
2483,-13.000211700001,-41.363497099999,-13.000211700001,-41.363497099999,-13.000211700001,-41.363497099999
2484,-17.581094444444,-149.30983333333,-17.581094444444,-149.30983333333,-17.581094444444,-149.30983333333
2485,15.1200491025,23.461431885,15.1200491025,23.461431885,15.1200491025,23.461431885
2486,25.1378867,88.5570483,25.1378867,88.5570483,25.1378867,88.5570483
2487,-4.5904021999976,145.5382634,-4.5904021999976,145.5382634,-4.5904021999976,145.5382634
2488,14.893553713333,103.44963977333,14.893553713333,103.44963977333,14.893553713333,103.44963977333
2489,38.095485057033,-14.660278899665,38.095485057033,-14.660278899665,38.095485057033,-14.660278899665
2490,-37.21693138356,150.01821896733,-37.21693138356,150.01821896733,-37.21693138356,150.01821896733
2491,26.5462637,78.6995246,26.5462637,78.6995246,26.5462637,78.6995246
2492,14.904661545467,101.91360439743,14.904661545467,101.91360439743,14.904661545467,101.91360439743
2493,14.928169699998,100.0846993,14.928169699998,100.0846993,14.928169699998,100.0846993
2494,43.5123755,-119.1681453,43.5123755,-119.1681453,43.5123755,-119.1681453
2495,-3.41419,152.1628847,-3.41419,152.1628847,-3.41419,152.1628847
2496,9.0420329566061,38.877447354121,9.0420329566061,38.877447354121,9.0420329566061,38.877447354121
2497,14.908884079999,101.92362654321,14.908884079999,101.92362654321,14.908884079999,101.92362654321
2498,37.520006643333,-44.834375556667,37.520006643333,-44.834375556667,37.520006643333,-44.834375556667
2499,-11.305238291449,24.811396574145,-11.305238291449,24.811396574145,-11.305238291449,24.811396574145
2500,-35.003638888889,117.86605555556,-35.003638888889,117.86605555556,-35.003638888889,117.86605555556
2501,9.7411141015417,36.6493112,9.7411141015417,36.6493112,9.7411141015417,36.6493112
2502,14.889998156125,103.0661647688,14.889998156125,103.0661647688,14.889998156125,103.0661647688
2503,-33.301564157,-70.6612337753,-33.301564157,-70.6612337753,-33.301564157,-70.6612337753
2504,14.883718638776,103.48228246003,14.883718638776,103.48228246003,14.883718638776,103.48228246003
2505,-44.7659627,169.0953799,-44.7659627,169.0953799,-44.7659627,169.0953799
2506,0.0,-103.33642130001,0.0,-103.33642130001,0.0,-103.33642130001
2507,-12.4299542,-41.7892937,-12.4299542,-41.7892937,-12.4299542,-41.7892937
2508,32.540729,117.625942,32.540729,117.625942,32.540729,117.625942
2509,-9.454031636471525,-8.416955978992476,-9.454031636471525,-8.416955978992476,-9.454031636471525,-8.416955978992476
2510,-32.89681294408,-34.053919894322,-32.89681294408,-34.053919894322,-32.89681294408,-34.053919894322
2511,26.5166857,78.6802159,26.5166857,78.6802159,26.5166857,78.6802159
2512,5.2052323612778,-52.742179054778,5.2052323612778,-52.742179054778,5.2052323612778,-52.742179054778
2513,-44.6904763,169.1334412,-44.6904763,169.1334412,-44.6904763,169.1334412
2514,15.017035586667,27.716354160001,15.017035586667,27.716354160001,15.017035586667,27.716354160001
2515,23.9347589,90.2680271,23.9347589,90.2680271,23.9347589,90.2680271
2516,4.9138479,-1.7591854,4.9138479,-1.7591854,4.9138479,-1.7591854
2517,10.547407407407,37.025913700001,10.547407407407,37.025913700001,10.547407407407,37.025913700001
2518,26.5078918263,-78.7092493661,26.5078918263,-78.7092493661,26.5078918263,-78.7092493661
2519,38.07757242655,-47.958725446917,38.07757242655,-47.958725446917,38.07757242655,-47.958725446917
2520,-17.755789167359,168.3145826354,-17.755789167359,168.3145826354,-17.755789167359,168.3145826354
2521,38.940045833333,-56.036519093334,38.940045833333,-56.036519093334,38.940045833333,-56.036519093334
2522,-20.890575,13.447186666667,-20.890575,13.447186666667,-20.890575,13.447186666667
2523,26.811651,87.320239,26.811651,87.320239,26.811651,87.320239
2524,-25.214999110336,45.85886961709,-25.214999110336,45.85886961709,-25.214999110336,45.85886961709
2525,14.6390422,62.087312132265,14.6390422,62.087312132265,14.6390422,62.087312132265
2526,24.0318229,90.2635312,24.0318229,90.2635312,24.0318229,90.2635312
2527,14.181661,39.748366712189,14.181661,39.748366712189,14.181661,39.748366712189
2528,7.6942756333333,59.182804744762,7.6942756333333,59.182804744762,7.6942756333333,59.182804744762
2529,10.497041899998,37.024062899999,10.497041899998,37.024062899999,10.497041899998,37.024062899999
2530,14.6390422,37.433410393074,14.6390422,37.433410393074,14.6390422,37.433410393074
2531,25.334195034921,47.865215699193,25.334195034921,47.865215699193,25.334195034921,47.865215699193
2532,25.1095942,88.551044,25.1095942,88.551044,25.1095942,88.551044
2533,-43.873995,172.866825,-43.873995,172.866825,-43.873995,172.866825
2534,-25.188655042114,46.013287356149,-25.188655042114,46.013287356149,-25.188655042114,46.013287356149
2535,-19.329056300866,146.84339646537,-19.329056300866,146.84339646537,-19.329056300866,146.84339646537
2536,26.5354268,78.7311885,26.5354268,78.7311885,26.5354268,78.7311885
2537,25.319129242657,87.042179661538,25.319129242657,87.042179661538,25.319129242657,87.042179661538
2538,12.622210300001,37.464413300002,12.622210300001,37.464413300002,12.622210300001,37.464413300002
2539,-45.839218083584,170.65352622492,-45.839218083584,170.65352622492,-45.839218083584,170.65352622492
2540,-17.691844568313,168.27314511534,-17.691844568313,168.27314511534,-17.691844568313,168.27314511534
2541,15.167177827869,120.5681025592,15.167177827869,120.5681025592,15.167177827869,120.5681025592
2542,-36.857316257556,139.84489751467,-36.857316257556,139.84489751467,-36.857316257556,139.84489751467
2543,-13.4409827,-172.3554241,-13.4409827,-172.3554241,-13.4409827,-172.3554241
2544,6.0425572,145.216152,6.0425572,145.216152,6.0425572,145.216152
2545,9.0546467629532,38.773161398756,9.0546467629532,38.773161398756,9.0546467629532,38.773161398756
2546,-23.907530989874,150.19717351062,-23.907530989874,150.19717351062,-23.907530989874,150.19717351062
2547,25.0829569,48.0163631,25.0829569,48.0163631,25.0829569,48.0163631
2548,4.82399,10.822102,4.82399,10.822102,4.82399,10.822102
2549,25.3013179,89.2261769,25.3013179,89.2261769,25.3013179,89.2261769
2550,13.35371134,62.351855459999,13.35371134,62.351855459999,13.35371134,62.351855459999
2551,14.6390422,37.500678883495,14.6390422,37.500678883495,14.6390422,37.500678883495
2552,25.729639496575,89.263419082534,25.729639496575,89.263419082534,25.729639496575,89.263419082534
2553,-5.1789493417579,-15.465455821929,-5.1789493417579,-15.465455821929,-5.1789493417579,-15.465455821929
2554,-34.742379099998,173.0903814,-34.742379099998,173.0903814,-34.742379099998,173.0903814
2555,25.6395592,94.0196359,25.6395592,94.0196359,25.6395592,94.0196359
2556,13.255185185185,38.217860100002,13.255185185185,38.217860100002,13.255185185185,38.217860100002
2557,-33.502998012149,-70.656333882427,-33.502998012149,-70.656333882427,-33.502998012149,-70.656333882427
2558,5.3655584448672,162.99335264043,5.3655584448672,162.99335264043,5.3655584448672,162.99335264043
2559,-33.455346904,-70.65658581,-33.455346904,-70.65658581,-33.455346904,-70.65658581
2560,14.9483504,102.12600399997,14.9483504,102.12600399997,14.9483504,102.12600399997
2561,0.84227106873913,73.408631432312,0.84227106873913,73.408631432312,0.84227106873913,73.408631432312
2562,25.957820700001,89.273217700001,25.957820700001,89.273217700001,25.957820700001,89.273217700001
2563,-12.003315749543,-42.622543044467,-12.003315749543,-42.622543044467,-12.003315749543,-42.622543044467
2564,-16.013115529796,39.682096871122,-16.013115529796,39.682096871122,-16.013115529796,39.682096871122
2565,-11.9826258,-42.61977,-11.9826258,-42.61977,-11.9826258,-42.61977
2566,15.1498291,13.078264949118,15.1498291,13.078264949118,15.1498291,13.078264949118
2567,-3.5241666666667,152.20972222222,-3.5241666666667,152.20972222222,-3.5241666666667,152.20972222222
2568,-33.4506621632,-70.6562939304,-33.4506621632,-70.6562939304,-33.4506621632,-70.6562939304
2569,-11.8954357,-42.6926847,-11.8954357,-42.6926847,-11.8954357,-42.6926847
2570,-24.105463492447,150.13445374824,-24.105463492447,150.13445374824,-24.105463492447,150.13445374824
2571,6.8298967,80.9928185,6.8298967,80.9928185,6.8298967,80.9928185
2572,-15.002058342304,38.95952642433,-15.002058342304,38.95952642433,-15.002058342304,38.95952642433
2573,-2.22038,-80.918027,-2.22038,-80.918027,-2.22038,-80.918027
2574,4.2142852349142,73.537180922739,4.2142852349142,73.537180922739,4.2142852349142,73.537180922739
2575,27.499819481896,88.537163168213,27.499819481896,88.537163168213,27.499819481896,88.537163168213
2576,0.0260312,109.25823909997,0.0260312,109.25823909997,0.0260312,109.25823909997
2577,12.46359493118,21.631877738983,12.46359493118,21.631877738983,12.46359493118,21.631877738983
2578,4.9662261,-1.7315795,4.9662261,-1.7315795,4.9662261,-1.7315795
2579,6.8233713,80.986229,6.8233713,80.986229,6.8233713,80.986229
2580,-24.104780322355,150.35832641617,-24.104780322355,150.35832641617,-24.104780322355,150.35832641617
2581,40.157753752984,-75.038184559573,40.157753752984,-75.038184559573,40.157753752984,-75.038184559573
2582,-35.02291075,117.91245175,-35.02291075,117.91245175,-35.02291075,117.91245175
2583,-0.51659897763441,166.95827440495,-0.51659897763441,166.95827440495,-0.51659897763441,166.95827440495
2584,-35.390206276579,139.81272706604,-35.390206276579,139.81272706604,-35.390206276579,139.81272706604
2585,-5.355609,104.962517,-5.355609,104.962517,-5.355609,104.962517
2586,1.3300902,172.9947103,1.3300902,172.9947103,1.3300902,172.9947103
2587,-15.1088743956,39.2265066432,-15.1088743956,39.2265066432,-15.1088743956,39.2265066432
2588,4.9063124,-1.7574514,4.9063124,-1.7574514,4.9063124,-1.7574514
2589,-4.6210552,145.5604292,-4.6210552,145.5604292,-4.6210552,145.5604292
2590,-35.7763023,-62.0128584,-35.7763023,-62.0128584,-35.7763023,-62.0128584
2591,-1.4992222522398,40.032759216639,-1.4992222522398,40.032759216639,-1.4992222522398,40.032759216639
2592,38.08362626434,-46.2704099347,38.08362626434,-46.2704099347,38.08362626434,-46.2704099347
2593,-3.0005672,151.5648619,-3.0005672,151.5648619,-3.0005672,151.5648619
2594,-12.4012621,-42.3913664,-12.4012621,-42.3913664,-12.4012621,-42.3913664
2595,-34.753655299997,173.0477317,-34.753655299997,173.0477317,-34.753655299997,173.0477317
2596,-56.936164012476,-28.014464377404,-56.936164012476,-28.014464377404,-56.936164012476,-28.014464377404
2597,-5.243961,-80.630596,-5.243961,-80.630596,-5.243961,-80.630596
2598,25.952641899999,89.250807300002,25.952641899999,89.250807300002,25.952641899999,89.250807300002
2599,-12.4416724,-40.8516048,-12.4416724,-40.8516048,-12.4416724,-40.8516048
2600,25.384940743565,88.993619907849,25.384940743565,88.993619907849,25.384940743565,88.993619907849
2601,-45.893808360903,170.5189910636,-45.893808360903,170.5189910636,-45.893808360903,170.5189910636
2602,-17.707130555556,-149.58407222222,-17.707130555556,-149.58407222222,-17.707130555556,-149.58407222222
2603,7.2897656333334,55.4684288,7.2897656333334,55.4684288,7.2897656333334,55.4684288
2604,-25.200724998872,45.953148343067,-25.200724998872,45.953148343067,-25.200724998872,45.953148343067
2605,40.16307809825,-75.06080544815,40.16307809825,-75.06080544815,40.16307809825,-75.06080544815
2606,15.12026579295,24.964466560315,15.12026579295,24.964466560315,15.12026579295,24.964466560315
2607,40.1451746,-75.008066,40.1451746,-75.008066,40.1451746,-75.008066
2608,4.9114366,-1.7564878,4.9114366,-1.7564878,4.9114366,-1.7564878
2609,40.144700586523,-75.006717145319,40.144700586523,-75.006717145319,40.144700586523,-75.006717145319
2610,25.233299632464,86.973491651963,25.233299632464,86.973491651963,25.233299632464,86.973491651963
2611,14.878135047353,-24.732251331471,14.878135047353,-24.732251331471,14.878135047353,-24.732251331471
2612,-24.109025977121,150.15452654459,-24.109025977121,150.15452654459,-24.109025977121,150.15452654459
2613,13.3435343,61.61063850086,13.3435343,61.61063850086,13.3435343,61.61063850086
2614,5.504877,9.998125,5.504877,9.998125,5.504877,9.998125
2615,40.155536327365,-75.140917857966,40.155536327365,-75.140917857966,40.155536327365,-75.140917857966
2616,-35.113159,150.0895307,-35.113159,150.0895307,-35.113159,150.0895307
2617,40.144952931122,-75.007080848017,40.144952931122,-75.007080848017,40.144952931122,-75.007080848017
2618,23.9394854,90.2703764,23.9394854,90.2703764,23.9394854,90.2703764
2619,6.7872156999722,81.2792247,6.7872156999722,81.2792247,6.7872156999722,81.2792247
2620,-35.3921486,-62.4128741,-35.3921486,-62.4128741,-35.3921486,-62.4128741
2621,-35.216507499832,150.02611707059,-35.216507499832,150.02611707059,-35.216507499832,150.02611707059
2622,-35.3937965,-62.4988093,-35.3937965,-62.4988093,-35.3937965,-62.4988093
2623,40.151936429769,-75.0258148677,40.151936429769,-75.0258148677,40.151936429769,-75.0258148677
2624,-5.3781872999722,-80.624970899972,-5.3781872999722,-80.624970899972,-5.3781872999722,-80.624970899972
2625,18.301106450001,42.72378509999,18.301106450001,42.72378509999,18.301106450001,42.72378509999
2626,19.873057549296,41.347216591549,19.873057549296,41.347216591549,19.873057549296,41.347216591549
2627,40.15898344353,-75.040706194674,40.15898344353,-75.040706194674,40.15898344353,-75.040706194674
2628,5.13299749,9.9723354600001,5.13299749,9.9723354600001,5.13299749,9.9723354600001
2629,-26.272275899998,-61.7403938,-26.272275899998,-61.7403938,-26.272275899998,-61.7403938
2630,40.147388700566,-75.01383298129,40.147388700566,-75.01383298129,40.147388700566,-75.01383298129
2631,40.163231237144,-75.099220238895,40.163231237144,-75.099220238895,40.163231237144,-75.099220238895
2632,-24.3368839,-128.3147495,-24.3368839,-128.3147495,-24.3368839,-128.3147495
2633,-5.352196,104.962331,-5.352196,104.962331,-5.352196,104.962331
2634,-24.583468521453,-39.520749153334,-24.583468521453,-39.520749153334,-24.583468521453,-39.520749153334
2635,-1.0169444444444,-1.0169444444444,-1.0169444444444,-1.0169444444444,-1.0169444444444,-1.0169444444444
2636,40.145188570902,-75.007503921519,40.145188570902,-75.007503921519,40.145188570902,-75.007503921519
2637,-4.7671167156556,120.37324508552,-4.7671167156556,120.37324508552,-4.7671167156556,120.37324508552
2638,-37.3141422,-59.0919702,-37.3141422,-59.0919702,-37.3141422,-59.0919702
2639,40.155421351638,-75.033962309348,40.155421351638,-75.033962309348,40.155421351638,-75.033962309348
2640,24.0124461,90.311467,24.0124461,90.311467,24.0124461,90.311467
2641,40.1624737,-75.0853766,40.1624737,-75.0853766,40.1624737,-75.0853766
2642,14.891352449107,-24.354230247679,14.891352449107,-24.354230247679,14.891352449107,-24.354230247679
2643,-21.140172,-175.181182,-21.140172,-175.181182,-21.140172,-175.181182
2644,40.159586104577,-75.128209309928,40.159586104577,-75.128209309928,40.159586104577,-75.128209309928
2645,40.153156116667,-74.946459716667,40.153156116667,-74.946459716667,40.153156116667,-74.946459716667
2646,-13.136932034935,25.005698068669,-13.136932034935,25.005698068669,-13.136932034935,25.005698068669
2647,-33.745918168335,121.71449476743,-33.745918168335,121.71449476743,-33.745918168335,121.71449476743
2648,16.768646666667,-3.004655,16.768646666667,-3.004655,16.768646666667,-3.004655
2649,7.0640317,171.1974885,7.0640317,171.1974885,7.0640317,171.1974885
2650,26.508347999769,-78.648306693202,26.508347999769,-78.648306693202,26.508347999769,-78.648306693202
2651,13.489791311858,144.86086581824,13.489791311858,144.86086581824,13.489791311858,144.86086581824
2652,23.997371010278,90.253806458611,23.997371010278,90.253806458611,23.997371010278,90.253806458611
2653,27.945975,179.8463067,27.945975,179.8463067,27.945975,179.8463067
2654,15.110073907836,-23.661895065412,15.110073907836,-23.661895065412,15.110073907836,-23.661895065412
2655,-45.4307222,167.7624616,-45.4307222,167.7624616,-45.4307222,167.7624616
2656,13.370520234091,62.066009067338,13.370520234091,62.066009067338,13.370520234091,62.066009067338
2657,-24.144863634667,150.28716288333,-24.144863634667,150.28716288333,-24.144863634667,150.28716288333
2658,-4.4072569998411,-13.177907098628,-4.4072569998411,-13.177907098628,-4.4072569998411,-13.177907098628
2659,-5.863799,120.514493,-5.863799,120.514493,-5.863799,120.514493
2660,-25.225440432679,45.810371725814,-25.225440432679,45.810371725814,-25.225440432679,45.810371725814
2661,-24.137412090743,150.31187749534,-24.137412090743,150.31187749534,-24.137412090743,150.31187749534
2662,-5.3732712642452,-16.045742847181,-5.3732712642452,-16.045742847181,-5.3732712642452,-16.045742847181
2663,16.202270756102,-0.21269915541339,16.202270756102,-0.21269915541339,16.202270756102,-0.21269915541339
2664,22.464700159638,114.15848099637,22.464700159638,114.15848099637,22.464700159638,114.15848099637
2665,14.87669518318,-24.718913531534,14.87669518318,-24.718913531534,14.87669518318,-24.718913531534
2666,26.512622683817,93.750617793278,26.512622683817,93.750617793278,26.512622683817,93.750617793278
2667,40.163236805951,-75.097993310371,40.163236805951,-75.097993310371,40.163236805951,-75.097993310371
2668,-36.702987610192,-59.75308944995,-36.702987610192,-59.75308944995,-36.702987610192,-59.75308944995
2669,26.5178962,78.6786895,26.5178962,78.6786895,26.5178962,78.6786895
2670,22.669235100001,113.8847268,22.669235100001,113.8847268,22.669235100001,113.8847268
2671,43.322493045919,-114.28116854839,43.322493045919,-114.28116854839,43.322493045919,-114.28116854839
2672,40.162667540989,-75.111400679566,40.162667540989,-75.111400679566,40.162667540989,-75.111400679566
2673,25.0913228,47.9080201,25.0913228,47.9080201,25.0913228,47.9080201
2674,27.945975,179.8463067,27.945975,179.8463067,27.945975,179.8463067
2675,23.585014501048,119.563446373,23.585014501048,119.563446373,23.585014501048,119.563446373
2676,-29.035323887644,167.96355786105,-29.035323887644,167.96355786105,-29.035323887644,167.96355786105
2677,-19.537448681003,-32.904817063275,-19.537448681003,-32.904817063275,-19.537448681003,-32.904817063275
2678,40.157147427366,-75.037077708527,40.157147427366,-75.037077708527,40.157147427366,-75.037077708527
2679,15.5852064,-50.712258862222,15.5852064,-50.712258862222,15.5852064,-50.712258862222
2680,5.057706,9.963726,5.057706,9.963726,5.057706,9.963726
2681,22.679726300002,113.9745957,22.679726300002,113.9745957,22.679726300002,113.9745957
2682,14.6979295,-17.4434047,14.6979295,-17.4434047,14.6979295,-17.4434047
2683,22.9409488,114.0623867,22.9409488,114.0623867,22.9409488,114.0623867
2684,23.025643358,113.98209246507,23.025643358,113.98209246507,23.025643358,113.98209246507
2685,26.5346711,78.7555749,26.5346711,78.7555749,26.5346711,78.7555749
2686,-3.6491818342425,-10.92018423547,-3.6491818342425,-10.92018423547,-3.6491818342425,-10.92018423547
2687,40.151824448224,-75.025835803874,40.151824448224,-75.025835803874,40.151824448224,-75.025835803874
2688,-44.717134,169.2166631,-44.717134,169.2166631,-44.717134,169.2166631
2689,1.1579398999988,25.255915799998,1.1579398999988,25.255915799998,1.1579398999988,25.255915799998
2690,-25.234076375675,45.797499784896,-25.234076375675,45.797499784896,-25.234076375675,45.797499784896
2691,24.023562,90.2826813,24.023562,90.2826813,24.023562,90.2826813
2692,-33.4054735,21.9957402,-33.4054735,21.9957402,-33.4054735,21.9957402
2693,43.023760669069,-114.39542761644,43.023760669069,-114.39542761644,43.023760669069,-114.39542761644
2694,22.452743877678,114.1402998102,22.452743877678,114.1402998102,22.452743877678,114.1402998102
2695,-2.2269901999722,-80.9176772,-2.2269901999722,-80.9176772,-2.2269901999722,-80.9176772
2696,26.5337964,78.7303044,26.5337964,78.7303044,26.5337964,78.7303044
2697,5.788075,10.161461,5.788075,10.161461,5.788075,10.161461
2698,22.6232784,114.0192875,22.6232784,114.0192875,22.6232784,114.0192875
2699,2.964565,9.91216,2.964565,9.91216,2.964565,9.91216
2700,37.749726907291,-25.638826475585,37.749726907291,-25.638826475585,37.749726907291,-25.638826475585
2701,37.770336374641,-25.30468368629,37.770336374641,-25.30468368629,37.770336374641,-25.30468368629
2702,-15.049425307459,13.238109969026,-15.049425307459,13.238109969026,-15.049425307459,13.238109969026
2703,6.0372874160396,116.1223747701,6.0372874160396,116.1223747701,6.0372874160396,116.1223747701
2704,26.5329889,78.6713248,26.5329889,78.6713248,26.5329889,78.6713248
2705,40.163225455666,-75.05797773613,40.163225455666,-75.05797773613,40.163225455666,-75.05797773613
2706,-22.721768856049,-22.721768856049,-22.721768856049,-22.721768856049,-22.721768856049,-22.721768856049
2707,40.163089578777,-75.060055918042,40.163089578777,-75.060055918042,40.163089578777,-75.060055918042
2708,40.162660373911,-75.089513948093,40.162660373911,-75.089513948093,40.162660373911,-75.089513948093
2709,-20.3266409875,15.451282784167,-20.3266409875,15.451282784167,-20.3266409875,15.451282784167
2710,14.687577799972,-17.451893099972,14.687577799972,-17.451893099972,14.687577799972,-17.451893099972
2711,22.578828699999,114.059592,22.578828699999,114.059592,22.578828699999,114.059592
2712,-16.3420466,-39.0222113,-16.3420466,-39.0222113,-16.3420466,-39.0222113
2713,-3.2186719,151.9440783,-3.2186719,151.9440783,-3.2186719,151.9440783
2714,-23.3920861,-57.4379806,-23.3920861,-57.4379806,-23.3920861,-57.4379806
2715,22.489007972202,114.06003990221,22.489007972202,114.06003990221,22.489007972202,114.06003990221
2716,15.093379710145,-23.6484436,15.093379710145,-23.6484436,15.093379710145,-23.6484436
2717,-9.6799995352533,-28.943656926503,-9.6799995352533,-28.943656926503,-9.6799995352533,-28.943656926503
2718,-22.735077777778,-55.242127777778,-22.735077777778,-55.242127777778,-22.735077777778,-55.242127777778
2719,15.1118327,17.478035516667,15.1118327,17.478035516667,15.1118327,17.478035516667
2720,40.143671,-74.973589,40.143671,-74.973589,40.143671,-74.973589
2721,-19.738968216772,-43.019116948504,-19.738968216772,-43.019116948504,-19.738968216772,-43.019116948504
2722,-23.848060894825,150.26152369792,-23.848060894825,150.26152369792,-23.848060894825,150.26152369792
2723,37.421521313333,-16.29665148,37.421521313333,-16.29665148,37.421521313333,-16.29665148
2724,22.43756379,114.0370517783,22.43756379,114.0370517783,22.43756379,114.0370517783
2725,-33.369730200003,22.108935700001,-33.369730200003,22.108935700001,-33.369730200003,22.108935700001
2726,-35.3911093,-62.4280376,-35.3911093,-62.4280376,-35.3911093,-62.4280376
2727,-33.3612253,22.0579882,-33.3612253,22.0579882,-33.3612253,22.0579882
2728,25.9797534,92.932813,25.9797534,92.932813,25.9797534,92.932813
2729,16.133590100001,168.12990310078,16.133590100001,168.12990310078,16.133590100001,168.12990310078
2730,40.163415154556,-75.054582595039,40.163415154556,-75.054582595039,40.163415154556,-75.054582595039
2731,-54.185130555556,-67.231627777778,-54.185130555556,-67.231627777778,-54.185130555556,-67.231627777778
2732,-1.326150046461,123.28884505493,-1.326150046461,123.28884505493,-1.326150046461,123.28884505493
2733,-29.044149694586,167.92336143273,-29.044149694586,167.92336143273,-29.044149694586,167.92336143273
2734,37.771900036917,-25.313379982454,37.771900036917,-25.313379982454,37.771900036917,-25.313379982454
2735,-13.4467037,-172.3819071,-13.4467037,-172.3819071,-13.4467037,-172.3819071
2736,32.492789,117.542464,32.492789,117.542464,32.492789,117.542464
2737,13.426925120185,144.78225003024,13.426925120185,144.78225003024,13.426925120185,144.78225003024
2738,43.500708055556,-114.28408916667,43.500708055556,-114.28408916667,43.500708055556,-114.28408916667
2739,-24.231159717066,150.1413288009,-24.231159717066,150.1413288009,-24.231159717066,150.1413288009
2740,26.217651599977,93.051265495076,26.217651599977,93.051265495076,26.217651599977,93.051265495076
2741,23.5648225,119.6555781,23.5648225,119.6555781,23.5648225,119.6555781
2742,-13.6730772,50.023912,-13.6730772,50.023912,-13.6730772,50.023912
2743,19.994525560207,41.512433616342,19.994525560207,41.512433616342,19.994525560207,41.512433616342
2744,25.6571015,94.0862243,25.6571015,94.0862243,25.6571015,94.0862243
2745,7.0836691675706,171.14992450768,7.0836691675706,171.14992450768,7.0836691675706,171.14992450768
2746,18.3012164,42.717684270003,18.3012164,42.717684270003,18.3012164,42.717684270003
2747,22.461713771357,114.15109050471,22.461713771357,114.15109050471,22.461713771357,114.15109050471
2748,-19.2420672,146.8036601,-19.2420672,146.8036601,-19.2420672,146.8036601
2749,-34.602171413274,172.94479131062,-34.602171413274,172.94479131062,-34.602171413274,172.94479131062
2750,26.5380474,78.7237048,26.5380474,78.7237048,26.5380474,78.7237048
2751,-1.0169444444444,-1.0169444444444,-1.0169444444444,-1.0169444444444,-1.0169444444444,-1.0169444444444
2752,27.975181,108.219907,27.975181,108.219907,27.975181,108.219907
2753,26.016652446904,88.891288026701,26.016652446904,88.891288026701,26.016652446904,88.891288026701
2754,-4.4133777,-56.285828,-4.4133777,-56.285828,-4.4133777,-56.285828
2755,15.072327570265,-23.699710743279,15.072327570265,-23.699710743279,15.072327570265,-23.699710743279
2756,-22.721768856049,-22.721768856049,-22.721768856049,-22.721768856049,-22.721768856049,-22.721768856049
2757,13.472779558969,144.78714067374,13.472779558969,144.78714067374,13.472779558969,144.78714067374
2758,25.378401666667,88.994461666667,25.378401666667,88.994461666667,25.378401666667,88.994461666667
2759,22.400071209862,113.98397398188,22.400071209862,113.98397398188,22.400071209862,113.98397398188
2760,24.503770263194,118.44079945694,24.503770263194,118.44079945694,24.503770263194,118.44079945694
2761,-45.394949199972,167.7587058,-45.394949199972,167.7587058,-45.394949199972,167.7587058
2762,6.7798322,81.2674587,6.7798322,81.2674587,6.7798322,81.2674587
2763,25.244445,105.806399,25.244445,105.806399,25.244445,105.806399
2764,-51.699215,-57.841948,-51.699215,-57.841948,-51.699215,-57.841948
2765,4.2584366,73.5592341,4.2584366,73.5592341,4.2584366,73.5592341
2766,32.139918,-8.229267,32.139918,-8.229267,32.139918,-8.229267
2767,13.587296740118,144.86956461603,13.587296740118,144.86956461603,13.587296740118,144.86956461603
2768,-2.2285344999722,-80.925249899972,-2.2285344999722,-80.925249899972,-2.2285344999722,-80.925249899972
2769,-35.4651177,-62.3617633,-35.4651177,-62.3617633,-35.4651177,-62.3617633
2770,-22.803930776012,-54.731025830761,-22.803930776012,-54.731025830761,-22.803930776012,-54.731025830761
2771,-33.3604268,22.057643,-33.3604268,22.057643,-33.3604268,22.057643
2772,-37.072505,-58.999594,-37.072505,-58.999594,-37.072505,-58.999594
2773,-34.853739497403,173.11105464286,-34.853739497403,173.11105464286,-34.853739497403,173.11105464286
2774,-45.3842697,167.8878064,-45.3842697,167.8878064,-45.3842697,167.8878064
2775,-22.721768856049,-22.721768856049,-22.721768856049,-22.721768856049,-22.721768856049,-22.721768856049
2776,15.1323222,23.310400477911,15.1323222,23.310400477911,15.1323222,23.310400477911
2777,-8.916088,147.9194515,-8.916088,147.9194515,-8.916088,147.9194515
2778,25.6871202,89.5873205,25.6871202,89.5873205,25.6871202,89.5873205
2779,-77.8461777,166.6666765,-77.8461777,166.6666765,-77.8461777,166.6666765
2780,-34.1793379,21.970968899972,-34.1793379,21.970968899972,-34.1793379,21.970968899972
2781,15.088502,-23.650653,15.088502,-23.650653,15.088502,-23.650653
2782,-21.364071514117,55.77207064118,-21.364071514117,55.77207064118,-21.364071514117,55.77207064118
2783,34.168166103805,134.33173967559,34.168166103805,134.33173967559,34.168166103805,134.33173967559
2784,27.501789780033,88.537818493727,27.501789780033,88.537818493727,27.501789780033,88.537818493727
2785,-16.3359181,-39.023955,-16.3359181,-39.023955,-16.3359181,-39.023955
2786,1.93996,109.373569,1.93996,109.373569,1.93996,109.373569
2787,42.8805745,-117.9628941,42.8805745,-117.9628941,42.8805745,-117.9628941
2788,-8.737685037416,125.56460391312,-8.737685037416,125.56460391312,-8.737685037416,125.56460391312
2789,5.061883,9.984038,5.061883,9.984038,5.061883,9.984038
2790,43.5856916,-119.0448763,43.5856916,-119.0448763,43.5856916,-119.0448763
2791,5.546099,10.328427,5.546099,10.328427,5.546099,10.328427
2792,-23.920093666667,150.28636283333,-23.920093666667,150.28636283333,-23.920093666667,150.28636283333
2793,26.7962704,87.3265823,26.7962704,87.3265823,26.7962704,87.3265823
2794,12.522806162014,21.712377620863,12.522806162014,21.712377620863,12.522806162014,21.712377620863
2795,25.233657144199,86.973546708867,25.233657144199,86.973546708867,25.233657144199,86.973546708867
2796,10.4139548,50.1650117,10.4139548,50.1650117,10.4139548,50.1650117
2797,42.72191685,-118.451228075,42.72191685,-118.451228075,42.72191685,-118.451228075
2798,42.7963517,-117.8737431,42.7963517,-117.8737431,42.7963517,-117.8737431
2799,32.858471524288,3.7396966999983,32.858471524288,3.7396966999983,32.858471524288,3.7396966999983
2800,-35.6164129,-62.4181749,-35.6164129,-62.4181749,-35.6164129,-62.4181749
2801,26.5570533,78.6994353,26.5570533,78.6994353,26.5570533,78.6994353
2802,23.9158538,90.2594832,23.9158538,90.2594832,23.9158538,90.2594832
2803,-8.5540755931368,125.57296268654,-8.5540755931368,125.57296268654,-8.5540755931368,125.57296268654
2804,26.8305999,87.2837356,26.8305999,87.2837356,26.8305999,87.2837356
2805,-35.3847242,-62.4161963,-35.3847242,-62.4161963,-35.3847242,-62.4161963
2806,42.91283585,-118.33883138333,42.91283585,-118.33883138333,42.91283585,-118.33883138333
2807,14.6757307,-17.4154848,14.6757307,-17.4154848,14.6757307,-17.4154848
2808,-44.6679803,169.1255413,-44.6679803,169.1255413,-44.6679803,169.1255413
2809,25.0195155,88.5291283,25.0195155,88.5291283,25.0195155,88.5291283
2810,-25.21431561228,45.865699732758,-25.21431561228,45.865699732758,-25.21431561228,45.865699732758
2811,-24.148160821977,150.28970073547,-24.148160821977,150.28970073547,-24.148160821977,150.28970073547
2812,-17.600123265443,168.49674186194,-17.600123265443,168.49674186194,-17.600123265443,168.49674186194
2813,0.0166667,0.0,0.0166667,0.0,0.0166667,0.0
2814,-4.6579324,55.410345699999,-4.6579324,55.410345699999,-4.6579324,55.410345699999
2815,-45.4115234,167.7077716,-45.4115234,167.7077716,-45.4115234,167.7077716
2816,-25.218002673377,45.820946711288,-25.218002673377,45.820946711288,-25.218002673377,45.820946711288
2817,-0.50492783991755,166.93296437107,-0.50492783991755,166.93296437107,-0.50492783991755,166.93296437107
2818,-8.7232394599881,125.43155827,-8.7232394599881,125.43155827,-8.7232394599881,125.43155827
2819,-13.383593227273,25.071613654545,-13.383593227273,25.071613654545,-13.383593227273,25.071613654545
2820,12.163859163412,21.502480264753,12.163859163412,21.502480264753,12.163859163412,21.502480264753
2821,-34.431286545838,172.68294668356,-34.431286545838,172.68294668356,-34.431286545838,172.68294668356
2822,-24.042680122964,150.1370740108,-24.042680122964,150.1370740108,-24.042680122964,150.1370740108
2823,13.35095216,62.42947916,13.35095216,62.42947916,13.35095216,62.42947916
2824,42.789469666667,-118.43084776667,42.789469666667,-118.43084776667,42.789469666667,-118.43084776667
2825,15.1498291,17.646748010882,15.1498291,17.646748010882,15.1498291,17.646748010882
2826,4.2068402777778,73.538023900002,4.2068402777778,73.538023900002,4.2068402777778,73.538023900002
2827,15.168438142857,120.543492,15.168438142857,120.543492,15.168438142857,120.543492
2828,37.4989176,-33.6366279525,37.4989176,-33.6366279525,37.4989176,-33.6366279525
2829,-33.3747625,-70.6617195,-33.3747625,-70.6617195,-33.3747625,-70.6617195
2830,-8.5729444,125.5358056,-8.5729444,125.5358056,-8.5729444,125.5358056
2831,-8.4963990999722,126.4535623,-8.4963990999722,126.4535623,-8.4963990999722,126.4535623
2832,-20.761692942778,14.843115024167,-20.761692942778,14.843115024167,-20.761692942778,14.843115024167
2833,-18.608850136257,-173.93285722456,-18.608850136257,-173.93285722456,-18.608850136257,-173.93285722456
2834,-8.5763917,125.5578567,-8.5763917,125.5578567,-8.5763917,125.5578567
2835,13.479787913451,144.86026643746,13.479787913451,144.86026643746,13.479787913451,144.86026643746
2836,5.128034,-1.2506916,5.128034,-1.2506916,5.128034,-1.2506916
2837,32.459583333333,139.76946666667,32.459583333333,139.76946666667,32.459583333333,139.76946666667
2838,15.12048729,10.43115397,15.12048729,10.43115397,15.12048729,10.43115397
2839,25.348325,106.242399,25.348325,106.242399,25.348325,106.242399
2840,25.921011166389,88.865745775278,25.921011166389,88.865745775278,25.921011166389,88.865745775278
2841,-20.073013333333,13.064565,-20.073013333333,13.064565,-20.073013333333,13.064565
2842,26.01592,105.118646,26.01592,105.118646,26.01592,105.118646
2843,-51.839011521966,-58.351767155567,-51.839011521966,-58.351767155567,-51.839011521966,-58.351767155567
2844,43.4796431,-118.8375965,43.4796431,-118.8375965,43.4796431,-118.8375965
2845,-54.421689305292,3.3895456619143,-54.421689305292,3.3895456619143,-54.421689305292,3.3895456619143
2846,-8.5169750999722,126.0038555,-8.5169750999722,126.0038555,-8.5169750999722,126.0038555
2847,-8.5597222,125.5461111,-8.5597222,125.5461111,-8.5597222,125.5461111
2848,27.676803,108.084263,27.676803,108.084263,27.676803,108.084263
2849,-8.7740275,125.1008079,-8.7740275,125.1008079,-8.7740275,125.1008079
2850,-1.0169444444444,-1.0169444444444,-1.0169444444444,-1.0169444444444,-1.0169444444444,-1.0169444444444
2851,-24.11353743043,150.1902085292,-24.11353743043,150.1902085292,-24.11353743043,150.1902085292
2852,-11.435092632182,24.749703468312,-11.435092632182,24.749703468312,-11.435092632182,24.749703468312
2853,24.981348691506,56.219571931273,24.981348691506,56.219571931273,24.981348691506,56.219571931273
2854,5.1615820917913,-1.1957517803893,5.1615820917913,-1.1957517803893,5.1615820917913,-1.1957517803893
2855,7.0709539,171.1787885,7.0709539,171.1787885,7.0709539,171.1787885
2856,-8.4721697999722,126.45741669997,-8.4721697999722,126.45741669997,-8.4721697999722,126.45741669997
2857,24.5919994,72.5616138,24.5919994,72.5616138,24.5919994,72.5616138
2858,34.097762143222,134.40926706719,34.097762143222,134.40926706719,34.097762143222,134.40926706719
2859,-33.504145578512,-70.656389789722,-33.504145578512,-70.656389789722,-33.504145578512,-70.656389789722
2860,25.468512,105.565098,25.468512,105.565098,25.468512,105.565098
2861,-8.5235362,127.00752769997,-8.5235362,127.00752769997,-8.5235362,127.00752769997
2862,-17.032111111111,135.76858333333,-17.032111111111,135.76858333333,-17.032111111111,135.76858333333
2863,42.7785028,-117.8552222,42.7785028,-117.8552222,42.7785028,-117.8552222
2864,-21.780158093812,149.3720998513,-21.780158093812,149.3720998513,-21.780158093812,149.3720998513
2865,44.4797003,-117.4660033,44.4797003,-117.4660033,44.4797003,-117.4660033
2866,42.777208866667,-118.43916566667,42.777208866667,-118.43916566667,42.777208866667,-118.43916566667
2867,42.807122941667,-118.423275475,42.807122941667,-118.423275475,42.807122941667,-118.423275475
2868,-8.5638333,125.5529444,-8.5638333,125.5529444,-8.5638333,125.5529444
2869,37.829286010708,-25.752699691652,37.829286010708,-25.752699691652,37.829286010708,-25.752699691652
2870,-23.233625175972,150.48771519708,-23.233625175972,150.48771519708,-23.233625175972,150.48771519708
2871,-24.143784916667,150.29042658333,-24.143784916667,150.29042658333,-24.143784916667,150.29042658333
2872,-23.3932722,-57.4491944,-23.3932722,-57.4491944,-23.3932722,-57.4491944
2873,40.273692972635,-11.796231321058,40.273692972635,-11.796231321058,40.273692972635,-11.796231321058
2874,-8.7237402999722,125.4323798,-8.7237402999722,125.4323798,-8.7237402999722,125.4323798
2875,-8.5500618705546,125.52494982854,-8.5500618705546,125.52494982854,-8.5500618705546,125.52494982854
2876,0.476761,124.41242,0.476761,124.41242,0.476761,124.41242
2877,-2.2269643999722,-80.917882399972,-2.2269643999722,-80.917882399972,-2.2269643999722,-80.917882399972
2878,5.1112889125991,-1.2569386325788,5.1112889125991,-1.2569386325788,5.1112889125991,-1.2569386325788
2879,28.506140346138,105.89244818156,28.506140346138,105.89244818156,28.506140346138,105.89244818156
2880,22.674303654107,131.21703545072,22.674303654107,131.21703545072,22.674303654107,131.21703545072
2881,26.8105422,87.2853545,26.8105422,87.2853545,26.8105422,87.2853545
2882,-4.4837398,26.6421438,-4.4837398,26.6421438,-4.4837398,26.6421438
2883,-35.1128484,150.0897039,-35.1128484,150.0897039,-35.1128484,150.0897039
2884,-67.569588333333,-68.126346666667,-67.569588333333,-68.126346666667,-67.569588333333,-68.126346666667
2885,-8.7847512900902,125.43932019419,-8.7847512900902,125.43932019419,-8.7847512900902,125.43932019419
2886,-44.304954237768,171.01040281116,-44.304954237768,171.01040281116,-44.304954237768,171.01040281116
2887,25.0708636,88.5316884,25.0708636,88.5316884,25.0708636,88.5316884
2888,42.407898366667,-118.63103175,42.407898366667,-118.63103175,42.407898366667,-118.63103175
2889,-6.4577679858347,-19.30903203169,-6.4577679858347,-19.30903203169,-6.4577679858347,-19.30903203169
2890,1.9865728860564,-157.47187537393,1.9865728860564,-157.47187537393,1.9865728860564,-157.47187537393
2891,34.193465965479,134.43483699353,34.193465965479,134.43483699353,34.193465965479,134.43483699353
2892,-23.4252222,-57.4342556,-23.4252222,-57.4342556,-23.4252222,-57.4342556
2893,14.674404504021,-17.45252619895,14.674404504021,-17.45252619895,14.674404504021,-17.45252619895
2894,15.102135618761,14.95749178354,15.102135618761,14.95749178354,15.102135618761,14.95749178354
2895,-0.50723979745715,166.95185644732,-0.50723979745715,166.95185644732,-0.50723979745715,166.95185644732
2896,-35.3869557,-62.4196587,-35.3869557,-62.4196587,-35.3869557,-62.4196587
2897,14.891065094314,103.72376911373,14.891065094314,103.72376911373,14.891065094314,103.72376911373
2898,25.453643,105.937881,25.453643,105.937881,25.453643,105.937881
2899,15.4800460885,-88.011852554,15.4800460885,-88.011852554,15.4800460885,-88.011852554
2900,15.422668101005,-88.012340524623,15.422668101005,-88.012340524623,15.422668101005,-88.012340524623
2901,15.154868295,-88.257757738,15.154868295,-88.257757738,15.154868295,-88.257757738
2902,5.23636154,9.98386283,5.23636154,9.98386283,5.23636154,9.98386283
2903,27.0375418,142.1762509,27.0375418,142.1762509,27.0375418,142.1762509
2904,-19.301083875149,135.00890166538,-19.301083875149,135.00890166538,-19.301083875149,135.00890166538
2905,-24.13507163839,150.07558229541718,-24.13507163839,150.07558229541718,-24.13507163839,150.07558229541718
2906,14.9390808,103.78711374,14.9390808,103.78711374,14.9390808,103.78711374
2907,-8.9163824,147.85659,-8.9163824,147.85659,-8.9163824,147.85659
2908,17.2770408,-88.6742564,17.2770408,-88.6742564,17.2770408,-88.6742564
2909,-23.681225853,150.12530722317,-23.681225853,150.12530722317,-23.681225853,150.12530722317
2910,-54.281364383692,-36.507863779586,-54.281364383692,-36.507863779586,-54.281364383692,-36.507863779586
2911,28.366265998948,108.23490205376,28.366265998948,108.23490205376,28.366265998948,108.23490205376
2912,14.73416266,-86.138335694545,14.73416266,-86.138335694545,14.73416266,-86.138335694545
2913,15.062957400002,-23.697440300003,15.062957400002,-23.697440300003,15.062957400002,-23.697440300003
2914,13.489521195132,144.8443563,13.489521195132,144.8443563,13.489521195132,144.8443563
2915,3.930502,10.055628,3.930502,10.055628,3.930502,10.055628
2916,14.840678906673,-86.289593426987,14.840678906673,-86.289593426987,14.840678906673,-86.289593426987
2917,33.961727292207,134.66033464527,33.961727292207,134.66033464527,33.961727292207,134.66033464527
2918,14.900123422143,103.72543378571,14.900123422143,103.72543378571,14.900123422143,103.72543378571
2919,9.862175,-83.913619,9.862175,-83.913619,9.862175,-83.913619
2920,-45.4827958,167.7561664,-45.4827958,167.7561664,-45.4827958,167.7561664
2921,-24.065849230795,150.1351037151,-24.065849230795,150.1351037151,-24.065849230795,150.1351037151
2922,27.097448954166,142.19640820057,27.097448954166,142.19640820057,27.097448954166,142.19640820057
2923,26.5116990544,-78.6908126995,26.5116990544,-78.6908126995,26.5116990544,-78.6908126995
2924,26.8030483,87.2884299,26.8030483,87.2884299,26.8030483,87.2884299
2925,15.535029,-88.039755,15.535029,-88.039755,15.535029,-88.039755
2926,-0.51254254563415,166.92534909861,-0.51254254563415,166.92534909861,-0.51254254563415,166.92534909861
2927,9.7939307337369,-83.973831981901,9.7939307337369,-83.973831981901,9.7939307337369,-83.973831981901
2928,15.548797,-88.035766,15.548797,-88.035766,15.548797,-88.035766
2929,-23.4134527,-57.4507462,-23.4134527,-57.4507462,-23.4134527,-57.4507462
2930,15.421161519095,-88.174404121608,15.421161519095,-88.174404121608,15.421161519095,-88.174404121608
2931,38.9531209,-33.623392572,38.9531209,-33.623392572,38.9531209,-33.623392572
2932,15.530762649,-88.014285463,15.530762649,-88.014285463,15.530762649,-88.014285463
2933,-22.818925413559,-54.699967876949,-22.818925413559,-54.699967876949,-22.818925413559,-54.699967876949
2934,-35.821264406415,-32.643085582166,-35.821264406415,-32.643085582166,-35.821264406415,-32.643085582166
2935,4.9422251,-1.744506,4.9422251,-1.744506,4.9422251,-1.744506
2936,-23.3939972,-57.4255556,-23.3939972,-57.4255556,-23.3939972,-57.4255556
2937,-14.581368910822,132.16767344536,-14.581368910822,132.16767344536,-14.581368910822,132.16767344536
2938,25.21550126,105.74550761,25.21550126,105.74550761,25.21550126,105.74550761
2939,-37.183380254747,150.01119254196,-37.183380254747,150.01119254196,-37.183380254747,150.01119254196
2940,-14.851314293777,132.98299530621,-14.851314293777,132.98299530621,-14.851314293777,132.98299530621
2941,9.887887282,-83.935214192,9.887887282,-83.935214192,9.887887282,-83.935214192
2942,34.217169300003,134.7307093,34.217169300003,134.7307093,34.217169300003,134.7307093
2943,9.2432005,-83.8515735,9.2432005,-83.8515735,9.2432005,-83.8515735
2944,-0.54520618892206,166.92126943012,-0.54520618892206,166.92126943012,-0.54520618892206,166.92126943012
2945,17.192341159114,-88.982236376115,17.192341159114,-88.982236376115,17.192341159114,-88.982236376115
2946,26.521647,78.727889,26.521647,78.727889,26.521647,78.727889
2947,13.927758140537,-89.852329473685,13.927758140537,-89.852329473685,13.927758140537,-89.852329473685
2948,15.681885614538,-85.933139228495,15.681885614538,-85.933139228495,15.681885614538,-85.933139228495
2949,17.016180381732,-88.31901538059,17.016180381732,-88.31901538059,17.016180381732,-88.31901538059
2950,-55.0368607,-66.5878908,-55.0368607,-66.5878908,-55.0368607,-66.5878908
2951,24.943964250905,56.209088789683,24.943964250905,56.209088789683,24.943964250905,56.209088789683
2952,-23.223406765228,150.47885430673,-23.223406765228,150.47885430673,-23.223406765228,150.47885430673
2953,15.481886,-87.977399,15.481886,-87.977399,15.481886,-87.977399
2954,8.4752436999985,-82.478726100001,8.4752436999985,-82.478726100001,8.4752436999985,-82.478726100001
2955,24.96640562996,56.21982724406,24.96640562996,56.21982724406,24.96640562996,56.21982724406
2956,-33.1981185,-70.6597627,-33.1981185,-70.6597627,-33.1981185,-70.6597627
2957,25.469045973756,86.617673877285,25.469045973756,86.617673877285,25.469045973756,86.617673877285
2958,7.4265711895833,57.794209274417,7.4265711895833,57.794209274417,7.4265711895833,57.794209274417
2959,8.7362248,-83.4134337,8.7362248,-83.4134337,8.7362248,-83.4134337
2960,-44.999689,169.208836,-44.999689,169.208836,-44.999689,169.208836
2961,9.930997,-84.005315,9.930997,-84.005315,9.930997,-84.005315
2962,-9.2887515499376,147.22830856991,-9.2887515499376,147.22830856991,-9.2887515499376,147.22830856991
2963,15.13461472,24.337228743333,15.13461472,24.337228743333,15.13461472,24.337228743333
2964,9.86541,-83.919872,9.86541,-83.919872,9.86541,-83.919872
2965,15.5181004125,-88.022790445,15.5181004125,-88.022790445,15.5181004125,-88.022790445
2966,-44.287588443717,171.00097483198,-44.287588443717,171.00097483198,-44.287588443717,171.00097483198
2967,15.524856177889,-88.023430675879,15.524856177889,-88.023430675879,15.524856177889,-88.023430675879
2968,17.158694323579,-88.685237888,17.158694323579,-88.685237888,17.158694323579,-88.685237888
2969,-17.550546,-149.880588,-17.550546,-149.880588,-17.550546,-149.880588
2970,-35.3711291,-62.246648,-35.3711291,-62.246648,-35.3711291,-62.246648
2971,8.7756514549,-82.4353794102,8.7756514549,-82.4353794102,8.7756514549,-82.4353794102
2972,-0.54332717233186,166.94815721705,-0.54332717233186,166.94815721705,-0.54332717233186,166.94815721705
2973,15.698133021055,-86.502849586907,15.698133021055,-86.502849586907,15.698133021055,-86.502849586907
2974,34.212748038416,134.36446865508,34.212748038416,134.36446865508,34.212748038416,134.36446865508
2975,9.6739228374347,-83.890825485118,9.6739228374347,-83.890825485118,9.6739228374347,-83.890825485118
2976,-35.019746083333,117.91216925,-35.019746083333,117.91216925,-35.019746083333,117.91216925
2977,-35.3949758,-62.4228025,-35.3949758,-62.4228025,-35.3949758,-62.4228025
2978,-36.777356278679,-59.823041202402,-36.777356278679,-59.823041202402,-36.777356278679,-59.823041202402
2979,15.287097717071,-85.701686337172,15.287097717071,-85.701686337172,15.287097717071,-85.701686337172
2980,-33.10406707116,-33.778621707926,-33.10406707116,-33.778621707926,-33.10406707116,-33.778621707926
2981,2.0024788107217,-157.48201470537,2.0024788107217,-157.48201470537,2.0024788107217,-157.48201470537
2982,8.4389765998992,-82.435214,8.4389765998992,-82.435214,8.4389765998992,-82.435214
2983,-23.4183389,-57.4491164,-23.4183389,-57.4491164,-23.4183389,-57.4491164
2984,-22.754655,-54.050910033333,-22.754655,-54.050910033333,-22.754655,-54.050910033333
2985,15.4389031225,-87.979545225,15.4389031225,-87.979545225,15.4389031225,-87.979545225
2986,9.941838,-84.065896,9.941838,-84.065896,9.941838,-84.065896
2987,9.9301399,-84.071533,9.9301399,-84.071533,9.9301399,-84.071533
2988,24.967978,56.219609,24.967978,56.219609,24.967978,56.219609
2989,9.9381676704434,-84.078087666798,9.9381676704434,-84.078087666798,9.9381676704434,-84.078087666798
2990,-23.3992694,-57.4209972,-23.3992694,-57.4209972,-23.3992694,-57.4209972
2991,25.38016,105.636433,25.38016,105.636433,25.38016,105.636433
2992,-4.4280479,-56.2878237,-4.4280479,-56.2878237,-4.4280479,-56.2878237
2993,9.8730734,-83.943887,9.8730734,-83.943887,9.8730734,-83.943887
2994,14.677853718534,-17.457851037553,14.677853718534,-17.457851037553,14.677853718534,-17.457851037553
2995,-35.4663358,-62.3602939,-35.4663358,-62.3602939,-35.4663358,-62.3602939
2996,5.059509,9.991617,5.059509,9.991617,5.059509,9.991617
2997,17.036594983066,-25.12026837828124,17.036594983066,-25.12026837828124,17.036594983066,-25.12026837828124
2998,34.04035275,-109.59859797,34.04035275,-109.59859797,34.04035275,-109.59859797
2999,15.426463,-88.039351,15.426463,-88.039351,15.426463,-88.039351
3000,14.9146152,100.40404959997,14.9146152,100.40404959997,14.9146152,100.40404959997
3001,-23.35002595,43.66944677,-23.35002595,43.66944677,-23.35002595,43.66944677
3002,15.479372295477,-88.027754673869,15.479372295477,-88.027754673869,15.479372295477,-88.027754673869
3003,5.032298,9.960571,5.032298,9.960571,5.032298,9.960571
3004,9.1121370401198,-83.288725782635,9.1121370401198,-83.288725782635,9.1121370401198,-83.288725782635
3005,14.943426022767,-86.149796342493,14.943426022767,-86.149796342493,14.943426022767,-86.149796342493
3006,9.8409187939699,-83.917988125628,9.8409187939699,-83.917988125628,9.8409187939699,-83.917988125628
3007,8.7426564283889,-82.432898283,8.7426564283889,-82.432898283,8.7426564283889,-82.432898283
3008,9.9327154789515,-83.882352031056,9.9327154789515,-83.882352031056,9.9327154789515,-83.882352031056
3009,13.935312330071,-89.85635873816,13.935312330071,-89.85635873816,13.935312330071,-89.85635873816
3010,43.42426721001,-114.25223067336,43.42426721001,-114.25223067336,43.42426721001,-114.25223067336
3011,5.10007549,9.9344592899999,5.10007549,9.9344592899999,5.10007549,9.9344592899999
3012,9.9223643735385,-84.080820846862,9.9223643735385,-84.080820846862,9.9223643735385,-84.080820846862
3013,8.9474626,-83.4601855,8.9474626,-83.4601855,8.9474626,-83.4601855
3014,-33.3787068868,-70.6511319172,-33.3787068868,-70.6511319172,-33.3787068868,-70.6511319172
3015,-51.717595181437,-58.075647900599,-51.717595181437,-58.075647900599,-51.717595181437,-58.075647900599
3016,8.6472993222008,-82.438834608398,8.6472993222008,-82.438834608398,8.6472993222008,-82.438834608398
3017,8.5614942,-82.4157736,8.5614942,-82.4157736,8.5614942,-82.4157736
3018,-19.57363842672,135.63519575652,-19.57363842672,135.63519575652,-19.57363842672,135.63519575652
3019,15.100220773131,-85.850103214747,15.100220773131,-85.850103214747,15.100220773131,-85.850103214747
3020,9.94609,-84.06319,9.94609,-84.06319,9.94609,-84.06319
3021,-21.281631651664,55.795688251667,-21.281631651664,55.795688251667,-21.281631651664,55.795688251667
3022,25.934546766667,88.856393834444,25.934546766667,88.856393834444,25.934546766667,88.856393834444
3023,8.7517027,-83.3515175,8.7517027,-83.3515175,8.7517027,-83.3515175
3024,-35.3989778,-62.4347881,-35.3989778,-62.4347881,-35.3989778,-62.4347881
3025,9.867002,-83.931083,9.867002,-83.931083,9.867002,-83.931083
3026,-24.146340240593,150.28661155678,-24.146340240593,150.28661155678,-24.146340240593,150.28661155678
3027,17.2253354,-88.4105073,17.2253354,-88.4105073,17.2253354,-88.4105073
3028,-16.292845599972,-39.0305472,-16.292845599972,-39.0305472,-16.292845599972,-39.0305472
3029,15.5077319275,-88.0192865145,15.5077319275,-88.0192865145,15.5077319275,-88.0192865145
3030,15.590032674747,-85.709238575758,15.590032674747,-85.709238575758,15.590032674747,-85.709238575758
3031,14.680991517861,-86.301352334446,14.680991517861,-86.301352334446,14.680991517861,-86.301352334446
3032,-44.7006822,169.1896112,-44.7006822,169.1896112,-44.7006822,169.1896112
3033,32.900303333306,-8.2326864999722,32.900303333306,-8.2326864999722,32.900303333306,-8.2326864999722
3034,9.867043,-83.932105,9.867043,-83.932105,9.867043,-83.932105
3035,14.0054651722,-89.5477335434,14.0054651722,-89.5477335434,14.0054651722,-89.5477335434
3036,34.01673637,-109.5694386,34.01673637,-109.5694386,34.01673637,-109.5694386
3037,1.9984778165817,-157.48052978516,1.9984778165817,-157.48052978516,1.9984778165817,-157.48052978516
3038,9.929792,-84.078946,9.929792,-84.078946,9.929792,-84.078946
3039,27.68998625,86.72905215,27.68998625,86.72905215,27.68998625,86.72905215
3040,-16.482247612576,168.21599591704,-16.482247612576,168.21599591704,-16.482247612576,168.21599591704
3041,15.399326047,-88.1679611575,15.399326047,-88.1679611575,15.399326047,-88.1679611575
3042,7.0920896215771,171.12379742448,7.0920896215771,171.12379742448,7.0920896215771,171.12379742448
3043,-17.792207146648,168.45618045696,-17.792207146648,168.45618045696,-17.792207146648,168.45618045696
3044,-54.355288888889,-67.251233333333,-54.355288888889,-67.251233333333,-54.355288888889,-67.251233333333
3045,-23.396677777778,-57.445024722222,-23.396677777778,-57.445024722222,-23.396677777778,-57.445024722222
3046,15.383719808,-87.98231432,15.383719808,-87.98231432,15.383719808,-87.98231432
3047,9.935565,-84.057667,9.935565,-84.057667,9.935565,-84.057667
3048,9.9084066599296,-83.975223283656,9.9084066599296,-83.975223283656,9.9084066599296,-83.975223283656
3049,-45.406789,167.7204559,-45.406789,167.7204559,-45.406789,167.7204559
3050,17.223766716213,-88.925949297928,17.223766716213,-88.925949297928,17.223766716213,-88.925949297928
3051,-19.680512001063,-42.981190024644,-19.680512001063,-42.981190024644,-19.680512001063,-42.981190024644
3052,9.2800891,-83.8251871,9.2800891,-83.8251871,9.2800891,-83.8251871
3053,9.9269745017737,-84.061892301651,9.9269745017737,-84.061892301651,9.9269745017737,-84.061892301651
3054,13.3852907,144.6575184,13.3852907,144.6575184,13.3852907,144.6575184
3055,26.117764357673,88.61392499669,26.117764357673,88.61392499669,26.117764357673,88.61392499669
3056,-23.407752777778,-57.450469444444,-23.407752777778,-57.450469444444,-23.407752777778,-57.450469444444
3057,9.945246,-84.061387,9.945246,-84.061387,9.945246,-84.061387
3058,9.880976665,-83.919842535,9.880976665,-83.919842535,9.880976665,-83.919842535
3059,-36.830575365672,139.85098981219,-36.830575365672,139.85098981219,-36.830575365672,139.85098981219
3060,9.8855632,-84.083868899972,9.8855632,-84.083868899972,9.8855632,-84.083868899972
3061,43.457089171483,-114.2575078509,43.457089171483,-114.2575078509,43.457089171483,-114.2575078509
3062,-29.028140127086,167.94383302513,-29.028140127086,167.94383302513,-29.028140127086,167.94383302513
3063,33.934691623393,-109.93722865887,33.934691623393,-109.93722865887,33.934691623393,-109.93722865887
3064,15.1659176,120.57501999997,15.1659176,120.57501999997,15.1659176,120.57501999997
3065,9.940101,-84.002387,9.940101,-84.002387,9.940101,-84.002387
3066,1.3855242999722,173.1423037,1.3855242999722,173.1423037,1.3855242999722,173.1423037
3067,9.90189045,-84.05305571,9.90189045,-84.05305571,9.90189045,-84.05305571
3068,-44.304875124675,171.01044618643,-44.304875124675,171.01044618643,-44.304875124675,171.01044618643
3069,21.002346038818,-89.611503601074,21.002346038818,-89.611503601074,21.002346038818,-89.611503601074
3070,21.189701080322,-86.848236083984,21.189701080322,-86.848236083984,21.189701080322,-86.848236083984
3071,25.22524532,105.73618924,25.22524532,105.73618924,25.22524532,105.73618924
3072,19.304811,-81.097622,19.304811,-81.097622,19.304811,-81.097622
3073,-77.8461786,166.6669886,-77.8461786,166.6669886,-77.8461786,166.6669886
3074,17.231439039901,-88.844331895665,17.231439039901,-88.844331895665,17.231439039901,-88.844331895665
3075,9.94093,-83.998881,9.94093,-83.998881,9.94093,-83.998881
3076,15.291338878,-88.255677115,15.291338878,-88.255677115,15.291338878,-88.255677115
3077,9.912664,-84.029818,9.912664,-84.029818,9.912664,-84.029818
3078,-21.037976666667,13.545701666667,-21.037976666667,13.545701666667,-21.037976666667,13.545701666667
3079,-17.68685,168.262851,-17.68685,168.262851,-17.68685,168.262851
3080,15.608949,-87.956353,15.608949,-87.956353,15.608949,-87.956353
3081,21.070970535278,-86.780166625977,21.070970535278,-86.780166625977,21.070970535278,-86.780166625977
3082,20.740955046734,-88.197528193467,20.740955046734,-88.197528193467,20.740955046734,-88.197528193467
3083,-34.868303123045,173.38132564897,-34.868303123045,173.38132564897,-34.868303123045,173.38132564897
3084,9.90876,-84.040269,9.90876,-84.040269,9.90876,-84.040269
3085,-12.375212916849,130.88511664506,-12.375212916849,130.88511664506,-12.375212916849,130.88511664506
3086,13.581495048142,144.85507908216,13.581495048142,144.85507908216,13.581495048142,144.85507908216
3087,25.441905,105.950494,25.441905,105.950494,25.441905,105.950494
3088,-24.126294307859,150.23594659957,-24.126294307859,150.23594659957,-24.126294307859,150.23594659957
3089,26.4970748127,-78.6899376288,26.4970748127,-78.6899376288,26.4970748127,-78.6899376288
3090,14.923266399972,100.2722157,14.923266399972,100.2722157,14.923266399972,100.2722157
3091,32.5204835,117.7581709,32.5204835,117.7581709,32.5204835,117.7581709
3092,26.5471156,78.6968615,26.5471156,78.6968615,26.5471156,78.6968615
3093,14.6785118,-17.444354499972,14.6785118,-17.444354499972,14.6785118,-17.444354499972
3094,4.1756209690313,73.517351560709,4.1756209690313,73.517351560709,4.1756209690313,73.517351560709
3095,25.281585,105.781886,25.281585,105.781886,25.281585,105.781886
3096,-0.54144053830303,166.91309048485,-0.54144053830303,166.91309048485,-0.54144053830303,166.91309048485
3097,-37.3301354,-59.0792038,-37.3301354,-59.0792038,-37.3301354,-59.0792038
3098,-32.340431767865,121.75908483167,-32.340431767865,121.75908483167,-32.340431767865,121.75908483167
3099,-33.633826,0.282452,-33.633826,0.282452,-33.633826,0.282452
3100,-36.523222836533,150.03330627393,-36.523222836533,150.03330627393,-36.523222836533,150.03330627393
3101,25.5301152,45.943164,25.5301152,45.943164,25.5301152,45.943164
3102,-77.8459036,166.6704244,-77.8459036,166.6704244,-77.8459036,166.6704244
3103,33.97625862,-109.50099453,33.97625862,-109.50099453,33.97625862,-109.50099453
3104,-45.434213599972,167.7142776,-45.434213599972,167.7142776,-45.434213599972,167.7142776
3105,15.1498291,25.274303431183,15.1498291,25.274303431183,15.1498291,25.274303431183
3106,2.8017032934959,24.723140097561,2.8017032934959,24.723140097561,2.8017032934959,24.723140097561
3107,33.505888905731,0.70893594624506,33.505888905731,0.70893594624506,33.505888905731,0.70893594624506
3108,23.9889144,90.2578945,23.9889144,90.2578945,23.9889144,90.2578945
3109,14.901704426667,103.69720592667,14.901704426667,103.69720592667,14.901704426667,103.69720592667
3110,12.432020804847,21.610332140698,12.432020804847,21.610332140698,12.432020804847,21.610332140698
3111,21.4902259,39.2478194,21.4902259,39.2478194,21.4902259,39.2478194
3112,21.604196927651,39.207954823685,21.604196927651,39.207954823685,21.604196927651,39.207954823685
3113,-34.501717887411,172.80136984964,-34.501717887411,172.80136984964,-34.501717887411,172.80136984964
3114,14.939090966667,103.78583986667,14.939090966667,103.78583986667,14.939090966667,103.78583986667
3115,13.369450972727,44.844211121558,13.369450972727,44.844211121558,13.369450972727,44.844211121558
3116,5.2909592,48.4277465,5.2909592,48.4277465,5.2909592,48.4277465
3117,-20.932166892059,55.531194989489,-20.932166892059,55.531194989489,-20.932166892059,55.531194989489
3118,32.4417047,117.80139,32.4417047,117.80139,32.4417047,117.80139
3119,-19.433387013221,135.40090971074,-19.433387013221,135.40090971074,-19.433387013221,135.40090971074
3120,-34.72844450303,173.04375060636,-34.72844450303,173.04375060636,-34.72844450303,173.04375060636
3121,24.6165251,72.5245432,24.6165251,72.5245432,24.6165251,72.5245432
3122,40.279406221822,-11.792088068569,40.279406221822,-11.792088068569,40.279406221822,-11.792088068569
3123,33.949517554447,-109.81791283481,33.949517554447,-109.81791283481,33.949517554447,-109.81791283481
3124,-9.4380805555556,160.10615027778,-9.4380805555556,160.10615027778,-9.4380805555556,160.10615027778
3125,-9.4357311159177,160.11165036673,-9.4357311159177,160.11165036673,-9.4357311159177,160.11165036673
3126,-9.5303173482686,160.08964730468,-9.5303173482686,160.08964730468,-9.5303173482686,160.08964730468
3127,4.2516849,73.5534998,4.2516849,73.5534998,4.2516849,73.5534998
3128,6.6435409000025,81.1179308,6.6435409000025,81.1179308,6.6435409000025,81.1179308
3129,0.0,-103.2216722,0.0,-103.2216722,0.0,-103.2216722
3130,15.1323222,21.595718931822,15.1323222,21.595718931822,15.1323222,21.595718931822
3131,14.859162303614,-24.71673476988,14.859162303614,-24.71673476988,14.859162303614,-24.71673476988
3132,33.962667463665,-109.92479187412,33.962667463665,-109.92479187412,33.962667463665,-109.92479187412
3133,-46.041150516873,170.06419097089,-46.041150516873,170.06419097089,-46.041150516873,170.06419097089
3134,-21.2719856,-159.749406,-21.2719856,-159.749406,-21.2719856,-159.749406
3135,20.4956304,39.7997792,20.4956304,39.7997792,20.4956304,39.7997792
3136,-19.73367441665,135.8618696665,-19.73367441665,135.8618696665,-19.73367441665,135.8618696665
3137,-2.227335,-80.920331,-2.227335,-80.920331,-2.227335,-80.920331
3138,11.223044299998,41.450356299998,11.223044299998,41.450356299998,11.223044299998,41.450356299998
3139,17.923612,-15.4242923,17.923612,-15.4242923,17.923612,-15.4242923
3140,34.023256941576,-109.90584868077,34.023256941576,-109.90584868077,34.023256941576,-109.90584868077
3141,21.484461333333,39.1862495,21.484461333333,39.1862495,21.484461333333,39.1862495
3142,-20.11237,13.100541666667,-20.11237,13.100541666667,-20.11237,13.100541666667
3143,7.6570255,42.2262728,7.6570255,42.2262728,7.6570255,42.2262728
3144,14.885019359583,103.65310552917,14.885019359583,103.65310552917,14.885019359583,103.65310552917
3145,7.8237321,48.0103852,7.8237321,48.0103852,7.8237321,48.0103852
3146,-13.847755972994,136.43263049667,-13.847755972994,136.43263049667,-13.847755972994,136.43263049667
3147,9.6220772,41.816716,9.6220772,41.816716,9.6220772,41.816716
3148,34.03979958,-109.58995942,34.03979958,-109.58995942,34.03979958,-109.58995942
3149,14.900047628761,103.71995311038,14.900047628761,103.71995311038,14.900047628761,103.71995311038
3150,8.3438844018678,59.867232891092,8.3438844018678,59.867232891092,8.3438844018678,59.867232891092
3151,-45.340982,170.550262,-45.340982,170.550262,-45.340982,170.550262
3152,26.534107,78.752606,26.534107,78.752606,26.534107,78.752606
3153,15.1498291,24.549786293634,15.1498291,24.549786293634,15.1498291,24.549786293634
3154,34.028916872058,-109.91057527952,34.028916872058,-109.91057527952,34.028916872058,-109.91057527952
3155,5.113883866002,-1.2453707680118,5.113883866002,-1.2453707680118,5.113883866002,-1.2453707680118
3156,-27.12554,-109.291269,-27.12554,-109.291269,-27.12554,-109.291269
3157,17.9983586,-15.6536668,17.9983586,-15.6536668,17.9983586,-15.6536668
3158,43.374686728169,-114.26708150159,43.374686728169,-114.26708150159,43.374686728169,-114.26708150159
3159,-33.857605533434,121.89686374306,-33.857605533434,121.89686374306,-33.857605533434,121.89686374306
3160,14.892222936374,103.66506770302,14.892222936374,103.66506770302,14.892222936374,103.66506770302
3161,21.463426648883,39.235056667419,21.463426648883,39.235056667419,21.463426648883,39.235056667419
3162,13.369220347727,41.129705682273,13.369220347727,41.129705682273,13.369220347727,41.129705682273
3163,33.968008235805,-109.92527781374,33.968008235805,-109.92527781374,33.968008235805,-109.92527781374
3164,21.682335957905,39.109821058846,21.682335957905,39.109821058846,21.682335957905,39.109821058846
3165,13.3568278,44.734489319259,13.3568278,44.734489319259,13.3568278,44.734489319259
3166,14.6994175,-17.468104700002,14.6994175,-17.468104700002,14.6994175,-17.468104700002
3167,14.892626131425,103.66604036213,14.892626131425,103.66604036213,14.892626131425,103.66604036213
3168,15.532738681095,-1.3519321562189,15.532738681095,-1.3519321562189,15.532738681095,-1.3519321562189
3169,-6.1068420999723,177.3402091,-6.1068420999723,177.3402091,-6.1068420999723,177.3402091
3170,33.692863184046,0.95324521960375,33.692863184046,0.95324521960375,33.692863184046,0.95324521960375
3171,14.925724038462,103.77534891154,14.925724038462,103.77534891154,14.925724038462,103.77534891154
3172,14.896674066667,103.67629867778,14.896674066667,103.67629867778,14.896674066667,103.67629867778
3173,13.3576497,47.765939310345,13.3576497,47.765939310345,13.3576497,47.765939310345
3174,-17.8929891,178.56230289997,-17.8929891,178.56230289997,-17.8929891,178.56230289997
3175,14.90025573,103.7153141,14.90025573,103.7153141,14.90025573,103.7153141
3176,7.1190922971934,171.05716343059,7.1190922971934,171.05716343059,7.1190922971934,171.05716343059
3177,14.9429962,103.82267255,14.9429962,103.82267255,14.9429962,103.82267255
3178,24.958359,56.211654499966,24.958359,56.211654499966,24.958359,56.211654499966
3179,-21.2250183,-159.7400304,-21.2250183,-159.7400304,-21.2250183,-159.7400304
3180,25.3311887,49.1139595,25.3311887,49.1139595,25.3311887,49.1139595
3181,-33.8614333,121.8914733,-33.8614333,121.8914733,-33.8614333,121.8914733
3182,-28.3246616,17.9927988,-28.3246616,17.9927988,-28.3246616,17.9927988
3183,-51.834702691182,-58.428713201603,-51.834702691182,-58.428713201603,-51.834702691182,-58.428713201603
3184,15.811923597531,-1.292467132716,15.811923597531,-1.292467132716,15.811923597531,-1.292467132716
3185,6.437578,46.7852912,6.437578,46.7852912,6.437578,46.7852912
3186,-34.872496812999,173.36811823378,-34.872496812999,173.36811823378,-34.872496812999,173.36811823378
3187,-9.4575177777778,160.101945,-9.4575177777778,160.101945,-9.4575177777778,160.101945
3188,12.156738652845,21.381376096981,12.156738652845,21.381376096981,12.156738652845,21.381376096981
3189,16.0251797,80.9155776,16.0251797,80.9155776,16.0251797,80.9155776
3190,27.0955076,142.2166695,27.0955076,142.2166695,27.0955076,142.2166695
3191,11.584476480718,43.154736104537,11.584476480718,43.154736104537,11.584476480718,43.154736104537
3192,27.099466781143,142.21354140026,27.099466781143,142.21354140026,27.099466781143,142.21354140026
3193,14.972543,-23.6629137,14.972543,-23.6629137,14.972543,-23.6629137
3194,33.983024946517,-109.83969265358,33.983024946517,-109.83969265358,33.983024946517,-109.83969265358
3195,23.504881399998,39.867796,23.504881399998,39.867796,23.504881399998,39.867796
3196,12.966388888889,21.823623329403,12.966388888889,21.823623329403,12.966388888889,21.823623329403
3197,14.902459216667,103.73419922333,14.902459216667,103.73419922333,14.902459216667,103.73419922333
3198,21.787364747336,39.156194352816,21.787364747336,39.156194352816,21.787364747336,39.156194352816
3199,14.5159078,62.45962568,14.5159078,62.45962568,14.5159078,62.45962568
3200,14.906755616667,103.74979651667,14.906755616667,103.74979651667,14.906755616667,103.74979651667
3201,-4.389450280303,26.657759656566,-4.389450280303,26.657759656566,-4.389450280303,26.657759656566
3202,7.905012,52.168987,7.905012,52.168987,7.905012,52.168987
3203,14.895235746667,103.67069874,14.895235746667,103.67069874,14.895235746667,103.67069874
3204,21.554654518496,39.163199987278,21.554654518496,39.163199987278,21.554654518496,39.163199987278
3205,13.2490336,44.773002099972,13.2490336,44.773002099972,13.2490336,44.773002099972
3206,-2.227212,-80.936511,-2.227212,-80.936511,-2.227212,-80.936511
3207,7.5759921566667,58.876260876667,7.5759921566667,58.876260876667,7.5759921566667,58.876260876667
3208,-4.0122310731154,122.50960788849,-4.0122310731154,122.50960788849,-4.0122310731154,122.50960788849
3209,1.3601312,173.0730544,1.3601312,173.0730544,1.3601312,173.0730544
3210,15.1025614,50.52573893,15.1025614,50.52573893,15.1025614,50.52573893
3211,15.123375416667,17.383723966667,15.123375416667,17.383723966667,15.123375416667,17.383723966667
3212,13.370444756818,60.850352741753,13.370444756818,60.850352741753,13.370444756818,60.850352741753
3213,-20.922998187309,55.526974462026,-20.922998187309,55.526974462026,-20.922998187309,55.526974462026
3214,11.1213289072,42.3327255564,11.1213289072,42.3327255564,11.1213289072,42.3327255564
3215,-9.494379,160.338409,-9.494379,160.338409,-9.494379,160.338409
3216,21.3782391,39.8059065,21.3782391,39.8059065,21.3782391,39.8059065
3217,24.786888155298,70.50969469253,24.786888155298,70.50969469253,24.786888155298,70.50969469253
3218,21.470985233334,3.3460405000001,21.470985233334,3.3460405000001,21.470985233334,3.3460405000001
3219,-0.89901916666667,-89.609458055556,-0.89901916666667,-89.609458055556,-0.89901916666667,-89.609458055556
3220,1.357597,172.9327985,1.357597,172.9327985,1.357597,172.9327985
3221,-17.379032503611,178.15388054583,-17.379032503611,178.15388054583,-17.379032503611,178.15388054583
3222,25.012352100001,56.362534100002,25.012352100001,56.362534100002,25.012352100001,56.362534100002
3223,31.6508532,119.0308152,31.6508532,119.0308152,31.6508532,119.0308152
3224,-27.10138270576,-109.37621989616,-27.10138270576,-109.37621989616,-27.10138270576,-109.37621989616
3225,21.570044180493,39.190098083358,21.570044180493,39.190098083358,21.570044180493,39.190098083358
3226,21.532881888581,39.159117545969,21.532881888581,39.159117545969,21.532881888581,39.159117545969
3227,-33.869755555113,121.89185665654,-33.869755555113,121.89185665654,-33.869755555113,121.89185665654
3228,37.825240856854,-25.740106349899,37.825240856854,-25.740106349899,37.825240856854,-25.740106349899
3229,12.289610306205,-69.073845720956,12.289610306205,-69.073845720956,12.289610306205,-69.073845720956
3230,12.189393781414,-69.061380847349,12.189393781414,-69.061380847349,12.189393781414,-69.061380847349
3231,15.117137638159447,15.1498291,15.117137638159447,15.1498291,15.117137638159447,15.1498291
3232,0.0,-103.29921299991,0.0,-103.29921299991,0.0,-103.29921299991
3233,-33.826027777778,121.852,-33.826027777778,121.852,-33.826027777778,121.852
3234,9.7461979379415,118.75123734521,9.7461979379415,118.75123734521,9.7461979379415,118.75123734521
3235,15.1498698,10.2181476936,15.1498698,10.2181476936,15.1498698,10.2181476936
3236,-43.823186,173.057538,-43.823186,173.057538,-43.823186,173.057538
3237,-23.4798632,-67.9884014,-23.4798632,-67.9884014,-23.4798632,-67.9884014
3238,-33.753513036036,121.74037542543,-33.753513036036,121.74037542543,-33.753513036036,121.74037542543
3239,6.5317362,47.2164857,6.5317362,47.2164857,6.5317362,47.2164857
3240,-19.693923,135.805071333,-19.693923,135.805071333,-19.693923,135.805071333
3241,24.0270185,90.2736105,24.0270185,90.2736105,24.0270185,90.2736105
3242,-44.3168002735,171.01490873503,-44.3168002735,171.01490873503,-44.3168002735,171.01490873503
3243,-20.287767,15.8727759,-20.287767,15.8727759,-20.287767,15.8727759
3244,-4.2614567,-55.9938996,-4.2614567,-55.9938996,-4.2614567,-55.9938996
3245,33.942020944295,-109.73593230496,33.942020944295,-109.73593230496,33.942020944295,-109.73593230496
3246,-25.5643344,18.4176136,-25.5643344,18.4176136,-25.5643344,18.4176136
3247,34.039689799722,-109.83338862524,34.039689799722,-109.83338862524,34.039689799722,-109.83338862524
3248,31.870225,118.638437,31.870225,118.638437,31.870225,118.638437
3249,-20.730938818056,14.843537304444,-20.730938818056,14.843537304444,-20.730938818056,14.843537304444
3250,7.061648,171.2041856,7.061648,171.2041856,7.061648,171.2041856
3251,-35.114396166667,150.0877535,-35.114396166667,150.0877535,-35.114396166667,150.0877535
3252,-25.5639917,18.4185003,-25.5639917,18.4185003,-25.5639917,18.4185003
3253,-20.9398932,55.5309671,-20.9398932,55.5309671,-20.9398932,55.5309671
3254,7.296020125,56.001028106667,7.296020125,56.001028106667,7.296020125,56.001028106667
3255,34.000955,-109.54711066,34.000955,-109.54711066,34.000955,-109.54711066
3256,0.2166667,0.0,0.2166667,0.0,0.2166667,0.0
3257,0.87112369997222,108.93770139997,0.87112369997222,108.93770139997,0.87112369997222,108.93770139997
3258,5.0100307446,-52.4712931272,5.0100307446,-52.4712931272,5.0100307446,-52.4712931272
3259,-13.845443829823,136.19146438148,-13.845443829823,136.19146438148,-13.845443829823,136.19146438148
3260,32.478968312757,3.6855716999989,32.478968312757,3.6855716999989,32.478968312757,3.6855716999989
3261,-25.4968629775,16.311907013611,-25.4968629775,16.311907013611,-25.4968629775,16.311907013611
3262,9.5804404,138.1551829,9.5804404,138.1551829,9.5804404,138.1551829
3263,7.2615662122881,56.451149947119,7.2615662122881,56.451149947119,7.2615662122881,56.451149947119
3264,0.0,0.0,0.0,0.0,0.0,0.0
3265,2.0118458434924,-157.48403696767,2.0118458434924,-157.48403696767,2.0118458434924,-157.48403696767
3266,12.819484421053,21.805398054422,12.819484421053,21.805398054422,12.819484421053,21.805398054422
3267,-17.370394281944,178.2470915,-17.370394281944,178.2470915,-17.370394281944,178.2470915
3268,-35.002573125664,117.87282231308,-35.002573125664,117.87282231308,-35.002573125664,117.87282231308
3269,32.450724286781,139.76354495378,32.450724286781,139.76354495378,32.450724286781,139.76354495378
3270,18.808306999972,79.4133494,18.808306999972,79.4133494,18.808306999972,79.4133494
3271,-21.2004776,-159.80921,-21.2004776,-159.80921,-21.2004776,-159.80921
3272,7.6033977812672,58.490973689201,7.6033977812672,58.490973689201,7.6033977812672,58.490973689201
3273,33.945222703435,-109.73963821006,33.945222703435,-109.73963821006,33.945222703435,-109.73963821006
3274,14.6793867,-17.4434052,14.6793867,-17.4434052,14.6793867,-17.4434052
3275,17.9419891,-15.4748438,17.9419891,-15.4748438,17.9419891,-15.4748438
3276,34.041782055467,-109.83164282969,34.041782055467,-109.83164282969,34.041782055467,-109.83164282969
3277,0.0,-103.2975248,0.0,-103.2975248,0.0,-103.2975248
3278,-3.9296903176471,144.01260088824,-3.9296903176471,144.01260088824,-3.9296903176471,144.01260088824
3279,-43.7429961,-176.3397781,-43.7429961,-176.3397781,-43.7429961,-176.3397781
3280,-9.268698170333,147.23242178971,-9.268698170333,147.23242178971,-9.268698170333,147.23242178971
3281,-19.527909126819,135.57135050992,-19.527909126819,135.57135050992,-19.527909126819,135.57135050992
3282,-23.0687021,-68.1090352,-23.0687021,-68.1090352,-23.0687021,-68.1090352
3283,33.112133333333,139.78556666667,33.112133333333,139.78556666667,33.112133333333,139.78556666667
3284,-19.740972089199,135.87230370156,-19.740972089199,135.87230370156,-19.740972089199,135.87230370156
3285,33.977383954048,-109.76155383315,33.977383954048,-109.76155383315,33.977383954048,-109.76155383315
3286,5.1488321809846,45.426035665822,5.1488321809846,45.426035665822,5.1488321809846,45.426035665822
3287,5.6098142,-0.2031353,5.6098142,-0.2031353,5.6098142,-0.2031353
3288,5.1042168,-1.2504419,5.1042168,-1.2504419,5.1042168,-1.2504419
3289,22.276842927297,39.113411647983,22.276842927297,39.113411647983,22.276842927297,39.113411647983
3290,24.478533072399,39.595192680136,24.478533072399,39.595192680136,24.478533072399,39.595192680136
3291,15.119287300135,18.177325604595,15.119287300135,18.177325604595,15.119287300135,18.177325604595
3292,24.7176038,90.4301317,24.7176038,90.4301317,24.7176038,90.4301317
3293,34.03251933,-109.34991783,34.03251933,-109.34991783,34.03251933,-109.34991783
3294,-45.4117179,-72.67812,-45.4117179,-72.67812,-45.4117179,-72.67812
3295,15.169003362519,120.58410703763,15.169003362519,120.58410703763,15.169003362519,120.58410703763
3296,-52.218713494559,-68.973790053672,-52.218713494559,-68.973790053672,-52.218713494559,-68.973790053672
3297,6.9161073,81.621441799972,6.9161073,81.621441799972,6.9161073,81.621441799972
3298,6.7373334523353,81.365210283623,6.7373334523353,81.365210283623,6.7373334523353,81.365210283623
3299,5.1060783,-1.2417426,5.1060783,-1.2417426,5.1060783,-1.2417426
3300,-35.028160300732,117.8841640499,-35.028160300732,117.8841640499,-35.028160300732,117.8841640499
3301,-45.004523,170.758391,-45.004523,170.758391,-45.004523,170.758391
3302,40.267987765868,-11.799677584132,40.267987765868,-11.799677584132,40.267987765868,-11.799677584132
3303,37.4989176,-47.857638102857,37.4989176,-47.857638102857,37.4989176,-47.857638102857
3304,34.0537705,-109.7539606,34.0537705,-109.7539606,34.0537705,-109.7539606
3305,34.05107238237,-109.84128757939,34.05107238237,-109.84128757939,34.05107238237,-109.84128757939
3306,14.931308684968,-23.490544977948,14.931308684968,-23.490544977948,14.931308684968,-23.490544977948
3307,-32.598664543877,134.7207436046,-32.598664543877,134.7207436046,-32.598664543877,134.7207436046
3308,15.292861538485,-1.5607545924227,15.292861538485,-1.5607545924227,15.292861538485,-1.5607545924227
3309,-6.8131364,155.7211179,-6.8131364,155.7211179,-6.8131364,155.7211179
3310,-33.91479645062,-32.70171997879,-33.91479645062,-32.70171997879,-33.91479645062,-32.70171997879
3311,34.045419,-109.79725878974,34.045419,-109.79725878974,34.045419,-109.79725878974
3312,5.6264200619444,-0.1763932125,5.6264200619444,-0.1763932125,5.6264200619444,-0.1763932125
3313,21.3889315,39.8084387,21.3889315,39.8084387,21.3889315,39.8084387
3314,-36.826225545455,139.86258296529,-36.826225545455,139.86258296529,-36.826225545455,139.86258296529
3315,23.565594699999,39.8533665,23.565594699999,39.8533665,23.565594699999,39.8533665
3316,-33.396045448,-70.659404829,-33.396045448,-70.659404829,-33.396045448,-70.659404829
3317,14.866675117908,61.364778363072,14.866675117908,61.364778363072,14.866675117908,61.364778363072
3318,14.9646635,-23.6641137,14.9646635,-23.6641137,14.9646635,-23.6641137
3319,26.5058647469,-78.7192136049,26.5058647469,-78.7192136049,26.5058647469,-78.7192136049
3320,5.6126729,-0.1828115,5.6126729,-0.1828115,5.6126729,-0.1828115
3321,-4.1607952655771,138.98153361073,-4.1607952655771,138.98153361073,-4.1607952655771,138.98153361073
3322,-43.74837,-176.463784,-43.74837,-176.463784,-43.74837,-176.463784
3323,-4.3470823857974,55.771082108892,-4.3470823857974,55.771082108892,-4.3470823857974,55.771082108892
3324,0.0,-103.29669,0.0,-103.29669,0.0,-103.29669
3325,25.1112033,47.7757932,25.1112033,47.7757932,25.1112033,47.7757932
3326,37.748009180642,-25.634664801393,37.748009180642,-25.634664801393,37.748009180642,-25.634664801393
3327,26.7178545,0.174687,26.7178545,0.174687,26.7178545,0.174687
3328,-32.696121814371,134.81035936261,-32.696121814371,134.81035936261,-32.696121814371,134.81035936261
3329,32.901574833306,-8.2381701666667,32.901574833306,-8.2381701666667,32.901574833306,-8.2381701666667
3330,0.0,0.0,0.0,0.0,0.0,0.0
3331,22.71647638919,39.106521878284,22.71647638919,39.106521878284,22.71647638919,39.106521878284
3332,7.0994806940606,171.10295871798,7.0994806940606,171.10295871798,7.0994806940606,171.10295871798
3333,24.0496353,90.2359792,24.0496353,90.2359792,24.0496353,90.2359792
3334,33.622669718868,10.294942888679,33.622669718868,10.294942888679,33.622669718868,10.294942888679
3335,-23.721087536369,-65.461649089712,-23.721087536369,-65.461649089712,-23.721087536369,-65.461649089712
3336,13.35060622907,61.415154651163,13.35060622907,61.415154651163,13.35060622907,61.415154651163
3337,34.07275082,-109.84633303,34.07275082,-109.84633303,34.07275082,-109.84633303
3338,-8.0386548822392,-24.055691469164,-8.0386548822392,-24.055691469164,-8.0386548822392,-24.055691469164
3339,-36.70785512247,-59.758814696964,-36.70785512247,-59.758814696964,-36.70785512247,-59.758814696964
3340,-33.5149873782,-70.656648191,-33.5149873782,-70.656648191,-33.5149873782,-70.656648191
3341,17.018030909692,-25.05914180616,17.018030909692,-25.05914180616,17.018030909692,-25.05914180616
3342,33.406681810282,0.74231184153226,33.406681810282,0.74231184153226,33.406681810282,0.74231184153226
3343,-21.0416902509,55.7221234962,-21.0416902509,55.7221234962,-21.0416902509,55.7221234962
3344,14.6390422,60.035623174434,14.6390422,60.035623174434,14.6390422,60.035623174434
3345,-0.5356668,-90.314485199972,-0.5356668,-90.314485199972,-0.5356668,-90.314485199972
3346,5.3685249233733,162.99629379498,5.3685249233733,162.99629379498,5.3685249233733,162.99629379498
3347,1.3598446,173.1596394,1.3598446,173.1596394,1.3598446,173.1596394
3348,33.54334170607,-117.17708836172,33.54334170607,-117.17708836172,33.54334170607,-117.17708836172
3349,-17.32230999,178.20360305,-17.32230999,178.20360305,-17.32230999,178.20360305
3350,-4.3489367561455,55.775363668851,-4.3489367561455,55.775363668851,-4.3489367561455,55.775363668851
3351,-1.489798,40.032366,-1.489798,40.032366,-1.489798,40.032366
3352,-17.632104707778,178.26022862444,-17.632104707778,178.26022862444,-17.632104707778,178.26022862444
3353,5.6181448420561,-0.18194835794393,5.6181448420561,-0.18194835794393,5.6181448420561,-0.18194835794393
3354,21.972451918883,39.123579620299,21.972451918883,39.123579620299,21.972451918883,39.123579620299
3355,1.5248857274728,124.92104307916,1.5248857274728,124.92104307916,1.5248857274728,124.92104307916
3356,-16.621899689718,38.871172961895,-16.621899689718,38.871172961895,-16.621899689718,38.871172961895
3357,-37.3244203,-59.0841813,-37.3244203,-59.0841813,-37.3244203,-59.0841813
3358,21.4024046,39.8108485,21.4024046,39.8108485,21.4024046,39.8108485
3359,34.243429299998,134.6625304,34.243429299998,134.6625304,34.243429299998,134.6625304
3360,21.403283846928,39.426723589577,21.403283846928,39.426723589577,21.403283846928,39.426723589577
3361,15.1216634,10.353487120741,15.1216634,10.353487120741,15.1216634,10.353487120741
3362,12.516874372957,21.700426116588,12.516874372957,21.700426116588,12.516874372957,21.700426116588
3363,-23.5796657,-67.8957698,-23.5796657,-67.8957698,-23.5796657,-67.8957698
3364,12.090495298614,21.578670172019,12.090495298614,21.578670172019,12.090495298614,21.578670172019
3365,-44.421906592222,169.1842398325,-44.421906592222,169.1842398325,-44.421906592222,169.1842398325
3366,-0.54398893019401,166.94993553696,-0.54398893019401,166.94993553696,-0.54398893019401,166.94993553696
3367,6.5443541,47.2560126,6.5443541,47.2560126,6.5443541,47.2560126
3368,-4.3939996,-56.2814659,-4.3939996,-56.2814659,-4.3939996,-56.2814659
3369,5.261213349,162.9990026172,5.261213349,162.9990026172,5.261213349,162.9990026172
3370,-0.0423506,42.4184216,-0.0423506,42.4184216,-0.0423506,42.4184216
3371,32.2922644112,-64.7848806996,32.2922644112,-64.7848806996,32.2922644112,-64.7848806996
3372,5.6243066918144,-0.2188053274109,5.6243066918144,-0.2188053274109,5.6243066918144,-0.2188053274109
3373,-15.47637659106,145.2576314671,-15.47637659106,145.2576314671,-15.47637659106,145.2576314671
3374,-4.7203781,145.6388097,-4.7203781,145.6388097,-4.7203781,145.6388097
3375,12.060128711166,21.389909964054,12.060128711166,21.389909964054,12.060128711166,21.389909964054
3376,7.3043688666667,56.841081385333,7.3043688666667,56.841081385333,7.3043688666667,56.841081385333
3377,14.6792341,-17.459748,14.6792341,-17.459748,14.6792341,-17.459748
3378,-17.810102499972,178.7224448,-17.810102499972,178.7224448,-17.810102499972,178.7224448
3379,14.701645,-17.4751342,14.701645,-17.4751342,14.701645,-17.4751342
3380,7.6984305515625,54.096463379063,7.6984305515625,54.096463379063,7.6984305515625,54.096463379063
3381,-45.4177963,-72.6822369,-45.4177963,-72.6822369,-45.4177963,-72.6822369
3382,16.189701200401,-0.53975112895792,16.189701200401,-0.53975112895792,16.189701200401,-0.53975112895792
3383,33.103440258251,139.78782078136,33.103440258251,139.78782078136,33.103440258251,139.78782078136
3384,5.6293520516667,-0.12414067972222,5.6293520516667,-0.12414067972222,5.6293520516667,-0.12414067972222
3385,5.368917529142,163.01393001594,5.368917529142,163.01393001594,5.368917529142,163.01393001594
3386,-20.921518067536,55.528952042294,-20.921518067536,55.528952042294,-20.921518067536,55.528952042294
3387,-11.660040578636,25.203943478335,-11.660040578636,25.203943478335,-11.660040578636,25.203943478335
3388,-32.560083428285,134.68011480441,-32.560083428285,134.68011480441,-32.560083428285,134.68011480441
3389,26.244355623438,-98.232268480505,26.244355623438,-98.232268480505,26.244355623438,-98.232268480505
3390,-36.5734436443,150.0267862879,-36.5734436443,150.0267862879,-36.5734436443,150.0267862879
3391,6.9595593000019,81.1151275,6.9595593000019,81.1151275,6.9595593000019,81.1151275
3392,5.1730138888889,-52.646413888889,5.1730138888889,-52.646413888889,5.1730138888889,-52.646413888889
3393,34.036405579381,-109.86253072514,34.036405579381,-109.86253072514,34.036405579381,-109.86253072514
3394,-33.489564703752,-70.656743589636,-33.489564703752,-70.656743589636,-33.489564703752,-70.656743589636
3395,37.762200096026,-25.286472920368,37.762200096026,-25.286472920368,37.762200096026,-25.286472920368
3396,-43.747709166667,-176.28150111111,-43.747709166667,-176.28150111111,-43.747709166667,-176.28150111111
3397,0.0,0.0,0.0,0.0,0.0,0.0
3398,-13.449392,-172.3707112,-13.449392,-172.3707112,-13.449392,-172.3707112
3399,34.03467270686,-109.79248248628,34.03467270686,-109.79248248628,34.03467270686,-109.79248248628
