gt_lat,gt_lon,pred_lat,pred_lon,error_km
16.146444599998,168.1148514,-11.584537456721709,24.33791999630002,16076.94473946868
-33.98184925644,-32.612652918486,-32.64251182105712,-34.97461257383852,265.22738478701075
-35.595377,-62.4435055,-29.370636732812702,-57.600686850432844,827.6121411934867
-3.9707426869888,122.5906746048,6.482120032661324,3.449324360046168,13273.786376769356
22.055194781733,-159.38694063739,-13.259045252883292,-63.998092670646464,11101.357405322231
17.9971477,-15.6410917,13.299419154855283,-21.928563057542004,851.9063948331037
40.269087605668,-11.799009156275,-1.2292322000685663,83.38479209111188,10535.602546208427
-4.5657694533971,136.87769099789,-5.98133096253132,127.55874965680572,1043.7334557943789
-35.3917309,-62.4237201,6.444821817288316,63.59141964744863,13651.81929886931
1.8509544711577,172.99873894097,-12.223322377358835,60.194638917400006,12528.421928048792
26.5579432,78.7202628,26.541575378700827,78.71313625867232,1.9531935284691733
1.9828404529191,-157.35593335685,1.6905782469398227,29.330480239564153,19166.89089397371
1.9902825470222,-157.37940550382,-1.9472455818180767,-47.70882754862609,12200.108749236037
1.9831686861805,-157.3657819861,8.53216541278217,-98.67496181884398,6533.014517935827
2.041881001924,-157.49023364798,-14.868774424912045,-58.867255373048096,10992.35519468208
22.688583324679,131.12826227172,-0.6306604642824855,20.245192525093707,12171.086548008498
-14.893372827309,50.27758068755,-22.97391214661772,106.91238164464104,5989.757484299177
-35.025622222222,117.87645555556,9.89154501612488,70.93858222667548,7017.871456026033
-77.8463677,166.6717459,-17.443673060354847,61.049443504677946,8470.248874345589
-27.100351125556,-109.37711997465,-22.518022183749142,-44.06863522951479,6538.597218614122
-27.140849,-109.411603,-13.857003701387244,113.85324708341561,13490.756889002605
4.7914388888889,51.779036111111,-2.955320666474417,68.41930372723863,2039.4993622754678
-18.612210349112,-174.00089703609,7.946503382950364,3.351710336241493,18795.112002507118
-27.098266705185,-109.37879372492,-29.035343576174512,-59.698170683365014,4843.120972014877
38.0006071919,-41.857120398158,38.03894419561531,-42.00594279355869,13.715979600032767
-77.8462596,166.6668388,-54.42170995567073,3.3892877647248,5262.817849183222
-8.1421162957581,-24.345313226706,-6.9702619546716145,-20.841413263414267,407.6132469582005
-35.086054043358,-32.561044387261,-35.06216743239625,-32.55837891054313,2.6671231724662814
27.945975,179.8463067,27.493756952363128,160.63702067923325,1889.56214417594
-67.567985,-68.122978333333,-20.535872203184518,-58.87187910693136,5270.080531607391
16.1335336,168.1298906,-25.10573798195698,-7.9350587576343,18936.871470000657
-27.100002753553,-109.37743984645,-13.85909782900446,-4.08084747065625,10766.826266303884
-18.846018,72.47929275,-0.5946773146319944,63.86305699411581,2236.5537833643466
2.043164789686,-157.48663920077,4.614159914093628,-62.5018611277063,10541.333356861005
38.07843726052,-47.7175375166,38.078437260503655,-47.71753752115738,3.989075281360017e-07
-6.2974772999722,176.3184621,-6.292175157764896,176.3152976145285,0.6855083182929625
2.0221870330489,-157.48903094376,-5.209115237665173,-19.460576220144965,15344.940177510316
-54.2647463596,-36.501215547357,-24.479932611602706,140.72650457680945,11255.037227005645
-4.5648755361457,136.86721415762,-13.539618318087019,144.92055445056442,1332.7394739102988
-77.8458894,166.6683252,6.362100452402146,92.70355961343675,10329.595747439767
-6.2946952999722,176.3210907,-8.421635330496844,90.9836294730929,9395.090234665025
-54.262541080876,-36.49784015495,-20.31732731435878,100.55679058725059,10768.162520153768
-33.713359,0.0,-0.9031920531993932,35.6717291192984,5205.070810681205
-77.8463774,166.6716091,-11.190509040635867,103.11484245426145,8188.2563292329205
-4.5651456880952,136.87114504127,18.215494548485157,-22.64234614528426,17320.263050970883
-36.035700762307,-32.667014264013,-35.8549285898795,-32.64684212583779,20.182806228469257
16.133585100003,168.129909,17.33407621310758,89.89883003917407,8266.912121270054
-27.101752896902,-109.37579874997,-2.3278729007088375,-83.20975493438026,3917.6929553699847
43.939628128418,-59.877183952711,33.47590111609077,-44.25671684118312,1780.8471743889231
38.06805925288,-50.6117926804,38.05922794606598,-53.07485636926247,215.62902351625036
37.988889419167,-50.208898339331,38.04064453382958,-43.12516446407224,620.4481653268898
-4.1018456769078,138.93215966343,-26.461083047604422,-59.333175406005026,16089.276098591374
-13.682447,50.021800599998,4.601833469478485,7.1796500508848835,5145.98870820911
38.049576713333,-44.781052506667,35.86646783565933,-48.541348114759906,412.92778039672686
-4.3340244646271,-12.958938351019,-4.106119010418655,-12.277490252362693,79.70412679962719
-27.094912359832,-109.38071075178,-9.521565597125146,40.796950523445624,14827.161649531887
37.4989176,-46.501526449524,37.49891759999999,-44.233626321819614,200.06510241769791
-6.2911852,176.3161641,-9.007680100383167,115.18475364429905,6736.733863552754
43.938013116899,-59.877024822532,43.937916144359946,-59.87702317640266,0.010783659918148952
-35.539056218967,-33.267712202583,-34.92481873024427,-33.64190059447641,76.28853196126428
-6.3113029154066,-18.871094536472,-6.515412903945676,-19.481393066139052,71.15410954140008
38.554098798333,-38.445941305,22.328274486789653,-36.53622557061745,1813.367684375137
-5.2860474224098,-15.80553206994,-4.302206632356655,-12.863801526060211,343.8251911908392
-35.698729345905,-32.629412049682,-35.621094441313524,-32.62074886882984,8.668015453728438
-27.098925492085,-109.37838422977,-18.292109992985495,9.423386651918474,11711.29066200292
-25.4847222,-124.2436111,-45.658222220000006,-27.151222220000005,8530.145373949877
-67.5718,-68.12929,-47.643507532343826,-53.359067124387956,2369.595764374966
-6.2938309999722,176.3158222,-6.227926319137469,167.79586012937295,941.7441898047039
38.07151858876,-49.647040959133,38.07298111419049,-49.23916673835444,35.704183599842295
-4.9953135567602,-14.937398257149,-5.879026659042636,-17.57740121684356,308.30960982392884
-56.936228080158,-28.014700948282,-56.93617065251713,-28.014434763700365,0.017364808862084725
-3.4052697078032,-10.182718105778,-6.079568770223942,-18.175636015198386,934.2323241976505
-34.320209915173,-32.475584809236,-35.078462250480015,-32.56019722869193,84.66788011179995
-54.421741616696,3.3888923584485,-54.42172150738453,3.38936037955379,0.030360996379271206
0.0,-180.0,-0.42799214497472327,23.845976487157518,17363.133086666458
1.5001989099929,124.89054551999,1.797756164613111,63.511843933554566,6821.941103113653
-4.0130178068343,-11.983733670417,-4.663212354848938,-13.927888690666432,227.36091622239206
-35.802749685671,-32.999954620824,-34.912780290492215,-33.62927477914227,114.23630749062673
-27.111154390683,-109.37230189964,11.539311213646865,89.26212811650507,17410.236222724394
-35.003961111111,117.51656111111,5.405524853734072,54.19360031997386,7985.536487571621
-77.8461044,166.6672587,-27.35926680906282,57.776086214330725,7463.930410129285
-18.614455970495,-174.00302211366,-5.67666118436677,-6.843729861343456,16969.285171416523
-35.239222868994,-32.578136302866,-35.540809926307944,-32.61179002130234,33.673424983042516
-4.7734196759114,-14.272750836675,-4.715920385102768,-14.100825234754755,20.095954885793617
27.945975,179.8463067,31.007171982275253,67.00258927787576,10342.334967395109
-6.2868554,176.31439449997,9.05676709743221,78.1432547372963,11010.346071187054
-25.594301571447,-37.358759118259,-27.364319720508494,37.33635017910451,7316.2101865542745
-24.3366585,-128.3139861,-10.19972332775409,-59.572260533480794,7398.917039684678
-31.4055556,-130.3563889,-45.658222220000006,-27.151222220000005,8487.025510806468
-6.5023393154404,-19.458263937371,-6.4906584101723945,-19.421270278548487,4.288515246535341
-54.269396534706,-36.502881743979,-30.59411855846906,49.02637351010304,7017.092094193505
-5.7254426336942,-17.119344555597,-6.457170896981215,-19.307246707748362,255.22489769153248
22.645468659512,131.39413603825,7.972844669797047,53.863243081605816,8392.808275391242
27.945975,179.8463067,28.160206528478152,128.68934810676774,4980.917143389148
-67.570336666667,-68.12801,-35.55920765495588,-99.54257446579597,4073.6934079958905
38.06892408685,-50.370604750083,38.058207214811446,-53.35947214748344,261.65719201801835
39.436501041056,-31.257868409167,-10.164231312265677,40.13745670588224,9174.159044412969
0.0,-180.0,24.945560582156002,26.123500430319396,16067.342402536184
-54.421584682483,3.3908522688457,-54.42172376941145,3.3893782525911664,0.09660738452964825
-29.5197898146,-38.539660931473,-30.424329460588247,-37.66306563464799,131.32323967427226
1.514422229991,124.91755734999,10.272008711547068,103.688798075501,2539.658196061052
-7.7776670572399,-23.269001968737,-8.824373509919674,-22.452451486489256,147.03114047646523
-67.568265,-68.123328333333,-47.17532054649584,-16.798005615301676,3653.5046285697013
-3.9893352076181,122.51698689218,-3.3875227818287788,107.70485821262639,1644.9569385533448
-32.25066772436,-34.912202475437,-31.69729962298443,-35.647248077974304,92.69942288541954
-4.7465500962417,-14.204061043894,-4.522237391253936,-13.53280480726607,78.46604557530642
37.4989176,-30.458241265,37.498917600000006,-40.566403043788505,891.2939657029134
-3.8198401157788,-11.417453463835,-6.0179605505072296,-17.983134213813237,767.303341561639
-4.0358005932902,122.491733147,-15.476524580403925,64.38565584649577,6473.401828489938
-6.3448808766815,-18.94717797344,-6.765357748511218,-20.202812283857867,146.37507450678285
-33.981666666667,-112.43083333333,24.072331994303127,58.11232596823456,18581.552740581534
-30.36709345178,-37.414177169444,-32.39747657612908,-35.222490096651875,306.99597233652497
38.07930209449,-47.476349586284,38.079302094613354,-47.476349551880084,3.011336059019713e-06
-18.660563336637,-174.03955954745,0.0019181560160400196,41.06968699227312,15657.440112610735
-35.016202777778,117.88049166667,-22.636547079105892,20.595276601752662,9209.111222003568
-54.441028512134,-36.189404474605,-13.29965187150219,75.84653739121454,10168.050682030003
-6.6042330562628,-19.746969526909,-6.517155760248356,-19.486604289002553,30.347770765527475
37.51046224,-48.92063152,-14.202788709062505,69.35804299961451,13444.775951356067
2.0165954729413,-157.4856113487,-16.08561637684069,16.690936452654118,18325.689028454744
-4.9846274192707,-14.885168796677,-5.54426447981529,-16.556365339647886,195.22723287032906
-4.0410943237708,-12.083063360581,-3.8912985955585278,-11.635167040891789,52.40219324011394
-4.5663216414502,136.88008716158,-6.32915284186341,130.61730631491082,720.3936423847274
-14.893276637919,50.275164088591,16.572547493528237,76.34046091294259,4519.661667480128
-21.201464098442,-172.02016182663,-27.53047572111839,91.68834489265282,9519.29504778256
-61.33,-62.865,-19.425301322658928,22.702049885755105,7886.712712583968
-4.3466909090097,55.770494705118,0.12650274435594777,78.12130292568291,2532.2847677540785
16.101726699997,168.1416623,18.47949598341614,16.390959664748415,15080.937605869834
43.93884225067,-59.878215791549,34.12763329574783,-45.808666859852394,1628.8976484677157
-26.011343926788,-36.421469743888,-27.368142452591965,-23.44800555044088,1297.0720922078183
1.9878989667735,-157.37358445924,22.815793500930088,8.906496935807604,16881.575963285955
-5.680168410706,-16.979456438191,-5.0851091577801775,-15.191564194838323,208.69406672170032
-54.421654530948,3.3899799496049,-54.421705295062914,3.3893459698390056,0.04140186481188771
-4.5270764438418,-13.547285682209,-4.191191548738007,-12.542149434399084,117.53455071898804
-35.005830555556,117.51788888889,7.542864382417042,35.244040312780015,9791.768932441915
2.0353675101598,-157.494114485,-13.514171121037675,-16.219766919872665,15570.525553725583
-77.8465337,166.6690092,-40.499382308424074,2.1676950263151937,6813.40436414011
-8.4350464366143,-25.221188217143,-6.6387779965022835,-19.85001196747679,624.8420629052385
-35.024497222222,117.67413888889,-31.906658999463712,87.88223320142879,2774.830674380438
-35.004661111111,117.516975,-4.687449472937481,77.35180424117468,5323.585798847238
-5.2884801503168,-15.821256437898,2.7615579351497126,42.6092273898149,6551.429564543338
7.1279179283333,171.04672023429,1.1625118771064897,-48.21489215632184,15562.935581637465
-31.57404395654,-35.810970083964,-33.72378040465389,-34.27492838784315,278.955589296403
-8.4776021870389,-25.369242192533,-7.965194954223416,-23.81907143764667,179.86212854994122
-6.2935173,176.31978829997,13.447791110917267,29.166773552469458,16333.816036192815
-21.335750389676,-174.95160531357,-23.117160850275575,138.6678595914806,4758.172509532128
38.041619396467,-12.625897604052,38.03234554549684,-39.88702585138215,2378.8293679574062
16.1464482,168.1146852,13.387020985497715,92.45177851558292,8094.499295786348
-77.8464808,166.6689583,-38.82589212518466,5.240606709023306,6980.668820296286
-54.421640590538,3.3909122925004,-54.421711333460685,3.3897118332419702,0.07806096082681063
-24.3365736,-128.3137468,-8.34709458219543,59.279886020125566,16288.59188450586
7.1126635,171.3677444,5.7487863699164325,66.57719466024979,11549.326243855583
-7.3164904891179,-21.8486130997,-8.266980909763063,-21.68525207044146,107.21103958258531
-3.9702937015353,122.5244264006,8.268246965215855,89.39244604446775,3918.275794034515
0.0,-180.0,5.483862029655558,21.099999294176826,17594.431787135116
-67.571735,-68.129208333333,-11.742241505772395,36.951240347518855,9427.433750937518
43.937842839936,-59.876854936037,43.937578421092404,-59.87667216411535,0.032842871472592385
2.0120463371277,-157.48469543457,-2.43290565668078,-50.868535296234136,11862.201421756547
-77.8464256,166.6696661,-46.115910823518035,45.41454608466287,5674.651583328471
-63.875648472222,-57.584686277778,-0.7174298173716249,99.6375421360236,12592.57569262611
-77.8465053,166.6690148,-41.22167591307876,0.841378568700279,6740.123210378536
-77.8463268,166.6720834,-17.241826831997564,57.67900476541012,8566.124231405656
43.936907731838,-59.876141861196,43.93751499673664,-59.876713089319644,0.0815577208555038
7.0574397,171.2488028,-1.2496328429602812,-43.53897665003291,16105.329940980042
-46.3408333,-173.2888889,-45.658222220000006,-27.151222220000005,9262.162570161025
-9.8426754814523,-29.392344427975,-9.013795066116453,-21.43113342970646,878.1112114772526
39.436441571444,-31.257914090528,5.64758759110166,90.22823173861451,12210.382203981026
0.0,-180.0,-19.191259530893404,56.121288730588745,13539.811005468338
-4.1649384300551,138.98490673006,-8.271552891391204,45.545145600439966,10318.377466881515
-27.091308529562,-109.38150997192,-28.918147358942722,-62.708564861872965,4556.890740548698
-4.4260027509468,120.33299723012,3.8120543939022786,89.68781718378274,3525.6660988959343
2.0230271872221,-157.48961019591,7.518937879161491,-25.582388393104726,14575.761723372943
16.146328,168.1148054,5.123966585121707,67.21252444557138,11006.214138780811
-3.8382544231259,-11.482695552622,-6.325847024810725,90.16935475363881,11244.340285026085
-35.423025459759,-32.598646601592,-35.62714388257072,-32.62142391833197,22.790341182397402
43.938868926783,-59.878210268318,20.220208037789696,-18.24885132348336,4653.564122097445
-13.645410200002,50.019686699998,-7.6632254937311455,-19.5202928389394,7605.815474994779
-14.0528495,50.0209914,3.5265446423935773,58.51064569588742,2167.3760311642422
-77.8463113,166.6721069,-45.991312901327774,29.311331752633254,5943.474287199246
-35.00045000696,117.10049753227,-10.550114788694474,47.87451734346693,7450.64465020181
-77.8462026,166.6667557,9.35219753360876,99.98570489616307,10496.216120752159
-18.604768488634,-174.00143372019,10.306196973682308,19.249460230447287,18317.33559565982
16.500605099999,167.6505342067,5.572732359636236,68.54101008576716,10796.395248334935
16.1334975,168.1299944,-9.212582529319599,-31.608781779420692,17741.52065553684
-4.3490023445378,55.775615880318,-4.53332897478718,53.65892552514649,235.55174891049344
16.1335172,168.1300091,4.49162805220794,-102.7710271183231,9772.902733655386
-4.637199445484,55.475626619333,6.198693344086577,57.69320866511904,1229.7910421418767
-77.8464261,166.6684989,-45.60515251503137,170.68482382665547,3589.3834788318804
37.4989176,-54.057005660952,37.4989176,-44.102825294142185,877.7293561890564
-6.2926947999722,176.3152967,-6.293945405418038,176.31859122184667,0.38977693365663346
-54.51134,158.920216,-14.209426144247004,81.18750956302476,7936.073010907958
-54.57393,158.917819,-1.3845309935014454,12.030181117410454,13093.719396471866
0.0,-180.0,17.304436787706905,59.73648664376371,13205.689479701336
-5.0417086888599,-15.082834567771,-21.51912714605653,40.40679043601033,6241.755623958982
-77.8458348,166.6686303,-49.59507621973067,96.2557332206462,4203.073844426563
-21.140748,-175.174959,-11.762777940631533,77.20216267004159,11309.390470261913
1.3640267,173.0876742,-14.582160117322712,6.438398354341997,17938.706328835193
-35.790630641287,-32.639667199045,-35.750143044295164,-32.63514923928403,4.520430050440632
43.938572942347,-59.878061913532,43.93805789383662,-59.8771957622803,0.08994303506901363
1.9960876768496,-157.48045826007,7.464531603173394,69.9680612477499,14647.43775303164
37.4989176,-32.1110023425,37.4989176,-39.959675119620684,692.1945205532618
43.937660267447,-59.876740960452,43.937510762895215,-59.876681148425654,0.017300255045444832
39.436488719667,-31.257966812694,9.666776562260335,62.89248002837668,9678.9023021747
-19.0472571665,72.5749023335,16.845762340699277,-5.79364376019964,9447.290183442077
38.554098525,-30.352058925,22.57464713211949,-42.04744895809551,2095.9976874955128
0.0,-180.0,-4.294317729179053,-10.935670390178226,18709.76305700809
2.0430406261333,-157.46662308782,9.749155144167258,-19.67845175876721,15160.49598590991
39.436601875361,-31.257857261222,9.553771588689791,-5.830772104011379,4170.679788724896
-30.76331457708,-36.887871813099,-32.53545620184271,-34.82020749676176,277.72023079420546
37.4989176,-49.4014259225,37.49891759999999,-45.36412017969913,356.1363110692735
0.0,-180.0,25.336112487220397,73.47815685488743,11663.651158732866
-35.025302777778,117.66613611111,-32.21549304886234,73.25549820648162,4090.325202371971
38.0006071919,-41.857120398158,38.040444542889055,-32.00486834163132,862.6474583816764
-77.8458118,166.6687284,-11.432617072219351,35.0337767300271,9646.32738649292
13.9900736,-45.505196568333,22.792132361020844,-46.136975136541544,981.0059135420412
0.0,-180.0,-18.644222010372204,11.12437320335711,17612.275693837568
-6.0633920106407,-18.144713214002,-3.1098601483580466,-25.731486979130487,902.6738816749211
38.012324964633,-33.505342456985,38.02027762289505,-45.980366154552605,1092.032764160841
38.0530599654,-54.79502241942,38.05851406559777,-49.67823732465054,447.94956513737094
-67.568078333333,-68.12311,12.233902192047807,-80.79872062327114,8932.36156654095
39.436592278083,-31.257929513222,-3.817687900891937,2.1099857005634,5897.5291554868745
39.436441571444,-31.257914090528,11.745892944921474,11.076249285368245,5171.158144800993
38.053852990967,-54.57383842639,38.068759021216174,-50.416638832890186,363.9341552144657
39.436508836222,-31.257974859333,10.230071434244987,70.9403134914253,10312.05958598358
38.07843726052,-47.7175375166,38.07843726045902,-47.71753753360762,1.488675535915977e-06
-9.0209067183267,-26.972938198018,-4.624420579797557,-13.8272364846778,1531.109655202845
-35.576194285396,-32.615738517197,-35.639328996938104,-32.62278363983881,7.049091790346457
1.9838180541992,-157.47537231445,-29.045186287308425,-66.31472293552291,10227.414401358094
-33.728012,0.116645,-20.4866158413487,48.8888363794281,4997.620403496817
38.052266939833,-55.01620641245,38.06829897049006,-50.54493939267412,391.4289452657067
2.0198804442477,-157.48738634093,-3.366929641326921,-84.05715757664375,8183.268511022995
-67.567956666667,-68.123108333333,-39.265799739604226,-6.01774494180381,4856.659447779803
-21.164244362182,-172.0490588164,18.965289560996126,103.18832309492274,10242.258793254125
39.436444756583,-31.257930770528,8.332820970614982,96.19001794227877,12439.993015445498
38.08276143037,-46.511597865016,38.08189853691667,-46.752244617240514,21.062660237439275
16.133590100001,168.12990310078,16.977578294638874,100.95396951833646,7122.46445700278
37.4989176,-48.765748585,37.49891759999999,-42.57803732827908,545.7700410298839
-35.028508333333,117.60293333333,7.844924855289325,60.68994822846136,7630.542917589876
-56.936207038698,-28.014660792178,-46.115276011913735,76.42002459705334,6599.752478598352
-35.637461815651,-32.622575283439,-35.65199281436977,-32.62419677921547,1.6224031905054803
39.436518684972,-31.257944516833,-1.6705875846873,-44.60578952883524,4769.47179547284
-6.2828656630405,-18.801488575686,-6.361235084396178,-19.03038601513969,26.7562997703861
-35.05542027823,-32.55762600414,-35.07471768693658,-32.55977937758026,2.154705545402379
-7.4387693439091,-22.234386842909,-7.875779898390977,-23.536734364151478,151.52582100931468
-54.421776540929,3.3884561988282,-54.42178222330963,3.3883852330570527,0.004634388067512404
-35.030335573313,117.91963302756,-6.1303308762254725,-38.51386795134634,14814.798097442757
-35.275362752264,-33.535469784341,-35.03009986590872,-33.58485143398475,27.639053663529683
43.937055388972,-59.876218041736,43.93757774120066,-59.87673633707292,0.07138576640350593
-5.8475622254095,-17.494182301663,-0.5565316589596138,19.86597519088981,4187.57104857897
-30.17203074394,-37.673281344875,-29.95060188824821,-37.96740799627857,37.51624858652896
-35.031101872333,117.9058002195,-22.010406751399284,156.1207319946288,3974.962232494658
39.486875571193,-12.294234047818,-11.451577460728323,-21.434164947795644,5742.508238640959
-4.307602791442,-12.890510320524,-4.249062905801278,-12.715329590881993,20.486563289621515
-6.0916053097644,-18.214188293643,-6.2700257588505055,-18.747673884031517,62.22360099172657
-77.8462601,166.6717981,-14.266646799557504,34.06749294808918,9351.518675318817
22.603676838832,131.64982703791,-49.281107586910615,63.01210020635755,10466.24459511268
-6.0183727745504,-17.995219546034,-6.257634275504918,-18.710622762132278,83.44775423539468
-4.356925,55.830535,-6.147995077376425,-3.107291751903815,6526.136700519007
-35.545560520268,-32.612320134076,-35.63907652564245,-32.622755466886126,10.441228406338238
-35.17795533874,-32.571299536624,-35.62663299425762,-32.62136690895094,50.09662613767728
-6.94128662024,-20.77181466074,-6.724937463710975,-20.115558250977553,76.34342459553672
38.0459227353,-56.78567835669,38.06948423063656,-50.214389886598525,575.2273613039904
-27.115144,-109.395431,2.1964420286597615,-0.8328848643876591,11952.825828102237
-35.116687808485,-32.564462770382,-35.06549698864653,-32.55875045151561,5.715837500658131
-77.846125,166.6662063,-55.187992238926086,69.48256166853314,4229.690736864147
15.12229,0.0,6.712823942794417,-0.5347880926852248,936.9075483839707
38.0862829975,-42.669969274998,38.087023900209644,-40.069843048686764,227.55345254489123
-14.132214599998,50.061151,-9.36509158315314,106.96343880591684,6203.665828285797
12.504471833333,-40.7359809,12.333094727558064,-14.948044476090141,2799.342799424214
-46.6594444,-173.115,-36.02400002,-53.56900000000001,9022.426622976775
36.408523109135,-146.8458305345,12.351716773634708,177.90356755138257,4418.573068074981
-64.933332999867,-63.665,2.9835175523763637,-33.365656033260095,7944.7095474702255
37.4989176,-34.526576225,37.4989176,-38.084251999617294,313.8328698679338
-33.408016,0.066667,-1.4396919477900372,83.68970169732268,9327.602760916245
-35.023515,117.8836115,11.412038386504861,33.33429892642379,10245.275472046009
-35.032205714214,117.91534468068,-5.223798813130281,17.41256134227424,10622.50384078816
-54.442232237248,-36.190321035717,-37.63088592001267,1.1355227007116493,3374.917541795315
-56.936183569028,-28.014556388615,-56.93621020348247,-28.014595834793404,0.003807573195473268
-27.111416997451,-109.37207851647,0.5454312295717341,-52.111166782300806,6839.416495828438
7.0700457,171.3033942,-1.6180702941641074,98.68701408183391,8113.692658454892
-56.93615297933,-28.014403465622,-56.936212185003725,-28.01460484085694,0.013877375648948392
-54.421718035567,3.3906788054346,-27.56643789805576,-0.21560153419666292,3000.542532896819
-35.668095580778,-32.62599366656,-35.650741156358244,-32.62405710828041,1.9376391026592632
-24.336974,-128.3147973,6.1226459249046075,6.251617165865974,14768.795167891922
-4.0006011651073,122.51003332769,-1.4802997380478962,1.140934506107592,13471.450186694563
-7.0494194886865,-21.076084209179,-4.786314194008774,-14.310863176148604,789.3798146660024
38.042750633033,-57.67041432881,38.0475094460802,-48.78288651998175,777.9740014778157
-27.092377102614,-109.38093769869,-14.654416644736486,-44.941333255666095,6768.081546386163
-67.568503333333,-68.124265,-27.198185369512625,21.172754441494885,7199.297864207361
37.520001681111,-14.944791852222,14.925785218334978,-34.87029749952641,3188.3129477210723
-77.8461737,166.6707932,-38.4962518416306,55.24378997188411,6310.138451085159
38.9531209,-47.633139477,37.88370350363097,-36.88905730921511,942.9880824130066
-4.0670831527789,122.40716848487,-13.74098220790593,45.77362440924185,8457.895744641892
-35.026469,117.8838257,-7.777674545745495,28.37197410125218,9468.004431098618
-67.567985,-68.122978333333,0.5271180351120605,69.49832193268733,11884.541163397538
-77.8461786,166.6708044,-59.664724830064806,53.71990253049215,4075.521694071604
-77.8462186,166.6716697,-16.893764770045294,114.93307220669821,7324.238088713516
-14.891039010386,50.276139595549,-31.539098713911006,104.95509042378534,5822.73466157812
-21.337293819374,-174.95219271271,-1.5805922388140898,-46.97586316275701,13816.725938384267
-54.567879,158.915987,0.8848351015652437,56.25210999391911,10900.262473846065
-54.421600243129,3.3908897514204,-54.42176208691626,3.388636711214358,0.146866963083074
27.076292479169,142.2202502073,-0.5001698668445758,17.7611141758078,13400.624549490529
-27.139872,-109.411332,10.510391471305084,91.78738755079983,17126.551253960748
1.3358743,173.0159642,-4.1283419266425065,170.69982089002212,659.8547343175651
-77.8457734,166.668922,-40.597196560501736,67.65408466103656,5818.92549976675
2.0437258824425,-157.48483068109,-3.1817968960185996,-8.12791876424974,16609.06467353218
38.9531209,-46.2321647865,37.95576191102689,-35.827482477551776,912.2598709818925
36.430076929541,-146.65980848922,11.783037712825603,-82.04958228327044,6969.549588871563
0.0,-180.0,-11.663375503009002,-11.953928346964885,18164.615616097955
0.0,-180.0,-12.688695576222639,-14.945779452825626,17845.505853726077
1.3645829,173.1013478,-4.176931936212185,-37.1753776312959,16638.328449720822
-14.891022151942,50.273827562734,3.4793779298490364,57.39895919208864,2188.2872573135796
38.089963821313,-31.466093124865,38.07408442209405,-25.986573134836053,479.52704327830423
-54.266229663095,-36.502429246936,-32.595644691861544,14.044814857835672,4605.043904659365
-6.2949682999722,176.32149469997,-6.29195660668019,176.31507740854155,0.7843543585379206
-35.030058457333,117.91998851183,-21.041754665086625,66.26485484893229,5241.539999442611
-19.0472571665,72.5749023335,-11.514010657798707,-54.22006470316593,13267.33009288078
40.283316224324,-11.789429740841,10.001841704660311,24.63228570066676,4915.702378264943
38.0732482567,-49.1646650985,38.07529793173336,-48.593044537483664,50.03666346599277
-4.0881291390422,-12.233734958839,-4.126113305825684,-12.347402657010914,13.295521851252165
-54.421715535938,3.3892180742166,-54.421735826544506,3.3890885160321718,0.00868010059403075
-18.63348579481,-174.0197468724,-1.9059481080128722,50.87807232984121,14601.893292087656
-18.632814257859,-174.01313631945,-0.37134501455866664,-17.154969103741838,16720.544695510307
1.9994755983353,-157.48095703125,4.559316922311972,-49.300721239605046,12002.622547226336
39.436515164556,-31.257971338917,13.72714705634649,-2.0861319807017136,4037.289901401173
-27.097289419477,-109.3794099302,-27.634442805388524,-67.0271394043274,4161.741727576447
-6.5444697850104,-19.557705153378,-4.682649950759581,-13.989768969347622,649.9781874816418
39.436438260611,-31.257892297583,25.001816981610556,-16.50797187113835,2115.677593202223
38.07065375479,-49.88822888945,38.07238949742834,-49.40415889564444,42.374559241219664
-21.18727,-175.19962,4.447000943264523,42.99691525191512,15493.889746301804
-3.971049018413,122.60293973273,-2.0286832963848838,58.55976533482616,7113.287825270011
39.436517930583,-31.257961615917,6.822221541276975,14.21820550252765,5802.137294704316
-6.2999904,176.3197656,7.061831778583086,81.25783971399781,10649.071926258533
15.15,0.0,15.902981543984609,32.46136134940088,3475.358477119873
-31.63500105274,-35.730000029142,-33.699963365030364,-34.374088057231674,262.34932643748175
37.4989176,-43.5531944175,37.49891759999999,-38.30119711274391,463.26132145323135
43.937485483464,-59.87660206675,43.93767092806831,-59.87674164344115,0.023454404787983323
-34.902251452593,-32.540534088535,-35.07325649237062,-32.55961632472601,19.094190114447112
16.500714699999,167.6509539,1.7989469871283037,19.701990343445928,15951.073044693552
-18.661971644236,-174.03843261606,-0.1438518855565664,14.086181904729644,17743.519194489472
-35.269856634122,-32.581554685987,-35.3819727718146,-32.59406558404641,12.518305929226875
1.9831438527282,-157.47248293161,-7.992286662723167,18.49392188052444,19211.388892297644
-14.895189326899,50.2794551423,1.9956064222052698,-22.011071438963103,8167.350255136257
37.4989176,-43.42605895,37.49891759999999,-36.81762349046825,582.864077725244
39.436304359694,-31.257877713056,-10.052959915728579,43.520090977195565,9441.13484869316
1.9989868012123,-157.38622852441,2.796608858164502,-118.05349482183865,4370.477737183372
-10.03699740394,-29.972631453227,-8.94863388286625,-22.114593143237,870.2323860058084
38.04958336,-48.85205728,35.93977523634773,-42.449878167643014,614.8984117486125
-29.641704007,-38.377720821828,-32.446617721001424,-35.99922379485818,385.4854416094571
-4.0372901910703,122.48712089075,-18.767492246081556,85.6527145610773,4321.979966290151
27.0988823,142.2053009,-5.893925549992328,79.51549589988258,7664.691270607444
38.0506808887,-55.45857439851,38.04379580927693,-48.59765822879243,600.6492599059923
27.0595794,142.2048687,7.714631756220966,52.21800982106922,9616.94702694191
39.482557075624,-12.297089121678,6.920351764544166,46.788752626461026,6888.483821942969
-43.742335,-176.5574336,-11.24497934952509,-53.82461823869059,11606.314178437835
3.3418883,23.95937,-0.5820815272716058,61.64114323305967,4210.603166567744
24.605440930789,69.210434278192,5.37683026035334,0.8945330530965515,7569.022781846882
34.950841802087,10.498749320238,16.61902971101354,-24.687904166961133,4038.390276375564
-3.4823344,152.2533422,24.748010252458226,-64.8105749165765,15398.679143657271
27.945975,179.8463067,28.274140727455777,138.4560951655238,4039.2678053728573
-16.454194,-39.0645619,-17.948525699582074,-45.47559159844267,700.9125442078034
17.020263648128,-25.135702031455,27.42894872741011,100.52830248163114,12353.686332879985
-35.449074302273,-72.475564662253,-0.2138161455274117,-1.6027505390865642,8271.778986776219
-21.2688361,-159.7395057,-10.880472485905951,-9.158945679806378,15208.546978448794
-3.2117356,151.9406875,1.3095828327928711,146.12715413385143,818.7195557803252
15.0959859,24.140637885625,11.662717882173146,62.96017079093635,4211.482705942505
-19.357017046982,135.20990335211,-20.889392032567716,107.3356803783203,2911.664318112622
44.8567395,-106.98988559997,-16.99612397660247,1.734322732527857,12795.681111575816
-12.8382104,45.1310708,10.071701976417913,88.43333998809148,5417.2395557746195
-13.4495361,-172.3660293,-11.746058506916336,-50.67570238146393,13001.817585187408
-19.676321666667,-42.979205,-9.135455054885224,2.985198190436857e+17,7978.952706380948
-8.5815115070424,-25.659125712362,-5.884143601996364,-17.593866592896166,938.7843492921794
-9.4392626559078,160.12708187137,-2.5254491589593933,-3.8146989453575633,17793.604875793477
15.1498291,12.931791044091,15.149829099999998,10.458871584580603,265.41809144814937
18.0466602,-15.8029732,17.358104326361342,-10.771403455295449,538.4440203458445
27.0659653,142.2170907,9.970531065543021,74.0936909322706,7346.978669020466
17.9973437,-15.6422955,1.1291103702967535,-38.85364906966378,3153.1276873888896
-34.930792230002,-57.989597879999,5.544435495384261,-33.99281426863155,5154.7087545634695
-34.9324563704,-57.9377458245,-7.323833752075145,-10.90265437147555,5688.387126077589
-35.3953061,-62.4282893,6.842181482965553,-89.21203258525291,5469.863916477799
15.12283076,104.30435549,-2.5583390278078633,26.506438685243978,8775.421388829336
6.9068484,158.3219347,4.914300085716565,153.46803288371464,580.7548523562103
-16.278387069305,-39.022625123354,-18.468648215638698,-24.76371397647669,1532.1951704799785
-6.169849,106.767166,-8.095143049636127,121.69426640794758,1660.6769565697687
-21.2531397,-159.7304165,-16.355087251935302,-69.46456964349761,9382.669790952976
15.12266207,104.30443629,5.25609435290695,53.803958417894314,5621.25896574329
15.1498291,15.662588105758,15.1498291,13.449477790394491,237.53306399109601
34.615351300667,10.007456116878,3.0213586894229603,87.17840083695299,8643.789773140523
-6.172194,106.78049,-6.437636475684693,-48.20239578565588,16904.958318311685
15.122746646667,104.30417212333,8.200205029236761,-90.02191472883466,16978.8769456404
-13.6845304,50.021225099999,-5.765256064395504,76.52268289603401,3031.8942079783956
-5.4049710534412,-16.174387128948,-5.088051722741525,-15.226005372098209,110.76838718931046
5.0106369237778,-52.4768394325,9.837204234536985,-54.91427056383004,600.184746424599
26.7001444,78.4357722,18.39112510702694,56.06446700648382,2471.4138728316634
15.118850533446,15.147771337162,15.118525971068644,16.123471415907638,104.73762032575897
9.5837228824338,138.12076540134,11.408627905537973,65.77477475890316,7891.529296989237
-6.7022016882509,155.71314000381,-2.0622726604025985,6.397806680388881,16472.638485468953
-34.935583387028,-57.967613634045,8.814847363097336,49.332885839172306,12141.152117236337
31.109353100002,27.829637899998,31.103901263081486,27.963537016028667,12.76239246991109
30.908561400002,29.433513699999,-5.296592739544096,23.378959557505635,4076.9499989520245
15.12266904,104.30449055,3.280629858051749,39.21673652698225,7239.7050392886595
-18.846018,72.47929275,-1.2942666203441138,63.791290385115374,2169.313970687301
-6.170222,106.776676,-2.314791952165176,-41.30625857451017,16347.955266372255
-12.8388057,45.1286142,13.873238745142912,95.35443836835813,6279.79748987409
44.931056164167,-109.65017781583,0.7086479035954002,-17.424102627121393,10127.082197665059
33.378474455917,134.21114629052,23.06723634186273,91.80990881148986,4278.047404384366
38.012324964633,-33.505342456985,38.037088548229974,-33.34616750677331,14.211959154908264
34.328559340733,10.004973369772,6.5361165003628665,69.16262129229946,6782.822254466982
-45.0621169,170.0468342,4.975703454200716,63.50051075966068,11695.116763657205
40.270324956105,-11.798340835015,22.31073076801239,47.90795326705099,5896.152026723516
-6.169816,106.75658,12.408429248898413,74.27876229927429,4141.747743527361
-6.171988,106.780476,17.977254174008877,113.34725389694538,2780.3127921311384
-21.2174047,-159.7489859,-2.217253331604414,49.88367927081453,15869.73209391518
-34.514881568623,172.83783907733,-6.1813667409346635,24.617624452701513,14393.840926167604
34.7875467,10.761916769531,10.52271539776519,-4.354695201590892,3103.0256268406733
-12.8393213,45.1318835,3.6260430387884215,172.22665293562315,14114.712548209149
7.6082001503478,53.40029948713,5.817771182844124,34.42610297673425,2104.586115910398
-6.166574,106.755112,-4.715579291807081,42.12072496550173,7152.348812805968
-5.8439183582409,-17.487937852317,-5.64276697977882,-16.885991933532775,70.25299620872877
-12.8389523,45.1312524,2.9870653112638874,27.19202783385872,2649.622881863694
15.122903866667,104.30416717333,-1.740839999031996,68.22051067879212,4389.595265485379
-18.770525434664,126.75332973114,-16.16222672662928,129.5959891457316,418.33800117558764
14.862965687202,-24.713157614087,-0.717284959726422,16.48102148575978,4849.342569184603
6.9196693536634,158.30761093356,8.572655839130203,81.43766446444492,8457.215623806678
7.5052381,134.6146931,6.83426342214173,15.00013250242271,13131.348899190112
26.265029584245,-98.172193192428,12.232773092557506,-50.31081322357238,5228.230202188333
16.0321752,80.9116057,10.688423313340614,41.07400510077704,4343.980970691724
15.0967796,23.648350599998,-6.058916123684984,41.743727014948966,3083.8794914994496
-6.168364,106.755473,-2.018003152303658,-25.652745772464986,14653.541076830594
-14.848761111111,13.607780555556,-2.9959390973898836,17.12162486796531,1373.1254244024258
15.122801406667,104.30433484667,-10.383903552738479,-13.77175682148034,13298.803940639535
17.998154,-15.6502975,12.035622823882278,8.37972485553092,2661.940419443649
-31.85231132,115.8815606419,4.945615137025842,77.23330470374805,5784.087393101923
21.803641699999,-98.1078202,15.997520303968145,41.95962676910997,13965.202726217747
7.284443278125,51.181085113125,7.970218455180648,54.37072239996221,359.70605588999416
-6.169555,106.764944,-1.640179514302549,57.94589883649778,5436.937903030401
-6.7274217351857,155.68392184784,-1.7734760061821764,-2.11441198935127,17375.90696022827
-32.753862472139,134.92361449049,-4.381503918109503,49.172298421157585,9347.235321218257
15.12184504,104.30762916,-7.279480991477433,-12.62003619478492,13101.129368974955
31.233654627398,29.958071127451,-14.887480492188065,73.84207765259106,6945.209943012407
21.2680529,-97.5100517,11.982819955994527,-2.2138331588048716,10063.826861336112
-2.23456,-80.921378,-10.158533859322286,-22.213630246863964,6540.330523939291
15.122619633333,104.30453664667,-31.84388190985951,-79.73914089435691,18111.08287599862
-28.45913634072,-39.948539885379,-29.501491811337914,-38.56396639252057,177.68343943235428
15.121991,104.30739258,0.9056811267191609,-18.189293310377344,13450.282249211381
38.2954354,-107.931656,-4.233821890325216,41.972520195826235,15155.438758542903
-6.167409,106.769377,-0.06386462107343112,-20.40121233228259,14111.854465756256
15.1227026,104.3043587,11.11333210044202,81.09469055023405,2551.2082004309636
15.122714146667,104.30425288333,18.47232642289269,9.98366967775255,9920.382688206408
-45.5176193,167.7869838,8.700962238855418,22.54738799442731,14745.118681792386
15.121892324438,104.30750465204,-21.88916532995763,36.11498779690041,8492.852907592274
-8.0937781790669,-24.169761200708,-7.590091963882231,-19.87799517449282,476.06210360462444
24.760344,90.442447300002,-3.780386608511981,27.815034945407806,7462.145616758938
-67.570268333333,-68.128181666667,-46.300266499604305,-24.786735625057364,3411.965037366966
-6.169041,106.775603,9.976583375602935,52.33721699570562,6290.817583629577
7.4917052417681,52.376266671246,5.773948173144799,34.30654404707248,2004.7436008060395
7.4152929741047,57.001487581543,5.03968914353913,38.5330700498544,2058.240555099044
-8.6920017962929,125.5487606152,-1.0663628699878005,107.6982967889208,2150.3715361134646
-12.8404007,45.1305141,-35.72013472494776,-77.29672966803766,11913.493643228765
33.104336333306,-8.2499535,6.450831840694192,-32.59261198003333,3885.3437351848584
-1.0169444444444,-1.0169444444444,-0.016610388130573323,85.07213505838448,9572.70464503216
33.8293431,11.0085966,13.829330828874227,-22.14902892629746,4010.2415052663437
-6.169555,106.764904,-1.1127334075108184,88.48024623984735,2104.849927424115
-3.9191281321429,143.9678079623,-8.752025980441639,56.62247002112732,9650.137526574581
39.488171638755,-12.293451128313,10.114529335641112,36.37336747032169,5799.9778288418365
15.122714966667,104.30431643333,11.292631273809647,69.71194240366916,3765.0210665205846
-9.4300717380952,147.3942588797,-10.660208338419647,38.82588913422359,11804.998748640559
-5.7453889846802,-35.212810516357,2.2051862165296354,-22.209245845293996,1693.196577666526
1.3620213,173.1626027,4.139556676827877,-65.3455897253248,13485.198969249353
-52.340663,-68.382507,7.649191546368999,-53.20262021990395,6824.947068023179
-8.5465833,125.5435278,-5.703725332102127,-2.4348050137149264,14033.918913002988
15.12269995,104.30430829,-27.921875477048133,-79.49413463370792,18538.96303002877
-18.554101063591,127.23010500452,-8.2201891770058,56.645690635535075,7679.070894880991
0.43333329999998,0.0,14.363572018876635,28.516630904106414,3497.4703300598017
-51.697066980332,-57.826721178242,7.459026999071437,40.051187710296375,11200.194228683116
-35.719737067477,-72.533873192705,-9.368294066006108,20.96564779395182,9713.494571572679
15.1228394,104.3040527,1.4296395557784514,55.018427887910384,5615.890534193709
43.939432308631,-59.87752114818,1.6906505819176094,-59.74664313368119,4697.867978230139
-28.92241027184,-39.33316746873,-29.773548561580448,-38.20259009090644,144.79104481145967
15.12264382,104.30448732,2.0641323893561405,0.11428529711454155,11467.14564179192
15.134072722288,104.30420340579,3.6537931991229264,73.6514507645135,3590.10954090888
-19.692461104329,-42.992838333333,-2.0365138319503275,84.83160354765579,13833.204781901451
-34.9395599,-57.9713365,10.679068693016905,4.319780211644431,8276.07403646354
6.7984352,81.112763499972,8.750560806742442,60.68541312225061,2260.648544399789
-4.4735869,26.6567384,1.2569170179229048,-53.61653934550918,8940.626978129252
15.122906199998,23.621224199998,9.781540461307221,-1.2291495576500182,2760.7517604307177
13.44809,144.81498155827,10.819109564207588,31.225363097586847,12208.524029601862
-12.8362898,45.151964099998,1.433166377757727,46.49813064371519,1593.6296701418735
-5.7715911865234,-35.198287963867,-29.065055097898504,-64.40480070090659,4014.7680287688586
-45.84920405,170.61602543327,1.0103751861270003,62.27267139244519,11498.09055478804
34.745688488287,10.19161100939,-9.409328928957574,-6.369368120786497,5210.186022861665
-8.5614167,125.5464167,-1.1869982314299246,81.3315522511784,4962.47891118989
-34.930421354,-58.4885494784,33.957202794278444,-38.778987026638426,7929.910327757772
5.2652434252767,163.01069536008,12.198675185724847,58.88977131024522,11408.081565879607
26.4040516,-99.014240700001,1.1294687121294231,-27.84785404357599,8080.673828440356
-8.55418,125.56494,-37.2751163707736,127.03590085465173,3197.0585851751252
13.400523404496,144.70617605984,-14.846887684173538,49.42295322542871,10940.82863661479
-14.998847799998,48.174752700003,-1.321136710885796,61.299731988393184,2095.092238221423
-10.2262213,150.87006329997,3.416471283457359,33.419288882014506,13077.536724916456
-12.8360564914,45.1712074969,-8.777698661716867,42.12690153969524,560.4933206861219
-35.729363111033,-32.632830432803,-35.780732571043295,-32.63856268590038,5.735396319305876
16.050338199972,80.909289299972,-0.983571755888167,24.794485028701427,6441.388976179652
-25.0357079,45.126839,-23.024638036246085,71.07721149378192,2640.931049664185
18.070036810661,-15.927153577196,-0.7287654540037598,-35.839103655653126,3018.7832642995777
25.142386785366,55.431492196951,24.885066392376654,60.863756579216506,548.0951141233323
-34.9372698222,-57.9753917767,-8.153910472664192,-40.5517878391818,3467.8200893444996
-1.0169444444444,-1.0169444444444,-4.558328154032455,76.6203666107451,8628.311222911718
4.4346814693878,72.958999457143,-1.9108421764410386,70.20860626997533,768.9265609654399
-8.6199100763779,125.46747075131,10.668881941003274,-37.28858491687397,18111.376647196987
44.8718372,-108.316344,3.6004589093315422,-15.240334987526467,9967.072938014437
18.0019924,-15.6833541,17.975510000911488,-15.559918803444024,13.382443293754774
27.0946254,142.1950744,-15.1569576011495,-15.483975818043401,17353.34362152216
-8.6386290999722,126.38181059997,-10.24921444581548,-5.559290265305507,14296.691393429142
1.5577452499947,109.429019,7.7837336464543245,10.225102172664457,10997.334931748712
26.6844028,78.3719417,15.334069673487884,29.538384092833905,5191.56348295835
15.122947413333,104.30396807,7.078767434084197,46.17531756731734,6388.469243237965
14.877201700002,-24.718425,7.729486240203673,16.717538839467235,4580.281167817352
32.75174032,-16.74175545007,17.179958701312284,31.269174302077726,5091.277991857051
-3.3120689,152.0801044,10.591252306511008,12.571044525894349,15477.626589439244
-8.5603889,125.5237778,-15.60224894558555,48.3321961759139,8389.958917173675
26.242853333333,-98.1589625,28.56771116369578,-93.8858582714009,494.673433573953
38.361949,-107.8075864,11.969968946085345,47.1832414089183,13843.874587869495
-8.755896105778,125.56602563859,-23.713668143956443,-87.29062468515522,14937.98178901103
34.754017571714,10.197629786732,5.1562947871652955,69.43355087109042,6891.807593101683
17.8654422,-15.2278538,7.588687102679737,-39.20995520199606,2836.5498248985214
0.84607066888949,73.409249754264,10.800063163041935,48.744699206619956,2940.879850311329
-8.5422087999722,126.15292019997,3.6774016402600394,9.745236593775058,12970.201875858123
-8.5171890999722,126.98973789997,-13.946118352906248,-28.49018050091827,16332.72944505326
-8.5499167,125.5658056,13.60750966184147,-40.32649279811207,18376.771579270044
38.352358,-107.8908292,-6.947944948678681,-58.91035502992873,7134.333951563059
15.12280358,104.30453121333,10.810845584684051,99.07391676198043,742.2597017081271
-12.8353867,45.133721,11.497155932416856,56.13222921940535,2965.3793376267245
-8.4903773,126.6645843,9.146296130148983,37.21242184844102,10097.5837091955
32.692919,-16.7739225,-13.565482054441345,-31.054538876820537,5363.057902605615
-27.100720756358,-109.37678890069,-26.170669298917158,-79.4525865220112,2969.100882379819
-12.8416443,45.1360512,4.683642430328703,-40.3923543969357,9640.289050310306
-77.8457665,166.6699591,-54.98490161242782,29.2287047812857,4962.643130232525
-29.34910994524,-38.766377084975,-30.436836306399453,-37.63277924736839,163.0036717032768
-8.7216822,125.42733699997,-4.203524341069897,-2.8651100524205244,14105.278867791429
12.04962451,119.97051109556,-8.769157326200055,61.361436150563236,6878.59157378535
5.3665448438333,163.00823108121,13.365776149426399,-43.429090325626454,16429.07371717732
26.5266281,78.6937418,25.80093684022056,39.750701931420366,3872.2847096856253
-5.7584133148193,-35.200141906738,26.20779373624257,-28.034247364929747,3637.5222899449423
-47.7566597,-65.8933365,-26.127660577106184,38.772681470483654,8898.568800158971
32.7231527,-16.7672988,-5.8160833633277385,0.29415432189677876,4649.17594786423
4.8922403,-1.8796619,-18.21690050608389,-122.07168312270791,13362.640573013432
-8.5571667,125.5479444,-7.911937079892752,-65.41066540895665,17817.78347125515
15.1227203,104.30428875,2.0944468863626797,30.70422833408565,8186.776556460001
24.7175634,90.4309249,10.674704521113007,1.3608651334843032,9420.95270075265
32.663897499972,-16.803717699972,-8.200999102318587,-9.70931464623592,4605.7421116476535
-8.5655433,125.552985,-0.32953635006582427,-3.925231063694298,14331.90669862249
-25.0358789,45.1267758,-24.909617916012433,61.746891824744786,1674.2981629015044
-2.225628,-80.938482,4.432558554451532,31.424905245190423,12505.107929609467
32.7436333,-16.7439151,-9.954240570932754,83.47257318176233,11554.516438754617
-43.809376,173.058908,-23.00492294472492,100.96181903225175,6856.023124028007
-15.955366430173,128.95809639164,-19.66641917772354,130.14002401496165,431.1952588482766
-52.385788,-68.417147,18.187585619230813,-39.82182085461592,8319.483386461896
16.146311800002,168.114814,-0.6113330011834984,43.939630459732115,13660.770996614365
32.7413354,-16.7337107,-30.959227290807416,74.27245076429313,11888.00656675193
-0.5030972,166.9398662,-2.4677261290924566,-40.352526297266486,16963.176592251915
5.0118036848,-52.4766481575,-7.121137392843322,33.940404976867704,9682.836067199041
-5.7768359184265,-35.195659637451,3.688241348473463,52.5218609091909,9796.834527236777
-8.5420278,125.5396111,8.604558220508748,28.890997906561545,10873.026229623732
32.741497583489,-16.774775393808,-14.326201944738486,88.62502671387571,12287.292637145874
-8.6384188273969,125.45193130947,-0.1733196812083786,91.59113711706827,3866.5119935335606
-36.810304809843,18.145548584971,14.27181244508233,46.28149227292839,6399.617633511812
-35.3919935,-62.4189775,-14.795404054051275,-38.23644716422592,3324.510033756716
-8.5524633,125.5598383,-9.411202153680202,-49.803728219635616,17952.691667413987
-35.4290091,-72.438719699972,-11.038138622006493,64.94313899615243,13179.362741295176
-13.5989957,-172.2047643,8.872973343618506,39.41227289835131,16529.783422004948
-0.54679590966833,166.92397357277,-9.073165294121385,48.21637517923277,13145.065116417041
-35.372933,-62.2463832,-25.31766251279291,-66.02005083248508,1174.9786041013467
32.6685112,-16.8039154,26.41039419738013,-13.075099280852221,783.6438781775122
-3.051847805,-59.951631583333,-9.689691693435847,15.357711075525051,8341.139194463005
-18.441083333333,127.43261111111,-9.706122389578256,40.27433903231637,9371.364373109192
-6.2891951999723,176.31418059997,-3.9375951924610417,145.397580467727,3433.4720343303343
-45.371245,170.851508,5.362560419904127,58.80632738163733,12143.627802256718
15.121971966667,104.3077528,-17.074153063816205,43.83580647541061,7536.416830000413
15.122900233333,104.30399195333,-5.632364864537164,54.771970964050574,5924.375717550018
-45.587710396475,167.59712877387,-8.341580636193434,117.50819285765994,6313.455832344921
-8.7195137,125.43556429997,-11.92474643092459,75.17332739859626,5503.092402857562
27.945975,179.8463067,28.451336225160002,132.0446677703773,4652.76925148214
7.0894377,171.3797717,-6.490057983376827,98.5376384181231,8219.896056164793
22.7843888,89.5423738,-40.3576111,-145.72005556,14524.834600409846
-8.5416922999722,126.8281996,2.9829218344802872,38.53119165041844,9869.792986918179
1.9929092897326,-157.38374008229,2.0016900965723123,-157.40737721146127,2.8023278684085753
-8.5123826,126.9849032,-16.448104621142562,102.50708711673526,2796.930358680634
-12.8352227,45.1386137,-2.2747393429485756,26.020254119715787,2409.5851614934854
32.7199449,-16.7661973,12.190749989130168,44.22707275803168,6576.299726864627
-5.7902302742004,-35.188323974609,-13.86592967431608,61.49196610579924,10570.103082549582
33.8448333,10.9882339,-13.218659247205684,22.120688273857702,5364.370932448225
-25.204670127213,45.93468571923,-11.891639492877777,-29.294758619426588,7976.133862995347
32.6820158,-16.7966264,4.255016528938755,60.53744924086821,8567.526769740685
15.12181278,104.30765954,-3.06308499593505,-22.741945045297157,14065.599610466426
26.3290968,-98.695138190955,23.246472302512203,-84.42198612537281,1480.1695656965228
-8.6450790866192,-25.8400313026,-7.871016005936485,-23.52378401100928,269.0226813305229
32.7324283,-16.7724781,5.049874270981865,-21.702422868358543,3120.404540688468
34.950704773537,10.49442155697,21.577694236495557,-0.6740820872341833,1842.9887648759216
13.483807738375,144.85492566534,8.915908891069273,23.256797130562497,13104.774711594813
7.5243717128226,134.49965457863,6.09776964801462,14.546924871558865,13184.697699696397
26.243535833333,-98.149476666667,7.976261314254794,93.03347716716601,16022.965803766372
-34.440216600002,172.7024352,18.55077516799171,0.15215789301293492,18100.675557755014
-8.5499,125.5391733,-13.3243561192278,106.00778963080252,2196.405652800364
16.101741799998,168.1416147,0.46811221680491333,-11.25750076015877,18171.42316686919
-8.559165,125.5300333,-17.706299372302432,121.56332770058654,1103.8880693485917
-0.54645035555556,166.92318720899,-0.1298381529671192,127.01623453267821,4437.60206286151
32.6895014,-16.788128,-9.080158650456012,43.94327748574943,7925.083056904634
-8.5553056,125.5555278,9.5516030111313,73.27528357333006,6128.597985562676
34.991289821167,10.064019132792,2.8645636406918173,90.43950246502038,8948.551014981836
-8.4790981999722,126.4568033,7.586883426831098,49.482329307436295,8714.920470030456
9.5199767,138.1219499,18.1214360701064,23.878231349917172,12173.333838434823
-8.5564722,125.5487222,17.69744258603434,39.29754175905404,9903.270412549044
-25.171247300002,33.0752688,-2.5358115551838014,47.41044122573422,2948.2902614879517
15.12286721,104.30410156,22.958168623376388,-81.53579285113176,15733.240371495405
-8.4954964999722,126.99211139997,-19.903792849831834,0.07263631955302247,13404.759374098423
-12.8384993,45.1307687,-3.6300110050517165,-76.77202060964785,13344.60945419099
1.3848145,173.1443883,3.1232988639051107,53.04655100636483,13338.023561483065
32.730262,-16.779131670024,-3.0308383444493088,21.2663249174117,5640.97320786756
34.909746600002,10.343155,4.397940552110213,-35.17563022757682,5773.0490599156665
-8.5780833,125.5312222,13.21289964179941,67.63896216882804,6835.56941755558
38.301459799998,-107.8770672,-1.469469050595701,-23.399808471222723,9627.562720087168
-5.7638964653015,-35.196876525879,-10.733995164416571,-56.66848023187803,2425.551809205266
33.610743299997,10.2873248,-2.770815909546678,81.03352125726988,8413.871258619001
-4.6269546054833,-13.834813341456,-4.745981238231782,-14.190708608893027,41.60283785376255
-16.283237299972,-39.029607699972,8.629587363490653,3.1349556073478095,5403.646479007087
24.9078057,89.9569955,24.04317997575334,90.21811294480554,99.70749702895615
-16.3363522,-39.0183679,-2.1109370789085755,8.73266213386161,5456.378157798118
-35.01166928556,-33.8032273661,-34.52183419895405,-33.92062160642285,55.51271012053307
-26.229642594582,-35.956837725569,-24.269187655223984,7.220765737662404,4327.985705330226
0.041510535849057,109.88876261132,11.461607132390606,51.93322525931588,6522.50943395904
24.9221595,89.9508551,9.799431937457426,12.994772084485339,8243.151521143729
9.5829554,138.1215538,7.352995562671408,152.02034167760942,1548.4244295246274
-8.4873761999722,126.45468169997,1.4980694426074654,3.371850065321046,13668.683629324783
-8.5235742999722,126.9952337,-0.6172027608865412,34.937170669419636,10223.669746867878
-8.5350002,126.17714379997,32.11973405790408,65.11688859144495,7889.394519832988
-43.7576872,-176.3210408,-10.67917581151999,-111.20851234690048,7197.846834843341
-32.0089727,115.8935566,8.449595782135143,-17.408740247893753,14541.998671120027
-33.595447,0.091102,10.92227116430714,33.86340174246692,6104.488356778433
9.5144313,138.1076307,4.322629671285963,68.31384483262791,7714.9076874212315
-45.4608799,167.7887092,-37.79578960513566,40.888748453104405,9343.484398458035
7.6259614,134.6334064,-8.953300644126907,-6.746500541383102,15764.884711207877
-17.53914978682,127.87126914586,-7.456961414917191,75.10476391901831,5818.391686884526
34.76694371831,10.385336438028,13.085696550577971,-75.94798546747863,8852.679127985135
38.089963821313,-31.466093124865,38.087053479046325,-40.07794288179331,753.4124929356212
-45.231749499972,167.81186349997,-8.26403853961519,51.35863362314172,11345.143224880703
32.7026792,-16.774809,16.005744058366318,29.644327317203544,5008.458128046869
-3.4372003,152.1871097,-20.5764663908014,63.39855495328017,9747.348396963607
-5.7925934791565,-35.328304290771,8.93584946673114,13.273186069457866,5630.395283085896
-34.932649203,-57.954682947,-4.7448278427062895,63.70762989431835,12501.242626759133
-0.6327960782343,73.224684431294,20.485569469695527,41.64637593751371,4161.61199028142
-9.7944441014379,-29.309894362641,-8.583258754684973,-21.869435477445588,827.7233356629819
-21.2198103,-159.7501489,6.1118796915033675,66.20244432090442,14797.367355314
15.121920546667,104.30742734667,-1.7309892800832396,31.614115631472345,8204.97215702812
29.177323401595,-13.425580379789,-19.78320812903519,77.91137129148461,11187.655081021785
-23.463968598673,150.39977519486,-16.231308230826468,137.45708146200852,1573.1926354536567
15.121199126667,104.30743385333,10.599830411750595,26.741473953300172,8382.587882392632
22.692167530845,131.10600934381,-9.699106095314399,-43.87826035772812,18474.749648128498
-17.738094124722,178.3897947425,7.6739165378948115,55.76148269672682,13715.023985868256
-43.7330008,-176.2677928,-13.053447261761923,-99.01308789303634,7989.872369508456
13.440189586114,144.80276470572,-5.018419426844003,36.42369563156219,12121.969047617582
-34.620137147835,172.96322573701,-3.980089063041546,-5.121537312243996,15718.256330156268
-19.055335,-43.045027777778,-23.14875340237361,58.57841042223653,10305.556694349743
-21.2020593,-159.7878176,-21.85325101015405,-41.196144098000396,11812.20285450479
-35.851898171542,-32.646503965287,-35.80165490639258,-32.64089738285035,5.609615601808294
26.229172000326,-98.235304332155,2.464317613040149,-39.218439532201316,6815.285545343088
-16.3098759,-43.0821819,10.21507464339061,-37.37583948477526,3015.5279322329948
32.7187192,-16.7596948,12.894735649350936,19.192726354266163,4261.49781359002
15.12165036,104.3075195,-16.601937684608504,-58.6021230053703,18180.26003087625
-6.171915,106.771241,7.967852774946809,0.14722361120341193,11925.971960553337
-5.373947,104.966288,5.715587733769504,100.05302574712528,1348.3607685870188
-30.37928487102,-37.397983158479,-32.30420253002331,-34.84109153971884,323.6724824570491
15.12142662,104.3074382,-11.733484090731372,9.963329018719312,10803.728701976554
32.6882898,-16.7845041,-1.0443066545733495,-2.8787717637233663,4025.081032009229
22.219725,-98.003661699997,5.083536989762988,31.260362983559986,13718.425224169421
20.11869430542,-98.780967712402,12.968159199394233,-72.71806255086749,2885.529095823584
-5.371137,104.966311,-2.444540980741582,-49.518198385403025,17050.79010037741
-21.2622366,-159.7824455,3.473733022036049,37.630882955882065,17284.645145718103
-6.170107,106.766494,5.373601749006196,-9.003429180917346,12913.042373268294
-21.2241667,-159.7927215,-0.7432850448917278,76.47586773707708,13438.671407373091
-11.487362671327,25.222101916413,-8.203073192621263,72.16755316349213,5150.9065375909295
14.858987450353,-24.717558349043,-13.507547547938264,95.78257633791056,13618.333591595036
-35.147321573612,-32.567881153503,-34.92672461152133,-32.54326501739893,24.63143366038666
15.12142235,104.3076009,9.592564918832084,7.844047399997432,10413.542995361184
0.2132065378257,109.82665336433,-11.996238889085689,53.47240669662412,6364.356969140736
23.1804024,89.1935604,-11.674530846698405,31.018842893314538,7419.931853890996
-3.9678617885568,-11.864094612972,-3.925994161410312,-11.73890842550942,14.646625362062814
32.7081782,-16.7636136,-13.670758405983559,148.65137154571215,17432.51052125888
21.106992,-97.638133699998,-18.440365255886693,25.86836974972404,14126.915378826041
-21.2543998,-159.7310951,-9.71726496725517,11.933152156337318,16452.873864293066
-77.8463822,166.6711724,0.5425243616901064,16.49465527521989,11237.763211116697
25.0210158,47.1874071,25.597172385249426,45.81874667389927,151.76400783949208
4.9666716,-1.7272677,-5.6937958888567985,39.67122150900727,4746.887011070333
-14.89124408926,50.276313037082,1.3313824606941858,99.66563760019228,5723.286495861949
31.002062,28.625930600002,3.0329075762207234,-9.526663826833774,5064.42942421092
15.12286357,104.30416663,5.325027537636309,41.34714119627849,6953.400304145506
31.632288844367,-8.1978844028393,13.486302786617935,-25.085672003973496,2652.726262633583
15.1219211,104.30771483333,12.803018336662397,0.21473264015358942,11105.021180610662
21.077715099998,-97.605589099999,11.43908343655522,-3.8620822239036423,9933.554219801994
-34.9339799,-57.9446303,-5.446353412427861,23.296420868035902,8863.375062659985
-33.856485690188,121.89507010551,-0.042502495359669136,-27.196426770666523,15056.381627274737
15.6188449,80.0976434,-3.0576106417724005,115.83828976163554,4446.01917922492
-11.685943270029,25.208873268462,-2.753737141556964,22.239021484588275,1045.7440888869723
28.283272349736,69.46963696108,18.858385912957633,-54.847384110899306,12060.31480504751
24.8513004,-98.1437694,-13.50907562173621,30.455795427624512,14503.96212977546
-45.253631954821,170.79617294764,-9.888609040331044,48.93948343016996,11578.332332418207
-52.208524407888,-69.039845860842,-31.30808218160519,8.106884313535868,6470.377755320009
-43.7469639,-176.3788358,-5.896482533729907,-23.51172007128675,13859.686390749703
-37.188750764106,150.01731841025,6.62448339508059,71.96297446847126,9407.380793816492
28.292887207898,68.773070659496,8.72802320263311,37.44159017855797,3933.919436575165
-2.2313643,-80.921566999972,-2.9186101621208635,-17.497331712655477,7044.875912214974
15.12185206,104.30757274,-8.209926491531848,-4.114833234796805,12212.355566865403
7.1198620069501,171.05604659705,-1.215018298631038,24.78855138088101,16218.89647569909
-5.505745028052,-16.462438312769,-6.8606375868894265,-20.513631213392866,472.5017732913524
-5.387072,104.964133,12.6827985504837,56.69571334180808,5698.770809485946
-34.94132908,-57.9393124685,8.528316197528161,-54.15998886321624,4849.908040872851
-4.357022,55.831538,-4.274687001117777,39.84321216245058,1772.7700946314037
-35.41125602109,-72.436305381534,18.468834561537523,7.345795024905681,10303.453153900844
15.1498291,25.683033522121,15.149829100000003,13.814738709812184,1273.6729730618667
-10.3324197,150.5323959,-4.2634267816395495,-11.111744760346156,17414.01340448492
-32.763568194168,134.56729037873,-26.19614733550352,118.72422632908416,1696.01308699049
-54.510047222222,-67.189947222222,-19.456124436633615,-72.77333729316277,3926.5347894931083
-18.569993260563,127.10579904204,-8.389797761479189,26.476520923970025,10815.723305799665
-45.4658253,167.8414964,-0.7196871663886868,25.73710610882215,13675.522655091574
0.0,-103.2846314,-12.382996421233079,41.21480783772174,15864.330169875462
1.3654443184654,173.12088907207,16.102713035088644,-7.624613521858196,18070.991449945814
28.283037635465,69.015929997364,-8.666836366380254,-39.39030699124427,12260.363799526016
13.55202673187,144.83744524793,-9.76416756283962,-32.866523010865244,19525.295249348103
4.4373812217348,72.959707017747,-1.9104346659345346,82.8332487012394,1304.5121906050445
21.9696673,-98.4100173,-13.930950829915961,-43.47701037070073,7196.331115619233
15.121993573333,104.30742734667,9.79285670013091,72.95917101803354,3451.499051793283
15.125117666667,17.381019416666,1.9342671036004782,35.08568144882359,2433.7570090573977
15.12196862,104.30746094,21.472593882902597,64.26744894700109,4274.105751268776
-11.820269609191,25.153872414086,-7.748269541250434,8.696981207134105,1858.7045684925188
-21.2081257,-159.7897604,-9.006365630992429,-2.640898423592115,15829.903040787825
0.8411316265713,73.40884143879,1.0824098048813922,-17.497576751239976,10106.536682862316
31.633576235953,-8.2276681870441,-10.23632737908196,17.225008861943206,5386.833363217094
-6.7387058775077,-20.159817323175,-6.50276242312039,-4.881211033567983,1687.7094535374215
26.3714595,-98.8582796,8.662903558935646,8.40954720662769,11264.457744279403
-3.6171994,152.3980014,-13.834924849013884,105.06296727843521,5314.224457641484
15.122793876667,104.30425889333,18.574411555181715,11.906961662580457,9721.862432794158
-34.9357375,-57.9769672,-11.022104337246532,64.75237169181413,12120.31456221958
22.7859726,89.4632972,24.07014283384932,27.44870777104083,6274.65144003702
-6.7765623863378,155.70614822789,3.306446637968173,-18.986713330595425,19311.995242217286
-2.2270926,-80.919404599972,3.651027147600231,21.24939390566046,11372.958762025615
38.07670759258,-48.199913377234,38.074708929847894,-48.757328542310724,48.7922439746716
-36.549706350467,150.03652269707,-0.8564000564676277,-30.661520954924836,15855.09236910646
-25.213322117844,45.894338602388,-13.07088287370812,33.06798463911448,1904.8054645163038
16.198723128832,-0.49635150152284,14.006153374504253,3.5296098631250667,496.1931945727269
-32.747143578,134.70248980433,-14.262785439681755,74.92121390229296,6346.519355910993
23.1128704,89.1155115,19.14719294372462,13.612624239408602,7754.917480806015
21.0219145,-97.5148432,4.722285753844889,111.60054738160912,15740.082909054103
15.122021833333,104.30767146667,-2.847625446839994,25.11884234580015,8932.802236420222
7.1085865,171.373401,-7.286689425846599,63.37909211891149,12081.206017250162
6.920662600002,158.3191843,-11.649095258603579,106.51852163527413,6089.686542502095
5.2153415,-1.0629862,18.057335265131456,-9.6841588329569,1707.7571304471994
22.0381077,-98.4041215,9.186769741979768,61.72173017475418,15922.148791564212
26.4623644,-98.1338305,-6.62135353417998,-60.55394378171382,5471.328864292537
17.9088577,-15.3847669,11.648271719937782,13.752580381042108,3205.111855634158
-3.2528794,152.0370072,-1.5449044213646304,70.06922517693357,9106.33256985963
31.066538899999,28.081366700002,31.09502278671996,27.953203354918184,12.609485741778826
-2.2710363,-80.9246059,-2.7006111336721914,-62.66132636723254,2029.4141372523945
7.818233,52.217285,-2.6214120282114473,84.51870037189984,3766.2903128729195
16.199810327027,-0.49282762882883,13.957675321980007,3.642917395825733,509.2078251583967
-45.5182606,167.8742461,-15.168245024119152,-36.61087585263174,12830.730095476774
27.0941917,142.2044772,3.4602476082975975,17.502791623316398,13185.704576521422
-32.0052723,115.8949077,-0.7318139090898697,96.75033094337815,4016.1483953777965
-16.1877393,-38.9801869,-18.336601321472724,-34.061885210153804,574.2730063294752
-8.2881001015542,-24.75004822596,-8.235004069881228,-20.358030464419482,483.3355981527867
21.2064377,-98.1085412,-1.2158971320790677,85.26721218690487,17762.293444414056
13.6425699,144.8554022,2.4896431857728714,66.77385808341593,8654.719144545223
27.846682816526,67.948243546543,9.503321685294729,47.41215430994664,2963.2614236006834
-2.227535,-80.921187,2.4375610557562557,-33.15310206366113,5335.351518583811
-34.940412455255,-58.61175976036,-7.0431041870220925,85.9157754400284,14046.468632290902
17.8765629,-15.2533914,10.486986376790982,-34.68087287202386,2247.634706474078
-34.929515884,-57.9858221704,-4.123952181440389,-27.886271033728217,4617.594645761517
-35.386856,-62.4155663,-19.611724585178603,11.838474609047738,7366.46896604766
5.1603464317,-52.6281640492,-1.3181492454365578,-1.4795618857726527,5726.448189283814
-45.5550394,167.7756431,6.572228824573256,11.022820590181716,15136.446396664092
17.8698936,-15.236338,-2.2888291210295413,49.552787169761096,7435.574877243217
-2.224373,-80.921247,9.687183365344843,3.7152739121971727,9461.898343432722
-5.7890577316284,-35.338924407959,4.941545217788825,48.61460002916559,9396.777158133329
0.0,-180.0,4.523184837516928,-3.605516084615413,19372.153891992788
-9.441242860184,160.09799384812,5.298067940759551,-12.580935116178917,19085.71537460368
-32.715365597873,134.82689255932,-29.659862216992067,141.37102735022395,708.9747047607443
-6.6994940678049,155.71763008439,15.865234617377808,49.811561706071835,11906.800346011525
-43.7437708,-176.3585961,-4.572284363424977,-3.571104208182069,14594.139681526696
-13.4466944,-172.3799535,9.44934081861803,-39.65653402253918,14850.941848288714
5.26200963068,163.0040780224,6.187020114069716,12.81410088129842,16469.579686104953
-3.5242008,152.3303306,-3.8057643225826427,-56.85812285369709,16670.869884312542
-16.2943194,-39.0324731,-8.67833953253453,82.49724138601019,13008.83397003643
34.995529,25.5262887,9.798347619742048,14.551276793989144,3015.187643635765
-19.997015,13.035556666667,0.9287543169062699,-6.830799984900205,3178.2565284707434
-15.807405437008,129.94025056821,-16.776858204671715,128.94594113074436,151.26818789839967
-32.0067608,115.8940994,12.83149203723928,-7.470439266208152,13890.409280424034
-0.5317314467631,166.95124195892,-0.1817498334291161,77.15117535884718,9985.125334314982
-35.389869,-62.414762,2.86573227688019,-30.59137579472291,5390.893408851755
-5.1854974010413,-15.517611767263,-4.849070700204858,-14.510854164670594,117.62448904911469
3.865841,10.074906,9.418666632408488,23.177614329326,1572.808045021974
15.1498291,12.595253524086,15.1498291,18.35446314170295,618.1206306510934
6.7395841190654,81.362983798684,5.922827960438938,48.44639556839234,3638.3071598063584
-35.873414099972,-72.662456899972,-18.384131640761662,-105.45870608502501,3755.8865640832228
-18.231029544773,127.66118544764,-17.40545903602391,128.09271121947825,102.53722161774685
6.9368541,158.2786879,9.193448111440167,30.1215584391905,13997.48438505003
-35.484292990014,-32.605483367834,-35.606588452744596,-32.619130163905176,13.654571291774745
-63.898693083333,-57.611679055556,-29.261986995123404,63.17082580771075,8446.862403642808
6.820651700002,158.2973281,23.334958527096365,3.0522838026378025,15716.47504593518
6.8437516234951,158.31861909417,-4.986738586288735,152.67699254038268,1456.8947750439177
0.289649725,0.5773301866667,12.212476201758575,49.254340663052574,5529.4641382920045
-33.756811398774,121.74766028595,-33.843665945839184,121.86234725965282,14.33782430490302
6.9140968,158.3015066,-4.1167959236590494,84.26052985911463,8308.038726113478
-32.722851068333,134.839948683,-30.66984926974456,155.81761204316197,1994.4785815123812
1.3577715,173.0630363,-2.2632326550039177,-72.9544976371566,12677.791300321553
5.3680076204976,163.00562294749,10.975084628913551,-17.392332045932378,18197.284143191468
-18.59606855648,127.07484666105,-18.247850444540973,129.11945555475742,219.14576369538295
-32.012831653291,115.91939634584,7.726303924663289,14.987428977834425,11490.121924748366
-0.55185376545455,166.93827765293,-3.6476681390002264,88.59561559948206,8710.044068294545
6.5697688981952,81.730252476485,-14.673824793981762,130.95234375865383,5918.18984135139
-32.0046244,115.8918678,-1.0101841637058036,9.17817850762666,11515.557323356956
15.306656794821,-1.7212673601594,4.27675234476866,32.582195031862575,3946.17564581461
9.5478083000022,138.1628538,9.740568738046669,38.2178614693875,10901.083943774647
-34.9359228644,-58.518475517,-6.026905029025701,-19.366319620403246,5135.47373536948
0.0,-180.0,-11.69447898845735,-62.99123753643087,12943.551618540792
24.9842838,83.264191999972,-6.395306505207328,62.26106871357195,4164.199410555864
4.4367553279743,72.958173322508,16.024158780305267,95.91779960791699,2818.8455636058857
15.870401499407,-1.2388228144411,6.181751285647576,-4.2527861444871204,1126.3026126522916
32.845187333306,-8.2170511666667,-3.170218618338449,41.86715641863452,6610.723356287275
26.419190299999,-99.021835299998,16.37086183609159,-89.4623489753742,1491.29804566881
2.946336,9.917798,0.6699131196302878,77.18769399322088,7479.630226899052
-9.4324981,160.0765172,-11.475083676051966,76.9419755556693,9060.072316774307
-35.3693392,-62.4430024,-35.37530251709249,-62.49423940775191,4.692701939983206
4.956787,10.718675,5.270424009883562,10.178810967859576,69.21874794544185
15.1498291,24.599742125758,15.149829099999998,21.44023033121077,339.10881106890884
0.0,0.0,1.247079986274069,54.12285792146128,6019.278602032139
5.0159667245833,-52.478066626889,-0.7659230353888065,-1.417918716024491,5707.320337484587
7.7904277234375,54.744325215938,7.796030545042722,52.65042274251654,230.68147697220215
25.141356,55.441943,27.318827903701933,153.20639700856609,9456.902820327723
2.0438532631436,-157.48370593167,-8.214591694065662,17.13262390902651,19106.265606398916
-34.9328888784,-57.981391168,21.40261480524068,76.7069868503527,15369.674556805498
-29.047106903089,167.93353156519,-1.9712187254004654,98.02651812616695,7953.443186405302
8.15731685875,57.69412569375,-11.266363176722942,-55.22632296320308,12669.723795762415
17.9755001,-15.5600911,18.002002257763078,-15.683181602683721,13.347359176168366
6.5794989885824,81.71499682598,5.312156722645615,78.4280505614827,389.8767230218116
15.12285194,104.30427086,-54.591376571958094,83.24649145886308,8003.808439182806
15.2659479,5.5985898,15.981831124659568,47.70026668354154,4501.439863641697
15.1216634,18.620823851481,4.55602409034841,39.81133634287459,2598.396532839656
-25.20164002086,45.94883678047,-26.547748938725558,2.1349833365469864,4364.552189607576
38.3368861,-107.898849,21.87466429966393,-77.77097717214113,3403.4352714372403
6.4183082999975,81.1350115,-21.89422810957766,25.442933803773343,6832.209693375391
-54.4217031782,3.3907492486436,-40.4388413920239,-8.450980239399247,1786.4457671489092
-23.53936489575,150.22043349934,-23.57412209396551,67.03599053058583,8335.496873438531
26.309647899998,-98.646239,11.675064489737531,-36.263740184724874,6696.383709159611
-9.4408880555556,160.12913194444,17.94334968108892,42.138752606002164,13277.248689564325
-32.45792185144,-34.636904289042,-32.27375720689423,-34.88153243399586,30.777139891380987
-3.2378011,151.9665597,-2.107135891835966,151.65258896317152,130.47121586223744
-63.881944444444,-57.621111111111,-15.259032141122608,-14.202015588538728,6336.962727054818
-43.761716111111,-176.31618277778,-23.253331637751437,75.36794147860734,9596.073563036458
0.0,0.0,-8.615004655786448,7.73297737662042,1285.08515638831
-25.0039848,45.1491369,-24.26590802018897,69.65995076397766,2475.4121175009986
-43.726224641942,-176.52869598449,-22.225870467473094,-92.80815770250683,7833.6999928636305
27.0387358,142.1757061,10.71993276349971,1.3306903012610405,14060.216541835494
-51.838903236317,-58.239180395219,17.70065138002351,-20.984619947135602,8532.548461258335
-4.0594310984318,122.43078403701,17.116071394049857,68.39561940710898,6380.588207763871
-35.549632099972,-72.5669876,-12.099772915253697,50.50455845789381,12030.66568837565
-45.414075699972,167.71577469997,-21.58811527697164,-13.3864620598572,12563.947171901422
15.123138466667,104.30453664667,-6.433024427107187,91.87091739988855,2760.953629756595
-35.474169899972,-72.242631799972,-18.67181846900924,-99.10448191888275,3231.999268127881
25.244438,48.6399246,25.28749033094923,48.82035493854339,18.764567100513215
-13.4471336,-172.3901968,2.7356150885372905,58.42903051300473,14307.564941885983
15.0697594,5.7559597999975,21.67179859945589,-21.90982599915253,3005.5107083235102
4.1251975122369,73.472215389192,5.757204868380197,51.57403711398545,2432.5003856667017
-34.9360704225,-57.976113249,-28.1977731068802,19.616172395675385,7205.048817151042
15.122903143333,104.30407496667,13.400500199113631,36.89135110995931,7237.9418787122095
-17.978707299972,178.6009893,-2.931593005712342,59.65145780381436,12938.681363548185
-43.7493058,-176.4278817,-12.932506793113067,-50.00103476474075,11705.044945266069
15.0695918,5.7540051,24.244478618857965,-0.15107412996778383,1192.474871691421
27.0686564,142.2040049,2.5045958137031477,37.76672408265082,11302.830521283948
-23.482417513333,150.36658768,-20.692117650462833,71.04982042554664,8067.311852503881
3.869986,10.073044,17.129121594702195,-42.215018465059615,5883.036246544195
29.192516431168,-13.461705794897,24.12723022841908,30.664592087745284,4395.797132561352
15.8799051,80.9068374,5.2246335512290525,-34.394574979888,12521.58937914561
-5.7881879806519,-35.328884124756,-19.699927977246627,-12.188782617963872,2941.3125299142134
-6.1078578999722,177.3382444,-16.405729088756495,7.412905047264688,17277.32102225174
15.1219604,104.3074056,-11.179919428138493,53.97860192839993,6266.742660677697
6.8964652,158.3125135,-4.320393261941624,-18.09911514411053,19525.484003393725
-17.634120299972,-149.6127333,-7.982245213337663,94.85025795313712,12386.512535286709
0.0,-180.0,3.8040840492647923,-56.31008229180624,13744.337980897046
25.6316775,45.7567741,25.544699346326386,45.904725940782136,17.711673324868368
-14.903763961061,13.477588668478,6.653318156872773,-9.717850042099535,3504.787189546761
7.0559184,171.2210411,-21.229242036850195,-29.667541466835804,17272.400163301656
27.0854802,142.2087426,-11.172499126279956,-46.03811414189654,18046.63406472353
-23.488809583917,150.31539236987,-12.194788027203128,96.03105305784666,5847.836750437445
9.6002016,138.166284,16.852991975610376,13.740400242570308,13234.544448269296
-32.75750222333,134.92936127069,-24.659358999660938,79.88078143850917,5384.680000770442
16.850613333333,7.9695233333333,0.6558807408491368,14.014378476121594,1918.5801748778138
-43.7505406,-176.4525764,-9.339172516538362,13.742742961450086,14022.568519218476
-18.292580199129,127.5936018716,-18.146947122266045,128.92565284911666,141.61986553202786
-5.695657,-35.2111633,6.778359668172352,66.89938084701276,11414.305621182692
1.3653764,173.1306923,3.903202701246946,-26.927640395178074,17710.343209478237
-51.859652216867,-58.226180741365,-27.427255485746244,-9.459035146064098,4853.4719139157705
-32.0021627,115.8903408,-1.9249399169970332,19.424201478683663,10502.727487670856
-32.73455015015,134.75914640774,-7.896519366765671,10.910378720977924,12558.646941308289
6.960866900002,158.277179,13.038775878609913,97.91352383525863,6630.899076956358
-32.003092,115.8940259,-2.6220462369374946,29.376541033250035,9524.78016059721
-18.026035325808,178.51979257192,7.038170656248024,19.916503944800866,17395.003140307083
0.0,0.0,9.938705413570059,-7.150112754631462,1359.0715493582625
15.1219686,104.30744356667,7.333407344878986,-6.840188710321453,12029.930475552677
-19.046892777778,-43.057623333333,-17.579989378062052,17.668856306950076,6379.425182602928
38.3398548,-107.8984886,31.507231589288928,-71.66530914225228,3366.8624546140154
-9.5273573884932,160.09058710873,16.49181504449738,34.76096343668786,14058.278776242358
-33.780256851557,121.78560058449,1.2600696531000624,42.116513405925915,9133.285642013016
-33.8389472,121.8863615,33.49982159061962,-10.00479989497666,15604.974250030047
16.695818199998,7.9587041999973,5.3098839535405125,40.46234629051055,3759.077232520775
5.9814194444444,116.071975,7.11855540687562,-2.0078008582836206,12992.838680198525
15.103814232684,26.71420343233,15.486948103483833,18.96578582832472,832.1115248165886
-13.4503621,-172.4001356,-17.755381598422428,-95.15961978287514,8229.317352819266
-44.7494579,169.1198701,6.3383868133017245,33.623296668017794,13958.395358613072
6.9206991197002,158.32236759165,2.2069162303602496,150.05700832236295,1055.260347646782
-0.5387864596649,166.94966168938,1.3826893560782867,113.00957432741878,6001.207466836642
-9.464277535953,160.1043995051,-0.32020791305589924,-93.0446184565037,11848.898289166997
37.771797761232,-25.303561553388,-0.8603212083223385,11.313656708871697,5704.792328104851
24.978344282238,56.264639496776,-6.689765627469192,-57.175836248769485,12680.335581517169
-54.4217939281,3.3882390549828,-54.421772435397216,3.388535818168623,0.019347191306477492
5.0160140824,-52.479728926,8.192628527856172,-31.009411586882077,2397.2110511223395
13.467829324238,144.79845198721,-4.494915815699193,-13.450083651325766,17428.868202137153
-33.72764425,121.62069525,0.09497728444092354,-0.9939031263330304,12975.503742925855
2.1734789,45.1183853,4.175180443496835,-47.945090782810425,10329.421569330989
6.8381508,158.2986684,10.291588316354375,81.20519374323676,8466.86850044625
31.632708025895,-8.2080698336386,13.904256703213804,-35.92137197961472,3440.4310026186263
-22.6487422,-152.7936024,-9.283569120748774,71.85276458641354,13995.495395256008
-33.858376979687,121.89415804429,23.563781819437025,28.931617033197366,11696.907961173749
-31.8553013687,115.916365898,-19.541497216241385,9.092878051364899,10358.99731995098
37.52537108,-48.92270186,21.287383571080962,-45.682539280975554,1832.3047211324579
27.0968947,142.1946973,10.610334159662377,-22.59545163694844,15512.573358124091
25.1213185,47.6273274,25.102999081516995,47.66183680524217,4.027666003333632
-33.8323217,121.8961317,8.13286465150973,-28.32889713987423,15836.573661283106
2.0203904717624,-157.48775046921,-7.313473939357322,-50.9164373607601,11863.432730158627
-13.4451003,-172.3598879,-8.946415101131999,-76.78963626663388,10371.519207522284
-21.2664768,-159.7711652,-7.075031058330902,50.14133437051494,15477.778988077076
-21.2655861,-159.7410202,-23.40984065586421,-20.9557689946568,13337.66320899962
-21.2249287,-159.756075,0.20950288083387714,1.4978431973048714,16916.41487837879
13.46727220676,144.79879792035,-4.5155921845195,22.94528252746858,13566.239655360387
-6.2905141,176.3145172,-6.294171886293737,176.3172674957029,0.5077684770368389
26.197388199997,-98.2553668,18.189229008407462,2.0855925424030413,10104.46278204352
25.068528,47.3490334,25.456663958830156,66.79730053502867,1954.4699170824938
25.37781,49.275763,25.330356205446762,49.05568696944808,22.735031673227553
7.1297701975349,171.04536374742,11.999220967667933,51.44792171887069,13006.81521275815
5.5601,10.314398,5.564152830934251,10.095131239996608,24.27074029806058
6.9612403,158.2650469,-15.431124969454139,47.58704342558338,12423.069350258871
-63.874404888889,-57.609943388889,3.8597147586408136,-53.12619204194653,7540.944281780226
20.791843055556,-156.02405361111,10.71456692665101,9.981679629529772,16192.29107667601
6.0568968,145.2127095,5.25372885480514,27.49755846385219,12987.551469364214
-28.058546782578,19.280112910272,-3.0333487241515225,51.88802433695847,4436.128396934451
30.949792300003,28.773003,6.9193405298636135,82.82291420995244,6207.006939099904
6.957953,158.278523,9.362019207969444,93.39967757389078,7136.808734875875
-17.971495699999,178.6187397,17.823375588219935,35.93631180657007,16073.18332888782
-3.6177156,152.3979783,4.160945236130443,-42.25138165155099,18388.808345802237
-19.297994774559,135.08511456743,-21.04733925083546,131.077688323901,461.2595476426466
-32.2872944,18.5783479,-7.924939689363873,121.48090241337607,10731.03890357913
39.4363016775,-31.257876288139,9.056235586405307,-38.27287852397261,3449.35606802037
1.3293492,172.9879443,1.705001383048616,73.69913986727528,11035.213904998056
-6.1648378449785,-18.433157041253,-6.4769494005451556,-19.366385369851397,108.82170214278072
-5.5595169,150.2970222,5.356087170004288,93.54672229032501,6416.463796433368
23.5303995,14.4465915,-17.66754634111825,-12.779895205830865,5452.024101487379
-17.809426099972,178.72236399997,2.2992733325245296,70.79238248736092,11983.073556672802
13.475512923248,144.76780515874,-4.584064914706631,-11.251320193405494,17205.233445516464
-35.3447242,-62.4811282,-17.327981748882657,-131.47697832539907,7023.780366471553
25.010841900002,56.363503399997,7.884010505164868,-40.33076084941425,10304.847958351238
-22.661761829691,114.2584781012,-16.706001960280652,125.16102687249213,1318.8821323017996
-23.8852658,-67.7545637,-15.711307259015504,-30.128426694726894,4027.308453961162
-22.721768856049,-22.721768856049,-8.965345594852256,19.11499500287303,4709.298013304565
-9.4847300052264,160.11067891566,4.010234065059012,24.77047638044977,15049.89383118436
1.9765285,44.97474,6.872903327023636,62.99711314821696,2070.2297112583105
-16.329631,-39.0315121,3.482021176691987,17.437035125990707,6582.64290917648
-35.020999308648,117.88358094085,-20.603337108997074,-3.250603301334014e+16,12018.99398013792
-12.8270776,45.1932549,-0.9334227033644957,66.94696231095219,2737.419562800999
5.3685420657877,162.99585051884,1.836376927170783,155.37527028775102,932.3233910297866
26.4981233049,-78.6876941286,-16.55788101710713,64.19732390813799,16035.932357686092
-35.029032885104,117.88765290815,15.564196590727843,3.2251999890461702,13220.260562580084
24.9675535,56.309415899999,-17.509026296122848,62.71145517212341,4773.825471064761
-3.6749316477006,-10.988219622534,-3.9982166354952917,-11.954857042519933,113.10853623689312
26.273273700002,-98.552740700002,7.947151606432616,-41.78425556912198,6313.381172750168
6.9607848,158.2657369,1.3182296557013569,90.30152421935988,7557.797354770076
1.9634354,44.9634736,21.63332354251475,-14.402072958597063,6774.072377010919
-27.113908509091,-109.36902542273,15.100021460080544,14.128097514321897,14051.799937893844
-67.570186666667,-68.127851666667,-39.12988731120002,-34.91661934967033,3758.5749004771387
22.18940156011,-159.45744477717,24.504933081757123,-34.63742882254382,12112.66255144906
5.727725,10.181005,5.278904051544196,10.301587202644571,51.660366413901535
-16.744817709337,128.28292443063,-22.10005833260713,129.3057118265032,605.0484697863741
-25.214948534895,45.829867257375,-10.155160293416529,18.286049149925528,3352.4584096006765
15.165934372873,120.57148586336,0.3891125952654926,86.85724788220003,4050.604764010809
4.1247808299159,73.472573091848,0.12178964254536434,4.652732445164501,7657.771445650002
2.0351912837733,45.301177123287,-29.735893656934337,71.16765371656113,4475.727694474335
-34.9395572428,-57.971999571,0.2756897299474842,-56.40111548568943,3919.159294960951
-23.744143901921,-65.471731500504,1.3109146304783978,14.02576259199544,8999.311116572146
39.436438009139,-31.257899925111,29.156818897057786,-20.17797850034932,1528.0056944816233
-45.4234183,167.73291459997,-32.76974787117114,26.20364547389813,10495.426624531921
25.2574435,48.8048841,25.175808657929156,48.1108149397453,70.4097735752881
-12.835418928205,45.153527614256,15.118813796646972,17.272792343713864,4367.717945024716
-37.196237322447,150.01810259058,-20.7781458618224,61.032610696387565,8544.358764323351
16.2542785,-61.574146899998,15.74981165238309,39.338577664871835,10638.97116970304
17.1571093798,-61.838893611,12.11393943257468,-40.52058103662257,2359.4308952349684
-12.8341382,45.1320912,-8.475184461561595,65.99407452051508,2329.6850963928664
-3.8686554866423,-11.576959597155,-4.142078150945504,-12.395177489265683,95.71634042541376
-34.931911882,-57.9427570291,-8.43422700511625,69.41081570031486,12685.407323281483
-19.317430312728,146.81445583333,-1.3553805678424669,45.847781899536336,11106.586154427056
1.9413685,44.9406782,15.277448301338875,28.23160731831839,2357.28854536767
1.9662829,44.9660934,-13.857286448139195,32.10973057074033,2259.2418027602644
-6.7126048422222,155.68885622296,0.3315014086689535,14.565715911420503,15644.9573800833
2.54634202,9.82600158,13.31097609422653,-31.02025446316173,4646.317280887244
-12.8339387,45.1312479,7.888419707526333,30.544459187885067,2811.8393383286
16.2509426,-61.5707278,-11.411312108947538,-4.135571689294007,7025.464382046726
-51.8975,-127.5963889,-40.311944440000005,-26.515444440000003,7255.508252797421
26.5093072783,-78.7075986341,13.462247239494628,16.392015379228408,9838.346862946097
-44.296145804997,170.87061081606,-5.030081897487558,-10.031241453908342,14529.51864321388
-11.561042723077,25.204765757542,13.501908812311001,90.4404609859816,7714.120921872274
7.810353079942,55.177297608812,6.37847689963156,41.211524985494066,1549.1370605074792
5.851721,10.159149,4.986969855478411,10.196795440201523,96.24620276127759
16.2344971,-61.6009092,13.362052862255732,61.5801659156111,12957.284843301819
-13.456479633333,25.010236128783,-4.877913551805649,51.77483236459816,3085.55734966554
-33.8665102,121.8923402,5.43839920467492,-29.041496217787447,15659.956091778422
12.2562336,-39.845346248889,17.998292524038696,-49.92228889129265,1255.5048742713475
27.0965318,142.2163549,20.293104618733604,24.42004607669529,11495.296811959279
-5.783787727356,-35.332649230957,4.310288197408822,-29.42212634294088,1300.2125971025566
-3.8213967181287,-11.426157117753,-3.9653986618486994,-11.856729747493565,50.379340280008584
-18.8168948235,169.0273854858,-5.775062075705915,30.589559297376322,14704.059153192891
-23.3009855,43.6570395,-9.36125955978058,-51.06633919588671,10073.040407356139
-11.300953844965,24.87308908993,4.653833418543042,-8.149716516141062,4061.503737527863
5.368132730187,163.01889491758,1.9792592858610871,31.605586642794552,14557.270573844327
6.8695221,158.2870393,-16.59729093628073,93.91304184410605,7542.498294427997
16.223572,-61.614367400002,-0.07644546751419218,42.91379639167031,11559.789118544182
-4.4941666666667,145.4315608,-3.2930689189791384,65.22622996130434,8894.509504493464
16.17218886,-61.58751372,1.8800606197574539,40.370500760841026,11223.822727176306
-12.834770200002,45.131512899998,3.8941030923263638,43.65980398888313,1867.2550944845789
-6.7949067071429,155.71629339246,5.94191864085391,-95.67356277161595,12132.804093983414
6.8426225,158.3093588,0.016750646198372836,74.72934004968948,9298.556730519787
-44.305736595048,170.99402695883,-31.740810485511496,-34.90699350389206,11160.611302717958
-34.9394850344,-57.93646988,19.559139421589165,-40.24893721729223,6341.394252394686
6.9358576,158.2788063,7.213367992445044,153.0547769177687,577.2847464340443
-12.8435456,45.1853102,-1.204964371118562,87.14876194035247,4798.840259237195
-12.8385955,45.1322713,13.301443201933312,55.772385215918824,3134.3166466799103
16.215564300001,-61.6424125,3.9585428072114484,99.07275471640018,16928.2035575958
-26.811994481667,-65.300828246389,12.82584701761818,46.8925882016571,12831.253673381294
2.0361506851733,45.301717706827,9.711695817040342,54.38304013203497,1317.520761665008
22.139129444444,-159.300425,-11.714888006239628,50.11429308477176,16686.241679495262
-11.26973259009,24.977510740541,-3.0994224910598045,24.994888704453537,908.4990513978111
-26.825100058207,-69.174731308963,-21.20663031458221,-14.3433207720635,5562.696229465362
18.101838333366,-15.9281934615,5.266717805965489,-16.84141022473305,1430.6440587318266
-17.431296261261,127.99172458568,-18.338111875441655,129.18709057185552,161.76519825995877
27.0940503,142.1938819,-1.0498764736749908,59.783564087569076,9310.319647524986
15.298947495862,-13.960463708966,11.982585460782055,8.55333228986266,2459.326834567161
-0.2497346,42.6000929,10.0306599304097,-48.13199117480711,10092.539418417946
-43.82156,173.051971,-17.548447334081764,-96.67399587953017,8689.030319716709
6.785165,81.1095988,10.667406890003186,97.26725082820221,1827.0803896680745
16.2510602642,-61.5469235089,-6.9639591021297695,63.50001109188474,13958.586636075614
4.889811,10.782583,5.033613697201251,10.51403409380041,33.774387193327584
1.3547342,172.9274953,-2.7808006535419287,86.31619497805299,9638.60685863816
6.8403241,158.2994211,8.479729590067253,38.21898974361971,13158.38552422629
17.1343257744,-61.8409146555,20.04432127434456,10.341692631800301,7553.947377031783
-34.522303,172.7747732,-2.026696635423359,1.857037734300528,15841.839848291787
0.22390150027548,0.057287927217629,7.395989949895838,57.24769548564063,6389.627010669836
7.5472402,99.057103,10.13859386367997,0.935872697031522,10740.146521002915
-26.853352599998,-65.711385499288,-7.9474890916930105,30.506531856521597,10219.398178408575
-12.8350018,45.1375457,-14.171917627136953,-2.5729687921887137,5151.824557468176
-77.8464405,166.6701639,-56.93614893266804,-28.014332608790244,4994.181933496734
16.26629479,-61.51138159,-10.217779762430919,56.0277477883445,13244.476395850235
16.00003005,-61.67469403,11.9509744461305,-0.4345194056798559,6601.187599136909
15.862129,-61.583239900001,11.857621726448931,108.40552749114337,16741.87715388322
15.4021048,-16.423928699998,0.4726876827556995,-0.2310346260086604,2432.399516128285
15.111075690091,120.71111428292,-0.5845757355003884,-55.75083199402641,18353.721756697465
-22.91284924,44.53907087,11.025426923973717,-41.470773905987976,10081.102827674078
16.2541152164,-61.5232136194,-2.3954687795751366,106.72782024910066,18008.167710762707
-32.6275789,18.948694799972,-8.06738450432625,3.7253988216291294,3149.670978138934
-27.114968355892,-109.36849010202,11.337693572235592,-43.15828107461471,8315.72746441549
16.017839899998,-16.48322,11.839642870305049,-28.22574604587407,1349.3579663383316
16.024863998885,-16.503919764857,17.869648873159388,22.14086546585405,4108.486391437583
2.0427679799453,-157.47017403299,1.9941230292574144,20.20564787967007,19497.151654318077
6.945096,158.2697921,2.9631375671110867,55.19298377895355,11407.964150808259
25.153975434807,55.42287991304,26.05644144936644,51.50933590392795,405.03675250287483
25.154391028907,55.484571182169,14.530661714641182,-13.035506002844532,7193.354026841771
-29.021201129667,167.96613409661,9.590026348466447,16.469707389937042,16344.008125532006
7.53298,99.0512439,13.04450447710861,68.39255016248109,3407.1023091630823
-31.935783,115.880093,5.339996298064804,-18.356139144114383,14421.314679442774
-3.0628994583333,-59.950345354167,-14.69617496607985,78.83540640177014,15065.055431747061
16.2541848,-61.5963142,-11.581794561659123,-24.171808417164552,5149.984133241147
-22.721768856049,-22.721768856049,-10.563395773000833,-3.650763694636982e+16,1367.7334118909496
-18.610327043083,-173.99896447628,8.87691526441258,83.91821686691776,11586.130627950924
5.599341,10.293827,8.887781691642722,21.509936682240006,1289.923445986793
18.10484319495,-15.99813101802,25.48537664617443,45.96455139929048,6395.8684009568515
-10.323304,150.66012219997,13.876501981647673,54.24758178443491,10964.557020948014
15.872844100002,-61.5797894,-5.9781764686520855,22.331435243942632,9542.143218744945
0.0,0.0,-11.53262033295355,-6.066985441022756,1446.862800086471
-23.089992659674,150.27566436247,-22.994867020629737,-19.211304074210812,14766.13158276704
-12.8438406,45.1342887,-13.239033121029577,-58.64259223926458,11128.911233139417
-10.308333333333,150.45111111111,2.0454606924895153,22.531854169563854,14192.393707778172
9.0761556,99.1757774,-1.2225633989963807,21.170199367356854,8712.972110831286
-33.34789545596,-33.454741488637,17.046184894577433,-24.142440118823988,5690.1192314241625
5.529243,10.355916,13.18644849386058,35.04196868019738,2836.487260433165
25.1309672,47.5842053,25.131941715095547,47.88772669008315,30.555303450441166
4.923485,45.2195984,-5.081720754391356,36.011553873384266,1511.0912042351824
38.3273618,-107.9025683,23.306637690560617,-100.25461429183757,1821.129791761317
-33.019862642587,18.671234843849,-11.367797416614508,0.7673527603110908,3021.4744260545094
-44.304710923195,170.99169919278,-27.68080886664908,15.531196412158113,11630.636505778302
6.2183772013176,145.2389469,-5.2380989371485835,49.93249519940573,10654.953645695796
-12.8436828,45.1854114,-18.0883751001003,7.240725009575335,4100.878943327571
15.292653333333,5.6330383333333,4.452092671479739,41.98389034899605,4152.40190595167
-35.1143712,150.0878671,13.8088445271872,-41.63265461224377,17370.76607312255
-33.867949183333,121.89217480083,-18.06800600672775,135.04151196845845,2189.585076240015
-4.3879297999977,145.3177303,5.956520859977281,-51.152181632395376,18182.961684777387
4.9605956,-1.7348844,3.106959162654144,20.957113506448245,2525.2158512941355
3.878906,10.070216,13.771509104762975,-37.01364982325461,5278.727065574281
15.062671299998,-23.696555555556,-7.534704495432837,5.623681496085141,4093.437908941424
-45.425802,170.702985,14.41197632042229,-2.5685176279771333,16509.0470661806
-34.94052637,-58.5114515748,-24.915261591533792,67.97384143065625,11295.557271528232
-29.052975114103,167.95778731026,-0.5414386050232125,29.618358028245602,14502.759763359121
5.272858,-0.9831761,6.311018795818717,-18.100433777606213,1897.05188250072
5.3648041992941,162.98034452768,0.3448494317140284,40.08313039106135,13643.175586636742
-0.2778793,36.101937,4.641602965931366,-20.725402475803826,6335.592360119163
-11.299902799972,-51.546944899972,-4.693262920958795,-24.62857509800593,3051.5407397957006
-34.9328510784,-57.9800964024,-7.731003592440186,20.404538481063323,8459.537565771943
16.662623799998,7.9541024,7.259073452857411,7.180141031987894,1049.002508334176
-34.9397337002,-57.971619554,-9.575450209684139,-44.48429259201253,3135.6099916656544
-19.436333488155,135.4102779708,-20.184711305893817,120.03588211536479,1609.959297163669
15.2784058,5.6018717,17.920265251857717,40.956499588191775,3773.3965474953898
26.5011127107,-78.6953509133,-15.697996424751887,73.24577242872678,16875.502931671457
14.875369272062,-24.725514957216,6.382476810536604,16.52172576609073,4597.718525148604
-0.2821354,36.1002782,5.82697728028977,63.22071273283947,3086.300808426693
0.8445932846934,73.408397497232,10.496127303542265,50.063919742062176,2794.0789988362576
-51.845689621501,-58.3159905643,-3.8082870512859333,-79.55508893570962,5691.769986849472
7.4855638,99.0893895,-11.001306061493112,18.734539990956904,9124.21698274091
-33.856351938693,121.89590161759,4.912359117429925,11.821566305829712,12161.596627510042
38.3178819,-107.9050601,22.438363263333834,-22.257216403606506,8121.783753490776
-32.148689599972,18.8634236,-18.312310362287125,21.131799946469403,1555.2259488165632
-44.304544661554,171.01066796662,-14.687792803258702,22.923435367129247,12702.642020090372
5.1039832,-1.243323,16.888545603419498,9.801702990698312,1778.9608117953949
-13.4493638,-172.370235,-5.703063667081529,-35.98124717000318,14750.58558074791
-12.8413365,45.1242301,9.838682293308436,7.311568858932572,4877.7458981031
-6.8183309767959,155.73419542621,0.8146462798965556,99.31362927949006,6316.83005003856
-26.271034504961,-69.095951751946,5.571494234798895,102.34704831166422,17540.52244484767
25.153992,55.483995,-6.866185582620093,74.51651933567932,4113.169450969053
-5.7644872665405,-35.332511901855,11.763919052968612,3.685476877483003,4734.943603073672
10.182924382222,99.096985459167,-6.987493430359766,4.829811030291021,10608.57368653639
-0.2919167,36.0969678,19.548377790527592,24.447170624413527,2545.6323968259267
24.3167635,72.8614885,22.67157764018201,-42.5055271850161,11300.279577432455
-45.5774281,167.7595447,9.396996735468251,-133.6476275894363,8442.105368105564
2.1250212,45.1155417,2.5380176200177633,56.5239778020687,1268.3354709360099
7.4974775,99.0736378,29.35675377809213,31.99411097353616,7382.240312147561
4.2117481000014,73.544146699999,19.579698647738383,22.61475847519614,5772.594855284282
-34.839074899998,173.1299521,3.1330149957368856,4.129381911044452,16311.049540214783
6.0658038,145.213391,26.99278670520733,41.554945969419734,11039.503103278917
6.8843647,158.2898803,0.01190916318065939,79.32601420314958,8789.177220588674
-44.6963913,169.1694557,-22.467189743666243,110.59867961246131,5817.161611034336
6.8657545,158.2894664,8.812375587688365,39.080756657750904,13056.149576494352
-22.721768856049,-22.721768856049,-10.704170642181099,-4.5015800051911864e+16,15479.429505222777
43.938434578728,-59.877803840544,43.93775130358695,-59.87695806270431,0.10177767745893761
7.5542146,99.0724143,-4.534526450061502,41.46229154739345,6531.215599973648
4.2126591000024,73.540075700003,8.38206402359647,23.263661491482882,5572.4578822037365
25.0277345,47.231738,25.051196027715644,47.388629463111855,16.019788273679854
-23.236336316584,150.49015202255,-19.807824552400348,144.70083912083226,709.768712503205
-19.31725,146.81058333333,-21.027109838187005,107.90665098020658,4055.154588462126
0.037104999972222,109.24383039997,17.32575177056944,43.50414558130444,7438.277868513339
5.854714,10.158488,6.6686138004424835,10.168904299067844,90.50885159541946
-13.137407992892,24.985983471273,-3.7635728089773295,-44.40066754901692,7681.610835138639
4.7631368,45.2306599,18.631830664830957,-27.5963738772951,8030.611002054037
1.9892614,44.9855204,11.274767653308075,16.303656486619378,3328.0688856320503
37.745120582402,-25.643317195084,2.5898488969395848,-7.055935896038001,4344.243409730054
1.3578837121379,172.932190733,3.069420813930645,1.0794113408193708,18984.325173283334
17.036064529429,-25.149063055817,-14.434939430483064,53.505942571441565,9310.990036840989
-33.727183772423,121.61673598561,-39.107377041537326,92.48644090692422,2662.0887537877097
-30.310222649368,148.8301106497,-35.8634780520849,141.29287050923367,934.5011170147153
-45.2332188,167.81156509997,5.529337531505136,88.89623107951773,9584.497211784206
-29.671694444444,148.81126222222,25.706706060895318,-20.39103521091237,18864.814533876543
7.5152978680556,99.060185752222,9.750430013914778,59.005780555548554,4407.975972858656
-34.9387823672,-58.5144744449,-3.106487108377819,-1.770211809829862,6818.488959350845
-12.4609228,-69.138752233333,-8.072233427205152,-22.484212452621165,5121.812981105617
-34.9286959841,-57.9602793811,4.433151244559466,114.81920378019929,16543.617605340758
13.551741480698,78.479359736448,0.5534335546474797,54.99040391549334,2962.4747311972537
-33.841778455965,121.88751030791,-25.03998475143163,117.41957917483879,1069.7331409018257
-35.238935898667,150.00619321067,13.72324725753141,2.475207744604865,15982.590086363874
1.3321895304073,172.96884491279,-33.180341124842165,-34.06710475811006,15488.27168329507
-30.226454525308,149.42720057626,12.726153457748966,-15.913509597120493,17553.46946002035
-9.8044147319706,-66.852764946974,-9.099208571103805,-44.216936286535685,2483.5978938882035
38.9531209,-45.0313293375,38.505369951710485,-40.92177337814536,359.9087015019795
-12.8324745,45.1455449,1.501415225359354,-36.60162994159326,9150.68268180401
15.5696658,80.0749939,-2.261838979871218,-5.995163740784585,9654.56588556132
-30.042019,148.7764175,-12.068809634732405,73.29952565935288,7952.756936780566
-33.397175415,-70.6576362622,-12.241688830125442,-9.743626707553679,6573.147424673956
13.43374521896,144.78024677699,3.1352547442854775,-8.722524570233329,16559.304322186003
7.0690484,171.2874743,-11.687405292522044,70.10245979498909,11377.923665974968
14.544747,-90.619945,-3.284857508594165,-10.35695603987784,9054.414948770762
-29.034608981522,167.94324659968,-3.9622234701681625,71.58723993775529,10409.345170066039
-31.854769015,115.88640678,-0.20893884216625522,33.390550299651544,9287.027025876881
-12.364315067475,-69.1522071116,-13.371757606100198,-69.58756701988376,121.55759869398202
-30.017423875622,148.55346789701,-11.752071273756936,76.70476746741313,7620.413665041384
7.1168786298595,171.05921473378,1.865675766056297,90.33349528260412,8958.811143108085
-30.2217484,149.4506862,1.2308663805163722,18.695355498330816,13908.74929863574
-32.227438599972,18.851020999972,5.630643727804455,-46.70120611956238,8092.438635336344
4.4381040188889,72.964451577475,14.110775418515265,15.182712425201018,6415.783700954491
-11.957428925,-69.131331225,3.162206719224118,-18.269505358620556,5866.86207883995
9.9470417401506,-73.090447330113,28.238586799010232,-3.297510650788932,7514.09183545366
20.835467590059,-103.8157408748,22.93117054731996,-72.18975813040534,3265.402811305298
22.05840736535,-159.38927056378,27.729151335101434,-12.667092264488097,13425.355704827885
22.187234444444,-159.34219111111,5.849245123921195,42.035254176197846,16124.618445771537
-31.8558555,115.91279975,1.2371808870381262,47.42587225598248,8066.276453866922
-31.952295616921,115.88061140871,0.15098610226603698,95.82027671247565,4146.077650658199
-34.9855168,173.5616279,7.675096921898359,43.11185083902001,14134.08330047564
-0.28726,36.09113,1.3470826544750223,-33.473868204429685,7736.762023119279
-35.4033227,-62.4461545,-15.692518654219132,-45.60266695901833,2758.1632260969473
15.164981263333,120.57173395667,10.910993896650853,110.58059455609592,1180.8465284834592
-34.7420752,173.08370119887,-0.40407686807543863,17.881949368517585,15333.222033020515
-29.052604113486,167.93542615033,-15.462268648083366,-2.005323789996041,14948.64250152284
14.528595,-90.616765,17.957340914892903,27.635769038003545,12343.925961840216
-12.25890465,-69.148047170833,-14.958331426861493,-105.53625927736726,3939.8070286118877
26.243561388889,-98.149675555556,14.995754768896298,72.78351270519335,15325.819886513907
-5.352933,104.962315,-0.9446535059527267,21.694119523840126,9252.514931367718
-32.920769399972,18.762814399972,-17.185404948835597,-0.31289624866308025,2590.1756945098427
18.083948813103,-15.901569908276,8.871275124651941,-15.923621926799605,1024.4053432724518
-12.719336598662,-69.487859395987,2.859023470860881,9.215402052521547,8855.363873861894
-12.764945782813,-69.571752769866,10.85930265747658,-4.408051843959969,7656.640230245968
-16.33688,-39.0162099,11.33053084842705,48.87318814246111,10138.863695375157
-37.259208061889,150.04775663242,-10.685490792596458,-32.81401036363872,14675.515366335076
-19.685117857107,-42.984893333379,13.74838769593014,44.70295407620247,10282.587424588648
0.372048,108.9531508,-1.6687824021919244,46.16727783861326,6984.283503252589
19.483183556574,-103.7969969008,-13.857499010459426,113.37316697281962,16014.437047136842
8.500128,-79.957781,-21.9271157260004,83.03493714091897,17661.627036285005
-0.53256871711864,166.91088908644,3.257614896132385,14.78659552863251,16902.68823669528
-9.7459397702306,-66.635224410776,-9.68099717372837,75.86432329947183,15336.839791819388
-26.8290265,-69.211725,9.668364350888089,-19.82022071728381,6695.394131325458
-9.8461016,-66.867685,-14.499031032873571,-1.4203190105550236,7110.723709672009
26.5033892356,-78.7039881293,2.398087894139004,24.955031560437554,11241.464426609544
7.90502,52.169018,6.819038116632707,56.40517533045726,482.50208107449373
-34.940651440972,-57.963316747889,6.600167819931209,13.987960423503955,8812.576649141638
-12.599677800499,-69.194768162575,-6.876761469179408,-31.512715364846905,4174.359661839294
18.593632780747,-103.69538736503,12.399197362110925,-52.99929373043145,5458.900507567848
2.4307041,45.0011564,-6.307103427261531,23.294959268641243,2598.359137276724
7.5470123,99.0766856,7.709733046416263,74.53001392979068,2704.997675627302
-33.396218044,-70.657858396,-9.731974380707815,33.79140445695463,10724.39675302166
-9.8238248,-66.8768668,5.480495614581399,77.4397246222011,16055.217260174508
-19.492944444444,135.52275,-7.9346447724962665,-92.06152124757057,13978.392476965264
-34.928726824,-57.963391452,-3.5457864705766777,-49.20955960281195,3604.5473068845204
-30.159740916252,148.93852767164,-35.15359638284085,140.63189681397415,954.94141940161
-30.372694444444,148.69663888889,-26.27116704461942,116.88424193881654,3136.8001607314277
-17.498312,-149.913269,-10.965762180341702,-65.02895633130593,9108.26405762241
-26.06379193494,-65.950455092771,25.114424654124605,47.71945847090783,13439.649364396677
-33.655123,0.281092,-3.210713774884729,-67.83047575056712,7791.461137454343
-22.707669697423,114.33987320409,-22.240234061700853,116.63354520955104,241.33518145338738
38.3353871,-107.8999684,38.33622827597749,-107.90074718185217,0.11559655381335185
-9.7302409000024,-66.884212100002,18.841312067699125,81.7666232649955,16494.998597157733
-31.8560516977,115.8979668674,8.303969935891669,-19.23536411802489,14701.59961966493
-16.284160799972,-39.0287815,2.802637306451801,-18.838962702501135,3070.2085576633813
9.0638762,99.1750979,-8.870619893815697,-15.467813870810087,12847.332323070823
-12.198622944731,-69.122746720015,-8.977670220336668,-52.73373407844096,1826.33933305939
-12.5923268875,-69.17537855,9.196038439414174,97.86103193609121,18550.39581957835
-34.928649380001,-57.987160540001,-15.041316060795943,120.64393827880589,14456.800224368986
10.149491521693,-73.113014434039,-10.144965784694751,-25.983358312946116,5680.236214389663
4.7443474,45.2106537,-18.179454780395215,57.759516137799906,2896.7178331216824
4.0958549,73.4015559,-6.785585460387859,-79.04834338602052,16951.382301218553
10.136635468333,-75.2710787475,5.863501315300579,-9.474420409836396,7249.959304090622
-9.7726552,-66.8121935,-2.365578536917287,77.37873517547784,15826.086813280166
-4.4172794,26.6660024,2.9459392915637133,25.614783124490746,827.0417281929239
21.031726598739,-104.24926757812,7.581346560891185,-83.20827993954842,2710.104835130373
-22.721768856049,-22.721768856049,-25.07275366205397,-0.9459833222725998,2226.7201670418635
15.8924207,80.908950399972,-7.211576394979857,22.387927291384045,6934.37614494621
-19.967146666667,13.024823333333,2.5650532255508134,0.6784303538948611,2844.8711930099093
-30.227057921954,149.68130760373,-16.49933716369867,65.37724289563606,8560.384592767057
2.0270497679513,25.325646861663,-4.364420820612817,28.99560976474843,819.3786334324416
-2.229193,-80.921425,-2.3231462134658556,-76.16415201756446,528.6701859522043
-4.25176,-56.005929699998,3.786904854713563,-6.9556182915591105,5522.385977782194
-34.524907813808,172.77387672866,-4.975102880447268,29.885581751199005,14150.28348422354
-30.386573362667,149.71377548267,-21.642405445059605,75.63309362740559,7340.633780261042
4.9480389,45.200421,6.834754361828086,-12.54062167459672,6386.577416891919
-19.327830423257,146.72557521622,-15.128011779742335,103.06236648260024,4649.068257287723
-35.3875972,-62.4160981,-11.436333067676104,-58.64474432943107,2690.2863801981916
19.06640396039,-103.78252141805,-8.58675298336627,19.45709224207089,13802.352460730974
14.241556976742,74.448919592623,-15.851802063222083,78.59261490948376,3377.069435386181
-2.22919,-80.927154,9.20741588263105,-14.099398371377525,7510.998241470804
10.436194156265,99.066891941108,-23.202821288406607,-48.679842870503,16312.238059149757
-21.320536344998,55.800018723335,22.97586949650985,27.938664398682263,5776.8302504685835
18.945489534804,-104.11497573641,22.70423082196056,-16.77793436379268,8945.993863165624
-45.6966325,167.6536928,12.456093994106089,47.92722255658071,13288.680496886058
9.93671672,-75.09110828,-0.5345832127609877,37.68245751892572,12510.763302005185
5.0725220521141,115.5491546881,13.875392305685116,56.74455919740206,6508.044571645074
26.5202990547,-78.7177038565,2.372223748451476,13.38994193362652,10099.271231954865
-33.478757316,-70.6573024572,6.751210934660391,14.510323036567614,9976.14169490806
10.42888109828,99.055432082064,15.49211637619596,-26.839504719672924,13397.338097355196
-12.8452192526,45.135428505,-18.62170284860453,21.493425511321835,2608.0354047300852
8.465354,-79.969013,-16.95684244299938,-21.100753236695148,7060.80329293782
-34.9380411591,-57.9357197895,4.104703098103535,-31.56896778646864,5141.876428025814
-21.284063511668,55.795970016622,17.49111569662624,67.92493653018091,4509.621864415696
-35.1153889,150.0869471,11.201357406509409,-6.6750926728616715,16469.012676648203
10.4498444,-73.2545222,-33.02116875844387,51.70498945018102,13881.772136210791
-9.7459246,-66.6349611,-1.040321430733937,23.66695431107359,10021.04385780025
0.83961789997222,108.8864391,7.583447092791199,-27.89912704754442,15132.33763658894
38.352756900002,-107.8443453,-3.959671347471391,30.475713144930488,14326.37631556823
-5.354813,104.972425,17.932767129668303,-11.486112350448618,12986.934436816273
5.3671264,162.9865219,15.130062212219395,47.69322624270337,12533.83161689245
-29.559391976736,149.60062439831,-34.29253134137455,85.81682069049548,5944.232169589405
-3.145696457958,-59.999606957958,2.28376192333595,82.85228996364081,15888.137540549435
-30.042962166667,148.78353408974,1.6886580754246316,53.99581327562627,10562.348173293974
-26.177766462778,-65.213028061944,7.068902701294483,-4.356591369521711,7528.037556866477
15.1661633875,120.5700104675,-14.671485904253291,131.74341765463214,3537.837168420524
31.96537989378,35.825716358051,-2.5629400547958308,1.9151189892466398,5246.2340018078985
-33.463317131,-70.6571568597,13.018873725668396,-20.41341115316153,7416.422050966143
14.931230018248,-23.501862074088,0.4234048169389937,76.24065802595838,11041.62333777835
0.0,-103.23307379998,4.5117137653320665,-52.55980330435705,5650.76784804765
10.737461096667,-74.752684965556,0.1330304046832781,82.73074929365686,17248.084751248174
22.101719722222,-159.35357583333,8.339656029465296,-74.8196272316164,9100.468757985294
-34.928093925083,-57.973346784694,8.639858235744693,35.80839425346053,10899.02374420436
-31.8551660076,115.8874928266,4.961237122119719,30.951341710285103,9822.452797098444
-44.675792,169.1289844,-41.606736525253844,22.331099000363324,9867.582000743447
10.40552116,-75.5032651126,9.918411488634437,1.1963053182425893,8371.372958028333
31.914859910309,35.891142823733,6.965527137843634,71.19030459646814,4587.451658841065
10.4811222,-73.2816767,-10.148220741197992,49.37843823412796,13751.411629419998
-30.226267833333,149.4414095,-2.561391896809123,91.917489080909,6774.359497490822
-14.914994603266,13.452729958401,-31.57352801991452,22.675545291643886,2075.8211272017347
9.8052522331745,99.09962304633,-9.868923189313767,42.39344108479678,6644.285525211874
4.8114696,45.2465728,2.311828442424901,-24.83863748196807,7780.193711510007
10.407203611111,-75.455979722222,-23.454356154671707,19.909343606623437,11007.224263892085
15.134199906667,104.30401702111,14.791769879018903,86.41621191828612,1921.4395376534173
-17.567625,-149.32444694444,-3.758568002328365,-6.752732780866671,15274.109198290133
10.4000068735,-75.482198037194,5.192259211444789,56.37181598020026,14409.3717447022
10.4771611,-73.2496694,2.1162588885393836,73.8178772236001,16110.937319839588
10.8717465375,-74.783910615,-1.6645507399951551,-48.57300172568614,3216.740547870835
-2.04639067333,-60.0260353267,-0.4702134958131886,-29.52939420683392,3394.653953429283
-34.542589185772,172.85622844593,-27.589083612071445,90.40962656048812,7671.098303098551
10.4746306,-73.2408167,-18.155031777003792,-44.23531110007344,4502.095072714969
9.7196581502732,-75.124453915301,4.727387819631576,-19.62889929455886,6140.754438526875
30.86859,28.8831012,-1.26874569626797,-78.54495370394093,11738.606929060907
10.428096055972,-75.530037581889,-17.065789471909735,73.55532761504067,16599.86779479977
10.937250360972,-74.897261823283,1.258909645718653,59.385788107236685,14781.861540170434
0.0,0.0,8.834162657367935,7.1015504750507095,1258.3894261737198
-10.322222222222,150.28833333333,-6.258612791464123,-4.7784518206577795,16695.16706005781
10.4735139,-73.2867847,-13.133917960610217,47.25509916435959,13550.891349693107
10.4524683,-73.2610928,-6.847264813656523,94.7185073817359,18634.48789623369
31.963095184788,35.877676365059,-17.625900536400486,43.697218283430075,5576.692486965733
5.0084897317,115.0028180145,16.601086738074102,21.195693626214037,10252.53189849822
-2.228007,-80.922877,4.710709190535852,74.21730409179558,17242.38949805716
-34.9375072215,-57.9846429918,36.07731188675138,-67.9596519569916,7963.847126021302
2.1018937,45.0910745,0.9383604187982237,33.26414600538545,1320.958488523153
9.3039173816667,99.147053500556,-11.647984481942824,49.541716184220014,5957.723850839943
10.736656134831,-74.761226404494,8.73958469048764,100.47169483476146,17786.12718072247
31.937709183712,35.847357681021,-2.412607825522153,16.602013880266245,4325.712649055565
-34.9374584388,-57.9935090337,12.622764398136809,36.61168856387293,11221.396839502184
7.4879503,99.0849626,21.29688918533266,-20.56867352725297,12696.949920239824
-25.055883,45.1103728,-25.06719870029983,45.10891649279547,1.2667701820883428
-45.4181932,167.7125989,-7.093308988745565,74.69517589950709,9680.656188883862
10.4490539,-73.2831894,0.1360093166864757,10.250307894303113,9297.7170535896
10.3942259587,-75.4736412875,-17.98199730436457,23.997376986262523,11353.152205864379
-23.137668981141,113.7746069361,4.05432435806765,-0.8571865627483448,12699.579462813981
39.48734448392,-12.29395406995,-23.150417748129737,27.08984363341834,8076.567317695226
4.7439306,45.2228021,-16.367757542719186,29.859252634312085,2892.28982604636
10.4911944,-73.2792861,1.118168824597189,-13.646584551376925,6667.657241770815
11.05139106574,-74.857635447351,22.228055906877547,25.95777997568033,10632.678902970329
31.953473977,35.83371569775,-2.5399450753386383,-28.753243741749337,7795.266214700593
10.257615195833,-75.343937170833,-1.4383787393471559,128.58759234708108,17194.796785359747
-23.314416845089,113.92918971845,-25.195114628627593,115.24985915086842,248.30699339056108
10.4839083,-73.2769167,1.1831088565083947,-19.771120422645748,5999.3270809346595
-13.4501541,-172.3992831,2.297645510448312,76.21801786351635,12378.624803480801
-29.456040709843,149.8448607689,-20.72797497003534,59.61314242447374,8914.310496182003
-30.306480364241,149.33243431705,-29.795200710969983,104.29176728600451,4306.14959920087
-44.270328134266,170.0442398958,17.852679720640317,130.8545365689936,7970.879997599155
-44.6965559,169.1715924,-9.744451599955143,-38.06203237982446,13371.968091176062
17.9809397,-15.5810731,17.535614224472464,-12.158950480890912,365.75275718002854
-19.317424610588,134.87350378507,-28.04278867242897,129.03994906875783,1137.1384566685908
-32.908224384927,18.766155561523,-3.428256621326298,58.13643182120458,5240.545472689623
12.108977814208,21.563126100226,9.084430495506238,16.09908745155071,685.3236725496241
13.64043773,79.39743723,-7.1044311665646065,-52.610364968397995,14724.1687033451
7.9796916,99.2728584,-19.776931329566697,-30.02351618725478,14408.822320155843
5.3685378227403,162.99637681597,24.6074001823206,-90.2428663950255,11434.294352098796
-0.89977777777778,-89.608708333306,5.617188468545475,54.65606759019691,16014.750272984224
-23.0405976,44.2688025,11.424538907925523,43.70085683149707,3832.847185406834
22.063265150533,-159.39425274088,25.931039158856386,-112.9409588109109,4714.526809550584
9.0747579001019,99.2224908,4.945412255712401,38.886434418894126,6668.055489403999
4.9035022,45.2333718,-25.078256540308065,-53.67085416350364,11134.12132854113
5.0130861998,115.0338963512,0.5378183451317188,17.508365247618737,10835.817519209855
-17.601630042097,168.24568030859,1.7683166943112176,-67.99817379066535,13632.142273684158
-33.4546756065,-70.6579877938,4.776923617998466,25.618116961853353,10881.834685982316
10.040219798611,99.069606643056,13.31046086741988,15.044326835201772,9113.436168853956
-44.6857524,169.18279451,27.04644309547807,-20.416197879355135,17875.130015882594
-2.222191,-80.920459,20.678378833632454,-15.035883750041469,7604.702544145497
-7.254118,112.7825431,-8.385804652158631,73.82694119292314,4291.551165569168
31.911827460118,35.852546975948,-2.0620519457324438,-17.51311622158245,6765.663316278109
-2.227166,-80.936391,5.307212922597251,63.60832523308069,16067.03949001877
3.9982087165155,10.016656760136,3.9898736740178613,61.64330237144806,5725.656387216136
2.1033285,45.0927536,8.816443903120335,25.713567366580033,2269.9781810621644
-7.3028233933333,112.79983191333,7.272697391962669,31.458244885765644,9163.9217766934
-30.402919749004,149.70437475647,3.415963760724647,-12.323206635211129,16469.511986411228
13.3736497,144.7713052,-1.540674541376255,70.53929117488681,8344.631449714494
7.0607606,171.2572471,6.714562382233601,65.52868794006247,11635.845033660282
31.944827500731,35.836014176533,-23.540340765607713,-45.96158645083158,10647.833593883173
14.185535044809,79.869910275228,-5.848588850335942,36.50697455622942,5276.40703796686
31.943153225631,35.861858989578,-7.53342052126692,3.2279272616991848,5590.5253316211
-26.8416151,-69.2222741,6.57353377224252,-25.279258648487957,6014.33192470256
-0.53942416620833,166.91645890428,-3.7966238746986494,-55.58657874614991,15267.561005576154
-26.912606847001,-68.603111358604,1.5917587318484503,-3.00053760567519,7691.242211863906
-29.473093681577,149.91669559642,-20.47187110610236,58.85560515703529,9003.288037261238
31.955172992999,35.905297673013,-1.2004896175734097,-84.28104977151673,12893.242503059375
-7.2496608666667,112.7964525,7.759781709583738,24.13934658077233,9969.336715275374
-12.834819,45.1361703,8.574462918399439,43.77884424821457,2385.3206259337508
-17.7985089,178.52705979997,-25.83439970631225,176.2133264112114,924.8466743224574
13.640689653439,79.373231637566,12.137165702134324,-18.289253014452296,10499.206970795341
-19.2438837,146.808956,10.19004432128577,69.57566880243888,9067.378060308314
19.458361078343,-103.79439281806,-13.415367354269433,-1.4890775206240114,11767.549659846622
27.0387466,142.1757218,12.1859099802136,-3.579026137885025,14298.504210928631
-1.0169444444444,-1.0169444444444,-2.675943093295979,66.6903146224762,7526.257197132586
-14.927347283824,13.558787181986,-9.595039974406527,17.343780756726083,721.5005167218892
29.189492866351,-13.463887766851,23.80054615456682,69.47525838332339,8099.710151644606
7.9928527794033,99.130249693648,-17.347728849071515,94.88961786228178,2856.0223426020343
2.1146267,45.1046015,0.6665684299378218,30.576103279145908,1622.9808629444917
14.3424173,79.7695424,-3.063564935799483,5.402380244396311,8414.418055482149
-12.835989,45.150642699999,8.329565191067953,73.05441497913783,3878.193873044948
18.878891925553,-103.8470169161,13.392349004354006,-13.578718864100255,9557.158531587822
5.0146183278,115.0630209502,19.985312626003754,64.62527220801375,5696.928964604891
-23.110159281655,150.30299891226,15.586514343005362,-27.12847875456129,19136.247934004205
-23.159477492333,150.43893695367,-5.4162392430085555,61.418590639484556,9671.174499779807
27.0723173,142.2197125,17.70727313723549,11.348478712661889,12745.419146498483
-35.022752777778,117.85938888889,-22.498219733216576,58.22536960096085,5891.198584537927
5.3690948078705,162.99956962897,0.001744489479617848,-9.527771211832668,18992.801548794694
2.0745461,45.3404957,13.358134151096369,53.718337052586726,1556.7476534918512
13.370520234091,62.066009067338,13.370520233652543,62.066002005445284,0.0007639625246114866
17.017223815654,-25.135971151108,5.148543257430311,55.93902674467975,8893.233512175255
7.0811144046914,171.15521286617,7.852130240316491,152.42085057869468,2067.107518688499
-35.318748086885,139.80241044344,-6.170187834961067,40.986626555978155,10404.000492694684
-44.315051467,171.013074205,-24.76783240846207,151.74725011543256,2784.780397322273
15.16573234,120.545764995,-0.1672970553003083,47.4899350466133,8196.00857050187
-56.936169438562,-28.01449480592,-56.93616851917277,-28.01442643640031,0.004148893397680945
-36.796179261988,139.99723982988,-29.514753242465282,137.44250652109844,843.7587692031415
3.9188069,45.5877018,-5.906582547651765,2.3423333859093405,4924.663702583768
10.425796707912,99.043672398664,9.767595980470132,29.676494869268517,7577.529243093792
-9.7986764285385,-66.845664982952,-13.903600283132052,20.0220984205879,9413.159312098072
-44.3169943568,171.01496631893,-21.81911408511767,86.88351643043721,7881.283260122619
-12.8369812,45.129561099972,-11.518566580362242,35.43156066920204,1064.1664617544036
31.910991375335,35.901980440132,2.5475234465812675,61.96528667177582,4253.487205023139
-22.721768856049,-22.721768856049,-16.338036812688067,89.12109228303348,11425.121115635558
-14.685303485035,13.897741204141,-2.680594637829665,94.11701439007368,8880.344274987458
7.0807711740164,171.15577031269,10.087257227976766,133.23473760792336,4180.493872315205
-8.34578835,113.60496022,7.02355962114648,1.4082977238984227,12551.178889872815
4.8218745,45.2450489,-3.494885601231805,-20.155245681943757,7323.719322357004
-44.256687588801,170.1007790442,7.322986044091401,46.242338289848625,13231.653998512107
-9.7633294289,-66.765118032533,17.635284670573686,-30.904565577625544,4979.492818144742
-19.68891455553,-42.990579555513,-0.8331356455724004,4.533744001019706,5577.675878613258
-19.735638111043,-43.018403777747,1.7648869316728175,-44.86514977407727,2399.2292769653495
3.8504459000011,10.0862026,-3.700859420971234,66.70350765576245,6346.704949054372
-44.6989147,169.1274146,-30.486356676840263,-22.024343777502406,11578.764893772885
14.925198107056,-24.356216096069,-19.92201309590314,10.644741799694408,5445.836299409203
3.8746752,45.5780625,-1.5164169123121967,12.593026201782825,3714.3010571501713
-17.569602777778,-149.60576944444,-18.56753025584817,-134.09828932465058,1642.5589672700294
13.643198327634,79.38685755169,-6.458344792468736,-19.30672867902225,11111.965159010375
10.057718423615,99.074965331487,-7.733647071660833,89.7933765502843,2229.3150986334217
-6.107934,177.33813829997,-7.10372238022953,-15.08973242957912,18000.332533322104
-23.133600333333,150.40603525,-24.980270905799635,150.2969918343536,205.63863794800938
38.2975282,-107.9244368,29.017618130357665,-94.89610401907773,1584.1267538236575
-44.304193563721,171.01085015995,-16.073856046576047,113.17593953314945,6224.75304737456
-35.21880583,150.02502690733,-22.351085294946696,55.86523144693263,8954.730256958524
-8.15612528,113.69851705,0.18269779059363445,46.355310412426526,7518.229492105091
-11.554515155556,25.205504507571,2.4482369220787104,22.16740136913925,1592.8547472445216
-33.4030106664,-70.6584642269,-13.046151526688334,-33.24942766405841,4405.753431608996
-33.356904850114,-70.661570944688,-16.19991699899802,43.078333141270086,11092.72657403681
5.0340302289,115.0767689478,-25.318303595112987,99.46064953517288,3773.1240403472902
-13.4493646,-172.3703818,-5.239567501317289,33.029647947270064,16524.792173420432
7.9256125650049,99.269808446644,10.630114595425484,-52.350948797457136,16257.175376073348
13.3102971,144.730929,-11.421953219694355,144.04587240101478,2751.138816336156
5.059449,9.992135,-9.22622062462036,-68.32081309818035,8821.906420524965
-17.717802945938,168.56910715938,7.738633792583765,59.88052336674261,12240.96921758653
-33.702195680013,121.83690898799,-3.054634133503836,76.89913177534267,5766.160814255072
14.8785732,-24.730177699999,-4.06275323298775,56.93758574778112,9231.48315219163
-36.889671037425,139.83372273384,-35.65537764214737,141.45949915024235,200.1896133728372
-4.162439569255,138.98267981102,1.7483888731627526,16.636193917898055,13608.493736188975
-21.704363971058,149.35802913772,-15.772905576095095,49.23141580710008,10368.858852147549
-27.107448200002,-65.566541,16.19723338457527,-22.341573911463996,6702.708754304936
2.0554783,45.3033546,-10.552745877955585,53.41064322710873,1664.4570328434434
-51.855983647264,-58.223206896517,1.5806718012804033,-55.809019130917775,5946.230561671347
-0.66426666666667,-90.395727777778,-0.2246012247740917,-3.5776328164145624e+16,12019.288125619492
-23.106425241541,150.29626185561,-6.475889130664901,70.32803721988815,8702.191435290611
-0.73172777777778,-90.327561111111,9.371084499047642,38.37678029039911,14259.872970806677
38.2764628,-107.817056,-1.6831482693262894,15.537682615168892,12978.702706542646
-45.3872892,167.9078725,8.641582821223595,40.745459544239445,13539.330446644977
0.0,0.0,22.619223150921542,19.85692822445725,3308.056016094631
4.7438462,45.2242678,18.54460819392459,47.79728182805425,1559.8116906584041
-3.0435501867168,-59.97338577736,18.29848848110007,-10.76731023677098,5885.8028236468845
18.883277714039,-103.84993016663,-13.670795890944602,1.9679326451673527,12130.528288902955
37.751832527419,-25.621608713859,-8.81897397673626,-35.834617658833345,5286.184867644594
12.046071672778,119.97356973583,0.8970181262806941,18.928164115928833,11187.030130812782
-30.468124422908,148.1952813777,-30.477131893307583,143.19971815331215,478.7155312133975
19.242196847633,-103.69938388288,-11.331179339059313,-7.394699165515836,11072.70920396341
-30.315905223553,147.84498621291,-7.123223391579459,56.911977656567736,9697.50500216757
13.3247173,79.9471259,2.157016472709692,-83.30882336711494,17490.127037544273
-3.1051900916667,-60.020477821667,-11.781922445928618,63.20115963034315,13525.061364194333
-4.2251485,-69.9544572,6.778943636852637,13.476341042212036,9339.928482114483
17.9521408,-15.5015537,13.922009491870092,-21.150935103039565,751.9790423691987
4.7449468,45.2245411,1.358730020498561,-3.709283920571761,5445.197656108935
-0.55243504148148,166.92384569111,-14.957426258235952,9.332794775427042,17007.584745487635
38.3020741,-107.9196044,31.887531495375296,-26.010572715754865,7237.65475527078
0.87073675001153,108.934900125,13.355042354317215,-26.999054402516368,14907.725028970137
5.743748,10.163085,4.807365187098027,10.098033313846809,104.36984832262993
-19.2434815,146.8061222,1.6421294499200998,77.64194500538437,7890.346025233622
-9.4403586349059,160.08344157539,-10.197424643569851,91.41099187367799,7509.373169330057
4.4339865337904,72.958513734868,11.505963715150314,2.3142242556604717,7802.615570681571
-3.0490835125,-59.950680521667,-3.2040257134624928,27.64066284308477,9721.552124508207
-22.963780899998,44.3437672,1.2751811313751547,19.584878137538,3801.229496547509
14.067558333333,79.857485833333,11.830007958551327,36.823674572866,4663.9390617736
31.047614,28.3368275,30.937158104901304,28.996086049232222,64.02960450349792
-29.019859048802,167.9592681972,-7.339329935448624,0.9233043414732947,15740.24588171296
-21.2067886,-159.7702415,7.248575225065426,25.296491589550907,18370.268863377303
-18.1324744631,127.72867586106,-16.972799130372046,128.77020888913324,169.76549360611767
22.096724722222,-159.36067,5.6887797106090625,-45.60999711465122,12177.482017277991
-9.747109,-66.6450308,-7.184483067973739,9.043932083003458,8312.83175457975
2.0411896705627,-157.49159240723,6.831991444821557,-73.04891916375348,9367.26350243322
26.28329598727,-98.165747624323,10.41125797475476,-53.58012651144427,4995.002592517657
-35.031062067433,117.90000789727,24.84149182067959,43.858988475077304,10242.324286392704
-22.721768856049,-22.721768856049,1.0157282253341533,97.31684299749497,13114.054185160892
0.0,0.0,13.961944737395834,79.8494065869071,8912.532356424848
39.436451378278,-31.25793135725,18.46001561808838,98.5078591151856,11732.549268374287
14.397369166667,79.698794444444,9.837973235036689,88.8734441993701,1118.5848722132532
-33.5093783,-70.6565392,-4.401799683665822,42.17071714305642,11816.580470028903
-35.3755078,139.5613315,5.050662338648232,64.07561009373367,9031.581726815764
-44.287855868461,170.08660929755,5.537778841345971,35.993308954171646,13818.720250674429
-5.384009,104.969677,-17.04466671154933,59.76887028665257,5083.472039473462
-0.52007782916667,166.95843524603,-0.7619871426672296,27.560980772256226,15498.145004802884
-30.569475499333,147.49241989973,-26.156669201811617,77.23818357944707,6779.329816034042
5.0323727913248,118.41064025659,17.11966813840619,-1.8948698407090958,13013.963987316165
-23.040094,44.2701094,8.516087637590795,28.520812337890604,3905.0266536118083
-63.902222222222,-57.607777777778,2.2460617480898266,22.670940597453328,9758.834058151884
-12.588425,-69.1717917,11.737481912480932,-8.872130417712395,7181.988341221801
30.836243900001,29.238791699999,-11.248027518330861,5.78558596102582,5307.666062264311
-14.847316034152,13.577682338668,-4.673513002987302,37.06928132046751,2808.0682154449387
32.4291968,117.4967279,-0.11035085349479387,56.45753331178899,7332.374094455327
-26.2819426475,-48.849475315,-1.42618413809292,72.39224782297534,13008.946438457431
4.7887883333333,52.155773333333,-11.210783375509282,66.84522286032828,2409.8048169923186
24.0251892,90.2784382,5.448048803818136,-13.633124716200319,11160.272663737014
-36.8488330176,-59.9676433216,-19.381650735096425,-12.354636884484814,4996.596270722087
-33.201131857889,-70.656419629194,-16.263077757653697,77.29740741024705,13547.779935406186
-29.03209625593,167.94797988571,10.78353901987488,18.48771881998996,16251.801754065857
24.96966237001,56.219976540715,-4.484127150362518,64.57813745634411,3397.41093582942
7.21549445,56.147897466,7.820315406859261,59.864184030916896,415.1603150458813
-17.544789925691,127.86244096339,1.7422598959641455,-30.089250787079642,17033.96172784155
13.628652461417,79.277966738117,0.18150982496805262,60.052148702801304,2591.853175136335
-26.211151116667,-48.533348083333,10.763352437332676,-21.6992430156415,5031.765889558953
-9.775973399998,-66.817502750275,4.1539628668953235,-29.456413219119355,4419.137828947196
-30.568156986388,147.49164403187,-17.431220748716402,33.90937613614932,11136.664544501618
-10.225847599972,150.8727197,18.491358471880535,-19.354939226807893,18618.518192554635
-33.4108793315,-70.659324531,-8.89602965154769,85.70107443010468,14688.155379094145
-17.764461111111,-149.40061666667,3.6869042348593477,84.47323326986277,13948.771063713502
-25.545144732594,-49.29853376385,-1.0538281249524384,-84.78648140802963,4676.806734244648
-43.75691,172.997957,-10.820002434048133,55.426764512387365,11280.86590280311
-12.380632322261,-69.146333733569,-5.0204158173550235,-22.476136189712083,5187.441251528604
-25.152328116339,45.100685673205,-26.332404312266743,62.089132473204735,1705.3750874368293
-25.489088399972,-49.294364,0.18800308749996594,50.90502424125155,11039.374054350146
-35.3963076,-62.4224238,-30.792907348847308,-63.54889174739431,522.5073735590869
5.722709,10.185999,0.5713735071902775,35.07084980164383,2820.6601052681167
10.077254598599,-75.137409257758,9.239887755944716,56.72840893670747,14271.927430096875
10.4547944,-73.2625528,-11.819892409423444,34.406333269772134,12145.527712763263
15.126359573162,104.30471602371,15.14641305103678,25.8398094957221,8367.983453441517
-33.3760903,-70.6581512,5.094948076910007,-37.58334825263045,5515.096793231557
10.4706917,-73.2401056,-11.825241310717097,42.21821079009288,12988.209944246499
7.7125399470175,52.334574924211,10.789962651540012,53.97426022496002,386.6151440444208
10.745715968526,-74.754051081545,13.056233016546404,-8.365513170894555,7207.703063356082
-45.4057228,167.7131024,-31.735624890919503,6.100350506777624,11238.820438810897
14.742552461834,74.257503863905,11.957733367445883,-6.491179799736534,8693.308757917792
-25.417687499972,-49.288684099972,3.0605421292409867,90.9120748737492,15090.586108984793
-17.675958333333,-149.30808055556,-3.50680094679745,112.8566554446225,10716.657246232757
-26.27057758068,-48.89503774159,-5.025606671173307,-6.760359146002353,5056.836593725476
10.79195346495,-74.912067248212,2.9420202473360257,66.82827668486877,15514.557946655505
-9.4386317392354,160.08205375186,18.56004715665623,52.92011616470294,12137.570325865323
10.401008464286,-75.464619452381,-5.542763671825705,38.22930871290614,12704.848702516469
10.960473333333,-74.7872681575,12.544275074202274,58.26405527482885,14210.706779244565
7.905012,52.169003,9.417405125801698,56.33906099360692,488.260172615141
-45.871285,170.69591,-3.175277960812543,-44.10554049684131,13574.638007449836
-25.214027872598,45.896177094123,-0.5516305478358788,24.90345335488882,3549.972226581715
10.460375,-73.2376,-15.554730996693173,40.280366460490825,12816.27140844594
1.0578156,25.2750076,4.593068803062008,94.38849331404786,7683.208244103925
9.5227018368362,61.307597200904,6.721785749714719,6.831606315257051,5999.189562192744
10.378956675,-75.486646308333,15.815358407954166,27.85780270539942,11091.594296618907
-30.32478518719,147.84263241162,-12.212786210133238,71.60801351540341,8015.858659754243
5.059722,9.99084,-28.646425433692194,18.31461492319077,3852.3961695372204
-6.6414250407109,-19.866700020367,-9.22486445716138,-27.583450507730106,897.0054874280871
10.3920821194,-75.5052627716,11.91297685303641,41.85916490186092,12665.059422309354
-37.470260296411,139.99087786826,-5.957219243239994,-8.518409429974179,14187.213222279384
-16.34139530129,-39.006207225968,-1.1049084583540543,2.263434111568155,4826.166187381227
-7.1747818,112.7810644,5.64035810484503,34.40491700735578,8811.284857635359
10.9351972625,-74.7732170125,3.1117306212501097,7.771524282273421,9128.710874440387
4.898843,-1.7550753,10.439781319218628,56.18924617188649,6407.108360963266
-19.31821078012,146.80176279468,-24.85715153492927,51.41022453662962,9633.96347158511
10.4388661,-73.2601764,-14.114858564207644,68.11739239104782,15803.382554858654
10.9524892922,-74.8278142232,3.81059682363987,30.024644873545352,11541.673935221721
-25.505163888889,-49.295777777778,7.576651828690257,92.94964192106623,15548.392538694847
-19.2454535,146.808662,-13.225272475922159,22.216968497220815,12955.44886764048
-9.6732389,-66.8790326,-0.6467811573938269,48.385375881887335,12760.63313612212
10.4807103,-73.2866558,-8.426606438423496,81.00270619694783,17186.599656064984
-29.6295,148.08269444444,-21.761172374881017,148.88876682013466,878.6283201538148
22.211761111111,-159.40467861111,6.162065224854234,50.428714659733984,15487.013103440771
-23.900244,-67.7109774,-16.817969577259063,-58.85343292463531,1212.8802286220575
-29.928971932998,148.16112975879,-22.113641610202865,69.21861636858924,7785.082443009831
-23.4638855,150.3999978,24.3481823913998,26.547629365747657,14347.27144365119
-3.0492135,-59.950490291667,3.162413983930178,22.36275764428133,9174.201095569337
10.962628386667,-74.791101136667,0.8346836608228853,67.78713583568825,15675.369248066718
22.168819166667,-159.31534861111,16.160281380500326,-108.29696981076464,5376.3389517587875
10.745999297297,-74.767559202703,2.8515120715768463,5.5672268044563955,8893.200490964029
10.9448190127,-74.8336727545,-6.163412586544679,43.12094038817505,13182.47786150378
-22.56206234,45.41150098,3.2358309972969868,-3.429534356394852,6025.237395519916
10.403064759389,-75.519484262889,4.929635416326008,10.737856161673488,9500.630586819825
10.924051058288,-74.794515181239,-6.908043951437705,111.14340479309672,19224.70766749588
10.9988527,-74.789766334,1.5053380039600663,-23.047270396868377,5806.648605340146
10.771305206868,-74.848854864322,5.857945091802133,-70.21649129937214,747.0546261557415
15.0869585,5.709749,-7.2224845945403375,-25.337968030413847,4226.33858073662
24.2962716,72.9500081,17.003059429502816,43.78932516390657,3133.8397503810847
5.3690878,162.999637,15.103659403688571,25.629808842051805,14796.148832251092
-13.4494312,-172.3717887,-7.616692289400121,-92.4909029737359,8723.408138084538
-25.329316999972,-49.2931432,10.019725057735656,1.5990187805038558,6766.852216875981
-12.56846826258,-69.168463429567,-3.222652139350756,-73.97426926361723,1165.9614237464548
5.736092,10.169928,5.248380299904894,10.092333899698131,54.90691933083921
25.6536187,45.7080443,25.567280325239164,45.876237935875714,19.405939591594557
-36.783408175645,-59.830179343201,-8.2116255635713,28.336217544147704,9299.613386971996
-17.752357782226,127.80478559923,-18.446351861943622,132.39069398279622,490.7863805742401
15.231859633333,120.56395582667,3.9219764028568127,-9.297793211545066,14099.355807511985
-10.3428388,150.57404379997,-6.5961072588783365,34.827209478209056,12656.347283270461
-29.989319173333,146.90763429033,-25.81072598751018,111.82331434748787,3465.476000727618
-26.212495158333,-48.913244716667,-11.896524845077751,-3.3512689005466267,5016.436747512826
-4.6086811,-56.3244187,18.27078885777533,21.090760718606564,8847.737191705657
-26.196212455254,-48.529877771683,1.5049308890216067,18.058808502534415,7764.775484061855
-31.95229741446,115.8814723847,5.280386384772325,11.401816977640289,11682.967453301331
-23.7462950846,-65.5021550036,13.848382778521136,-61.689057050233394,4200.840172441285
-26.290981066667,-48.8131381,-12.313942153671132,37.25705786275767,9019.303539213224
-9.7531684538333,-66.697150569133,-31.61243990093778,-13.635568262728118,5961.923154956829
-16.334198374315,128.23918663676,-16.750606303733534,128.23350732413832,46.306406382510055
4.4393411887526,72.962231800613,11.732758696948045,51.622315733739,2483.4865807599567
-19.681756555607,-42.981760888897,12.024532946944438,65.8359188746329,12403.116435988188
-21.957643345309,149.43070572122,-26.652994784455952,82.49066522883587,6727.360750204307
-26.203458,-49.1437544,-8.708521573766479,14.104579156861107,6918.636940877062
5.606082,10.291912,5.513776007501984,10.34176414100811,11.65283711031909
-21.154482,-175.21656,-9.255233166803164,85.33884233721827,10600.913421543019
13.352110069804,60.171895205882,14.16669122747055,51.59726267229088,930.455396172808
-22.721768856049,-22.721768856049,2.859713296620121,21.368574064138794,5562.918792290656
-8.59071710625,115.0754258875,6.8222728043598755,29.922439582392574,9591.78489123917
-26.197277091516,-48.531080916637,7.034887036647241,-10.393577188984581,5529.99883721667
7.9377898292517,56.270847649252,6.722706571550024,48.42988602567123,875.2132677530208
-29.988205111772,148.15565808714,-37.01006659512321,139.83831117187563,1096.533222360066
-9.7563857589863,-66.723268618306,-61.25880513686626,12.231922037472138,8467.563855016402
-13.693092,-172.1961196,-12.329385664123453,-101.8058651454224,7599.048819811606
-26.317873186667,-48.87234244,-10.938473508645103,14.590772682134707,6837.340657038433
-19.684456333333,-42.982267,-28.78006358249492,98.91272721444344,13249.667850294823
-15.904739432087,129.78929332211,-16.62612425346722,129.1028476841664,108.64320634002425
-26.162789008767,-48.907372162867,25.170432229582012,41.16548053279673,11216.112894609434
32.4518682,117.5400108,1.5313287814747543,42.19045814125395,8544.100337022084
-36.75861296,-59.80522606,-3.877048271028747,72.1202984357823,13296.552028977323
-3.3538898,-64.72186,-16.342175941971355,5.0901036825074835,7749.485626415445
-21.2229213,-159.7376883,2.1736020618335745,26.640846224105054,17787.074503901793
-26.233694099999,-48.499441694169,13.771826897169033,39.12074618494077,10447.829369900544
0.0,-103.16964390002,2.7130455347404956,110.33195202293112,16279.104675720922
-29.660403057157,147.81503779589,-10.365250870438876,89.69771499673492,6369.336502381197
2.956185,9.910938,-0.9854930754711969,41.54827776927053,3543.8876581718287
-26.278175553376,-48.891938913202,11.817303846007519,36.73205851509827,10158.55869353103
-26.3014866875,-48.842229055,-7.456937874359058,-9.475466822159682,4655.264804733838
7.300275015,52.896162250833,5.597491728990021,35.525443657307555,1928.464315941828
-23.116052072685,113.86199479229,2.2465228970069155,74.16505244741577,5140.907136214863
-7.280755990524,112.78126401338,2.1564836268231105,-24.01504936748685,15195.993398903194
-7.2340232800633,112.77820307998,7.208946536158842,-23.323099756518324,15174.480218292325
-29.049095437615,167.95870302795,-29.60306320753105,-0.23971564424886835,13374.07684248005
15.792004178374,80.40941464257,10.577160664265183,7.833852712384371,7843.313709039268
-35.5106533,-62.3067627,-35.539418053298384,-62.28137105222634,3.938349754559307
-16.269752038076,128.29468389997,-20.351049854408092,120.09696774678592,976.8866382633764
25.0768527,46.4871116,26.41784343543299,43.10079271982616,370.46860830960253
-7.2321484085443,112.77855504565,4.131120546206114,-23.793578554210658,15199.296360859114
-23.8829856,-67.7713461,8.432575601534408,3.370977712158001,8509.492235434162
22.129168333333,-159.32280777778,-13.142643124137042,34.86726255586327,18211.611395635668
8.459581,-79.984178,4.997991768809451,50.338522987591446,14307.185263364563
16.7893618,7.9844935,-15.416291096664924,-53.77820038476139,7662.17519192985
-22.721768856049,-22.721768856049,7.150339827127171,31.88413333201529,6803.243676658247
7.0829138321906,171.15182736939,3.2166374372122775,123.79421273170925,5259.946370652056
-4.5470725,-56.3052217,17.968403801501648,-20.42265593972731,4663.749710313829
15.165506309524,120.55940164881,26.343452351591438,-59.59023615036941,15399.472825703386
-5.7911758422852,-35.331783294678,5.406188138999103,48.941266974353546,9437.661007123099
-14.881535237669,13.545699007822,7.263459811521352,36.3502253462892,3519.026356061828
-43.797543,172.992988,4.927765225788417,-2.211918285249553,15667.47585656134
-9.7863062000024,-66.8355745,-10.893501478576814,0.4646268112666773,7347.089471128623
25.0310132,47.2419157,25.04919957647596,47.38032384075395,14.089653130053131
-9.761908,-66.7564826,-8.176369369571834,-28.17472612616736,4239.123639740826
-37.215148843844,150.01407156632,1.608946659666567,84.432732520322,7985.31280255901
-23.050159,-67.861712,-9.053692970919567,91.3263599654908,15787.449412255763
-9.8583421,-66.843785,-7.839290236456885,-50.69471900385062,1788.2318037191535
-3.3454894,-64.708358,-12.601770915797893,89.48787384443705,16658.243870905433
-3.0384344229229,-60.01619963964,12.406158153071102,7.181292370930191,7616.269909887568
-3.0827381433333,-60.047670974167,-5.283192662268345,-44.077412550401505,1787.7628154894178
-22.721768856049,-22.721768856049,-31.596285055171087,31.023078996020036,5355.640278866061
-8.8234415973783,115.10494337453,-0.660819743985444,44.11870400158554,7907.508559518015
-9.772292946272,-66.810521613498,-15.88162376834882,-0.7754606412068539,7165.427483140545
-3.116589935,-60.02682029,-4.755973144055017,53.12736002153688,12537.605181872954
-2.9875074916667,-60.005094528333,4.0250816675859555,3.8476541717250754,7137.965867295513
15.115047941678,120.70930975901,-3.358664987942968,44.30289079478604,8651.547385561751
10.08333101,119.12253071,8.433101956488944,60.57790496066195,6419.390695072661
-3.0645020918164,-60.015556209581,15.06804591979174,53.344678080038356,12603.121675376637
-3.0840828333333,-60.0552754825,19.740272412628364,44.809921119932774,11678.583537804367
-3.1113123375,-60.072907694167,7.083606098334976,59.8515529770336,13350.850365828646
-67.569901666667,-68.127576666667,-29.51437549456758,-16.922985604602214,5386.233824605209
-7.2404338928006,112.77933269549,-8.519251766534913,-30.174218905367123,15550.775754464214
-3.0722813266667,-60.066551696667,-0.5596192137451768,-21.650610945469307,4278.215408816915
-3.0875811055556,-60.01902995,26.862622653106026,16.768275716159653,8859.215135290993
-54.421820158747,3.3879114672851,-54.421760023080026,3.3887024013353364,0.0516043295583764
26.1840975,-98.185873900002,-6.838302269911257,-43.52039327162775,6942.359006022956
-23.135,150.3675667,-9.001455029694645,-47.71441373824147,15935.856801119538
-3.0460111158333,-60.0765067175,11.612725664036441,69.09287738132439,14337.493691372269
-19.67534,-42.976875157714,-1.0233881484838805,42.56584043743131,9502.557474683264
-7.3084593508772,112.80431589599,-2.602747435379698,28.547498974657554,9337.794735050133
-7.2956590225564,112.78194791165,12.560973331849606,41.92357781946342,8134.039939824293
-9.4392421531027,160.10392317382,3.3272218931076165,51.21325112399472,12139.066156256113
-31.8505589994,115.880294851,-3.5018002934519386,48.30083849515327,7691.325200899497
38.07843726052,-47.7175375166,38.07890693537737,-47.58655294534079,11.465029334747536
0.0,-180.0,-1.3368771953844394,36.240093984350594,15983.006813896345
-21.2057909,-159.7842546,-2.4699905319531945,9.130184513283508,17119.068518000153
-23.18671752883,-65.362700157057,-19.97941231209567,30.003156528390353,9664.986268658637
-44.6949959,169.1347793,-10.66306094622784,46.13788409874236,11619.380464234724
-45.5126125,167.8296561,5.167722737348827,52.60184838885597,12365.507008332464
-7.3007728256423,112.78177132587,19.00808893269179,70.97530828915629,5435.084226159902
-7.2930114564489,112.80177721357,-15.45499394864756,-80.54605633885029,17089.250299883042
-3.07657019,-60.050451166667,-16.318035603377442,93.15928307051072,16365.801395454171
-18.022109471072,178.50624938018,-0.7306659301068774,109.59646434986044,7755.959687307515
-7.265203737475,112.79586616566,16.65189525294831,-9.067207447425268,13626.150598236882
13.350607023721,69.509873395349,-4.065729036239075,-34.67164677623176,11644.66189057771
-7.2221243183333,112.77787087167,16.013586912931242,68.60885416906342,5505.361056839318
-3.0179792908333,-60.0157345875,-3.4460861007909647,88.88966624166594,16485.43413001481
-21.2222193,-159.7409752,-10.89583457782765,39.28410449771972,15883.093493598497
-3.1386582083333,-60.016958583333,15.780335175200777,40.03475681352656,11177.432016154482
13.3615316,69.390244323871,13.763919915598162,39.44617418968756,3235.0003922260858
22.102368888889,-159.37330805556,15.019784127757372,-68.01858452659575,9520.624776627074
6.7624728999722,81.2514077,1.5270631047271324,42.61695370962443,4322.1334388274345
5.9266795,144.72335139996,10.569726395710385,-15.33858960781372,17144.977812900146
-18.816780962978,169.02748308089,4.7290151375385605,101.07102478123869,7882.143947336322
15.39433,-3.14301,10.270036186954304,-5.199692719686111,611.8405422393969
-3.1348487263099,-60.008725129877,3.897465209307481,2.7331382358316936,7015.64701931694
-3.108260279732,-60.023210554439,27.880555448790535,-49.159149141674284,3636.8065770508742
-19.317683164685,146.7892237291,-6.606739838085566,95.24933686039071,5737.926340649668
4.8974757,-1.7568324,-10.25786684719703,-2.6489672545374923,1688.0909956168514
2.0321961330251,-157.42200697466,4.553309267573416,-145.86741558940042,1312.858223573215
-25.0917093,45.0985465,-21.0326365877359,37.862896769994826,866.7434663779674
-9.7805158,-66.842458100001,-11.857945050999756,42.44402757835271,11839.755620769616
7.5781514,134.5829281,-33.412700816924506,-32.56488086068571,16852.83998665802
16.89112,7.9678333333333,18.646640399955388,-36.47550031991588,4698.322301560313
22.1981079376,-159.458832348,8.086048097629941,44.3594295770232,15763.379058092472
-2.9882194257028,-60.015033104418,-19.309697100069158,99.4246763110246,16668.630957359735
5.519448,10.352924,4.784148224335618,10.378016077675932,81.80881270065302
22.170098333333,-159.31309305556,24.590094425763386,-115.95046940911068,4416.037275642964
-3.1274376983333,-60.084865725833,9.024715076382757,-7.866528927505386,5942.679571862595
-3.0764912083333,-60.07930048,18.512815360509904,-12.998179091045348,5683.7822703683905
-3.11373325,-60.0106235,-6.867533100922644,5.06121517274348,7215.598024085302
15.102482766667,17.388853616667,15.472309068202621,18.773372697916727,154.09202674057485
-9.1615810443694,-27.38627713126,-7.523618241877272,-22.484473720339086,569.1917075105226
12.184676961043,21.472306838258,3.5191156676674407,-17.402003631255404,4383.356015896613
-67.570451666667,-68.12832,-23.403423456201274,13.690531653563012,7267.229324470355
-3.7056786003367,-11.085198804887,11.441221509027422,-10.97464577574915,1684.3028392396839
-7.276288125,112.80244419417,3.81737277022502,105.35243780895934,1484.9723886992758
-9.7740154,-66.8150527,0.6995343661015899,-14.870171282008192,5865.0517263162765
34.377013,139.9799507,-0.6435093196136696,-84.60377255400158,14060.69041360091
13.3435343,60.136726463935,12.857883829109202,60.09356154313854,54.2038318785614
-4.0875138888889,-63.141616666667,-23.61459483281418,18.8311235154313,9008.439421505002
1.997574187396,-157.48056902833,4.9979843542338624,-25.785435100759074,14593.084664960155
-8.068883760544,-24.126344479097,-7.843885688133021,-23.453589589670067,78.19706228514221
-26.270704485031,-48.894987297164,12.839880662652924,-7.177867170800216,6264.869408255839
-4.5062942,145.461565,1.0289641227726585,146.94937722049292,637.3022239814339
26.51222608711,-78.64256699162,-2.5928273905315016,4.097396732583802,9415.630393772582
-8.584803845,115.1250906825,12.04837219745775,-29.010944095245794,16075.593550498119
8.455256,-79.998748,-2.7133408769626812,10.914577864284272,10152.238262845012
-37.215844615033,150.0140722819,4.683332495506998,-18.14302621501138,16202.156254947113
14.7020806,-17.455594699999,21.993687305666814,-25.915686015206273,1205.4319501176528
-3.0103494492132,-60.015966319742,5.873108721131336,-30.576530761552142,3415.1443434344155
29.197930599944,-13.461774199972,-3.1012218494375987,18.136371264961955,4922.760914328747
6.9056084549451,158.32050694176,11.656841485684039,81.83718328251287,8387.57945212106
-8.5281679075,115.14154701083,-1.134814967219282,-22.561445842835948,15206.244546615426
-2.229184,-80.933213,3.8676618489115064,-67.94813742490133,1594.3575377332536
-3.0095255,-60.07696214787,3.758611127013451,93.9460031463412,17130.514913885236
-2.28580666667,-60.042294724985,1.6629172859702919,48.54450689948836,12079.475504086027
-18.557109544208,127.19685671993,-5.94822244225606,46.55603491170687,8813.53522750029
-8.6863766267677,115.15555707115,-6.687349001567952,-22.564849409876924,15026.779593826835
-23.891644080835,-65.458425896207,-9.024922631185968,96.29938249179064,15852.886962158012
-3.129992652419,-60.024081516385,13.012646100365151,19.607245015573437,8965.684900831951
7.828204,52.186279,3.302389485253425,51.41687060268889,510.3968845719609
12.033260352909,21.630785996096,-2.9627821155170264,13.673594512213699,1885.1889916130342
-9.8468361,-66.8581099,-14.941598353346809,-52.49402526052515,1658.9366430651667
-3.0132247508333,-60.076720395833,-1.3608848453096636,28.51192923350045,9842.913306841847
-3.0296887657658,-60.004819944444,9.817562473018162,12.306444778414559,8133.253524645216
16.6791247,7.9571513,19.460439352247057,15.597940575671599,864.7458911616742
-25.428775,-49.295275,-5.05332161102835,1.6298738921588418,5868.867533119306
0.96277777333333,0.0,2.959965946578444,6.184152907893684,722.2004199980632
-8.6454141381381,115.11433646547,18.56402012156419,53.8752590568941,7364.331054191426
-7.7027210844737,-23.03150074105,-8.068932117806765,-24.126489069602016,127.29441717342549
-3.092167825,-60.03694034,12.030564866926738,-7.031502016380632,6093.55690960642
-23.8065615,-67.8668307,-5.262401217746237,67.67992405446628,14213.970718365077
-33.8393683,121.8874948,0.3090467833284621,75.11493828942503,6175.507478037082
-34.55058023,172.864608165,16.41124887272768,-16.386604560296355,17797.40234334157
-8.3655491707951,115.15805742737,15.1498291,16.775780437402595,11142.710464428203
-3.9171800426945,143.94486336584,1.3010320268030373,78.88363412832194,7253.047275777774
3.5367898475072,72.92871982451,-26.079218162088356,40.68971715143049,4783.309383053807
-5.7928552627563,-35.32878112793,-8.808636388043059,30.475228488267856,7257.200267307042
-25.49475,-49.294111111111,15.12260173741845,104.3049143683106,17037.796758727156
5.3684972,163.0180421,8.375425951750428,146.075072470719,1899.7693616992817
-26.18731976466,-48.534067969879,-19.31165449151498,57.03574607951327,10526.499508001834
-9.444878956643,160.13295690153,0.24167004484715982,54.96714885054,11675.05581924693
6.8669387,158.2879326,20.625930294332342,-31.550429702086358,16774.48629565633
7.5212014583223,134.51801135152,2.4023799617102948,25.59197676973736,12054.459533351557
-26.280810016667,-48.810941258333,3.7870900279918738,41.96942837302189,10271.567884686128
6.0387556999975,145.2281905,7.407998171959957,33.16393592196946,12332.483171116157
38.938127966667,-40.026085066667,38.431066416517815,-46.31333121641133,548.5173603094208
-19.317029730603,146.6960782654,-6.815198136183351,65.5144019167553,8835.66693494149
16.1018592,168.1416576,26.95452269137463,5.650287872685899,14867.857036162693
12.872992185874,21.797833217833,8.383122425232727,20.491331515631448,519.256248587948
15.1498291,4.5588512930303,15.149829099999996,15.733565314137733,1199.2565198406014
-25.353915426667,-49.291619428315265,2.9477632065857096,95.32829446472773,15486.60287779618
-19.314116472435,134.90137542405,-18.738975587275274,132.02718776601836,308.82413535496835
25.2480322,48.6639663,25.1630375783365,48.15790671109511,51.78315974563828
25.2503142,48.7488655,27.898165942939052,31.236326522403967,1764.6798266272042
26.240975555556,-98.146779166667,7.789166333157354,-34.40397009751242,7011.855272769676
15.1498291,0.97044854257577,15.149829100000002,13.743554360910235,1370.7480922660905
-23.457994748588,150.4148124106,-22.217721713322526,142.77309625420864,795.0495856497197
-26.309042548333,-48.840958915833,4.576377908426015,-28.291622250749306,4085.5098605821154
-5.7916445732117,-35.33581161499,1.8107443059439354,83.94764146358611,13266.993615098283
-12.8423867,45.1838714,18.80671550806086,-37.4489547814975,9709.969350336982
-33.675144344689,121.72109572604,-32.23197938678386,-17.897991622326337,11554.9630821772
-8.3789126628176,115.03226586952,-7.746611836306789,90.7751581833384,2671.1165933086686
-9.7045202999987,-66.863162300001,-6.278402507923413,32.37578865772134,10895.160152412363
-35.974433232052,-32.660177497771,-35.86800644516135,-32.64830146717465,11.882340639346712
16.756963333333,7.97059,13.422462791471231,21.46134105471956,1494.6222632688311
-26.297025674167,-48.864246523611,-3.36469913425941,-58.94085230708625,2766.9886062818373
-4.8590037971545,120.30046364187,-5.488542105364642,61.26816632307336,6535.0610118586865
-23.073778,-67.973458,4.46152803905137,40.85939986133876,12127.007260071967
15.12047912,104.30460289,8.015401789491767,0.8102223512431924,11204.016028974276
8.2292080050964,63.446379393526,7.578169148331267,57.89418752561935,615.7730036693498
4.928722,10.754384,8.7493968398867,7.688410505656434,543.1600563070186
-26.2772174,-48.848414225,22.10902332454927,68.22881505784646,13677.937934995616
13.079759026876,21.859130747615,13.990129371678314,3.488416315354697,1988.0819950936557
13.3435343,65.095960111481,12.815641817601957,58.37780737820626,729.9836752475466
-10.327223999972,150.5163655,0.7393987913650345,34.5124906968841,12864.883371410493
13.370462927273,61.143010746061,13.369955172638248,52.96498428903274,884.6678811636197
7.4018864,134.5089864,-11.741164076082539,-89.53247037449684,15166.760438271172
-26.296595658333,-48.852470833333,-6.133998613494633,8.979892573010302,6509.319664036202
-8.6153963708333,115.1517839125,-4.225547203024532,-50.43415208307421,17871.951086372166
24.995728181639,56.32630893029,-3.05459944293479,-17.63278163502148,8544.87694781115
-27.102951899998,-65.5167475,0.8591128016364246,-68.66453792332392,3127.438164762038
-12.8371148,45.1511313,5.623443789293059,-22.59790984995403,7759.00821007184
-9.462902,160.132781,1.5265294261648004,55.948811609855994,11591.035840722589
-26.293409075,-48.848062991667,-4.950226192581485,-32.50058070659119,2941.333330129686
3.9551904844157,10.086422357718,8.795729896231027,76.67453686626672,7369.928750523713
-8.8239765325,115.10629019583,11.87945495825923,78.30752072322635,4674.017155604262
22.209683055556,-159.40616138889,-2.251479102238388,8.523177437975706,17441.081872154915
-15.905388888889,129.78633333333,-10.059764158941356,114.77940944739379,1750.1650042864223
-8.539702,115.12654,16.109817884374248,82.56208577725262,4512.171488902015
17.9946102,-15.6322541,13.483866263147211,-23.557607241285496,985.1405698902687
-4.4494444444444,145.36527777778,-3.5781522375525974,-7.002120729671497,16817.960072789818
-8.2375994595517,115.13826691365,12.672182221171607,65.31333423797162,5975.33868053899
-21.2079919,-159.7718118,-4.864699946190287,122.014012456125,8591.670002886529
15.162957398333,120.57937561333,5.77923211796258,-8.000397736311756,13890.963873000508
-25.378397222222,-49.292288888889,-6.142739015064336,21.789659782242847,7816.91782077555
-9.4409546126214,160.09966045922,17.19306116666114,18.08151303830336,15823.536610350111
-3.0647796916667,-60.055200358333,5.9093367035473445,-26.111713730406446,3899.1075844387356
-8.2962614116667,115.17549917833,2.042952426774457,-66.8889109186338,19283.167715776468
-54.421662584625,3.3909061330093,-54.42167332654027,3.3900327300779125,0.056517359768293605
-8.8134173725982,115.10216907435,11.531810777549302,44.00316333095476,8179.457915768016
-25.454102777778,-49.293794444444,-3.7791603833122447,-70.95001697480149,3340.000687165168
-45.3738903,167.6979706,10.139909205782144,-58.876474472170216,14112.437346222338
-3.0870115,-60.012000658635,19.518524049198803,13.017248588781703,8353.47328851156
-4.7520374415205,-61.309960934837,-27.603806622635222,107.26223955838329,16213.945751283018
-3.0045956533333,-60.020302246667,10.326454460626405,-47.602211401491886,2021.7675304449272
6.8758414000023,158.333766,9.182948730676557,133.00889807520016,2799.5173903510135
-26.212216083333,-48.913243075,-8.840078311128769,-82.21682612694876,4005.3981488401105
-61.33,-62.865,24.505289396218487,3.9171244965689875,11237.279870757127
12.176596303473,21.389245362955,2.2348837544292093,111.64553526244082,9982.97570887002
-19.684108698865,135.791152494,5.5983959848065465,57.775147186650386,8972.729059865742
-3.3475711,-64.7112361,-21.660740520034455,-24.195709627714912,4822.892049482155
-3.115427015,-60.029745816667,-11.644596846437102,-72.73733113631855,1690.9156997524656
18.065410833333,-15.892582777778,2.6930363446344274,-24.901715444024713,1971.3673252745166
-26.273599174167,-48.827668116667,6.071299753512773,26.028360512989877,8814.791003002358
-44.305915603735,171.00991576716,-15.48117151858922,113.25418912233347,6263.719961349382
-9.7026359000024,-66.863901,-1.2319077143435475,-33.22957387522564,3836.366356653708
-9.8182968155798,-66.644143874271,16.996725388326414,-14.58339524478822,6452.364092266429
-26.285084908333,-48.866572625,11.758120325396156,-8.476306677923757,6078.720232083355
-21.809916869949,118.82006315901,-6.184876323343312,133.938344169099,2378.8205679764706
-35.237336521602,150.0069075663,9.030605114973211,22.86582758471692,13930.692981335254
-16.3028535,-39.024513,-18.901640688107143,29.299403539914394,7201.574619072607
-3.0346507541667,-60.013032860833,-6.524757083220219,80.21762227440544,15474.101641805579
15.2772734,5.6001828,0.7431286343852517,-26.326828787871932,3859.1935638525647
-45.893954281802,170.51712413487,0.4095068124946397,25.03884026529995,13938.133614051127
-9.7810283907969,-66.842397503134,8.920322026515112,-55.97452172788015,2402.410941866262
-3.0900050543071,-60.060900539326,-19.697940809848546,106.85551991946606,17105.848263430395
-2.9705476,-60.0253533,9.713125360177242,16.617648223832912,8603.134185313427
-45.441524,170.711484,22.53562874932603,-24.623577990875074,17113.537552737893
-26.277206441667,-48.80837185,-6.012103109565897,-112.40575199208833,7084.328558818356
26.250532693709,127.67463055928,12.018175158172161,43.874109298835585,8810.238319610395
-0.286618,36.0878738,3.2403417590175376,19.166895386814538,1921.0567332999399
26.222569605248,127.69840448759,-13.040910003877013,-3.482206636494001e+16,11781.341135074465
-0.2878427,36.1085464,-13.551737921792943,61.167711160640216,3128.774629915857
13.3536438,20.126451949099,14.160452365101596,83.48548833069755,6821.3554357590065
0.0,-180.0,6.093816727116418,-5.861788439591547,19075.73368536821
-2.6509846,-60.0499383,6.617105595677075,6.279412699921286,7434.018777821219
-3.0974834324034,-60.049925134478,-4.352347539059231,10.635132612481472,7841.819345873793
-21.2067389,-159.7559216,11.716978319050735,8.88013008810644,18409.676636796456
26.649159099972,127.87486529997,-1.4888646223856157,32.57296347032485,10608.66975852036
38.948175753333,-32.022092026667,18.003238751537715,-12.549722437343853,2993.658034404223
-3.0851648098827,-60.038968313233,13.313131729403146,-45.313877295776,2442.4759202415235
16.797443333333,7.9862266666667,14.140393446048236,10.515788253862352,400.95035513317833
-2.9696825971524,-60.003577742044,-12.47179374028572,48.24853441546049,11910.10175884364
-8.6160945833333,115.090502135,13.70582961260553,71.42785910002509,5420.377235479658
-3.0850493066667,-60.054962235,10.561217818630322,1.430097691693092,6971.155072341924
15.164063407778,120.54776773056,1.3976951741029195,62.18870299696481,6578.91659110119
-17.151139584987,128.15486147711,-17.14841700905406,128.1778724499767,2.4636077178432534
-3.5044744,152.2959169,3.0785447311051266,-24.798181351965297,19689.04099997586
-3.10509566,-60.04491339,9.223887275899346,63.03348475791392,13692.04024493267
-0.288354,36.1163573,6.126908830708404,20.07339545891065,1918.199711435138
-45.461392799972,167.7894603,-10.651553862554195,10.312889218558134,13380.084247472078
-3.0373292846442,-60.015121970037,5.2211346278308355,-15.857560056799707,4990.080610935103
17.9205919,-15.4172323,11.430862837538601,8.354248099487993,2654.162007462384
-3.1135848,-60.0428373,2.3840602440824745,105.00455454741082,18352.387949171574
3.6343090973529,72.958521433431,17.824583316638126,3.284913452041755,7733.322917136116
27.097104514141,142.19480861287,9.836005723697987,86.98157322388828,6079.3186125060665
26.1959106,127.6924885,2.298005592933964,14.46721616849851,12189.718003680384
-3.3542361,-64.7128283,6.308288302470646,65.02485835684057,14438.35774207337
-22.721768856049,-22.721768856049,-2.4329811622560964,-5.891816717588981,2895.5591633452673
-9.8583504,-66.8437631,-7.814310730515946,-56.030542311343915,1209.5419596670267
-25.536483333333,-49.301091666667,1.8971606440713396,-4.042686433602025,5742.705888526752
-23.149792758741,113.77099474261,-15.776401282999064,82.03592996875582,3418.8582701888463
-9.751495,-66.6829942,-11.705789531480411,22.534553127190268,9704.535030884317
26.231531111111,-98.160886944444,14.026668712777193,-50.6406533500479,5113.290849149107
-33.3584477,22.0541538,-32.35599892270923,-58.2603578036935,7295.219975467618
-12.8427262,45.1364053,-14.515101434651154,20.60165455377149,2656.0137119096844
43.939152820382,-59.877997179588,43.93859217760918,-59.877481478153,0.07477547372108435
-9.2858032052941,147.22828098176,-8.551291871150692,71.82549998620354,8266.099717541263
-0.6734094,-90.3861592,0.07251524203396827,-57.280073701058605,3682.0848452853666
-29.057806617552,167.95597681921,-17.257287171380494,25.123162256635794,13499.95049385705
-0.2796691,36.1132625,15.260030618162265,91.85843187945707,6360.130196211932
26.3442817,127.8582418,-1.6353005721553975,46.69229495469199,9209.698467482747
-9.7801212,-66.6300481,-3.490074822020958,119.9469433080882,18369.44013265151
29.187098,-13.422839506173,-11.559861358581982,-5.838169343528576,4603.4194926398595
-0.2832355,36.1266066,-9.080710243762198,65.45627491217238,3391.071280405067
-26.292673375,-48.8143842,13.115130465669768,14.859556324298763,8154.872030981728
26.6155572,128.0168879,-18.70802439581407,-4.430246667264971,15084.712539375043
26.2104703,127.6750307,0.1704310376175944,20.638420549391,11693.43789469534
-3.0535643966667,-59.950932693333,-14.544530133660759,39.792166372093675,10968.08420886471
-9.820647699999,-66.872840599998,15.67783108152002,-73.48661077567442,2927.346022085987
14.882658214158,-24.35596210297,-13.985484048021835,-2.5636058686217114,4006.309071679078
-26.294192758333,-48.884188783333,3.4912000540979315,44.20221856428919,10486.819163521153
-22.678998721557,114.34124550675,-1.0849662420589359,-18.075218157545017,14227.187390960438
15.1498291,21.710965068788,16.17000329558945,23.653985791219785,236.94889311288495
26.4103126,127.81947429997,4.015332506535082,-5.905646851775364,13999.61382882317
38.08449109831,-46.029222004383,38.08588082283652,-42.45423960144675,312.8664671970241
-26.227773682568,-48.505820766312,3.3688461777915863,81.58451393164107,14128.525938934295
-0.53889224746974,166.94962695084,1.6931277434073015,92.82996819051993,8244.441990881794
-35.3803189,-62.2465263,-25.46986586688503,-65.81771690608748,1153.7022616200902
26.3362809,127.7900717,0.30985903846398966,50.95827263186089,8681.998572254914
-26.21527726492,-48.528169602766,-5.242323349222611,40.585653675684306,9662.202022660853
22.0576021176,-159.38819631066,10.640085959324802,-104.12588127676356,5999.903615065679
0.0,-103.1532103,-19.959811988355263,-15.569152563478074,9755.048221564544
-34.928637120436,-59.994458535062,-11.68263130571117,-37.68159165615289,3428.0044495368097
-8.5956531883333,115.07283399667,8.397071630056185,124.07355433484385,2136.478154607547
-7.1558159604167,112.78250388083,11.73763701673493,76.05451958582367,4572.944302824031
26.32519324483,127.79301441487,-10.285184555118853,-5.2482427904561115,14781.025921105826
-25.395733333333,-49.285722222222,-1.4216833376906246,-1.9569149848658847,5724.660733658069
15.165512994924,120.54231083188,5.632744774111181,28.65277586492985,10045.727432512864
-9.7592353,-66.7402699,8.748704459357565,-22.797252125552294,5281.917987864314
-25.400380555556,-49.301302777778,-7.790043838672409,-28.96952328266231,2911.629465235153
1.4959285604108,124.84476179898,6.396012135206907,17.956026178131804,11853.451432153503
-26.22355134483,-48.520155641861,-3.136249446458267,-84.06284382670313,4575.396845660992
-9.7677699719078,-66.788262008386,5.703617547718555,-11.536815109022065,6357.594329589356
26.288350402328,127.78647498492,15.970007117918252,88.30889966101216,4233.90741939485
-8.5664390916667,115.15426392708,-6.456791864545233,-21.278444140314928,14904.800557401977
26.8151306,87.2703453,-20.92019706006286,68.75893266297835,5670.0879586695955
-9.8024672,-66.8502922,-2.163550396433419,20.18015668361972,9641.392298361085
26.2140944,127.6818047,-0.030514273540822864,-59.67231117693053,16998.79788665977
-19.2407094,146.8063408,22.32590356524901,-16.66351143126064,18263.748541310197
16.788765700001,7.98401,-10.77425572848854,10.924153942877416,3081.870232491099
-8.7952010018727,115.14293615418,15.754671760244527,49.876374515577574,7685.681860178156
-9.7787224,-66.6293403,9.748411433084218,9.982770128141409,8749.877278375645
-35.3988832,-62.4347771,-31.54418780180454,-63.57158469006574,441.39087893610076
3.852976,10.085215,0.7303907081611712,41.385734359936755,3494.4620985459646
22.139708333333,-159.30170722222,-7.261481993497036,-25.56832424426032,14796.186508731487
-9.4259276077014,147.42521812637,-2.720002135625259,-56.73430485853303,17017.00599287549
-19.2434734,146.8086391,-18.89642343199705,32.01358313924234,11735.205359642074
-9.7831081,-66.8263132,-6.778756241335879,24.382176031640487,10011.251575743878
24.968254458333,56.273122333333,25.104218385196788,55.876415062416875,42.73097085884121
26.2563793,127.7646748,-9.7369998991943,-36.15836385542686,17517.784937377517
-25.450980555556,-49.296069444444,5.238496336575597,10.397437389014605,7284.52109124604
12.388750948011,21.56463635154,4.2873452065172435,-5.242360950695004,3080.736199306299
-8.1572032466667,115.03367006667,-2.990317110515479,-11.764410616538749,13986.510574113756
-33.402907233694,-70.658176057,0.7823036820161188,66.48104390162537,14263.149114815255
-9.7463892,-66.63890665,-16.73574176011377,-40.31310565254005,2950.2655512782408
-0.2970299,36.1255259,11.302309900341532,-36.372404127323584,8107.125816352091
-8.51279769375,115.16673784479,-5.458891337642391,-33.577940000671205,16217.303764103284
-8.6370577127303,115.13233021273,-0.6217945486526155,14.561404813492365,11158.870320717606
16.7914612,7.9858408,18.920115132154226,60.45007586287519,5537.6724012394225
-12.8413744,45.124962,0.5468204315247004,97.93121939559747,6008.781144422849
-25.432258333333,-49.300927777778,16.564669909330377,64.67666920515336,13155.175661011095
-8.5976803249581,115.10725279816,1.0691336935172917,2.0925818690955995,12555.093085746132
-8.2353666416667,114.9509597,10.67795319140072,-7.676919059828314,13724.816000728824
-0.2869684,36.1252552,4.7407864638898545,-5.631843025178317,4671.570618877862
-26.270238001667,-48.813868548333,10.337287466944717,58.36538026262032,12217.610137096028
-3.9349592255896,144.02060695487,-3.405300369433238,104.0018098250147,4440.746713852146
-8.3708282531333,115.16461301307,2.227380697493035,84.61811516030353,3585.8869151397594
16.680107,7.9571892,14.499222842405146,27.446735299622528,2100.5664154612846
26.215533,127.6877832,16.42673376931847,50.11018071061512,7999.219224154071
43.4878733,-114.2745131,36.934912679449106,-102.85473582941374,1211.1043494924904
-25.219920126803,45.817582892981,-16.194602301078206,56.0802910540693,1463.8405557903607
-14.937702777778,13.482955555556,-5.625642361871169,41.854975177973856,3267.744199855205
-0.2786003,36.1141242,-3.2439011402217863,39.54779789481049,504.30726080536664
-8.821389998325,115.14501253266,14.082673922711054,101.29648040474348,2969.96173498221
-9.444497,160.04689,5.074511804738184,77.45374808629391,9291.501883694255
-5.360577,104.96659,-3.590151441939042,4.96664808425004,11074.559955059673
-25.534502777778,-49.299158333333,-0.9746345069249892,18.66775351363921,7758.111260347351
26.218804244715,127.67535431601,3.152798567431101,-20.354173944683087,15273.409878671997
26.7041231,128.1287742,-9.975506235842442,52.44352911004704,9114.644471869831
-8.8051273566667,115.117201285,3.029161448696753,-32.22642966259211,16348.645744592894
-8.5357859183333,115.147283425,-6.544570977354404,-30.45369972282775,15849.420518888719
-25.505994444444,-49.303469444444,2.559547638432795,69.6232089966506,13019.488006726504
7.3424597,134.4760014,10.10210333060369,69.01528536243103,7190.19545748805
-8.1440950255255,115.05046643093,11.453017901707891,83.71090676361928,4094.2040571841153
15.261958333333,5.2111383333333,-3.312080010714624,-29.244373800257833,4318.3223712380695
-5.7579970359802,-35.200664520264,-8.784541783568594,35.941793572768404,7843.782634339686
-28.007329736739,18.832708053045,10.299360932551668,24.591015278952167,4304.361328963877
32.058437542719,118.76632377072,11.69733156835278,44.96854382288294,7802.894161414666
-8.5708731458333,115.11194501667,2.2830967579950943,72.58595665642578,4866.057837054594
7.6391926,99.0319865,-23.307307952149827,-68.40627493209205,17816.667691954866
-23.7092541,-67.817705,1.8156365036979647,86.80483706412512,16356.196193130687
3.933994,10.053848,0.7702884825659829,35.01373601047195,2794.9093301129274
-53.030267122727,-70.834086752182,-3.7443208636440293,98.3474354988624,13621.14286585451
-0.2871368,36.104592,-2.0170773042474663,18.393745488162065,1978.2544988926613
-52.802988989757,-71.153076415057,13.348132657386722,-14.262656062108414,9129.302343823863
-16.2833155,-39.0248897,2.283208011845449,1.5538959644306263,4911.285814413527
37.801712174398,-25.766389094952,-8.601280167676656,8.624837722372694,6274.241463803229
-13.4467028,-172.3798923,17.76386100753525,-78.06451660080543,10906.54947101078
-45.0768863,-72.0908437,-1.8794117109370794,3.066455707769599,8698.556252437556
-0.2906563,36.0933225,-3.961148707552802,61.53941611739978,2856.3192398628644
-54.267900637402,-36.501806094345,-7.973067909208245,78.95873744492496,10876.886471002676
-36.828688539357,139.85100925524,-23.305018887814793,133.646748857584,1616.898306853069
-17.509227777778,-149.43158888889,-13.285993173037989,-138.3618873052897,1275.822062302382
-45.49522,-72.6636628,1.5959810403772747,65.24640638032854,13640.633778290827
-52.542455400739,-70.552268449552,13.023165865232144,31.01615828435787,11933.417007321008
43.00674949348,-114.39530623602,20.164772079698736,-49.716337916200345,6458.33720210731
3.849534,10.086518,-5.5162850200619715,29.16641701501645,2361.0811211788055
-4.4350729,-56.2869506,-4.322549950596412,46.330572222876945,11364.218676801172
-35.3995554,-62.4231316,-10.421932697222847,-18.378160639052226,5234.552234832394
26.5423442,78.75764,-20.0563506030531,108.03059835107052,6067.255261870399
-52.133832635743,-70.028258280221,21.975897352645248,-52.857197876661594,8408.082705912382
-5.202375,-80.627382,6.026889617617386,84.07585460823333,18319.907023192813
24.038386,90.2405498,8.802623040702363,20.238821495658602,7586.0867491277195
-25.3860375,30.1327652,-0.5827511622902811,-2.5069731535277495,4457.266005814789
6.8882861,158.2961692,6.911055854544771,97.2757293684884,6730.8542258322805
-52.593712916545,-70.495341996364,-20.59209752827827,93.34029249620222,11728.089961718986
-43.827724,173.04444,2.481379443225923,91.65178303304374,9510.819056326094
-45.571988,-72.0597232,5.857100096468596,104.65976460566532,15587.627344614963
-52.596101937321,-70.51818445625,-4.430593344797468,91.37249120753948,13448.72430479635
-0.2767229,36.117331,-5.896694245404454,-6.395328868607059,4759.279050349336
0.0,0.0,7.18631032673128,-12.68271446044914,1617.6748072839794
-52.9226909798,-70.89147080408,10.317507300210696,-39.197290468927456,7649.063849494412
-45.4978217,-72.1463824,20.582676026656838,52.6943089601546,14313.873277271201
25.014427,46.5192725,13.117078147799377,22.02397786144734,2886.847415561129
-52.242243133663,-70.279633137562,-10.388368531828988,-41.22302047838682,5338.088407783518
14.6790262,-17.4622654,6.689981412906232,-22.520697545805437,1045.9899801835227
-25.4601544,31.5354386,19.232182753043592,36.98401432171476,5004.357039035519
-0.2957129,36.0915909,1.2065185739366107,33.294326178453304,353.0407678834068
-45.2153976,-71.8508078,16.852662444529187,17.56922844897602,11283.525325794548
33.6840497331,-117.62593733213,0.31773199305076355,-3.4047154243210263,12206.242891550784
6.8504161,158.319049,2.8155352397659783,141.3556465416079,1931.9105092189955
-52.76925247549,-71.31773240287,13.349355587627949,-14.27173475615916,9135.906415270518
43.938773456416,-59.878209842326,43.93844856876734,-59.87733028282063,0.07915113586923525
13.35065796,62.340742199999,-6.13249318485888,30.289849937190507,4149.556557727166
-16.3387692,-39.0162093,-10.51151830207081,43.13095143198935,8852.972405272068
14.556685294372,62.119627237403,4.526648037455772,71.51384295258084,1517.2491085744762
15.133629784958,104.30443096065,18.431950547841613,55.41106570949748,5203.0392278378695
-11.330184505159,25.228564075694,-10.22953959509133,112.68290874238006,9511.711622285233
33.675266388889,-117.62824305556,15.103007028089083,21.060686837729218,13045.86232783512
-51.741960718277,-72.484245568188,3.068826107377032,2.2793750843311167,9238.244135794528
-0.2815012,36.1086591,-2.6190906518295534,9.532658394591406,2965.360363366778
-46.2367256,-71.9533054,2.052963676695043,81.30357278379854,14458.510164044246
-0.5438828,166.9179968,-10.901381117005846,-17.057253815634606,18668.689171967995
-26.6370865,-60.868478700002,13.56654184267518,-20.579826717696825,6238.8166225712675
15.879722291552,-1.2317951320236,8.647381572456752,-2.824649778440364,822.5853561248312
33.672119352363,-117.6504635173,-0.562114873495822,-19.416837645296926,10803.543032927513
7.495314,99.0750435,-0.3385323464385417,-9.75532467446545,12087.976005586454
43.151276200787,-114.34272539526,6.433326337798683,20.499064100079437,12871.71105649484
7.5818179841838,99.066085270069,7.648803636832523,6.832132354211437,10139.648144052324
12.983766035178,21.834339592603,-10.781529866412653,2.2918274426425054,3411.0767068587375
33.682668055556,-117.62913305556,-3.2489069702703377,104.77528786394255,14472.802939146672
-52.598954412143,-70.1866993725,0.9640646922529497,-40.18924052716827,6578.692721649963
33.68121239468,-117.62580264931,-6.239864959624,46.90842097062044,16572.531316990237
32.627539833306,-8.1862864999722,29.35370159642067,-18.462849412237997,1044.4500817896303
-51.740044943091,-72.486334831013,-10.641785607610116,-62.86116244191821,4652.341381294109
-52.846481575326,-70.966428002453,5.225773525810892,-5.8995252512369385,8848.31971725809
10.3275135,39.934229700002,-3.899625724792218,-39.138321314269646,8894.154720728488
-43.787157,173.069834,14.16773492891857,-38.63686722145526,15555.54909489742
-52.597379200849,-70.638878613428,1.4626909440404858,14.547565308403986,9812.07580042966
33.690388055556,-117.620725,26.588755732610643,11.369929849200856,11419.911878305978
-0.2929032,36.120131,14.360440254519231,-61.41365777843747,10827.076681203045
-2.253361,40.106968,14.40046240187691,43.32607052213852,1885.4728767516046
13.3630046,62.343037202846,-10.084850425120566,84.98157696711725,3611.1433661748097
-52.611021276948,-70.202202302255,-3.1295415500552504,-57.79716663512883,5619.799939902586
7.5470564,99.0461496,-3.8342393708873095,-27.45828995352059,14084.976132900569
-52.938516482407,-70.858756173148,1.6294170197554614,-4.194236839428855,8620.869837889959
-25.323883127417,31.879492644217,-30.790407322731884,-19.184272163446405,5005.190796534805
-52.603211332727,-70.590237266061,-7.940087649370748,24.545399914991428,9651.219826277442
27.945975,179.8463067,27.47752406153764,159.94748109884688,1957.3886190164126
-52.592242480976,-70.448551840518,-22.433879487517807,76.16015026962704,11068.052174058703
-52.951870831636,-70.840111745818,6.467888272718885,21.609202782490787,10744.976303748173
12.983382772652,21.834012027838,-4.665475265152849,49.56495058310304,3637.5911707372634
7.9404567,99.2913965,9.119515374837803,111.03784036595793,1298.2593811704876
-0.4538913,-90.2801349,13.160578202095811,-47.48946777797588,4952.805799405212
-45.3903985,-71.5387171,3.386539800150114,-66.29106830260508,5448.594291644234
-52.599480528817,-70.19167114427,0.8123534373231215,-61.564199686148704,5993.480821239458
-51.737118612917,-72.476776314636,1.2420507758203547,106.8034530718157,14399.888059153114
-23.5854008,-65.4027663,-5.843070178014014,3.4619211836327843,7596.526054016474
0.0,0.0,-21.300036171662565,17.837649021172776,3059.3474025878204
-52.596608420126,-70.726781013836,8.510651165494274,-7.040782062944048,9056.411467960312
-2.635515,-56.7516735,-17.38197698758204,15.051730359014703,7989.7992411661735
-0.53753740850575,166.94476204552,-2.88667791361383,113.33107383607246,5963.99426772348
-52.592026502798,-70.439534260881,10.306625477616684,29.062754450929205,11556.829863228193
14.87568072259,-24.392669741577,6.188583238137047,73.07958675683638,10628.297002287103
15.1898134,5.6877627,19.21043298275356,19.485148812300775,1531.59026739888
-45.5255597,-72.0796604,6.702815845416976,58.60938590279034,13618.492796987719
26.3396519,127.9610031,8.040288166488232,27.952063607846938,10595.57831058889
13.35218628,62.3451465,14.168130446668695,49.72307964726899,1366.0749085985262
9.0258402063366,38.826750587327,3.246329991594742,68.69195766773647,3361.933520103322
12.629861111111,21.804919531571,-22.53346396379421,70.15933852560916,6559.710767248989
-25.4986434,31.5118381,18.23904216936444,48.813115708392125,5211.0979708802015
-45.9315108,-71.8412383,-7.212094105662923,124.42640541334679,13888.556210462879
26.279242199972,127.74497669997,-36.01264257605846,-55.13063626572959,18898.891391496574
12.019052356481,21.686783395706,-10.209170403040519,-31.66911089273994,6391.377929455467
31.970738600002,-8.210461699999,6.113616257212975,-4.743074030140769,2897.6555953655475
-16.285691199972,-39.0262887,4.908441710854485,50.07520880120238,10064.86785074556
-45.8633164,-72.0640596,2.455688226836394,98.99387655256096,15110.483944395073
26.2123971,127.6754825,18.784082322829775,41.76693371807791,8706.281080532155
26.440992749302,127.77111262505,0.492758091870878,-41.52557445615467,16808.00452002029
-53.04299178125,-70.846545463125,-17.07418289272197,35.50738723924196,9543.346815112161
9.0544670809237,38.737924933534,19.31558001126413,43.2623607563008,1240.557334508084
-45.5813487,-72.0304563,19.188380404501373,18.26491784530247,11539.597844885335
-22.818478599998,43.5977844,-6.30920908696284,63.060891885752405,2778.16296604653
-53.166195957273,-70.907669255,4.096137236137366,39.57830116521851,11725.82394479794
26.460280499972,127.8700924,-11.91383538075629,-9.140670309310975,15246.607436225519
-19.325760657371,146.70762780478,-22.128943475046064,26.87752286094644,12016.723553728634
-45.867510913145,170.54269499555,9.328954613833341,-33.687401127869386,15342.809045276494
-52.666833488929,-70.822031407857,1.549136400935224,24.984171160538747,10535.819559031424
26.7456774,128.1801308,-16.608818719799956,39.34499487993153,10717.711132167404
-52.416780058968,-70.575116748004,-1.8216126822745393,9.564780419343027,9179.652063118185
-17.765111111111,-149.40322222222,-20.077237423726476,32.24794350020201,15803.354315134355
-43.81837,172.991678,0.2634480807402463,-5.319902185478826,15169.104689767366
33.677395,-117.628815,8.931413644841912,61.07332666517458,15275.219046749473
26.547046,78.6970475,26.540089416209774,78.69761162479388,0.7755696109698546
10.6224753,37.0448035,-4.358019678319727,-52.72740646528937,10071.963162178126
26.3454518,127.8842478,2.875560662786897,-40.98985199919647,16552.669846631627
-22.724708700002,43.635637100002,0.21534118922523307,55.41418702467805,2851.6106479784635
-17.9103254,178.56551569997,-21.92295039806169,150.81424900058707,2931.202535921411
26.212904918006,127.65622213281,22.98624577614382,59.54648770604821,6814.817939458035
-5.367024,104.969186,-17.28885134530321,150.09330534476786,5080.509102452773
6.5139199000018,81.6923032,-1.179699600418882,42.52078743684046,4430.816828546772
14.8680945,-24.706412299999,-0.3697479696533139,129.58462843225703,16762.431139774224
-2.6621579,-56.7888571,3.3445809402340463,-14.345623530410153,4764.253477707349
-44.7017681,169.1334391,-4.058645213006553,51.22875904328875,11829.039420551437
9.3227007,36.5110405,25.062161070101617,-17.87977897949975,5994.260625772106
26.223358222045,127.71418293826,-7.1070300804419375,-7.021694693091875,14782.129655174123
-35.206660250914,150.03553747325,-19.49301544635917,99.89519516905948,5190.866398513291
-16.440261708163,38.621197258163,1.772710760037422,24.567444491180176,2546.0080561693703
-5.182931,-80.6242,19.93008666158429,-12.049099766355114,7991.35697918765
5.0028638821,115.052782204,3.993474496947764,7.908346033751584,11861.251124339222
10.2945418,50.2150787,16.069445781488675,-39.69820418216765,9683.132949011271
-16.531881433665,38.920789994323,2.942352876063048,13.324847573430871,3548.7599236983247
26.232915555145,127.70311542231,-4.540354645112169,28.224693574053397,11175.1362787292
9.0632042645355,38.748428876823,2.655606681442916,17.277781916019684,2478.1589557049297
26.2141201,127.6745611,-7.713631673133311,82.75103697606137,6142.026936642407
-3.9708299518607,122.5906712068,-2.6338663792532224,-12.492608758108636,14969.99057454549
14.669653699972,-17.3985616,-22.954114091935278,33.1357952023536,6908.717969011479
12.6163538,37.456887899972,-9.778748911388133,67.96675389964129,4189.9327306223495
10.779762199997,37.6867528,-10.442880411375613,17.418084821302006,3254.229721524357
-5.5573742,150.2979314,17.969369137989545,-12.094374412974968,17656.843461410896
33.112626277778,139.769415,-9.416227046187739,45.33102032903107,10988.222004491527
13.145446200002,37.985927400003,-3.3342180720449326,65.24012314863984,3522.6347745345993
-0.73133055555556,-90.321041666667,-13.63523962730894,-26.799200416508043,7131.400733327214
4.794375,10.822687,5.140343948578415,6.154185705269089,518.5909430476556
-3.2330664,151.9766689,1.3651510772603712,145.5109478045337,881.9908195686968
10.671991,37.0560949,7.5866188604394384,-30.584912205868534,7420.445863536126
-5.182333,-80.623762,3.1325427719328998,29.750646634004386,12293.438855872546
-5.210786,-80.62373,-0.5739297997535359,28.993738478167646,12173.262235780578
-25.023203557356,31.904466021806,-6.3066332728063035,55.0154329015365,3221.7979641089896
-13.6359454,-172.194997,-11.588769025455768,-107.32600076578545,7021.9004247004605
-16.340998564564,-39.006330624625,-9.260792595755444,9.026241691440994,5255.623583950982
26.2192259,127.6884061,-13.243968175075887,1.374629861651916,14254.811817570177
26.251541272676,127.74117280285,-24.157931709522654,-17.96202765424678,16566.617323111248
14.66732884,-17.44050066,6.023829425133328,77.62203023480659,10379.335979556192
-37.3129743,-59.0940602,22.29172316539938,-22.87188711236625,7635.765315417011
27.945975,179.8463067,3.5574911969891216,101.54443296869862,8673.632971712608
13.369125302273,39.598879198203,13.370060902930303,54.66790350908829,1629.935334765316
26.210722246244,127.68883323272,-2.7228400498764156,2.624653908017883,13610.218335607824
26.463176099972,127.9308299,9.027300573011038,-38.29857560571827,15797.84354487722
12.09433060605,21.35891025641,20.446496740189986,18.00047162027753,995.3596157594901
-26.693972699999,-65.8028114,5.79150600127525,29.694061008673494,10841.18128336361
26.389013829392,127.74091544681,15.002579378852491,6.0327149905192865,12215.86515410304
26.24136056628,127.74024973084,-12.536117903914217,61.54608354304749,8348.73744813988
26.726333499972,127.81234399997,-4.1979292115464135,13.886536631678256,12588.883749525477
-0.50553932103448,166.94932479362,-13.04897382959433,91.55849645930091,8412.88778308815
-37.3287817,-59.0870922,6.704264486444039,21.366434867598173,9623.888959932972
-19.319707255167,146.83481135283,-10.616689275396928,109.64347091980456,4101.386165791961
9.1784099,36.5072779,12.257032707061866,32.781896969654525,531.7938539585432
37.823686041895,-25.751855916209,-0.4625737767519237,-12.984910138612262,4454.211536115063
-23.4245552,-67.9984326,-14.416879785763518,-72.82492044246105,1122.5976988686289
-3.2359831,151.9522522,2.84830178306862,149.7255975843419,720.3834907849841
26.238153120905,127.72757941787,-11.015730067148048,-14.53932059076436,15715.488628532443
-13.4475932,-172.3929694,-6.538238912213427,63.87718810381685,13417.656848335724
43.4967458,-114.2790283,36.42005407774426,-99.13793303811482,1507.9842564771682
37.4989176,-46.307796213333,37.4989176,-44.65781043725003,145.55682089021246
43.4979914,-114.2860467,25.416589548983335,-91.81986127972363,2860.438602733635
-33.4512256,22.2571119,-4.211053901188761,21.05800100889248,3253.734647904984
-35.3747444,-62.2461496,-22.17933244615049,-40.829303799510704,2541.867021577546
32.1592299,117.4612045,0.007531125861279544,49.872483399377586,7913.296798664953
15.051364914414,-3.1573752177932,4.7530800333830845,-16.598093823942122,1863.386963471716
-34.644315707965,172.97017565664,-12.90414439810182,-35.34080557839634,13942.00540341146
-19.430646631712,135.39367005978,-12.345994596208858,98.33597049181812,4032.351736676844
32.039881413587,118.74835974201,13.399963870815238,-37.01480198364534,14341.308950404407
-5.7253823280334,-35.203563690186,12.065418342537813,8.749088997816193,5246.626054187467
13.370419597727,60.445133966558,13.370176539492595,56.53037565781071,423.4984012884233
26.3149553,127.8084875,-8.246405783858975,-42.02446277412989,17737.11968558645
-35.4170517,-62.4320268,-35.56408981124601,-62.25060775010384,23.17538579811659
14.6770264,-17.457062599998,7.646477634649496,61.69970276022436,8633.005696061198
-16.46114471379,38.651959002877,-9.962090314496642,110.31600090009395,7755.511735042278
26.505281933385,-78.654590731534,7.2491198296981345,8.849186623844655,9401.528102204904
26.21744546114,127.68235617856,19.36556527028613,43.90566465334135,8474.974000664013
-26.553943799998,-65.958901799997,23.020462547765877,25.888673868017857,11299.25591636647
32.4609,139.76305,4.259602424632433,-60.42429681186192,15409.316444152715
26.2048534,127.6629254,-11.75628073553443,39.48804700239592,10402.771670105385
-4.9250045642153,-14.724589888937,-4.438395839912352,-13.271013704762339,169.93489690637406
-33.3948189,22.0479732,-20.41067704220312,-25.439692597137135,4879.976970529418
26.217785338646,127.6822480077,-17.526748422078324,-11.48643724505187,15710.795499451251
26.23121070564,127.7407747803,-21.268239563898476,-88.76363875929135,16271.236605019638
-0.6350023,-90.395503399972,-0.08025657613646603,-28.446182325223532,6888.549962101805
15.2720428,5.5915393,8.84556924890014,-16.078636883954736,2460.4660705256797
13.35536784,20.77188802,7.753419674790232,3.6352793357730215,1973.109425108332
27.097182377518,142.19487218418,-10.710609297516713,61.17717181792344,9676.636917156096
0.0,-180.0,-20.815843956169218,-110.82723360207112,7849.129837469411
15.1650438,13.887645399999,14.309620515230586,7.62603092566993,680.0104768960209
43.939560752599,-59.877240795773,32.483796392615574,-27.549795855260363,3072.69916243683
15.133491366667,104.30453826667,-7.384807193394256,27.919493036475387,8778.02108436785
24.3099384,72.9496985,2.8801767662707087,-96.93079722162267,16799.85851181551
26.7877441,87.3115424,3.1807535554446567,7.429833901367422,8844.162430720939
12.464254293591,21.636098697784,7.349216598410973,-43.651304806356045,7158.25175198878
-23.247643400002,43.627672,-16.36255328204625,41.70361932030047,791.5637266881336
-44.3075821768,171.0092717141,-34.15942309982314,89.18709393127801,6843.686006309707
16.8058828,7.9858749000022,2.8066602666700873,60.40784143397113,5929.652989798805
16.101851500153,168.1416141,8.412481042274818,113.97988198405548,5931.235149926587
9.6125857000011,138.1729952,10.460712744912474,62.80764590121878,8230.76015133062
-23.35059232,43.66910833,-7.8532770764741135,114.67121367213295,7727.927764074076
15.103440719115,24.098181206814,15.449241515031193,21.638303278341603,266.64633119892744
-5.19862,-80.62807,6.30888789739609,-10.389129611616788,7900.609949050202
-14.922830699997,13.479362200002,-10.172542870935967,0.27297576603671103,1527.049631208476
-33.5988677,22.1686912,0.16074257192416297,-10.166946595908039,5047.7083336121905
-26.114663,-65.9707792,-28.533350271980098,0.2995434502344189,6465.907316780354
-23.4606767,-68.1055,-33.22528265286625,103.55810249586825,13650.275916806788
-63.901260361111,-57.608837111111,-9.943331285906615,45.7662019987755,9658.03103724887
24.0115814,90.3164616,17.969559786376436,62.99345096180553,2909.763354954707
-26.8330255,-65.204404100001,5.595229478236668,40.42796258059071,11837.604511293925
25.5154775,45.971057,25.605821747728804,45.80265636691284,19.65399400395253
-33.6315607,21.9534872,4.160874203662611,38.27306833975073,4538.872134734672
-29.043033642321,167.97008976143,1.2864994089409576,31.67375419060637,14455.106782075603
26.5217259,78.6792476,32.97702796361687,15.119619125714621,6086.933106176552
-5.187891,-80.614252,-10.682825704588465,55.484756867836595,14844.823156413731
-33.617594,21.917252,-3.708733362821256,-27.426459173011672,6087.259904630703
-26.9405804,-65.710873699999,20.517096923950888,-3.5623976875632195,8520.663164107693
43.938252927735,-59.877236150531,43.937869650503075,-59.87696736577316,0.04774430599766586
9.0202034749355,38.800576318992,3.676633490308717,111.4766662006687,8042.69555743268
27.686482183544,86.732192506908,24.87138131252363,39.74369433618844,4667.412939424411
-27.142808,-109.412132,-29.724014647070558,15.15966443418319,11370.540056167734
26.72486132721,128.21272970462,0.4282263118462743,149.10975148168023,3680.0278812444235
-14.932977777778,13.564625,1.315642447769008,-11.901315024955696,3333.575924691541
-44.31128707719,170.89602139772,-9.155509441581854,-69.42166253677675,11542.938503586734
-2.950286,40.099983,-3.1046352337790557,29.405977992909335,1187.5783303940248
0.0,0.0,20.293498060752448,30.762885208334517,4036.1020123793533
26.665082763587,127.90714400498,0.13393717107007044,-26.045313898672276,15934.772435449513
4.9666152,-1.7298081,4.444645909289941,10.71421838954171,1380.2462353845053
0.21521999997222,109.1306564,-1.5051537278909595,110.88663173480325,273.33406347681273
-25.5531490501,31.618982506911,-9.421707296558395,29.339342491758156,1809.8156254635655
-15.077752128063,39.202379498518,-11.433649809641754,79.29995545446302,4353.009094501628
-33.4050873,21.984346,3.977601258331476,35.894355475503694,4406.687051684024
-33.362554,22.074663,-29.858998057475794,1.4585181679337687,1987.2701061480323
-35.75999687616,-32.636248815924,-35.77421049360061,-32.63783489552426,1.5869473559365448
43.4947936,-114.2827539,28.802299231918546,-55.63588358323486,5395.105732855645
-36.261938583551,-59.347392331896,6.311746052124376,-7.044717766183903,7210.615093553975
38.9531209,-31.4218609155,38.59852083271028,-42.97014224972711,1001.2012520434669
-12.418589540625,130.83233970937,7.648120893633211,29.718921844196107,11389.315687326065
-3.2501097,152.0226436,-2.6377792900808226,122.88129192752933,3236.700218162835
0.0,-180.0,17.016974077108795,2.8549942619418927,18097.216791596056
-32.913081967083,18.665427204586,11.310349551500801,8.20049357879134,5041.270123880433
-14.894738704911,13.467218829331,-3.7541304580605073,-40.81741308020088,6067.468732080197
-5.186706,-80.610899,5.372873537832213,12.861667654720335,10444.442601342786
12.010455457494,21.721455555556,-19.656209672038056,-61.318651999652346,9742.312240969317
22.659830012976,131.30584166938,-12.553414487990251,4.4918090865230775,14296.42408740295
33.106311695056,139.78573070604,-13.314176809350935,30.16409927207114,12625.943144703948
-33.6156898,21.9475577,-0.12663163774076058,-40.77686323248305,7504.463119520364
-9.4145455654349,147.4436789542,-12.902770333902163,81.70703524408289,7163.773633192096
0.630077,124.532888,8.662761431255863,-16.447707643363106,15570.485538404198
43.464010502252,-114.26083585258,1.0215033053450826,20.851744684987512,13357.266162992106
-26.248058276412,-35.916202322883,-23.810863508722555,3.9788565871956276,4013.067361537706
-44.299136574587,171.01505855167,4.96123197040389,63.59039576881457,11775.24751818679
16.240813383333,-52.95677517,9.773487511768156,-6.202305233662366,5105.600909777079
26.5592485,78.7227017,28.01183879183546,38.05296339040529,4003.713937448875
-5.187837,-80.612993,-12.807518234536387,18.263309474418,10836.853028017797
32.033455950609,118.77888534757,-17.801484035415818,-118.64833975997433,14081.080577951194
0.0,-103.1916011,3.539682688961832,107.23805101229627,16610.829092125783
23.9148118,90.2590329,0.4428162221556267,59.462100939105895,4221.873852053948
-3.4804231,152.2484458,18.671592109761683,-41.35458699494588,17769.647028373784
9.0254646085886,38.825794992673,-9.959689698246516,23.56899015207227,2703.3271859052165
-17.525469166667,-149.53842222222,-7.5779395673925265,-89.91474580229801,6540.656989678167
-33.4520228,22.2577678,-10.173948852091419,23.021492969361546,2589.579598584658
32.886039833306,-8.2188273333056,-10.650470425027745,-64.94486593172523,7712.875088932374
-6.2958736,176.3171006,-6.293025636454354,176.31601913071086,0.3384860742687399
-34.1513076,21.983832799972,-2.224675589386365,-32.45076145111769,6651.34984503121
-25.1056399,30.4510094,2.936474510241931,15.656167744984778,3502.8836258177807
14.556678764912,39.826600825263,11.974731819662454,63.70189478540422,2598.623007864671
43.501020277778,-114.28414722222,-16.973927416918045,70.2291068284109,17034.86780189902
0.820702,108.86538249997,-2.1959897863015865,4.912676222375349,11561.291913566267
15.048996557783,-23.580621945203,31.41341732504568,-16.911998707091165,1941.7495224970646
-37.3303197,-59.0812522,-0.8790251268399362,-82.48010275562042,4709.718780330197
-35.3435634,-62.4364423,-35.383133193197985,-62.49278979556432,6.742932657245613
40.273605377934,-11.796267212939,12.341313740284727,29.118489172196895,5054.939380414025
-26.8369232,-65.203051799989,-17.44232211166671,-32.41288509663985,3523.2391132636176
5.83214,10.157411,2.879692819595793,7.835678184326217,417.1674586186291
-34.1057643,21.9047805,-37.33898691556481,28.14357317866988,667.9281966135453
-7.1607602726399,-21.428590022425,-6.636794244767373,-19.85201401251738,183.53061048550865
-4.2509255,-56.007023,-1.608835972114081,-23.319480986529697,3641.3496238403936
9.0356497239516,38.749985507849,-21.923753567513547,1.4414921248481902,5329.30966773315
-12.401056,130.852295,2.8781780969562103,56.54726933926825,8377.391438328385
-5.2082,-80.621253,-3.4445715953178215,-65.0281739030364,1739.9174403689606
4.4377851794846,72.962156243905,10.959823475393025,43.19346879065081,3357.001355709474
11.9806828,38.9866243,-12.317216695834043,78.12136383491203,5094.015214201965
10.7679845,37.719270299999,-12.160945239633417,-66.51439561234602,11785.65221325265
40.163283853441,-75.052349316859,19.82941967451255,7.103006730503875,7953.107407364947
-20.3571857,15.6958222,-5.790357695863086,53.32195306065158,4369.845086278572
-20.949703,14.945485,-25.85010591542644,40.98928763583362,2708.2029813188315
0.098607121838035,109.90291073685,-19.573330308815027,25.959197829562456,9376.855611207422
-3.3992017,152.15612,16.955444645975664,71.48239799105278,9129.080899410585
-12.4297339,-41.7876579,9.324458884636316,35.75739200604456,8900.051452638103
40.152975281686,-75.028808651575,40.2959205976487,-82.32117513696774,619.1482090170424
40.144857956762,-74.954838823552,10.896773793504469,96.93637605877565,14278.265592761803
9.0114497155512,38.735411564075,-4.172802312552423,-24.082629206097543,7114.95168939306
-35.6795139,-62.3486374,-29.49778265383272,-28.792837466732095,3201.6748842803754
-12.440822,-41.544116,-2.6502203383052723,-75.47603322172027,3890.02417459729
9.5839296,138.155697,7.104148159726787,153.76727540053105,1739.2933492149173
-3.2330375,151.9811128,5.117128721407633,145.1425706953118,1199.645422046608
9.0188384129168,38.752290998155,6.601844745280049,106.73934427369115,7484.496132292356
-4.6961261,145.6126706,-14.596923701226503,80.46792388358975,7203.682075606483
14.678884106827,-17.436893599573,-12.83849980539909,-19.95079378561553,3072.2867855351037
9.7457689774881,36.648029298874,-9.42125922243499,33.23109507889882,2164.5663280700305
-23.048873100001,43.577178200002,9.30387874981427,-23.250262369883796,8106.186427950036
-12.4720258,-41.3886134,21.428661526155246,59.31292884984838,11602.095233682716
23.928195708167,90.265177041031,-11.581832641580503,71.16423853407984,4460.968196887786
-19.321059643357,146.7455843951,-20.266331073048356,56.12567121481599,9337.178096288973
40.162819163816,-75.0646184543,36.80705239212347,-24.83180333392567,4329.891799216962
15.125810955535,104.30465057229,3.5695821839150685,49.81734360454022,6097.498474267184
23.916926520748,90.260130033386,-5.42605104323294,29.912027662354735,7302.906318335319
-54.421707176581,3.390627498388,-25.613108381824155,-0.4775959113009039,3219.13649713505
-25.189546880807,46.010310453196,9.072961016043317,88.76841255597097,5995.142021002751
-3814396932019565.0,-25.6861805823,10.526479076598541,42.603609738973574,9917.159489863923
13.369047029545,38.338198564264,13.370098440306894,55.272490127087806,1831.6161006342527
15.010901067964,-3.0012723718563,-9.077819057250462,72.87907445251035,8777.91623442155
15.129662176612,104.30412565155,-3.4395671644243886,62.35810703740178,5058.1886639328
16.96726,-25.279087,20.33711961657136,20.39038505503152,4811.357195264145
23.9384707,90.2697873,15.284323906753832,64.22230782625428,2887.1210124214344
9.0263412349895,38.762103260922,6.846387882500236,-1.4497960723278012,4433.058910416293
23.6566781,-15.9978093,10.64301409815141,-41.927952718347264,3103.362150643943
24.3147317,72.950409,0.8862188840087627,115.090889305409,5226.003722449544
-12.527744099972,-41.363638199972,10.804926453622768,77.2077536984395,13337.89972032748
-33.420406,21.9519502,-2.0992705488093213,-17.36166569109979,5368.383103183789
9.5289458710657,37.111505502061,-2.3890327597287957,15.993552018884133,2688.6001145691157
-25.22417668235,45.926293415258,-12.470586802176154,24.07180097802391,2695.1528338827247
14.6913969,-17.4739637,7.642646612010444,-20.150400199446963,836.3288845983144
15.12427492,29.04594724,-12.095043733538152,14.398538856991177,3429.4698130664246
-12.4403992,-41.5245033,15.225613515215564,8.73735570574449,6329.418063739428
-9.2847270655058,147.22828161416,-3.4576984343071566,64.36890039878054,9162.928584448662
15.121612426667,104.30439236667,5.00903575136457,23.026712319939403,8928.152733690691
7.4228586510204,51.74655839102,7.101784287760575,50.61101055235353,130.2428075836131
-35.4027379,-62.4337697,-13.241649709910012,-96.56315908344226,4210.212570734639
24.7227894,90.4309569,2.315456500071867,15.41105542371784,8387.867333755328
-19.329494957248,146.72534051035,-24.23294987877739,118.89987193670026,2919.2564220509066
-25.3568671,30.160458,-13.450348002796447,22.306736155074713,1558.1476672122965
0.0,0.0,2.0670479842157055,5.82294847055727,686.9353537157205
-12.4976451,-40.4075791,-11.852229912481443,80.40088242359536,12945.168438985631
24.3092232,72.9496087,15.848187757472784,6.260571119792354,6966.917341365559
25.537983421224,89.024873509115,-10.997717249560786,33.30418508543668,7269.740981865934
-3.007615,151.5705578,2.784795762086773,132.36004817250625,2230.2257785474567
-12.40057918371,130.88481760903,-4.635168796164197,0.767054689100954,14186.629398609188
-12.469319099972,-41.020206899972,1.7424013870048414,61.66144098499042,11426.088191028557
-19.343631166167,146.7284153535,-11.984935747764176,129.42375530858234,2023.453502919891
-4.9198847463395,-14.710688331894,-4.691170613531924,-14.026822245937748,79.92897876841896
25.1461625,88.5603124,-7.755410690991973,44.67281832058123,5994.245849697142
-8.7682433,-40.1940417,7.47720762017346,-9.473078054081995,3853.84075063514
-18.97895625,72.5260620835,-2.3818879800210766,8.38393438670723,7206.759624367752
-25.433256402611,31.953621357678,18.632554210583997,-20.245221916177787,7473.794218160128
24.3147639,72.8625132,-3.426311289201164,91.40308639242772,3679.0527568726948
39.4365902245,-31.25793227925,-20.67527268849568,-18.66102246857711,6811.228969808688
9.0397646995806,38.863914799581,-10.44828491207515,-0.47166822203120434,4861.851624148318
-23.987674150588,-65.454576195866,0.24044471023348193,-42.77021796182538,3639.21995147848
26.6888028,78.3952694,3.010998533723593,13.873186016427386,7334.271950734446
-25.231499525936,45.801193812545,-14.110856953932592,18.413284186377734,3114.25118845069
-22.834416199998,43.5875604,-7.8131836563411365,37.088466158725545,1808.9142563420926
-23.1956336,43.619770200002,-7.1822119549095085,-36.52347779022955,8689.838900676541
27.0383605,142.1752881,18.742454250312015,87.72713959250471,5611.92166783306
-13.6942942,-172.1995207,6.669232362582741,6.017616226542491,19209.9669628938
8.5156631000027,39.278204899998,-9.705129266876977,-0.738671165948894,4871.7284989168165
25.7236212,88.3991862,12.859944413259203,29.10559406767321,6334.636087416871
-34.657294018605,172.96785402184,-2.386983904742111,75.89818595486115,10501.577085702267
26.5569849,78.7192147,17.339161143900196,20.817034389694022,6011.122206238149
43.936943033382,-59.876151317985,43.93748850829952,-59.87666555857054,0.07331015256482325
9.895760203131,36.728997371102,8.176909473253533,49.37931311939681,1402.1542185469305
-34.9201948,173.2677354,-5.13570989672507,-18.209011514760235,15401.771727107678
7.0691544,171.2902118,-1.4041099493332267,130.92402888509926,4576.670891965444
11.552260600002,39.2193124,16.406218194660003,-39.19494625154848,8428.51158685248
-13.12380361557,136.82375144958,5.128344088586097,55.31702655441022,9222.15072700876
-12.4714367,-41.0651287,9.044998840465166,14.317739816386586,6569.419019786115
-0.50297730000112,166.9390952,-1.1526751182350352,-69.39511716334651,13748.63451117906
27.501890886255,88.538009884795,-7.492403294639804,139.41313360568006,6710.519006509446
9.297722,36.5124797,1.99051046498721,10.983388461729236,2937.3495846630744
-17.704231160903,168.30358772789,-8.174444427465842,86.00181858950094,8922.068021454548
-23.76782071876,150.1676968732,2.0722652327926814,3.8026010597770217,15667.347025749947
-45.870706604467,170.52288551371,31.88574199304485,77.62124596972097,12692.530589590684
27.059658,142.2026886,7.899082834281903,52.221006099391225,9607.1761186723
-64.626667,-62.543333,-28.031059698941345,14.358535607838895,6595.403676113282
-17.755691971307,168.31462459713,3.5696815474865113,11.853902493269715,17004.453699048543
-25.4399918,30.0947959,6.300176705918807,2.1290070908984093,4646.477143434749
-12.5944039,-41.4982189,14.354061088239185,79.2250254847269,13619.799001226967
-12.4996056,-41.2007097,9.15990053908686,26.657451280279158,7872.909506210115
7.828032,52.186474,6.002482444667533,32.09922909387983,2226.359561331412
-12.4500487,-41.4873781,-23.426884009863606,-66.60914551270834,2917.749561262446
-34.613636118725,172.95696291036,-4.90813381186925,27.24614805797054,14340.483160711445
13.023009340339,38.106231399998,8.570233797848523,41.70079019721034,631.83345669783
-37.473883415735,139.9949964229,-6.790045216708176,36.791722952713734,10697.385543282726
9.9154181235087,36.778814127486,24.25708972650107,89.29731071660855,5769.386913234548
26.5137255,78.6953717,24.69720080912384,64.10514946025968,1476.0687666428316
-13.510151711708,-172.29962471244,0.4358523279508573,31.99128156405173,16970.880419811605
-11.9979834,-42.6277805,3.0512413958311337,93.55620662376582,15090.75589311062
-11.955321799998,-42.573848600003,2.374842726011911,-7.203372092866802,4220.649038071367
-2.6321323,-56.7471485,-20.297307609421278,-30.199097521225845,3485.318981332404
4.4395753226943,72.962859302176,-6.879371378620509,132.20277043813982,6693.986413264305
13.0403192,38.0355442,-15.256820767790824,61.70674047466503,4084.6001149879703
25.1003653,89.0334918,-10.572517915628229,-19.034819164765466,12312.358030739902
-12.493162167748,-41.166626250507,23.88740226569985,50.33681221361618,10716.309906875478
-4.3734396,-56.253321,-3.5957583208852126,25.99721297961735,9119.310221525971
-9.4181027208333,147.42759038917,9.72021998091204,-18.465075730952265,18467.99555927573
3.3253976580251,24.02922072487,2.8101349796413593,23.92848566153461,58.376176723176066
12.712178207001,21.865241406487,0.5592946473759131,9.08008241704721,1952.510836326135
4.88059181353,-1.7618758001017,17.2132489371182,55.60242026172147,6385.012658660702
-12.457405899972,-41.637750699972,10.066328820711128,34.29399664623526,8750.712388826862
15.102111878006,120.70215840208,-7.007301981673614,40.75226993888865,9142.000530546706
13.126206900226,38.016253899999,-10.161809571462431,85.38128137665596,5834.094995481032
-8.82246,-40.2885617,5.344255940012319,89.77303167653639,14494.76997321886
-8.87161,-40.2198317,15.359505748911292,11.332355205327849,6285.316032732273
-3.9335689557143,144.01568659714,-3.425617406484399,105.32343449338605,4293.518117709607
24.9899718,56.3028474,3.0288780735448007,73.80128467140027,3077.901658931885
38.087203203453,-39.869000237465,38.087095554068654,-39.91651679099673,4.1585979204847705
0.0,-180.0,12.312797934878088,10.658427530135127,18210.269892020777
9.5742469969022,36.633375251597,9.937865459149121,-20.841165913073638,6290.170969108497
-0.29990178278343,73.423316460438,16.65430437773776,26.70215968629957,5455.10288710808
9.1465737612613,38.149238913617,-0.9391494404569107,11.522420163919637,3155.1835186416665
9.0167043571939,38.716580792538,-7.627098943234722,4.548336078641352,4213.738469748379
-37.167230821355,139.77539525694,-17.59840956760064,45.23679603577484,9224.792767870284
-11.737972366135,24.919363662948,-7.4739797066956415,28.565727588847036,620.1124912482157
-12.5640975,-41.5403628,-3.3236245083758242,30.976524715028866,8030.591991258485
40.26489342837,-11.801411461167,24.391862410431493,35.259609090481646,4696.909241745201
-13.615882432874,24.976012701673,6.368223059450592,85.8219020033548,7073.411965645208
10.281594,50.2249472,7.259381113171417,10.126631959239177,4416.648721054017
15.103084782655,21.605265909558,15.408222071441143,18.361743113065604,349.6006596019731
-13.1478652,-41.5981353,-5.388004943104836,73.0657612388447,12513.001011366645
9.8780059811387,36.672969743786,-12.205586110887147,92.12671220683593,6599.607103739415
5.2556317811881,-1.0217915475378,-1.6759395918230608,-23.570728637999537,2620.4650681150747
0.41291249997222,108.94688039997,9.611300131243075,141.87491261939786,3783.858711600653
24.0377119,90.2561157,21.78394098276512,50.63911382478316,4052.285374176669
-64.242777777778,-56.6225,27.17808063026287,28.590482993493605,12484.840652616913
12.644101520998,21.826587757098,-20.830647153754413,-52.58153461446502,8936.757151308946
-25.213818006261,45.83721908328,-15.018144314625586,58.31383559581726,1724.8902214887935
0.0,-103.33210709999,-4.734841154679567,40.641454275165884,15979.32928618431
-12.5010754,-40.4266943,3.39168206150808,-8.711048695983054,3924.059761955148
12.7802965,36.4046018,-11.089851987350306,-42.03084049441446,9052.753293005368
-77.8462184,166.670845,-10.218143949079616,34.27768490668079,9792.64046488674
24.0384364,90.2553476,-10.012064412090352,28.114532795438876,7733.176863362564
-58.4019444,50.6038889,-45.69777778,-99.68172222000003,8121.499699169908
4.9076107,-1.7590286,14.374652826393385,13.098592392768866,1937.5274697047562
0.0,0.0,-20.454454019224134,36.323088337677,4557.22848675854
-12.553156,-41.5137312,-9.026894226548015,46.42654641906791,9569.200514637943
-23.680768029129,150.1251304717,-19.626533435810103,130.26042584543114,2099.8923917012003
14.913321899972,100.40413619997,13.340927113940433,92.3148482743227,889.5601477337456
-12.4524466,-40.5990215,-6.2531744175985375,-34.72349706160204,943.551496430533
12.0323738,39.0417502,-4.815604081068062,81.58324004996062,5062.518922173071
14.9199442,101.9497577,1.965572156086835,37.23990386239256,7236.316228851384
25.1510889,88.5676002,-12.592011443357938,29.279496794388468,7671.371990491431
-35.3947787,-62.4925917,-35.37146422151517,-62.48351054759653,2.720033119013112
8.4994899000563,39.285491,0.016068362104015,3.5951287011911446,4064.5428742662007
7.4122661501412,57.625380835254,0.5527109401748352,13.419368201110556,4958.998018669916
-13.000211700001,-41.363497099999,10.597977054521097,-13.666465234114558,4028.7708398532914
-17.581094444444,-149.30983333333,-15.84594511957403,44.58542380546777,15998.371210172745
15.1200491025,23.461431885,15.118434337572765,14.795282781659761,930.2153477989436
25.1378867,88.5570483,7.092364587070298,39.17081306187513,5605.715240413477
-4.5904021999976,145.5382634,-6.201764070397649,62.185632816064214,9219.624961152553
14.893553713333,103.44963977333,11.816756991102507,25.932690727885973,8350.979417940716
38.095485057033,-14.660278899665,36.710063696370625,-18.156003692274563,345.0437447089673
-37.21693138356,150.01821896733,-28.34012363297192,-101.73787010758285,9575.957028771756
26.5462637,78.6995246,16.06137923544001,48.157640304040605,3361.1526604412315
14.904661545467,101.91360439743,-7.088359825617741,18.150100086887484,9545.652598726781
14.928169699998,100.0846993,13.253004209933062,41.207075450972745,6334.007101634416
43.5123755,-119.1681453,8.206507415956043,30.38755589323089,13495.646870459608
-3.41419,152.1628847,-11.296101152364612,54.86284538103604,10727.194704503112
9.0420329566061,38.877447354121,-5.653658832709537,37.6197288238392,1640.0220114925266
14.908884079999,101.92362654321,-1.6531325672337511,-7.114591255971506,12099.643697916557
37.520006643333,-44.834375556667,15.02906113908937,-15.104992190669279,3847.577655224859
-11.305238291449,24.811396574145,-8.789864763271162,-27.681066049529672,5747.0151216513905
-35.003638888889,117.86605555556,0.43661933308741974,48.28125351411394,8190.564022616157
9.7411141015417,36.6493112,13.142471050905916,-28.372970529908805,7078.307425756123
14.889998156125,103.0661647688,12.456014891211765,23.433237958361143,8560.105254777945
-33.301564157,-70.6612337753,-26.920337890341987,93.63598226931575,13116.368871707278
14.883718638776,103.48228246003,2.087537212267515,-3.523590024512767,11769.9384244664
-44.7659627,169.0953799,-11.067611838566656,52.28106168301393,11155.000255923118
0.0,-103.33642130001,10.592076610332507,-64.39637173933644,4462.5805175171845
-12.4299542,-41.7892937,-17.22472883171362,-34.43201680258261,953.5198284837189
32.540729,117.625942,-3.9450895027569532,-126.67595062320959,12641.104607809655
-9.454031636471525,-8.416955978992476,-8.919586661976997,-26.63580281784468,2000.5160971581927
-32.89681294408,-34.053919894322,-34.9966009251579,-33.281836179442124,244.10322673086
26.5166857,78.6802159,30.09163951656527,-11.83030952225795,8614.282760231301
5.2052323612778,-52.742179054778,0.014848019752486223,-83.8888458593152,3506.2964909704356
-44.6904763,169.1334412,-45.9109410465469,74.89299747442453,6900.659645465569
15.017035586667,27.716354160001,15.395615658787618,69.82450661534257,4511.10118403455
23.9347589,90.2680271,-4.909435412270228,7.57821895968972,9489.949874124855
4.9138479,-1.7591854,2.2064484876261434,44.03689291208533,5090.333406856059
10.547407407407,37.025913700001,-2.5579975237638486,60.12031287475785,2942.19845878889
26.5078918263,-78.7092493661,9.807851473292395,26.246760435886817,10976.756017529562
38.07757242655,-47.958725446917,38.07765528832479,-47.93561666458529,2.022732295261065
-17.755789167359,168.3145826354,14.982127627588083,-21.5625162485493,18917.337982911267
38.940045833333,-56.036519093334,38.430959792347146,-35.84390949666492,1749.9982922367612
-20.890575,13.447186666667,-4.0073631807304535,60.86374601377295,5452.799691948869
26.811651,87.320239,-9.01247884085685,10.754172686958961,9150.419641947654
-25.214999110336,45.85886961709,2.2809450435336265,51.18318664657627,3110.8033678669362
14.6390422,62.087312132265,12.512871061276533,51.74442668204771,1142.5121527645495
24.0318229,90.2635312,22.189120737788922,57.58972381071196,3340.496739793826
14.181661,39.748366712189,10.382011200840754,37.090057787512684,511.75405153643214
7.6942756333333,59.182804744762,11.228271800326933,62.79603179687132,558.0533174574057
10.497041899998,37.024062899999,4.893965705171533,39.34879110343963,673.6012122202227
14.6390422,37.433410393074,13.173741392291122,54.30156142687967,1827.5128415569197
25.334195034921,47.865215699193,17.962188042214894,24.785136349495726,2517.882992902741
25.1095942,88.551044,-5.6657770691319405,106.65723821105298,3942.533575906289
-43.873995,172.866825,15.425678702201415,24.965026878821252,15636.924322908582
-25.188655042114,46.013287356149,-21.590700694290298,7.426497917117123,3945.207912224815
-19.329056300866,146.84339646537,-22.815728546289844,84.66409504468332,6416.418307766463
26.5354268,78.7311885,30.190883805862825,10.005036754321207,6633.098648631828
25.319129242657,87.042179661538,17.597725945300574,30.45026042069525,5878.186911960555
12.622210300001,37.464413300002,11.779357877961194,23.92212536978441,1474.633714438208
-45.839218083584,170.65352622492,-11.00282182546545,47.14432485318689,11555.757120507238
-17.691844568313,168.27314511534,-19.53907567633274,-31.537719654497497,15344.150480534292
15.167177827869,120.5681025592,23.57106443878742,14.0026563028054,10951.31667569766
-36.857316257556,139.84489751467,-35.61912121367947,143.31145813185185,339.99426233206856
-13.4409827,-172.3554241,10.622713079352975,91.65863533724455,10918.761054872495
6.0425572,145.216152,-2.5554023259219605,64.66860333969883,8993.716175969561
9.0546467629532,38.773161398756,15.902323140576106,-9.38256995967177,5272.126872738746
-23.907530989874,150.19717351062,-9.420465818267378,93.71954757122293,6186.795716690935
25.0829569,48.0163631,25.115099963458402,47.74962655591298,27.095915118830963
4.82399,10.822102,5.273725006192237,4.1955993108547265,735.6711348043368
25.3013179,89.2261769,-7.560104763945059,66.79496344307299,4386.670461932982
13.35371134,62.351855459999,0.22409485609010657,36.17870486841799,3231.517003308682
14.6390422,37.500678883495,12.754023618999124,52.66448594331071,1651.1912180132033
25.729639496575,89.263419082534,-2.0232143606155018,3.794612434290149,9651.868961435173
-5.1789493417579,-15.465455821929,-5.361829242068455,-16.011574509780477,63.79662462435535
-34.742379099998,173.0903814,6.798395443965908,35.95813815512515,14646.573465483994
25.6395592,94.0196359,2.101166035505349,56.429361578042254,4796.307657876137
13.255185185185,38.217860100002,7.9015707218635285,-91.6368013789565,13999.080136376411
-33.502998012149,-70.656333882427,7.817644432701782,101.69234993907267,17052.730834820508
5.3655584448672,162.99335264043,3.4362650963223635,167.8023264427086,574.6738229264361
-33.455346904,-70.65658581,10.811021770899261,86.85868347512114,16610.931184356283
14.9483504,102.12600399997,-10.808427754634186,-1.6488283093952691,11778.064142970674
0.84227106873913,73.408631432312,-0.08307714175770128,64.65562598623204,978.6817417316204
25.957820700001,89.273217700001,14.852929166625366,18.42053607124086,7404.8267991893645
-12.003315749543,-42.622543044467,26.659103287517034,42.39754584825491,10118.592034837555
-16.013115529796,39.682096871122,16.43440603178981,-20.625159859191715,7533.577830962338
-11.9826258,-42.61977,-3.0934171682350464,-18.2252354694923,2862.0027411903857
15.1498291,13.078264949118,15.1498291,18.12795687780379,541.9735959055881
-3.5241666666667,152.20972222222,1.9793367601763403,73.98368369946144,8715.452856920718
-33.4506621632,-70.6562939304,-3.3881741600104527,20.724638671891917,9927.873934266623
-11.8954357,-42.6926847,-10.852375294074898,-9.808807096055563,3584.5555628927777
-24.105463492447,150.13445374824,-1.5811562213519919,84.21346031411446,7499.719308685408
6.8298967,80.9928185,-12.439669518368225,95.08356877075039,2648.9179060882825
-15.002058342304,38.95952642433,-1.7003978699519542,-44.61123189152371,9268.167909645756
-2.22038,-80.918027,17.972874309051697,20.948702568974408,11338.611699397461
4.2142852349142,73.537180922739,0.2143979909086735,31.134078377965402,4731.300653152755
27.499819481896,88.537163168213,3.203871683844699,40.83672183112559,5732.039021304732
0.0260312,109.25823909997,-17.321577142796674,23.562371158701307,9551.552992130191
12.46359493118,21.631877738983,2.7045485274056875,-3.984864919794546,3021.119977584671
4.9662261,-1.7315795,-6.042158422011105,-100.92240045816297,11078.781422630513
6.8233713,80.986229,14.638129834323804,0.30459551684324226,8818.323145016588
-24.104780322355,150.35832641617,-7.285174794449067,87.71809424323212,6905.391363632296
40.157753752984,-75.038184559573,-8.61270802311174,-58.75211470720927,5675.570391760738
-35.02291075,117.91245175,-9.279196107790264,41.476630090772815,8185.605664016295
-0.51659897763441,166.95827440495,-11.530660296266017,89.6688223494009,8611.477865425177
-35.390206276579,139.81272706604,-760301912243636.8,36.793156769956326,5912.912720282043
-5.355609,104.962517,11.651240192754951,55.8686756160954,5749.581360351803
1.3300902,172.9947103,-18.42889267296033,-11.192116596329676,18059.685983405157
-15.1088743956,39.2265066432,-13.427768222460974,86.98027427206456,5139.678403194201
4.9063124,-1.7574514,1.8922776916752069,94.24073447690166,10653.60668273324
-4.6210552,145.5604292,-0.7169075020300218,-26.25134080973558,18928.93150189905
-35.7763023,-62.0128584,-35.507054994446925,-62.317495244861426,40.67141471632775
-1.4992222522398,40.032759216639,-25.479247604132095,115.45984934826737,8474.46927839207
38.08362626434,-46.2704099347,38.081889427561684,-46.75478506610336,42.39475630220651
-3.0005672,151.5648619,-4.453548305243121,120.4718987132889,3453.570318713883
-12.4012621,-42.3913664,-13.938422830806662,97.49755028378559,14712.944455892957
-34.753655299997,173.0477317,-23.832244387299006,-3.4939230214311294,13490.419742422866
-56.936164012476,-28.014464377404,-56.93614848183009,-28.014314679475696,0.00924415969800638
-5.243961,-80.630596,14.488792197837357,28.5352324387559,12213.675751607056
25.952641899999,89.250807300002,5.685706280263756,96.5574514730535,2383.624649548754
-12.4416724,-40.8516048,-5.833907048834507,35.613981406422816,8402.660376027967
25.384940743565,88.993619907849,8.974216199343184,6.712419766016639,8810.85937786635
-45.893808360903,170.5189910636,12.700484614170927,-3.0182959543186363,16274.245986960144
-17.707130555556,-149.58407222222,-15.596182320924772,-1.1922951957856578,14944.55834721106
7.2897656333334,55.4684288,13.37009565427259,55.2276175471149,676.614327652271
-25.200724998872,45.953148343067,-7.640715724291995,22.38539822559589,3171.9726505698854
40.16307809825,-75.06080544815,36.47632081122424,-9.959217747389939,5565.1400944449115
15.12026579295,24.964466560315,9.452835887932665,28.31109751918308,727.4767742584199
40.1451746,-75.008066,23.103230727218545,27.192384837295137,9341.233550261713
4.9114366,-1.7564878,7.07837597349736,23.794198616660545,2835.390779670117
40.144700586523,-75.006717145319,17.64326033397265,14.814105625406851,8739.735041150605
25.233299632464,86.973491651963,4.3225517093085895,8.00189121132605,8694.2399713245
14.878135047353,-24.732251331471,6.442532042309715,19.440639243837488,4908.262769364789
-24.109025977121,150.15452654459,-7.470085749911123,-34.18900661153377,16472.1529448947
13.3435343,61.61063850086,9.427189179094581,50.559549148349504,1280.6238049093952
5.504877,9.998125,5.577692180642667,10.285632525490051,32.83393461375096
40.155536327365,-75.140917857966,-6.549627052717187,163.16968245441603,13142.376318437435
-35.113159,150.0895307,-17.52002087806203,76.3081086793513,7447.981555161979
40.144952931122,-75.007080848017,10.867914276596732,49.632704578770884,11983.182782029153
23.9394854,90.2703764,21.920544140604285,71.15571991637813,1968.7968661994785
6.7872156999722,81.2792247,27.277487155247176,-7.340903365448003,9526.61043334085
-35.3921486,-62.4128741,-18.075803515235467,-21.95687062536409,4414.6031434223905
-35.216507499832,150.02611707059,-12.884602082194842,96.4929252046699,5892.327174444745
-35.3937965,-62.4988093,-35.36805105160729,-62.47868442277614,3.3947394530643225
40.151936429769,-75.0258148677,20.05960391279791,-7.4801958845339245,6705.503292332165
-5.3781872999722,-80.624970899972,11.98092167968547,45.19029994709254,14023.000284571006
18.301106450001,42.72378509999,5.639882727403399,40.8760070900194,1422.0734511476676
19.873057549296,41.347216591549,21.104769071696314,41.54230404261047,138.45923423164257
40.15898344353,-75.040706194674,41.40988015753592,-79.61167700042789,409.1476032724194
5.13299749,9.9723354600001,11.321747666389129,-40.96109300573427,5640.348197974605
-26.272275899998,-61.7403938,21.720178135553013,50.04962077884308,13146.755211957245
40.147388700566,-75.01383298129,20.813865062753756,-13.70723957268457,6126.7866915241675
40.163231237144,-75.099220238895,38.60721481422114,-97.05636948991774,1890.1200999604275
-24.3368839,-128.3147495,-1.209487849861924,38.34078685678181,16830.36820438009
-5.352196,104.962331,-3.621788812965075,-33.81564285907338,15329.205915186749
-24.583468521453,-39.520749153334,-27.601201761929282,-36.19118790733207,472.3385881735277
-1.0169444444444,-1.0169444444444,-14.23259358381383,36.4029946240506,4367.66962777475
40.145188570902,-75.007503921519,20.164993712120136,-4.582039960767696,6943.145127496946
-4.7671167156556,120.37324508552,5.998941259091127,-53.9099947722691,19367.57712138861
-37.3141422,-59.0919702,3.6037129682147784,13.113244000702284,8695.577715694459
40.155421351638,-75.033962309348,-4.499938851163848,49.092142695608985,13183.108837092013
24.0124461,90.311467,13.394366256390008,42.90681039039059,5105.79767936963
40.1624737,-75.0853766,2.6574219550701947,79.15404164826283,14579.77502485943
14.891352449107,-24.354230247679,-14.747566458999447,83.74232108005226,12324.553962227434
-21.140172,-175.181182,-8.815060493810071,85.92386695738193,10564.093258990431
40.159586104577,-75.128209309928,17.491637067178186,-76.70074764750663,2525.0952584554516
40.153156116667,-74.946459716667,-8.745104339234176,-42.22754319943122,6391.933041338692
-13.136932034935,25.005698068669,18.18322631493444,-18.700242626116147,5924.513830353222
-33.745918168335,121.71449476743,-4.691391453801133,13.44377333751124,11384.018120828221
16.768646666667,-3.004655,-2.957152461805472,93.99154818681261,10846.817114149275
7.0640317,171.1974885,-2.353924740827653,62.6302260559911,12088.045972620697
26.508347999769,-78.648306693202,8.977337125256918,14.222661859146044,9845.864640493119
13.489791311858,144.86086581824,2.2566769950919294,45.5874512880608,10950.019314112253
23.997371010278,90.253806458611,-18.231533447249728,105.53691970091623,4979.645443351356
27.945975,179.8463067,29.995634108752775,104.92654496133076,7152.101440534737
15.110073907836,-23.661895065412,-3.7988009627144272,78.44750572820422,11416.489903627116
-45.4307222,167.7624616,-13.857346759696162,19.270141828683165,12700.892553302443
13.370520234091,62.066009067338,13.370520233652543,62.066002005445284,0.0007639625246114866
-24.144863634667,150.28716288333,-7.479309497877437,8.270539359355816,14598.777416790026
-4.4072569998411,-13.177907098628,-4.098239654974984,-12.253930606524722,108.0667830771106
-5.863799,120.514493,1.4631034621152939,89.82744586741681,3503.368054344864
-25.225440432679,45.810371725814,-2.132329722202679,44.648971864604654,2570.8516805672875
-24.137412090743,150.31187749534,-38.222248904954505,54.975922508604334,8813.409072749706
-5.3732712642452,-16.045742847181,-4.635081924865791,-13.841350824200266,257.60822198849723
16.202270756102,-0.21269915541339,-14.33504770274393,43.69767450962938,5898.340436465521
22.464700159638,114.15848099637,0.37084471110525563,56.70935065173115,6674.040161868723
14.87669518318,-24.718913531534,0.41328740622124854,19.536653112927333,5120.261502153504
26.512622683817,93.750617793278,-11.54508489845161,-111.42158762609527,16899.792045530387
40.163236805951,-75.097993310371,-3.577135938048947,13.48009321328469,10143.347783609119
-36.702987610192,-59.75308944995,-4.204057799695815,-30.6288446989371,4678.16093193126
26.5178962,78.6786895,26.53389046080923,78.69244602070212,2.244136441286153
22.669235100001,113.8847268,8.189676861039844,-33.052038556353835,15042.284764211641
43.322493045919,-114.28116854839,9.997847275794719,14.38879041076381,12140.351106635173
40.162667540989,-75.111400679566,26.31492685773629,-17.168405391406775,5503.733567914956
25.0913228,47.9080201,25.207420574462137,48.38980370179877,50.18230819120723
27.945975,179.8463067,11.524827363585818,62.905608697410365,11938.963331182682
23.585014501048,119.563446373,9.418113336684067,-11.55018094212339,13559.11062711364
-29.035323887644,167.96355786105,-3.0331303269663756,18.187799905760922,15209.221111718918
-19.537448681003,-32.904817063275,-4.108431326986337,79.33636555368113,12162.534680087263
40.157147427366,-75.037077708527,32.352754008136046,-70.74139039709353,949.1217781000253
15.5852064,-50.712258862222,15.359669188747521,-41.26362683704898,1012.7914720746886
5.057706,9.963726,5.569459369540559,10.305837333907117,68.3579479185199
22.679726300002,113.9745957,11.143493259293761,23.534846772588168,9576.715622112932
14.6979295,-17.4434047,-20.70618821173938,-18.531640945323783,3938.5525807732397
22.9409488,114.0623867,9.134600570357893,42.0087256082664,7783.5333235551525
23.025643358,113.98209246507,-18.54906307606489,4.4030430084397105,12746.69493137831
26.5346711,78.7555749,-4.055071883591238,67.02265241940644,3628.09247513069
-3.6491818342425,-10.92018423547,-4.233301171730584,-12.668162568864108,204.49472950367502
40.151824448224,-75.025835803874,27.70115180366588,-19.356032973421446,5231.370918809763
-44.717134,169.2166631,-14.006068700279355,56.984099560085355,10585.419553740348
1.1579398999988,25.255915799998,-2.0484534058751485,34.419202210063204,1079.334321785431
-25.234076375675,45.797499784896,-10.631006348394719,51.45309241246546,1729.7671892848648
24.023562,90.2826813,9.464659486888687,91.88382419115273,1627.7675912920968
-33.4054735,21.9957402,1.1959664889126131,17.207022939368454,3880.0698447113
43.023760669069,-114.39542761644,22.29808573917312,-51.84447543729841,6138.243915862797
22.452743877678,114.1402998102,2.843174219473103,49.99607116100145,7235.55594649443
-2.2269901999722,-80.9176772,5.41446646543185,-0.42980304055089263,8979.083993379849
26.5337964,78.7303044,24.003171810360833,-59.964727418502115,12855.23035656923
5.788075,10.161461,7.720353837991995,-6.179127890381384,1816.9543860034355
22.6232784,114.0192875,-1.3975097099380664,27.19099139152533,9741.959540395088
2.964565,9.91216,2.2677101384070837,16.84988298807814,774.5156484204417
37.749726907291,-25.638826475585,-28.815613096072326,67.37706368932571,12160.474243970952
37.770336374641,-25.30468368629,-2.6701951155303703,-8.16209857467662,4831.1823418850145
-15.049425307459,13.238109969026,-15.051960447419894,3.964082794222071,995.776664784956
6.0372874160396,116.1223747701,14.143564145657553,45.92928924664183,7712.7378326333255
26.5329889,78.6713248,26.5385774465267,78.69428760863936,2.3673807633922355
40.163225455666,-75.05797773613,31.484513652358462,-41.96677216467099,3114.846496880629
-22.721768856049,-22.721768856049,14.94282655549309,0.7414978406787309,4905.649526636537
40.163089578777,-75.060055918042,25.975730491309914,8.690563259179221,7679.913453106184
40.162660373911,-75.089513948093,36.11006780612975,-64.95857504854791,993.1929640748018
-20.3266409875,15.451282784167,9.392945987299285,-43.26073832028382,7219.5218563063345
14.687577799972,-17.451893099972,-1.6584190785489588,31.006325087980194,5633.3983706859935
22.578828699999,114.059592,-15.132727463519796,75.48345410583434,5934.882887884341
-16.3420466,-39.0222113,-10.223486697819142,30.116170500553636,7481.117083093445
-3.2186719,151.9440783,0.8827100743953602,152.3015338976136,457.7802205996936
-23.3920861,-57.4379806,-4.272591683532271,31.78807322058474,9740.255030706418
22.489007972202,114.06003990221,5.62298226816117,-11.488623176713226,13322.204635540713
15.093379710145,-23.6484436,-17.79870000503898,25.512696738953174,6511.915872638093
-9.6799995352533,-28.943656926503,-8.347689244942522,-24.95998607796966,461.88393424840103
-22.735077777778,-55.242127777778,-11.74607684072059,11.229561884858258,7110.949975605177
15.1118327,17.478035516667,11.483104063004891,13.932118354848022,556.7654664198551
40.143671,-74.973589,0.536388617065573,112.11527555371329,15434.85441661862
-19.738968216772,-43.019116948504,-3.4957308191658303,-18.52309588321155,3212.8090314961155
-23.848060894825,150.26152369792,-15.485424149878693,32.92561138179313,11927.409174941231
37.421521313333,-16.29665148,30.196614859408182,-26.62962138251129,1246.280986784518
22.43756379,114.0370517783,19.298636138827938,34.97472413080896,8121.948995900951
-33.369730200003,22.108935700001,-16.452862037553437,23.29452880734309,1884.8205110692536
-35.3911093,-62.4280376,-18.541068953572914,-106.43581962217877,4699.3870205171015
-33.3612253,22.0579882,3.6057498485675317,-58.212669390965736,9329.130771410953
25.9797534,92.932813,-9.865164789635374,42.02055671544431,6793.419837228574
16.133590100001,168.12990310078,19.74911574702567,6.74619879525085,15536.344032830366
40.163415154556,-75.054582595039,14.899400009025419,20.86428790799421,9435.419230435302
-54.185130555556,-67.231627777778,-1.414286656061346,-12.91802642736313,7652.651440404031
-1.326150046461,123.28884505493,-5.059687389836221,104.07825657348158,2172.4274780743845
-29.044149694586,167.92336143273,-12.268081556926308,58.50804470827348,11165.894236374283
37.771900036917,-25.313379982454,4.465676050932638,57.63886387545823,9084.448670617716
-13.4467037,-172.3819071,-10.789901135986968,-114.72144588085936,6262.096804376335
32.492789,117.542464,1.6756366193677161,3.4713637000997015,12137.762125575076
13.426925120185,144.78225003024,-3.972610122622554,49.884531237784756,10638.866541939777
43.500708055556,-114.28408916667,9.606997855092722,-28.47216061259686,8937.858158784122
-24.231159717066,150.1413288009,-29.263313944773053,133.1944265563529,1771.2760749052763
26.217651599977,93.051265495076,13.887272367406682,45.121476596700944,5159.869634615487
23.5648225,119.6555781,-7.842854752174698,-6.185999968572757,13998.475008179916
-13.6730772,50.023912,-9.494847993259269,11.742310549983761,4191.527307345106
19.994525560207,41.512433616342,-7.974605815030725,-11.364633120364509,6566.521474593578
25.6571015,94.0862243,10.401635419605887,75.92935485119833,2555.666274900649
7.0836691675706,171.14992450768,4.671176549671079,77.51855947237604,10342.825016578672
18.3012164,42.717684270003,5.899546499099804,60.085735050178755,2334.596714054133
22.461713771357,114.15109050471,-8.954074022548262,-34.32437897816175,16333.309604173546
-19.2420672,146.8036601,5.59068350658727,78.9545803969451,7917.626898399077
-34.602171413274,172.94479131062,-19.089809038683203,92.92730689749155,7928.542887961921
26.5380474,78.7237048,26.53970968619048,78.7174257299799,0.6514065561011613
-1.0169444444444,-1.0169444444444,12.048396928109556,107.9761444697333,12095.81247409577
27.975181,108.219907,15.346018376868944,-14.73827887537165,12212.222455898558
26.016652446904,88.891288026701,4.171079870358589,84.29519246451564,2477.996220535697
-4.4133777,-56.285828,15.689565120499383,-18.228899412978173,4747.188328434931
15.072327570265,-23.699710743279,11.931888650312022,-36.985170714760045,1477.9055028416242
-22.721768856049,-22.721768856049,10.025876998240527,133.30308082411568,17100.696587812654
13.472779558969,144.78714067374,-2.690243576846941,80.25489831256756,7338.608318865685
25.378401666667,88.994461666667,6.871312825596261,76.82956539272962,2429.9367764150757
22.400071209862,113.98397398188,18.079246806155307,60.010907611991776,5622.617549150395
24.503770263194,118.44079945694,-4.720713249778257,7.3042850163476505,12361.530062501824
-45.394949199972,167.7587058,-28.790626151394935,76.49801022391004,7869.34457677304
6.7798322,81.2674587,15.244357944400779,1.8834438871587365,8675.617813873638
25.244445,105.806399,2.451282042538437,40.30047449429109,7435.035266840492
-51.699215,-57.841948,-9.038784642319177,21.233565088422843,8468.087561049102
4.2584366,73.5592341,-24.113011856421718,23.13040271513487,6301.053470438671
32.139918,-8.229267,-3.8491013875476154,55.10098665895292,7773.656958999029
13.587296740118,144.86956461603,-10.50576897639663,-11.419930608397332,17415.14970212958
-2.2285344999722,-80.925249899972,3.2552306732903333,27.013720144342933,12012.16938560941
-35.4651177,-62.3617633,-35.53356801629195,-62.2863841806911,10.222347994949109
-22.803930776012,-54.731025830761,7.481498953301169,91.9495183771656,16068.740272947982
-33.3604268,22.057643,-12.265185020264788,63.052700114379284,4767.55137231317
-37.072505,-58.999594,-5.454826974843861,18.502866324088114,8534.336387439316
-34.853739497403,173.11105464286,-5.637981132695488,20.245904765828303,14690.479163752612
-45.3842697,167.8878064,12.025951090729116,-8.573018420685193,16290.659086541196
-22.721768856049,-22.721768856049,15.919521524109566,12.25459348180099,5739.9525489165
15.1323222,23.310400477911,14.440979996299518,12.551661886397842,1159.130968466266
-8.916088,147.9194515,12.60234283627266,11.307356468538716,15262.769266053758
25.6871202,89.5873205,4.124764969643208,5.278979110270699,9239.121154734908
-77.8461777,166.6666765,13.228835085247622,90.66900779398362,11122.555058806027
-34.1793379,21.970968899972,-3.558307566757161,80.48721504104425,6918.474302833759
15.088502,-23.650653,-8.482084396240884,41.857730254667906,7678.412273416361
-21.364071514117,55.77207064118,0.6396928190282192,129.3210857711491,8334.128201812764
34.168166103805,134.33173967559,-0.5977586117075295,-24.678266900425466,15690.248311756368
27.501789780033,88.537818493727,9.409701955358537,42.483971646195926,5219.400539852568
-16.3359181,-39.023955,-13.136777583000095,16.922120881180415,6008.9032779532745
1.93996,109.373569,-10.706115772538814,67.77905441541422,4811.386843752356
42.8805745,-117.9628941,10.932325425429712,90.45012193731228,13371.059922015218
-8.737685037416,125.56460391312,10.92842322950873,49.406573067389154,8702.70591818943
5.061883,9.984038,10.619561131962648,28.00998293033356,2078.6645188801867
43.5856916,-119.0448763,-4.602235958641973,4.718847151978245,13028.402703598349
5.546099,10.328427,-2.9044327596016277,-8.740608713235993,2316.9758639610163
-23.920093666667,150.28636283333,-23.140499077219886,128.51747520214067,2218.829606278939
26.7962704,87.3265823,-23.584337372582606,95.40574841442147,5668.932571522481
12.522806162014,21.712377620863,19.175903012951736,-26.311720912011467,5174.544018059776
25.233657144199,86.973546708867,-13.375537834505668,-70.01888504410596,17270.813346282273
10.4139548,50.1650117,-7.9665795365542325,-12.015522812752081,7179.084205757767
42.72191685,-118.451228075,29.608390916434153,-75.27508543237998,4089.2246390923406
42.7963517,-117.8737431,-12.154770477257093,3.3476536537019537,13453.34315546437
32.858471524288,3.7396966999983,28.851074774396146,-18.693161270852865,2182.8070390860375
-35.6164129,-62.4181749,-27.41322922392349,-69.14137884587998,1112.0225948634932
26.5570533,78.6994353,26.02977621281198,-40.99946202542709,11303.505245126134
23.9158538,90.2594832,18.08712996423133,88.59753191944839,670.6659208179188
-8.5540755931368,125.57296268654,6.429790491173106,31.98840654677708,10505.58843399612
26.8305999,87.2837356,4.782853922933091,-31.557695735491553,12569.124519388102
-35.3847242,-62.4161963,-8.49314458515368,-27.311451618209652,4650.660031983776
42.91283585,-118.33883138333,-23.929557811877995,-29.117042772971775,11730.041862970851
14.6757307,-17.4154848,12.912584878995565,-18.158884380159584,211.8506695916256
-44.6679803,169.1255413,-24.686082972074473,57.00621762109329,9687.025526983967
25.0195155,88.5291283,10.053605578050611,64.84901065576574,3002.9994482577986
-25.21431561228,45.865699732758,-12.49165987769489,31.44206340768872,2071.462522903167
-24.148160821977,150.28970073547,-21.591025558412714,119.4956809485048,3161.5049843555717
-17.600123265443,168.49674186194,5.480492338467672,91.1712805292623,8858.964621435196
0.0166667,0.0,-15.659607453436934,-0.7847947554816914,1745.2506086849085
-4.6579324,55.410345699999,-2.6151831363511104,10.895208641908859,4944.311520745412
-45.4115234,167.7077716,-20.277039038670864,80.19323354767364,8230.228506885918
-25.218002673377,45.820946711288,2.9204412397195862,4.198633874264248,5468.371694893335
-0.50492783991755,166.93296437107,-5.010645834593695,90.26799579123609,8525.545435005854
-8.7232394599881,125.43155827,-6.7321296667423125,-58.595552872181266,18239.50666717376
-13.383593227273,25.071613654545,-21.870661114911023,-39.4874890647887,6860.929653929509
12.163859163412,21.502480264753,27.666172065620458,-48.04664433202116,7383.375772364338
-34.431286545838,172.68294668356,9.608810390223997,94.80337463730277,9520.499476809639
-24.042680122964,150.1370740108,-4.116740819632464,106.9862152515976,5122.654617852685
13.35095216,62.42947916,11.915074501969999,-48.43694913604075,11891.532311909146
42.789469666667,-118.43084776667,28.202921574449658,-55.97352514797823,5746.239248752311
15.1498291,17.646748010882,15.149829099999998,17.9811824579348,35.89498815384107
4.2068402777778,73.538023900002,-6.876327778369994,21.013814003830174,5958.30261709443
15.168438142857,120.543492,3.508973601092574,43.11006982360022,8557.668770613418
37.4989176,-33.6366279525,37.4989176,-40.15881375648857,575.2599267435425
-33.3747625,-70.6617195,9.232274655288101,42.89400701145459,12752.686994238951
-8.5729444,125.5358056,2.763172667777253,-17.235173011076505,15847.839566824214
-8.4963990999722,126.4535623,-27.30891320265573,106.14798982068275,2988.765401626733
-20.761692942778,14.843115024167,17.527485485471324,19.92342719912591,4293.450100737172
-18.608850136257,-173.93285722456,-36.71400652567634,-1.3232533365341053,13814.700952730445
-8.5763917,125.5578567,-1.5875544172789147,66.2793712411541,6604.612914640475
13.479787913451,144.86026643746,-3.9240244843279632,-51.13123396154985,17963.160565521557
5.128034,-1.2506916,-0.365256648975995,-9.608291037862386,1111.121576849333
32.459583333333,139.76946666667,-8.57566285817958,13.993837432229581,13854.508114288861
15.12048729,10.43115397,9.3065334173181,-18.069138358511783,3161.181567329456
25.348325,106.242399,29.696230519197005,-64.92046933204668,13822.255366241023
25.921011166389,88.865745775278,24.970261727590962,-17.374272994875135,10284.654281750943
-20.073013333333,13.064565,10.807313099029948,39.38745058400489,4482.059370481341
26.01592,105.118646,0.16528401858897532,73.50540020652562,4442.520305489969
-51.839011521966,-58.351767155567,-7.416542078898749,-42.13233625194108,5157.751066208201
43.4796431,-118.8375965,4.338327598540871,26.446481181794336,13662.164866908617
-54.421689305292,3.3895456619143,-54.42168655860772,3.3897161484826586,0.011033838059047556
-8.5169750999722,126.0038555,14.374113763090346,79.70806726775332,5704.988690040163
-8.5597222,125.5461111,-2.1601745895753925,34.013354185618454,10140.206470074652
27.676803,108.084263,-3.6460168720538335,103.04370628034735,3524.601414152672
-8.7740275,125.1008079,-1.1503017544124623,83.04427536339863,4731.134244981622
-1.0169444444444,-1.0169444444444,14.855716040529014,35.337747114098846,4370.664714226599
-24.11353743043,150.1902085292,-11.425882099560173,96.98276883897269,5773.283934141291
-11.435092632182,24.749703468312,-6.2436338172206405,58.385863545161236,3737.9297037029755
24.981348691506,56.219571931273,-16.580670586066482,-31.674656308551473,10572.71961961808
5.1615820917913,-1.1957517803893,5.22682767661071,37.47590845085516,4281.74252827508
7.0709539,171.1787885,-11.363949864447251,-14.21344170030251,19254.842955786255
-8.4721697999722,126.45741669997,-14.898277606776723,-55.648685074020854,17406.060741849135
24.5919994,72.5616138,1.819783050067265,56.278127727629936,3077.351289556869
34.097762143222,134.40926706719,-14.458757849043785,-10.534883317348656,15876.913047403104
-33.504145578512,-70.656389789722,5.179496702349164,23.969718460161854,10753.442033515841
25.468512,105.565098,-4.7294064990709535,-25.4854242983135,14319.758090074565
-8.5235362,127.00752769997,4.748985343935851,36.12970936937003,10181.938517429813
-17.032111111111,135.76858333333,-10.71347139199108,63.656111973346675,7776.933154204972
42.7785028,-117.8552222,7.384133691173784,86.26044993006137,13926.667324880189
-21.780158093812,149.3720998513,10.917417645090042,42.422735492143524,12191.281659272692
44.4797003,-117.4660033,12.195910473815841,-51.907605795039615,7129.196861855727
42.777208866667,-118.43916566667,5.965109422304298,-68.14443533021169,6396.366076500422
42.807122941667,-118.423275475,-1.6058698724012417,-80.17679895127549,6244.500609096316
-8.5638333,125.5529444,7.815416820147348,94.76465704643128,3867.379628168758
37.829286010708,-25.752699691652,4.956720109278606,42.928282256336885,7803.612534667134
-23.233625175972,150.48771519708,-21.98477381653956,146.14974087110693,466.4134618087362
-24.143784916667,150.29042658333,-12.483407890444688,15.173063769350474,13663.552269286174
-23.3932722,-57.4491944,6.859717593235601,-16.70726767480547,5558.157207588752
40.273692972635,-11.796231321058,13.697620690190078,63.950058313013955,7827.207074322956
-8.7237402999722,125.4323798,11.660254999975455,60.04168218264982,7575.979620825729
-8.5500618705546,125.52494982854,6.714408798920548,70.70050768318217,6309.567157670103
0.476761,124.41242,5.937658070013381,-6.698544862895934,14541.669881331554
-2.2269643999722,-80.917882399972,3.8655011884274058,24.730551673695892,11759.500180129351
5.1112889125991,-1.2569386325788,10.561610607664196,66.22060691823573,7445.510639117856
28.506140346138,105.89244818156,-9.03269469080545,35.079929632622544,8657.604715238558
22.674303654107,131.21703545072,16.524783834958978,-2.79372368685717,13380.005498637891
26.8105422,87.2853545,8.822964873516,68.24661580835617,2831.110233459187
-4.4837398,26.6421438,10.249963832437778,44.66642501279756,2582.3178452394104
-35.1128484,150.0897039,5.957199573006915,5.341312385617903,15166.372692184104
-67.569588333333,-68.126346666667,-12.64326072362636,-37.82272951936303,6495.485790800776
-8.7847512900902,125.43932019419,-7.633521590244136,99.1381986968891,2896.8335795614043
-44.304954237768,171.01040281116,-41.61476821375032,160.97659721778098,868.8713396767151
25.0708636,88.5316884,-8.841870326449568,109.1690030317778,4383.875237493161
42.407898366667,-118.63103175,26.057426137747232,69.51690753816081,12356.294116022811
-6.4577679858347,-19.30903203169,-6.437416601172986,-19.248180427980866,7.094203736858032
1.9865728860564,-157.47187537393,-0.6005426732784037,-131.07420714905462,2948.8831974703107
34.193465965479,134.43483699353,12.456422713705525,69.00860831270793,6983.01001586475
-23.4252222,-57.4342556,-9.701434235142798,92.42040330546246,15084.116348779942
14.674404504021,-17.45252619895,5.307710738226434,40.45426738880364,6409.573078995035
15.102135618761,14.95749178354,15.432928319415486,19.851231664411866,526.2290537364946
-0.50723979745715,166.95185644732,-4.873328793514051,122.57310280436755,4951.6090748369625
-35.3869557,-62.4196587,3.384641118846384,37.68530816549188,11141.044493194018
14.891065094314,103.72376911373,18.09847874962895,39.51084618246988,6821.870953004493
25.453643,105.937881,-6.4957991535841915,83.2450419320724,4317.140676349621
15.4800460885,-88.011852554,17.098423579477114,47.26691933359545,13918.421935947397
15.422668101005,-88.012340524623,-2.408736183295061,3.27964760879161,10217.143918158521
15.154868295,-88.257757738,8.743172525551492,-9.763727067219287,8528.751509156911
5.23636154,9.98386283,13.933449884169786,24.500083970155178,1860.8443273806854
27.0375418,142.1762509,-11.695605598665404,141.21800434596588,4308.1713823503915
-19.301083875149,135.00890166538,-18.690068331372796,131.73006015974045,351.36055492130373
-24.13507163839,150.07558229541718,-22.30176969529754,21.196641774589462,12455.116966982801
14.9390808,103.78711374,-10.63178522670602,-22.871233016448603,14223.736661624303
-8.9163824,147.85659,-13.000843300391816,89.21727205558413,6404.849977470235
17.2770408,-88.6742564,-21.302009055308563,109.84078390733639,18022.452406180346
-23.681225853,150.12530722317,-14.45561946691603,77.69521227532861,7606.851350326832
-54.281364383692,-36.507863779586,-34.288264233516365,100.97982204702275,9357.647206075007
28.366265998948,108.23490205376,3.9381334471139344,-113.96144748873004,14249.638896376064
14.73416266,-86.138335694545,4.301899487020442,-46.45569990843869,4494.9393708593125
15.062957400002,-23.697440300003,4.302641828092324,17.221183399428796,4632.227355252843
13.489521195132,144.8443563,-15.475553484756738,55.575350423407755,10328.050386026283
3.930502,10.055628,4.4332465845301625,20.802002956788485,1193.0581710209103
14.840678906673,-86.289593426987,-12.237799529602821,24.96522880175642,12606.762655169136
33.961727292207,134.66033464527,-3.4038822377527316,63.18689576288953,8529.585482174847
14.900123422143,103.72543378571,-1.0066525571294211,15.335645391894428,9863.334395874903
9.862175,-83.913619,-24.86441680515345,-84.75215675046978,3862.491332927904
-45.4827958,167.7561664,-0.8655692597706574,-18.00609819479387,14830.26514631193
-24.065849230795,150.1351037151,-10.335415778237428,113.96924267252844,4117.351043000441
27.097448954166,142.19640820057,10.922329115149681,107.80968447872249,4017.7054072268247
26.5116990544,-78.6908126995,-6.1435126515744,-30.89247728597374,6298.2128574681965
26.8030483,87.2884299,5.655423313314236,2.7386576323833145,9184.66975902398
15.535029,-88.039755,-5.125680572208154,-33.259464501034614,6452.497125993905
-0.51254254563415,166.92534909861,-6.722441685789011,42.58189727174094,13788.257683686003
9.7939307337369,-83.973831981901,7.242220276194141,-26.86593603665981,6279.594308431809
15.548797,-88.035766,-3.640995967837254,-25.535876628476473,7197.3228105465205
-23.4134527,-57.4507462,16.05444595397387,5.91266592888953,8163.10259396134
15.421161519095,-88.174404121608,-7.369839250397134,-21.20389448094288,7798.0440658939315
38.9531209,-33.623392572,38.45721898481867,-40.79032029300845,624.1764384358183
15.530762649,-88.014285463,-8.03767094739841,22.643231417635345,12449.661778617274
-22.818925413559,-54.699967876949,11.875539629610593,39.87567465914334,10978.194560646372
-35.821264406415,-32.643085582166,-35.76846217307716,-32.63719344770451,5.895341353888711
4.9422251,-1.744506,12.056350610957876,-23.657957037704925,2534.532010613344
-23.3939972,-57.4255556,-2.776524174675616,-20.72400947739412,4563.730532528227
-14.581368910822,132.16767344536,-21.355293611621004,79.05504073483377,5643.169812889779
25.21550126,105.74550761,17.766553656995992,89.75628527651664,1847.9013825331278
-37.183380254747,150.01119254196,2.7613639748468812,-38.79143934917273,16083.136429280634
-14.851314293777,132.98299530621,-24.00387000109554,134.7397536476959,1034.2084323868398
9.887887282,-83.935214192,-3.342745235295309,70.9152699008746,17145.269852251862
34.217169300003,134.7307093,0.47309617000570103,-17.1832742152624,15173.426178884525
9.2432005,-83.8515735,5.208540746462364,9.180653425848398,10245.960215051009
-0.54520618892206,166.92126943012,5.186942926234031,129.3980168116088,4215.549026038094
17.192341159114,-88.982236376115,5.5023087658588405,-144.1375049285888,6130.674983488802
26.521647,78.727889,7.831877241298025,21.38791225997676,6379.289477459793
13.927758140537,-89.852329473685,-6.62240615103015,49.94790330567661,15548.597174201539
15.681885614538,-85.933139228495,-7.866766301379711,32.73792495811561,13303.516599418024
17.016180381732,-88.31901538059,-31.639094961328098,-41.15468597014575,7385.815123995375
-55.0368607,-66.5878908,-7.750783331783534,34.13011864706452,9976.167455687106
24.943964250905,56.209088789683,-14.610197638171671,11.97023591960739,6506.946862270897
-23.223406765228,150.47885430673,-18.222795822373843,30.093809539159764,12070.699023763076
15.481886,-87.977399,1.6673688722864692,-25.328279202043902,7031.304161276344
8.4752436999985,-82.478726100001,12.948668811496132,18.01250298560963,10918.459424838615
24.96640562996,56.21982724406,15.195243785595837,49.52813512799328,1291.1831380586239
-33.1981185,-70.6597627,6.608265508968887,-56.14701758536826,4684.0271080281755
25.469045973756,86.617673877285,5.028889454889744,71.34903275366142,2795.144062505041
7.4265711895833,57.794209274417,6.538185316245686,50.58744735911995,801.506842978697
8.7362248,-83.4134337,6.798103579662594,49.31643120081014,14498.615919468464
-44.999689,169.208836,4.483134976159044,66.09700949128737,11389.327000726405
9.930997,-84.005315,6.209923606020837,13.397589392041064,10693.848491767225
-9.2887515499376,147.22830856991,4.93428219109602,45.91408654337737,11334.5307641141
15.13461472,24.337228743333,-19.34983056909557,133.7302190339508,12552.570207208924
9.86541,-83.919872,-9.743068665554889,-13.919804694513473,8045.588869495495
15.5181004125,-88.022790445,7.295599429525853,55.89654491920668,15300.349629083494
-44.287588443717,171.00097483198,-18.12435433117347,33.697989301114,11834.12421794239
15.524856177889,-88.023430675879,-4.314218818636297,-0.3865112934342027,9883.427582117432
17.158694323579,-88.685237888,7.574343442669482,-7.070482038720414,8873.844845571903
-17.550546,-149.880588,0.2993825406290981,-24.726493702378676,13721.935832459541
-35.3711291,-62.246648,-25.616721320305192,-30.390180788426836,3222.393049523181
8.7756514549,-82.4353794102,-8.666980173913755,-50.51317210978244,4032.788109543901
-0.54332717233186,166.94815721705,-4.917769282483137,122.10942031179698,5002.346156846318
15.698133021055,-86.502849586907,6.345220357579392,32.16679757193095,12833.280983772855
34.212748038416,134.36446865508,6.0955375739822255,18.331731816592878,11956.627904155606
9.6739228374347,-83.890825485118,-6.818105253061191,-4.084575943815503,9027.147135278787
-35.019746083333,117.91216925,-9.996829853897367,28.265504892037672,9339.967291512368
-35.3949758,-62.4228025,-25.432650339808752,-69.98298685390397,1322.8094192373555
-36.777356278679,-59.823041202402,-18.49711256045884,-35.36469687912947,3134.799299938523
15.287097717071,-85.701686337172,-5.8009435045909425,-36.925950986202,5861.589510346834
-33.10406707116,-33.778621707926,-29.461298223584347,-38.617356025668784,612.6350593907204
2.0024788107217,-157.48201470537,-10.62886174155382,-76.81510863221799,9029.910771567314
8.4389765998992,-82.435214,2.2324134608746515,99.90346369538743,18800.483717267653
-23.4183389,-57.4491164,8.637585066003245,-17.371706108501535,5628.422596724681
-22.754655,-54.050910033333,13.04400894102071,30.076551544133196,9978.105669403165
15.4389031225,-87.979545225,10.797980241167748,-41.369821070640526,5064.593789858886
9.941838,-84.065896,14.66825221585433,-6.421904322617496,8413.366289055171
9.9301399,-84.071533,20.69350899392549,-2.4988305479009676,8750.802402093237
24.967978,56.219609,25.608328235314985,79.89067717302513,2377.7853761717624
9.9381676704434,-84.078087666798,-7.222245533471041,52.25056594635427,15207.137999012664
-23.3992694,-57.4209972,19.08906087315026,-36.56204369821544,5238.572661317118
25.38016,105.636433,-1.2235990272245854,41.46739229412911,7493.6704218793175
-4.4280479,-56.2878237,15.196153606128535,-30.786692720994992,3556.6564999191173
9.8730734,-83.943887,4.326843422712686,-11.382849760292105,8017.224257792649
14.677853718534,-17.457851037553,-10.428920456764942,18.15611270893809,4816.619018676986
-35.4663358,-62.3602939,-35.54678085294823,-62.27162689078735,12.017931269595046
5.059509,9.991617,7.182855291010253,62.18641881736121,5772.719388577455
17.036594983066,-25.12026837828124,5.8605464672020835,39.78685600605959,7152.560404515721
34.04035275,-109.59859797,11.1472761875203,-5.830282241865133,10551.464905480438
15.426463,-88.039351,-5.737398824585765,-60.631260446349216,3827.6453199276425
14.9146152,100.40404959997,-8.440064544038815,104.47589018117522,2635.4284724650324
-23.35002595,43.66944677,-9.121340638855084,87.53058933347651,4919.200640110609
15.479372295477,-88.027754673869,15.879973003721325,-27.240932491955775,6482.944452871671
5.032298,9.960571,22.700232539160798,-54.22073368079506,7146.788012523671
9.1121370401198,-83.288725782635,10.648887629130899,-0.008876481613990796,9094.527624327347
14.943426022767,-86.149796342493,-1.5382907666572276,-11.718412083712632,8382.581790739507
9.8409187939699,-83.917988125628,-16.220050520710082,-28.66253116758089,6734.484384717605
8.7426564283889,-82.432898283,7.688431273491514,43.11870615766284,13711.524852722754
9.9327154789515,-83.882352031056,19.326654668736506,-35.578692211348084,5283.611584758736
13.935312330071,-89.85635873816,-13.742627376542007,48.72551999260732,15549.098644595835
43.42426721001,-114.25223067336,1.8626570319309173,10.340326606794244,12558.425306730931
5.10007549,9.9344592899999,18.043822356346055,21.31632700083956,1897.695609920285
9.9223643735385,-84.080820846862,-9.164195353709923,12.551111689307842,10900.844103028752
8.9474626,-83.4601855,18.906551332666698,32.898427163468895,12384.725712510692
-33.3787068868,-70.6511319172,22.568180224460107,8.876602233958304,10460.199835782238
-51.717595181437,-58.075647900599,-3.230329304327264,61.518741970939324,11691.466900498823
8.6472993222008,-82.438834608398,-24.346049187634147,-26.897285510043478,7050.531021088774
8.5614942,-82.4157736,15.606865214656478,-36.536356325887795,5039.923472995438
-19.57363842672,135.63519575652,-2.4717070186355063,47.57300665999348,9712.594534409762
15.100220773131,-85.850103214747,2.292384591489261,91.2242782745316,18054.496103822716
9.94609,-84.06319,-3.527325423595241,11.081932226397692,10637.963740301471
-21.281631651664,55.795688251667,-2.8194704746575443,-39.03325491062339,10393.17594958105
25.934546766667,88.856393834444,11.156406862698569,42.217883976972544,5152.512434340184
8.7517027,-83.3515175,-3.9517528225328205,-18.31364331650452,7346.594798364277
-35.3989778,-62.4347881,-25.84732018804516,-45.19755259372738,1957.0894130754834
9.867002,-83.931083,-20.23107365283538,55.55078366473564,15527.424776138801
-24.146340240593,150.28661155678,-25.014804530221326,-8.490576181248978,14090.20477760599
17.2253354,-88.4105073,-15.969100578237862,8.111675246622207,11198.048252892155
-16.292845599972,-39.0305472,13.946003061367309,43.27408780687228,9643.395758311022
15.5077319275,-88.0192865145,-3.562094089959212,31.276436257160626,13249.65231995892
15.590032674747,-85.709238575758,10.45215725076672,21.39058263803559,11484.568249164928
14.680991517861,-86.301352334446,1.0527101520587778,15.629451696503164,11259.789432234013
-44.7006822,169.1896112,-13.95051856814823,56.28621818674757,10638.578900420258
32.900303333306,-8.2326864999722,24.023877856072787,-22.098928505329347,1674.0934966486454
9.867043,-83.932105,4.601665333682474,35.09005856174218,13072.116030713036
14.0054651722,-89.5477335434,0.6831988417712683,87.27929249748486,18344.820493443432
34.01673637,-109.5694386,-0.26012425815873913,54.93681628834164,15928.996826021586
1.9984778165817,-157.48052978516,-1.5498459810622465,-46.37310599030343,12358.628593348683
9.929792,-84.078946,-1.3166837979460844,24.4463954490756,12061.556955940794
27.68998625,86.72905215,-0.3329152374974935,23.9039320435381,7373.971636983171
-16.482247612576,168.21599591704,10.49608223131857,82.94148844624749,9841.94005867029
15.399326047,-88.1679611575,-3.2605332037268524,29.045188700349147,13018.985463789342
7.0920896215771,171.12379742448,6.374084155660955,19.776362658909665,16501.47540915677
-17.792207146648,168.45618045696,6.861177653737112,-6.677857882043816,18690.014637385924
-54.355288888889,-67.251233333333,-39.12117295856281,-78.10225109686345,1880.0074811982795
-23.396677777778,-57.445024722222,-3.360492866011517,2.2051461215278874,6772.665794309667
15.383719808,-87.98231432,10.615116787504345,-18.74374250371753,7491.083787453131
9.935565,-84.057667,-0.05351342336020914,2.5145451667948877,9633.142459483981
9.9084066599296,-83.975223283656,-1.6840870709612503,21.665006708403816,11752.751920765208
-45.406789,167.7204559,-23.40790284106205,60.70811105263366,9405.234367285893
17.223766716213,-88.925949297928,-3.408071496426244,-54.0215684133246,4464.634212197442
-19.680512001063,-42.981190024644,11.80350709555974,98.70138569568329,15831.389873100725
9.2800891,-83.8251871,9.14674778415467,87.45286034381891,17749.97330049808
9.9269745017737,-84.061892301651,0.12340390042316415,80.41936137170241,17966.42849400408
13.3852907,144.6575184,-18.888234337705526,107.67828720243759,5412.124122428585
26.117764357673,88.61392499669,3.902341005373622,53.69535909460934,4463.15130975145
-23.407752777778,-57.450469444444,-17.734067674457318,97.23008833611924,14677.603984803822
9.945246,-84.061387,1.2624664023236012,-61.3044494973561,2694.618292563888
9.880976665,-83.919842535,-16.76436868864585,75.57671530114519,17670.32331930399
-36.830575365672,139.85098981219,-18.077829528454473,84.98785819488377,5714.953528574258
9.8855632,-84.083868899972,-20.349243306881558,-14.07332069454486,8357.855051039394
43.457089171483,-114.2575078509,1.98330643987667,13.308164432973232,12758.387448439817
-29.028140127086,167.94383302513,-9.225993621308707,56.0579231388453,11577.393955974587
33.934691623393,-109.93722865887,-12.158202783523311,6.704952499722682,13206.433060206222
15.1659176,120.57501999997,-19.672628137915428,25.622278249177544,11073.504804082282
9.940101,-84.002387,-5.175399068102598,5.360827080590184,10037.287969469264
1.3855242999722,173.1423037,-3.5605714427279715,19.544741828195683,17072.275872129707
9.90189045,-84.05305571,-0.11738541460204968,78.57626113960447,17806.77524837725
-44.304875124675,171.01044618643,-41.63572337469674,161.01822867369773,864.7702138607376
21.002346038818,-89.611503601074,12.107148794300894,-9.222840207584788,8544.834113891793
21.189701080322,-86.848236083984,-1.1216773116610104,-9.59266103360669,8733.975227829595
25.22524532,105.73618924,5.552949040674696,5.950596134625632,10721.269578746998
19.304811,-81.097622,3.689544435721668,53.65996657923197,14447.695546965699
-77.8461786,166.6669886,-25.641810239537843,81.1098889433888,7120.89641646531
17.231439039901,-88.844331895665,9.096792711917391,30.634888496562983,12749.895132351243
9.94093,-83.998881,-24.83878068505333,-66.99907572688771,4284.215328761456
15.291338878,-88.255677115,-26.762757621992773,33.42135103326135,13879.612837982726
9.912664,-84.029818,-4.871891342344338,-41.05058078122718,5036.588930471651
-21.037976666667,13.545701666667,-5.294982285589256,22.50495977320212,1999.588612973636
-17.68685,168.262851,-4.564195512063227,-40.80435495200221,15978.600810901602
15.608949,-87.956353,3.3992762005172166,-66.26178711655142,2734.721459100233
21.070970535278,-86.780166625977,10.63598595310113,83.21906408909878,16323.973509903772
20.740955046734,-88.197528193467,-9.680657667451126,2.634689161761565,10472.665140850891
-34.868303123045,173.38132564897,-6.991683749053095,51.962960654975454,12319.168181969619
9.90876,-84.040269,-14.310942285154223,88.66496166727676,19083.306569442586
-12.375212916849,130.88511664506,-3.667487092539827,118.93642246320638,1632.4079832884504
13.581495048142,144.85507908216,-0.30863047601567345,86.59456926096023,6597.322786334607
25.441905,105.950494,9.674459389229154,-25.864477492262356,13501.329050853072
-24.126294307859,150.23594659957,-9.90334739629296,80.17308681117633,7545.730689739593
26.4970748127,-78.6899376288,-2.9541239668118093,96.86027186516507,17354.586845658483
14.923266399972,100.2722157,-0.5231537352810393,-54.32346005447515,16797.42168580993
32.5204835,117.7581709,3.871459945760134,78.5994975960233,5168.207750427333
26.5471156,78.6968615,26.53838074717171,78.69686740391114,0.9712714970498012
14.6785118,-17.444354499972,-15.901430422321203,-82.95646710981012,7957.83506373271
4.1756209690313,73.517351560709,-3.3458109700167435,113.89569814132892,4563.77857785474
25.281585,105.781886,-5.2203242594749675,46.71317974334838,7218.002842702258
-0.54144053830303,166.91309048485,-2.8980216622244224,117.82426471948676,5461.706797998803
-37.3301354,-59.0792038,4.7833871999724,-31.708040365218093,5473.424190013013
-32.340431767865,121.75908483167,-3.9290733704227785,19.235421686000418,10941.825503969863
-33.633826,0.282452,-11.5947243573104,72.20498664666152,7631.180690457518
-36.523222836533,150.03330627393,13.777358283452035,-26.414306173400153,17461.264161530795
25.5301152,45.943164,17.005062289552082,31.768624216263238,1746.0532895965334
-77.8459036,166.6704244,-58.75239829992759,120.41368245880764,2703.866481263766
33.97625862,-109.50099453,-4.135484775643053,97.15700136552225,15702.271963745306
-45.434213599972,167.7142776,8.131212102458912,99.56297437387617,8998.246150818997
15.1498291,25.274303431183,15.1498291,28.11137817141113,304.5023149362927
2.8017032934959,24.723140097561,1.2886571970759768,30.382532092018494,650.9922615981421
33.505888905731,0.70893594624506,-7.63739275532159,7.536360089180755,4631.3865199649745
23.9889144,90.2578945,24.05668206258575,90.21090531402844,8.919544618328887
14.901704426667,103.69720592667,-16.97472245031485,43.45683504048049,7498.69214915802
12.432020804847,21.610332140698,9.82366185583896,48.56572861542013,2953.907506490632
21.4902259,39.2478194,-0.6161808448133638,34.50344173590409,2511.540263581587
21.604196927651,39.207954823685,-0.04144835555055377,109.13639679731901,7940.270760294219
-34.501717887411,172.80136984964,6.228315764793086,40.894631257698734,14176.398751537983
14.939090966667,103.78583986667,-9.204853171716726,20.577140046042484,9551.325621078904
13.369450972727,44.844211121558,13.370241225646689,57.572227458162864,1376.7811289470994
5.2909592,48.4277465,-19.881582524234926,-81.77945389072157,14397.86023070172
-20.932166892059,55.531194989489,-21.934327821828514,26.444458697471234,3008.2209734003923
32.4417047,117.80139,13.851966979878679,95.61079408829414,3056.144922540194
-19.433387013221,135.40090971074,6.6316648531321105,13.434294124873489,13599.092325628699
-34.72844450303,173.04375060636,-10.85500692264678,49.315385357119766,12223.796378099063
24.6165251,72.5245432,10.21120926068157,13.713143088093219,6394.622122092834
40.279406221822,-11.792088068569,-21.303171144820233,20.31362333153583,7612.118523542162
33.949517554447,-109.81791283481,19.75922721268196,-2.6615492759824915,10271.948681563206
-9.4380805555556,160.10615027778,-14.968958477051993,-112.26211465225882,9486.225692098535
-9.4357311159177,160.11165036673,-2.547704064990837,47.52474472691896,12430.618356796485
-9.5303173482686,160.08964730468,-1.7809367503456104,99.42745714558986,6758.841133707094
4.2516849,73.5534998,-27.88058612086196,29.898190512476422,5883.112595098006
6.6435409000025,81.1179308,-12.05863351885637,135.17822473821184,6328.080347716383
0.0,-103.2216722,5.599378224268724,-63.78908512139968,4421.540392877682
15.1323222,21.595718931822,14.943512289479372,28.425850194898107,733.73793241557
14.859162303614,-24.71673476988,-23.261298769680504,-3.12375474851565,4846.0200517110425
33.962667463665,-109.92479187412,-10.857359039444864,-23.695407638870954,10336.838043507338
-46.041150516873,170.06419097089,7.445884446594871,-55.38105323027018,13919.640051024211
-21.2719856,-159.749406,0.3635658159247741,-20.57393141432793,15014.382922932977
20.4956304,39.7997792,15.764612233031182,57.28873690110148,1920.2045013364104
-19.73367441665,135.8618696665,-11.548497289360977,99.31715792691567,4008.6360295119994
-2.227335,-80.920331,14.268264067617984,33.98981310785369,12751.300040255863
11.223044299998,41.450356299998,15.27257817720353,77.56448668048876,3930.234301739767
17.923612,-15.4242923,13.940987099115397,-22.82402891696102,906.4997804745218
34.023256941576,-109.90584868077,-2.4092968160114987,11.633105273954591,13028.9861757548
21.484461333333,39.1862495,4.428171465005427,16.92647676721505,3059.6909786703945
-20.11237,13.100541666667,-21.220802504948942,-27.255017101382812,4189.001812106022
7.6570255,42.2262728,-16.936301379555424,128.40008592015914,9851.745137995747
14.885019359583,103.65310552917,17.587812693264873,47.12595788145577,6020.633997383719
7.8237321,48.0103852,-16.984316432810214,128.64809728701053,9277.297854789414
-13.847755972994,136.43263049667,-15.177566016485416,77.76371870630956,6297.897576548544
9.6220772,41.816716,6.790388507294441,9.500752988636046,3569.1154179179694
34.03979958,-109.58995942,14.327350690361861,20.73757666797151,12498.272943308026
14.900047628761,103.71995311038,12.378336309671694,33.73219040397887,7536.910937613581
8.3438844018678,59.867232891092,10.926678353886622,16.103697901671733,4802.320804157839
-45.340982,170.550262,-12.7563547910341,56.66123032940216,10777.505009805871
26.534107,78.752606,0.7151307214176552,-41.0458304830427,12903.037939665546
15.1498291,24.549786293634,15.149829099999998,17.25060167222253,783.3883559269832
34.028916872058,-109.91057527952,-30.670412167023983,27.64202058478196,16038.50506994143
5.113883866002,-1.2453707680118,2.615694297073249,-22.942799187300977,2422.8742267866364
-27.12554,-109.291269,19.931255576523558,-43.45578846267078,8808.573471710844
17.9983586,-15.6536668,9.2444480491615,-29.15613065109346,1752.499051944019
43.374686728169,-114.26708150159,12.31510188387435,-6.174837645904766,10479.794224284788
-33.857605533434,121.89686374306,-24.22716197645331,96.40566401421883,2689.8839554755077
14.892222936374,103.66506770302,-17.85446938919008,-26.6934482038608,14723.68516186227
21.463426648883,39.235056667419,13.47065120161072,11.143538684498665,3103.670142561205
13.369220347727,41.129705682273,13.370178252377881,56.55796382901565,1668.7784116998798
33.968008235805,-109.92527781374,-10.990616873338684,55.66615750462044,17070.08770453538
21.682335957905,39.109821058846,19.95460838491187,39.6978846249524,201.60183100802573
13.3568278,44.734489319259,5.055733227835903,112.44846825577027,7469.677170311704
14.6994175,-17.468104700002,10.573862650387714,29.120709631059047,5067.376253958288
14.892626131425,103.66604036213,0.9766958372492118,59.692710679985765,5069.547834154331
15.532738681095,-1.3519321562189,9.009025179315104,-13.394961450490332,1495.3461113878163
-6.1068420999723,177.3402091,-4.21727600344939,105.8297767260835,7916.835780069795
33.692863184046,0.95324521960375,-29.01470663509052,-22.924554019996712,7411.762091736898
14.925724038462,103.77534891154,3.236422707138732,33.82241267274938,7761.806079861521
14.896674066667,103.67629867778,5.5413509431447325,87.14347224069846,2084.8621020019345
13.3576497,47.765939310345,-14.541894848155062,-14.424316552295592,7514.741393388894
-17.8929891,178.56230289997,-10.360996599285675,69.31107009961113,11639.687459153425
14.90025573,103.7153141,13.525633568325384,15.627149962903395,9423.876273949205
7.1190922971934,171.05716343059,11.79731918038535,42.93623861314462,13904.893339172615
14.9429962,103.82267255,5.587966913510036,40.83565599746061,6948.910597491239
24.958359,56.211654499966,-10.603297316827266,89.52395521857713,5355.021966718736
-21.2250183,-159.7400304,2.028089465173561,-34.52644505962817,13717.682908245057
25.3311887,49.1139595,25.35338432693687,49.13973247894212,3.5776416899143832
-33.8614333,121.8914733,18.52947004902856,49.47724704964316,9619.86996892897
-28.3246616,17.9927988,-13.772752897877643,-17.24986960777749,3979.0900244514737
-51.834702691182,-58.428713201603,-27.140767125342833,-0.20514446143122878,5514.2847592713815
15.811923597531,-1.292467132716,12.718262393675625,36.89238079136426,4123.987194745819
6.437578,46.7852912,10.726816273723081,-61.77486241328645,11881.380211357424
-34.872496812999,173.36811823378,-18.928335817696475,-8.572757854247241,14029.192861960237
-9.4575177777778,160.101945,-22.73060091778537,8.82132073392979,15262.081022001015
12.156738652845,21.381376096981,-3.8957445800134036,41.28801139986825,2833.29285813072
16.0251797,80.9155776,12.752490284834128,-6.83611576280156,9384.018317492255
27.0955076,142.2166695,-7.35352094630048,20.485300750700144,13511.39600093674
11.584476480718,43.154736104537,-21.235658860229957,-44.85345983093436,10268.8190471457
27.099466781143,142.21354140026,-9.931838360683116,82.79719335732946,7609.454089066059
14.972543,-23.6629137,25.201518308029137,-101.7822119534138,8133.268804532338
33.983024946517,-109.83969265358,9.296841004461495,23.385555477442217,13125.809990612499
23.504881399998,39.867796,4.309560038237485,18.120165034465227,3162.356888829546
12.966388888889,21.823623329403,13.571646165634075,14.262430755261992,821.0476634326114
14.902459216667,103.73419922333,-0.9468393525337042,20.43807653510133,9314.629431948732
21.787364747336,39.156194352816,34.04332045783775,-45.300977554897926,8185.530795126284
14.5159078,62.45962568,-16.745094237144446,52.577543578568886,3641.4105851652134
14.906755616667,103.74979651667,8.67261293093483,67.73144141665102,3976.4495502445
-4.389450280303,26.657759656566,6.752669891972323,65.7075458761265,4507.864093568932
7.905012,52.168987,10.159049024095305,58.38397207638349,727.0197078299782
14.895235746667,103.67069874,-9.940307579030812,70.65902227444624,4567.395648786533
21.554654518496,39.163199987278,6.056112394975836,64.11594212811328,3189.178583629099
13.2490336,44.773002099972,-2.566226397080733,9.837048128230338,4236.778920283308
-2.227212,-80.936511,-8.545822858027288,17.977232981537064,10949.652882357772
7.5759921566667,58.876260876667,-8.459144580430817,-7.465771438445797,7565.069390032619
-4.0122310731154,122.50960788849,-4.695977652352405,127.22903417209358,528.7523377352019
1.3601312,173.0730544,6.512013840708947,56.69126344659203,12900.710201539609
15.1025614,50.52573893,-0.9015100356902483,30.905466509521013,2796.6294692042957
15.123375416667,17.383723966667,-11.94440894063055,-2.6509068764831913,3731.611730113055
13.370444756818,60.850352741753,13.369964168339678,53.1098713634163,837.339903036225
-20.922998187309,55.526974462026,-12.739756438424914,26.44715169034931,3220.019967554221
11.1213289072,42.3327255564,5.004273582423376,28.462739796510427,1670.8937426631283
-9.494379,160.338409,1.5238800625744078,153.29271363905679,1452.5699816962735
21.3782391,39.8059065,12.840750630885442,50.12331362884699,1449.249845076134
24.786888155298,70.50969469253,26.363472556627446,76.83439444251556,658.0546363572714
21.470985233334,3.3460405000001,8.071298721244121,1.5792722364780912e+17,13317.836841912282
-0.89901916666667,-89.609458055556,24.544676616757847,48.381754667539795,14791.84703922171
1.357597,172.9327985,-0.3678706044625041,-12.729266966438862,19376.025726321554
-17.379032503611,178.15388054583,15.71982453111761,21.575143472585726,17513.377477061007
25.012352100001,56.362534100002,-18.331418043174743,78.20904453162066,5368.665782692929
31.6508532,119.0308152,22.49830446660319,78.30374978520231,4133.549033134027
-27.10138270576,-109.37621989616,-27.098488926848646,-109.37814666046594,0.3740511157384039
21.570044180493,39.190098083358,17.87959179532267,-11.416103790136765,5290.579813762453
21.532881888581,39.159117545969,3.91608759127995,61.03245592873462,3067.757204312656
-33.869755555113,121.89185665654,-33.45025886400771,125.22485417307111,311.9680058331796
37.825240856854,-25.740106349899,7.831835269068709,92.58914298943485,11867.2090024278
12.289610306205,-69.073845720956,7.080481438208044,91.90768326639615,17005.26289108978
12.189393781414,-69.061380847349,16.49540253273969,43.607616402867606,11957.165107331777
15.117137638159447,15.1498291,14.745004897218148,16.04917874297055,105.1137643064776
0.0,-103.29921299991,-0.8733814043298589,-73.96579502274034,3263.0441857581277
-33.826027777778,121.852,-6.43195330493525,5.098581450836606,12010.554128967218
9.7461979379415,118.75123734521,-10.684129205840312,122.33460751445729,2306.0594078084646
15.1498698,10.2181476936,15.1498291,19.269412535979324,971.4068621788059
-43.823186,173.057538,3.4123869176463937,41.99507489552719,13449.115291072081
-23.4798632,-67.9884014,-9.162633624188638,62.07169747244126,13486.497953477916
-33.753513036036,121.74037542543,-28.550265244550808,126.58016659210027,739.2712286316275
6.5317362,47.2164857,-13.395854154034879,-14.637775361753294,7178.861779593866
-19.693923,135.805071333,-6.221964366637094,75.52757690528728,6667.481754951462
24.0270185,90.2736105,16.306530799299,85.45299235096432,994.7894690304787
-44.3168002735,171.01490873503,-24.43763225856211,58.86065101109755,9731.062103981958
-20.287767,15.8727759,-13.384626975100481,26.73361462223491,1386.693439370116
-4.2614567,-55.9938996,9.008464986539371,-16.51151182918963,4618.420014902589
33.942020944295,-109.73593230496,8.193967897549626,-8.737769785649474,10499.07350282812
-25.5643344,18.4176136,23.222921381928813,-107.04624025686365,14525.105520974317
34.039689799722,-109.83338862524,1.7074856528849296,-70.89478362453998,5407.286068842056
31.870225,118.638437,0.8092838848086858,-43.66960620562242,15931.744216786545
-20.730938818056,14.843537304444,4.570065568168828,-10.338191872140222,3932.4933469075495
7.061648,171.2041856,5.639436821328024,50.32975007218342,13304.617198515816
-35.114396166667,150.0877535,-24.48845908691141,120.06190946716853,3113.4189538715236
-25.5639917,18.4185003,22.017453762582686,-105.08860552125849,14296.169185117353
-20.9398932,55.5309671,-12.503991488945415,74.0199959348228,2178.2831633611722
7.296020125,56.001028106667,2.958179518391898,26.560058788112126,3294.9883986839195
34.000955,-109.54711066,14.52377522313273,-1.5782394643548634,10692.749587459955
0.2166667,0.0,14.053720287423463,44.1045088712954,5089.8232696657415
0.87112369997222,108.93770139997,-1.5591764595582207,19.64906795416431,9931.11719456254
5.0100307446,-52.4712931272,-22.171309176997973,9.417756001301779,7373.823947975609
-13.845443829823,136.19146438148,-2.6785515384780854,59.393416014695674,8511.365363483714
32.478968312757,3.6855716999989,18.101073070135367,-42.51346441193763,4869.630576837783
-25.4968629775,16.311907013611,17.951228382003897,-78.86182482300129,11356.157230532286
9.5804404,138.1551829,7.417037570562602,151.65828304300308,1504.1796022609435
7.2615662122881,56.451149947119,3.7612552053440425,-5.584330274371852,6872.55013711691
0.0,0.0,-7.58764330028895,-24.980323613122188,2895.10636290154
2.0118458434924,-157.48403696767,-43.750519805351225,-70.04518926424963,9956.685968445461
12.819484421053,21.805398054422,1.8635462681213122,35.030910726322304,1898.5596039378872
-17.370394281944,178.2470915,4.9293096181400475,2.4835767897360967,18556.85924511217
-35.002573125664,117.87282231308,12.956600470496136,58.36121182458684,8223.35278951295
32.450724286781,139.76354495378,-18.653944420466562,16.63153808706807,14176.213849190708
18.808306999972,79.4133494,12.923786843451486,11.608729979947848,7241.549164616992
-21.2004776,-159.80921,-32.22603498884123,86.8540545080729,10771.252584670692
7.6033977812672,58.490973689201,7.82889153624648,60.00601949611273,168.81231314977555
33.945222703435,-109.73963821006,12.61932208141397,22.2603360858141,12766.82900473416
14.6793867,-17.4434052,-15.195653575777989,-4.058248561837844,3633.1915699422907
17.9419891,-15.4748438,-0.2570348452126872,68.46844414837915,9375.788297225738
34.041782055467,-109.83164282969,10.891437469117609,12.080565886746959,12112.150593242932
0.0,-103.2975248,2.811901926342889,-14.412201014964387,9883.746312169542
-3.9296903176471,144.01260088824,-6.05829158391142,68.57059358131386,8354.24333183501
-43.7429961,-176.3397781,1.0844197360490386,-11.127377380126944,15050.845144701014
-9.268698170333,147.23242178971,8.463671307856117,95.0049192202807,6110.55177663793
-19.527909126819,135.57135050992,-20.99951745999997,135.377698025933,164.8774224613918
-23.0687021,-68.1090352,9.897269501554677,51.47658479896804,13453.057956552417
33.112133333333,139.78556666667,-7.299531224725061,-0.3617414036556998,15012.337261510784
-19.740972089199,135.87230370156,-20.133555691642822,100.18901369805106,3722.989134260794
33.977383954048,-109.76155383315,-12.10316222907053,71.51893730450344,17579.32418281094
5.1488321809846,45.426035665822,-10.929245112799256,-59.36414334510346,11727.197520513457
5.6098142,-0.2031353,20.771544418123284,-38.388199651099654,4447.483219310224
5.1042168,-1.2504419,15.825371566081943,-13.627797420870941,1801.8782372865978
22.276842927297,39.113411647983,22.025601010805296,49.01387774038233,1019.8283397245599
24.478533072399,39.595192680136,4.4883834700283,36.099745810719476,2254.0498771642424
15.119287300135,18.177325604595,14.576700514779727,16.898300201561884,150.12812171194437
24.7176038,90.4301317,4.455691340875562,58.926245277565,4050.2931049544395
34.03251933,-109.34991783,-5.0708491025389915,20.55409629944907,13941.750151997969
-45.4117179,-72.67812,-27.594142963004384,60.81518654769219,10635.014449486825
15.169003362519,120.58410703763,2.2181913340196853,-27.18960119776172,15976.626376575277
-52.218713494559,-68.973790053672,-26.26475704637572,51.878543902954064,9573.972640337446
6.9161073,81.621441799972,-7.228522577821284,65.29295579365652,2398.6441441201464
6.7373334523353,81.365210283623,-1.290851252628431,82.72946575961949,905.4413899146554
5.1060783,-1.2417426,-1.755098156690876,-83.32064854004365,9148.21849689396
-35.028160300732,117.8841640499,0.05542096391265418,27.45688379093921,10049.986154751283
-45.004523,170.758391,18.903397242662457,57.252009314981194,13313.272337610086
40.267987765868,-11.799677584132,-16.529035635862606,45.224305967104215,8631.864182635321
37.4989176,-47.857638102857,37.4989176,-45.50396913103966,207.6309005187709
34.0537705,-109.7539606,2.8338742707900724,35.24301129664084,14516.716570386698
34.05107238237,-109.84128757939,-2.014391074402692,-38.83954952421027,8398.54975020293
14.931308684968,-23.490544977948,-8.443149383631159,-14.229274965613216,2792.431932416136
-32.598664543877,134.7207436046,-25.200756568243044,59.81105298866591,7190.853775920235
15.292861538485,-1.5607545924227,19.82657966730115,3.713923481627853,752.7295428098764
-6.8131364,155.7211179,-16.90545244849801,-24.79857283241798,17377.081152602714
-33.91479645062,-32.70171997879,-3.670083004894773,-29.046904187999605,3384.3022559896644
34.045419,-109.79725878974,-1.506992216746403,-23.14402864837099,9793.231911834064
5.6264200619444,-0.1763932125,21.088419203893398,-9.570488950529763,1995.346911829858
21.3889315,39.8084387,15.203967504336124,66.64294876264701,2910.9785455071333
-36.826225545455,139.86258296529,-28.54089824282381,98.92589078508927,3909.159322779
23.565594699999,39.8533665,-8.145679490393192,-41.29563153656119,9478.378115006291
-33.396045448,-70.659404829,-13.41706806839487,74.99271834363854,13662.804535244868
14.866675117908,61.364778363072,18.116853056358597,68.28851430949511,821.7850705993731
14.9646635,-23.6641137,-1.3816189411745547,-20.722250630127025,1846.2175814507732
26.5058647469,-78.7192136049,4.054505043777726,15.376009288945475,10212.67921421604
5.6126729,-0.1828115,9.441656554565727,-21.39950987069228,2376.616154852046
-4.1607952655771,138.98153361073,9.47244437752083,-16.11067565555126,17203.646997809105
-43.74837,-176.463784,9.614085122857963,31.338958271711665,15367.397154714188
-4.3470823857974,55.771082108892,-0.11698683585116573,76.89998442038042,2393.754352301589
0.0,-103.29669,-3.0969433459485503,-5.952479644081081,10822.983112114665
25.1112033,47.7757932,25.144579358319643,47.87881928029884,11.015796529581612
37.748009180642,-25.634664801393,2.799193429696212,-22.257552385589747,3901.358151963689
26.7178545,0.174687,-2.600834783184499,60.569715416693505,7243.1456050176275
-32.696121814371,134.81035936261,-16.57532685627332,12.070151298988627,11829.673566469648
32.901574833306,-8.2381701666667,27.777775948725616,-9.225496355697436,577.5548058850687
0.0,0.0,-4.419520114980148,-58.15156417392237,6477.920015452698
22.71647638919,39.106521878284,21.448663131889365,-2.02654497498896,4227.044911455553
7.0994806940606,171.10295871798,-4.841224254331879,99.65130718654856,8038.884322970774
24.0496353,90.2359792,22.219007684717305,58.335609021478135,3261.3870114041692
33.622669718868,10.294942888679,-13.243334186367223,60.915801247898486,7473.049491797553
-23.721087536369,-65.461649089712,6.524300277193398,-58.281983384050456,3452.2740773167734
13.35060622907,61.415154651163,4.7359386567574395,-66.11348643394601,13884.06392812042
34.07275082,-109.84633303,2.840116026514575,-4.960469677234739,11191.525855370553
-8.0386548822392,-24.055691469164,-7.00731736967512,-20.94256447924094,361.83283800402876
-36.70785512247,-59.758814696964,-30.01925620285084,-53.7350136812868,930.1621929311497
-33.5149873782,-70.656648191,1.3318376584428104,17.23207122140847,9893.665546829603
17.018030909692,-25.05914180616,-11.199074749458807,-50.36781673115572,4193.016797848392
33.406681810282,0.74231184153226,11.954406093934898,177.67573828375495,14960.701574345425
-21.0416902509,55.7221234962,-23.468768048967853,99.04293783637993,4449.898428266709
14.6390422,60.035623174434,14.58349080387179,44.034111506664416,1721.3963789733548
-0.5356668,-90.314485199972,-4.4516794385850975,39.40776674266346,14402.277299415986
5.3685249233733,162.99629379498,0.20599909947100703,35.06944900184251,14200.32719520499
1.3598446,173.1596394,-6.378661575588691,68.26123069067158,11670.585917377586
33.54334170607,-117.17708836172,20.343549628767065,18.89838702522118,12427.459312509542
-17.32230999,178.20360305,4.110900126686323,145.18368920237936,4337.595820427778
-4.3489367561455,55.775363668851,-0.36071022292128285,75.687918107663,2255.8559432540883
-1.489798,40.032366,-5.9364845257683445,41.59609840153231,523.9958270268813
-17.632104707778,178.26022862444,-18.370769198266526,126.30365431261735,5475.666018857294
5.6181448420561,-0.18194835794393,16.73494771546673,34.03509287391201,3923.6494676993043
21.972451918883,39.123579620299,19.890667702693523,21.059141626852405,1889.2034232824665
1.5248857274728,124.92104307916,13.657119224965538,73.2460080616221,5838.568520708103
-16.621899689718,38.871172961895,-12.214257737117556,16.237918020702953,2484.5382344538802
-37.3244203,-59.0841813,10.066715584430652,67.33218524967995,13877.748193494972
21.4024046,39.8108485,6.266795099674216,-10.918477681024234,5701.003575259009
34.243429299998,134.6625304,16.90955350569959,-7.281936893182031,13046.435178667176
21.403283846928,39.426723589577,-8.668757163472288,-5.616629645793908,5944.948978775617
15.1216634,10.353487120741,-4.777741135442734,50.97284045042507,4991.256878669318
12.516874372957,21.700426116588,2.8819806917189155,42.38864444493946,2516.1034797742996
-23.5796657,-67.8957698,-6.110499396357078,9.903240168629514,8495.068870855821
12.090495298614,21.578670172019,-8.104131037810971,18.509746475268244,2271.0236881214614
-44.421906592222,169.1842398325,-16.583289916207246,104.17098493824018,6753.0118800643795
-0.54398893019401,166.94993553696,-10.776133253850567,117.27426833142393,5604.022302842006
6.5443541,47.2560126,4.926692726299499,-34.60417539277565,9048.692613618337
-4.3939996,-56.2814659,18.50614398646338,2.0755483714873693,6877.879481962655
5.261213349,162.9990026172,-9.927214727848465,36.61119740761588,14089.083112112372
-0.0423506,42.4184216,-0.40564214964768136,40.95198413071689,167.98824935770168
32.2922644112,-64.7848806996,6.600152142067907,-17.845927145858468,5626.26352441388
5.6243066918144,-0.2188053274109,1.228639001118335,10.394100737044871,1275.0935870139988
-15.47637659106,145.2576314671,-6.773369521690813,104.76043278304456,4515.001869351849
-4.7203781,145.6388097,8.24500169440302,115.47779409243687,3642.3705485340115
12.060128711166,21.389909964054,17.412052044037257,51.462991945035796,3284.4519344336036
7.3043688666667,56.841081385333,6.626290384821084,51.275344529236214,618.9167394429601
14.6792341,-17.459748,15.644540071502464,4.26779986139822,2333.361710711353
-17.810102499972,178.7224448,11.558390423223049,95.06903987152343,9740.992755860467
14.701645,-17.4751342,-2.096615622183088,-15.061443019967767,1886.694611220575
7.6984305515625,54.096463379063,7.815567911401842,53.28490263015571,90.35934084315733
-45.4177963,-72.6822369,-16.53769901337505,-3.977850930578748,7054.31526344027
16.189701200401,-0.53975112895792,16.192469006661852,-0.53256501174383,0.8267839050527676
33.103440258251,139.78782078136,-31.347746934864606,55.97537769291771,11336.052317326743
5.6293520516667,-0.12414067972222,11.396420794310224,-71.28007209468741,7834.68441673373
5.368917529142,163.01393001594,-23.50757471487426,15.698057621937103,15976.731871465858
-20.921518067536,55.528952042294,-5.135154606968771,22.33830471317261,3986.8686839907464
-11.660040578636,25.203943478335,-10.857943800465403,68.07108449390593,4671.290204256991
-32.560083428285,134.68011480441,-20.782526979740307,120.20245058232793,1941.4986128042224
26.244355623438,-98.232268480505,7.812778041369371,-16.701377224959817,8783.293188999594
-36.5734436443,150.0267862879,-7.06076241197683,21.47896872545753,12793.076907297136
6.9595593000019,81.1151275,-22.057303522632814,123.53135597229601,5635.075119180352
5.1730138888889,-52.646413888889,-6.306183431148443,63.78421667783356,12985.032393463343
34.036405579381,-109.86253072514,27.360324163473955,-53.71101257795285,5354.06964151273
-33.489564703752,-70.656743589636,-6.1356546606139295,-42.20655187028285,4225.07308316401
37.762200096026,-25.286472920368,17.841322928816215,15.63348067683316,4543.8924773793615
-43.747709166667,-176.28150111111,14.095718568094753,24.59164251198012,16166.935362658403
0.0,0.0,2.651015849108318,44.889642574122746,4998.341497325196
-13.449392,-172.3707112,-1.769036496620315,-83.41364616463686,9849.054012888964
34.03467270686,-109.79248248628,-2.7592077371587327,-23.786162130782714,9811.884202468895
34.038601745803,-109.83462206346,24.85008177252905,-77.67497885400134,3261.5469626518206
-0.5284872,166.9115176,-0.20461522957298137,8.337088213199241,17631.303746668655
2.0010597705841,-157.48152160645,-3.0368229694736337,-27.13163508689264,14498.815038175026
33.549661806032,-117.18168053265,-0.5300472985478096,-56.71574191811442,7346.160841065967
-0.53723069469401,166.91755350729,-3.1936092557658418,-35.710749765770615,17466.080588723133
-20.929103783333,55.548932855556,11.78600299232591,3.8652335015431345,6716.30120076803
33.547045472428,-117.20677415514,-5.37617354060741,-31.610034866206142,9931.545468353735
6.0391359161472,121.02259953639,-8.59723690238254,16.821865046309437,11663.105808438164
33.994611638541,-109.86351367488,13.012043542421209,74.45128361416891,14768.271777088681
10.937230784503,49.243189831047,7.693526224340286,-20.572001206275026,7653.572627392032
0.0,0.0,3.464837872378472,13.893284325768674,1591.2618481261447
13.62038008113,61.92160832791,13.989111893218631,60.6221344490628,146.18814214664275
7.0529083999722,125.5435844,6.292201093804501,82.24011420497169,4781.593383254737
24.940962,56.260126999926,2.765833418603539,2.596179823865208,6243.863845692207
-20.925392711111,55.550320675,16.78789405244618,52.90334567280864,4203.4533069488725
-51.788470938961,-58.933084950649,14.360643574978825,3.708714913239437,9494.119894209089
15.1498291,22.597615117462,15.1498291,28.77527377739877,663.0287751039263
34.07918613,-109.79795031,10.944092407285424,5.42456279159354,11552.65456409958
-13.4487858,-172.373981,9.520468431111711,-35.52476523215583,15298.441992438991
-36.848649216187,-59.965363676619,-18.044075237341755,-0.6108631785941201,6115.618395409988
-43.7499725,-176.4491922,-2.492614656936451,-63.26061122088512,11644.321090403122
26.224443055556,-98.149479166667,1.943495634058641,-41.54125751801038,6609.6185812824015
-23.5420796,-67.9557068,-0.9156987507269843,9.29155001489402,8667.884522926372
14.990034174881,-24.420269216651,13.625996591292646,70.8088321783342,10164.447348704569
-32.377135666667,134.34160698507,-18.077729798424965,70.93847667420654,6481.61840850021
-16.429847851645,179.37420373579,15.103000585017869,21.015560719490693,17695.61017614283
-21.2153494,-159.7487364,7.013924530558148,56.40158539572768,15823.86282503275
-6.1724307661297,-18.455137697671,-26.70205935934816,-26.666483737047383,2442.8591722982314
16.180886453543,-0.64409613937008,10.613052582871704,18.806516733513742,2191.6974254658744
7.0690599871245,125.61444151574,6.598166046578588,-4.90868435393668,14320.272926504489
-29.39177991258,-38.709698046599,-30.747266568611415,-37.24220851709747,206.53692405591605
-45.3972691,-72.6775956,-22.516505414071904,66.08113189030607,11388.709178719479
-21.2010009,-159.8049844,-0.5382015207607478,19.340720577224094,17596.01588255361
5.0085899793,115.0027019251,-1.6343788036356268,58.88554358655414,6277.050618020061
6.053045235,121.0286566,14.150553589863147,124.82222798614309,991.3979793380747
16.047886999972,80.909509499972,16.15037325801911,-73.83071424075064,15487.597147662342
-13.6753905,50.023684100002,3.478145003552065,84.3470552111935,4239.629998803923
6.9292669,81.3690926,-0.4576413823310758,65.01757743803121,1991.3128264609793
5.1111462,-1.247524,14.007150513441093,-38.756317198464835,4223.702389230734
13.369583756818,46.98286576842,13.369933771776171,52.62029651456032,609.8515834837001
-20.936258999,55.5309644675,20.253101657128777,-12.631765887271474,8710.135958018474
-45.436252,170.726888,-23.859955962452432,57.16895089563861,9805.480762667314
-23.9672767,-65.4600591,0.33545539583267187,25.334228365487412,10103.400665206584
-21.2004887,-159.801957,4.282162644903092,-0.42746300527812375,17099.90253536309
6.3361344,125.2601025,14.77265937276622,65.86417623707928,6542.873840761936
-0.3638796,42.5349556,3.185216454461866,8.692818582500518,3781.939504974558
-13.501598,-172.299623,2.701771476454422,57.631213462525174,14401.007545861237
7.111296011396,125.58317420157,-6.801035451873968,96.51806796514475,3575.836545375662
-23.7469436,-65.4990734,-3.7045412652197447,86.9144774575982,15743.808283730968
32.3657147773,-64.6513409726,7.225042499923487,72.77845128417898,13716.074487859565
-13.5917174,-172.2090271,-15.041532201812743,-156.7842211343572,1669.33470772302
7.0722737,125.6121401,8.632857051339865,62.515873940223294,6944.691889240538
-20.938531578569,55.529078986794,19.103106778107218,77.58787295146227,5058.7832857006715
25.178914945125,46.401780289235,22.8515126433041,46.632689690875516,259.8556560944716
-45.830683446751,170.67283417158,-21.390801123052853,118.19848923462638,5442.315421801512
13.3615316,46.371902406452,13.842401019885273,49.83675415406403,378.26196689513887
-20.935436025774,55.528499566579,-27.246621933470575,98.37664314920688,4384.7570732789845
35.2502397,-91.7713692,31.263488719427,-64.55828884930659,2560.595589076667
0.0,-103.17436450006,6.84313153545801,3.5996786630796236,11859.055779719676
-20.924438928266,55.531704155325,1.2337015934590847,-41.24065261057637,10759.869533954628
34.0714786,-109.20046333,15.086030747702777,-16.176161940102215,9346.237445947821
17.018392113454,-25.057060374194,-11.046673432469566,157.54245495510798,19294.33514221676
-13.286830061892,-50.467365614504,18.196526608853986,-24.449863473120722,4516.22075631887
13.3435343,46.642183361212,13.345271006559107,57.33640854832994,1156.9473156603297
15.8452554,80.3781729,11.05310883348864,134.89125338547427,5904.241883319414
9.7497690271206,49.195275094472,19.667838886077575,-16.17886513462635,7078.57615754265
-36.412142621667,150.04769050667,-3.805853275873638,67.7597094200068,9066.589498087309
-14.8365394265,-56.436310946333,11.203287771025625,83.33742508283915,15644.033036301209
-14.9018089,-52.2782995,1.1412840036218275,92.11793682322362,15817.418631706212
-11.432754767295,-55.355132353226,19.19553678458246,-17.082867492082134,5402.10488888358
-47.7397259,-65.8986763,-6.136479302399978,65.4072900958836,12369.120098067882
-13.285879516126,-50.18941758063,-16.90324517650281,31.908691529385823,8758.252610773325
5.167327635,-52.6511008758,18.587564940771514,51.190417137789275,11271.724954583244
-14.521238290915,-56.217848497161,4.338723914391817,66.83510689832428,13683.11204799518
6.2516813999981,145.2369852,10.595806527588186,66.47459007838489,8656.733167024746
-22.993502333333,-54.39653356,-6.582283220938081,-26.870000243345466,3464.700032987353
-12.003440071905,-55.517241555389,-2.245509485126609,26.297046989923437,9065.599757095144
-33.705025702045,121.64974804956,-10.682195005886353,55.1521693409473,7183.688267686787
24.9296215,56.2540523,-12.523729821269558,-8.924242199539702,8198.008529448294
-14.724670287546,-56.299666487679,-6.946086073091239,17.941078088941044,8123.12282032129
7.0480272322322,125.57204075526,-10.705154985628743,109.75857474940423,2638.3310279896023
35.2515281,-91.7406569,8.120264883532808,-82.6230108838222,3156.5833767294685
5.2222124207778,-52.762574907389,-4.1842230474748625,55.97521318332176,12121.085615959133
-23.256352666667,-54.228240033333,-8.984343415149679,-31.50925946356305,2892.064890783722
-13.297592961839,-50.334977865562,7.212194070731417,12.683125175344541,7321.85330897952
39.436442912556,-31.257918952028,25.916145793970347,-8.26867263113704,2612.187293424942
38.07670759258,-48.199913377234,38.07768507952363,-47.92730839058014,23.861484956705404
-54.713008333333,-68.067952777778,0.5007266208305362,143.46238995807806,13339.724177875049
24.626329550326,-76.146048366276,-4.9254548156997595,102.46625030041804,17819.434907535655
-54.421750310282,3.3887837865259,-54.421703753624364,3.389567294970579,0.0509526173727017
-6.232459601199,-18.628742383218,-4.455692891882299,-13.310460162368956,621.0333346804229
33.955591292,-109.92679716756,-9.387768944995049,-62.81457048425735,6920.262281881985
-44.694936861944,169.13499388833,-9.872928237826644,17.955560219466417,13291.944203136052
15.046470599998,-23.706315,0.027340312815557218,37.3271750720734,6906.009154209546
-11.7864362482,25.030496744,-7.614432861497983,15.21556697096415,1171.25753432127
16.0237356,80.9224216,-11.666512277516135,12.216056551550398,8159.574166495793
-20.9364561,14.9556087,-17.36981178558418,55.215349407922126,4236.744114152994
-13.447187,-172.3856599,-7.202901524587332,-93.81441238911326,8592.052236432266
7.5709921166667,58.920633143334,6.1814067403843,47.52911416376171,1266.96347048487
0.0,0.0,-9.407057872850617,9.587867488224678,1490.1402371756303
-11.21937116066,-55.303323886364,16.538608914517713,46.86211433630545,11640.682755389518
-23.413366666667,-57.450213888889,-1.1364942050926543,-10.40929292090726,5639.707042840395
-12.681753304667,-55.796655157667,6.319619249293529,14.357394784259345,8032.709320728392
-23.417433333333,-57.426319444444,-16.7442838526259,25.173084294184495,8544.132806731799
-14.894530130876,50.278079864542,-48.961697282734,113.26712692527316,6803.013384239012
7.1111579294294,125.63224614114,15.902299250139142,54.87493474523559,7740.071097491723
6.0424945164476,121.02591477469,-2.2809825035562246,-18.88633399334369,15550.968868760914
7.0654245027322,125.57174927732,4.286616869356477,0.2696525586465022,13815.168538871938
31.6332647,118.9939051,-0.5953272032935094,36.92934896652325,9291.918892880456
-11.74150766954,25.190648035749,-8.845093479846385,55.76045954506524,3358.2839036699997
-10.28730512167,-55.024525225083,10.74067222796285,-1.676404065154049,6344.606859720631
26.5378093,78.7229582,26.539699759015022,78.71821725812131,0.5163482109483557
34.004164194622,-109.90452755269,6.1838309575376895,-15.712119632654487,10007.60694669831
-23.4155722,-57.4327361,-24.638614277253843,20.6701332139667,7813.409054751344
14.6978736,-17.446638,28.227734397172412,60.92120404488593,8120.767432860846
-36.5569132024,150.0352581426,11.450749462636301,89.58477059683537,8265.625079669708
-11.306550732255,-55.322845520153,12.166660690156075,-28.40814640555675,3955.0899936871615
7.1298682516667,125.62538022667,13.584122022217736,29.160924900838047,10514.18286660589
5.1743406057,-52.6480797864,-2.3136537697650854,19.052073830346075,8007.390332711306
7.0623158603604,125.59491931532,-3.872414769395953,89.46826526865235,4189.645634860669
14.7064852,-17.4742675,0.4507956868045873,-35.68969264768605,2553.6854299695015
34.041878705997,-109.85667895301,4.284533762232222,43.27164980344993,14905.506078951012
-25.191354402716,46.004461217158,1.204611118568505,58.87758893433787,3245.817042566135
-6.5392027991688,-19.527464998692,-7.001319588882426,-20.907445053384606,160.80720138451258
5.2755249204346,162.97659317324,5.986132185378718,85.93092214252829,8518.524459686942
33.961706611378,-109.83161214631,7.548770682385758,-27.667088902089212,8818.959584348693
10.95642902348,49.227522936295,-8.102418461146113,-75.18729842537869,13919.227319624932
33.995959530855,-109.74937617286,9.212862636399652,-31.751161741261335,8333.840179777437
27.0992788,142.2094339,3.5226281191677153,76.10265611561854,7469.806302594289
-23.3996139,-57.4144333,1.6936574564190434,-3.5375570251755684,6455.726150685406
34.323797,119.495064,-9.784180778702256,119.34009508576791,4904.610602409447
7.1241336306533,125.66032265745,-11.848741249165483,21.84416923779416,11665.973542170326
-10.977788082832,-55.231689457248,9.772027040732198,-4.724417664804108,6042.421444049911
1.3507000096386,172.94461038735,0.7368442336749979,54.7188187432603,13142.68387470101
-36.5372926715,150.0300567752,2.8369897951168093,56.25171498423369,10532.774143436502
-10.647085790848,-55.133018325588,20.094596172106645,49.87937754037745,11965.777913574597
19.893457828689,41.297122509016,21.832320368710743,33.81889572458558,806.2568295064679
-45.4093358,-72.680896,-24.71707933243138,28.091740573893144,8863.703897945788
23.064965256667,3.6806229166667,-5.700475457572802,101.78866136804045,11083.21698209851
-10.241814227756,-54.986534479084,5.35043106905765,23.52368253656485,8863.638116037262
-23.5851749,-65.4023163,-15.210168214992823,44.860713445655186,11298.901376652791
-11.15931270324,-55.314035535404,-0.9010887189182483,-10.638184787556114,5062.0557135242625
-18.02245745237,178.50470545562,-6.572257874146589,77.06941090083299,10978.94943745191
-52.213209699633,-68.988883065659,-43.97968032106698,-57.13449557174254,1267.0387807637876
9.5303855555556,118.58988083333,8.13894187334161,105.08499388228415,1491.7831198538108
-11.506830216753,-55.373447407168,17.620862717617428,-37.24605940471555,3801.697506916809
12.188147834275,21.390459481627,-5.567892155460877,-12.729037310086804,4257.423969002551
15.1498291,28.192497457419,15.1498291,16.140834083227002,1293.346627922097
26.6997194,78.3667528,12.460061341688037,45.216026724700555,3800.490019161135
-20.92431115,55.516652716667,2.7069243913730654,-18.249619292815694,8437.411274863629
32.3697793297,-64.6525531635,-12.303407162788245,-51.29963302476494,5166.477035679044
7.1229269133333,125.630995775,6.855089125275054,-47.79698740754538,18298.35229461589
-32.56154891498,-34.499255195844,-32.67059893350056,-34.60526998699028,15.672468458531924
6.9046856999722,81.5439827,5.130732118497688,16.315101899752065,7210.635782636559
37.741817681181,-25.672639895046,15.888654842159662,54.46419665806647,8080.655581223787
14.932511860006,-23.490034912022,-11.213887289251932,-16.753418292096537,3000.5661589942947
-9.457551,160.141643,2.759628846110658,101.7012625301606,6614.447878726516
34.04056366,-109.45793209,4.165521558570432,84.44540771243356,15523.203895274415
-27.099543671785,-109.37790542822,-14.510216116811279,39.655126732397925,14307.537542372453
22.592573893657,131.7168637167,-58.92788405979965,-35.52653321566958,15849.969897745212
7.1168785833333,125.65453286583,1.0870390375420502,51.469173711241616,8247.69748038185
24.941807,56.216321,22.932972374215943,-10.875736474163093,6749.635916438876
-22.949360405079,-54.117076759444,-12.183293439636497,-31.74763963399377,2651.1027092078284
-20.9248767206,55.5293440532,-5.626213542672206,-30.286573155856775,9351.223082172171
-9.9379623583584,-54.903388153654,-1.9769880456160196,-20.149241855034823,3940.4569890640314
-11.170722711602,-55.312006172329,4.547739617635554,-2.4866586891078146,6100.19187586636
-9.5513971,-50.869254,-10.527785861474637,34.004222129550385,9260.738117124905
-23.037034357143,-50.074852716484,9.715763426349989,-14.639720596326603,5304.09385082393
-32.5676446246,-34.491158190362,-33.09825293949371,-34.30613728331839,61.48124985110976
0.0,0.0,-4.5984898720784475,44.772505975686215,4999.113667739359
5.6165341938889,-0.24553846555556,23.847707896447584,35.34087145883269,4309.603318089729
-0.52846489999767,166.9115198,6.172568733101897,-31.23003032113673,17906.572772561114
-45.43739,170.728813,-2.1849657116687986,21.413429300432792,13917.001805907608
5.1133898,-1.2589405,15.532344868729885,87.46687327867274,9719.43654289215
-13.27686988884,-50.49943911117,-0.97808259536099,-12.908765388642538,4358.1043886620255
-10.3016776529,-55.03258521606,8.289032878213561,-7.354122266640324,5667.539899839232
6.8658843,81.0519393,7.28864062340806,63.040364307023154,1987.9619715737526
15.058108156193,-3.1772574024169,11.749551207505496,-10.177644661324525,841.7122800760312
-45.3973123,-72.6708138,2.2554955790316256,38.6101520523985,11833.363772178627
-13.2887685,-50.2035805,-15.991315734537649,-0.722512441104589,5319.943984526218
14.944860181098,-24.385018708537,14.94895733065106,8.363904359476601,3515.0190584321385
-36.539414559018,150.03279499208,3.332335078767195,45.22501582378879,11549.052081017819
7.07427048,125.56552439333,-4.862141177815723,108.73793320933751,2291.0265813640694
-9.4363564184792,147.44483497952,2.3259226825344412,-41.653428428490415,18735.826950895524
6.0565844885105,121.0156956271,17.863834717394685,-30.87994536103389,15942.084720839088
-13.302666692984,-50.268708557034,15.54415294809428,77.61587259822431,14410.661306286534
12.067547616533,21.38161825016,7.13619094352385,7.628062135596973,1603.9363580223296
-23.4083969,-57.4302222,4.696667520399653,31.60718924901854,10116.904297321904
15.1145569,24.876906183077,10.939269298377653,31.209476365714384,828.2001303393982
-23.2773298,-55.5354475,16.843609802120046,-25.0022769086917,5559.8706261111965
-12.299360130703,-55.571909993839,-52.43033654783666,-30.187561433180758,5004.223297839306
34.826169755967,10.776301377778,-8.433059397739987,-3.0327763597389907,5024.606745177234
-21.077073333333,13.557615,-14.06936553794908,31.35002415674993,2038.6596861728517
-10.629106150833,-55.129745851417,10.235079548433859,-12.622652942292772,5241.457185109449
-13.29714787879,-50.340807424227,16.58635636097994,79.84101782773243,14663.305261640358
-23.371590451043,-59.060065156565,-8.602148140635164,24.536999924985206,8980.217102618868
-13.252088774392,-50.131473051449,4.474022365902023,71.68984131358447,13563.001727619725
-23.307629399997,43.660030699998,-6.179199474698895,46.74167543975636,1932.951549741022
-23.037268984,-50.074134748,3.156116122127158,6.413642940016064,6775.907470013437
24.995111986002,56.324276486411,-6.525270085529875,54.87820350887314,3508.399816312207
1.781789,109.341585,2.7888761632513925,41.10756828568299,7581.138368653021
38.06027574715,-52.78248405325,38.06237526973903,-52.197046681437556,51.25518118293816
-35.0209,117.882885,-7.604133433003326,37.24533749356495,8672.673154323815
13.3615316,43.578414309677,6.907806354478528,59.55118906571201,1888.8207862888376
-10.035846041385,-54.909984478437,9.564114190158573,60.07279325135453,12903.474173309161
-10.40193127006,-55.053067626553,15.707480609605193,-13.117233715111741,5453.566160585583
-20.8884787,15.5405202,-14.612553042989026,40.52195541033979,2732.461184669266
5.3321715,45.967582,-15.220596517592265,24.253103211101205,3308.369982751332
10.2078892,49.037881,-6.149604767844256,-20.006088512384967,7858.337944527727
12.335745384919,21.53513967991,7.801784881714932,65.56946187178461,4842.059572707195
19.685063587573,-79.884443516787,10.01667480100358,46.874060030314645,13316.13726794319
10.7872433,49.3043965,6.537100577878917,9.58351250065093,4388.738516409166
7.075202676681,125.61030728898,-0.7608588040012642,19.87637456483888,11754.078776217326
5.27001415852,162.97682557848,-4.022068994453681,-50.06204243004412,16351.193585099742
27.076252,142.2061877,-0.19309569452418732,32.10307820308607,11999.379822913274
7.0944787923977,125.61421338304,6.406377298595418,106.44208969975189,2118.2950747135487
31.039444444444,28.446609399998,31.092292215029705,28.00866692286802,42.12446502945671
-16.278046472717,-39.02231514971,4.594102416722998,-4.00208581806778,4496.155161684812
-6.2925478,176.31524139997,-5.040523162034109,38.14665579906847,15203.640533639802
5.2779843000015,162.9776444,4.503943477212939,111.33218874293841,5720.872796569298
-4.6486111111111,145.57861111111,9.010769303079147,-71.00903225265013,15948.600330875952
-9.4577274153145,160.10198785786,7.235628140446443,-87.3957660193427,12596.038400398213
8.3250504,48.3652268,-23.4543659933712,49.51956112944195,3535.9377110332775
19.1412555,41.069775699999,15.866058598956831,74.41026157688113,3549.087101945318
18.321250415123,-77.904101998787,-4.3996410923740195,84.45586715347639,17550.769353982778
-44.672833,169.1280394,-11.457747074410666,-16.694511595743965,13746.100844098926
6.0212217000024,145.2643947,31.37999069589793,-101.75434183639149,11794.787287511761
3.3760905,23.918209700001,11.441651699962224,52.523089545335644,3276.0051044795637
19.726274268747,-79.81292724512,-12.784046239327566,-45.42345786105131,5218.761617077791
19.69666127594,-79.87082987428,-15.562963834491443,74.58655092174625,17272.345534212833
18.303378770017,42.721523860005,-20.36840486216808,24.53994874158493,4734.989144648811
-33.844833333333,121.84688888889,-6.113098328840111,104.52877448103324,3562.4369339215696
6.7624817,81.2513955,5.671706882396259,6.1901203975965045,8289.718778781036
10.664638483792,49.067387731524,-15.551629423042115,-34.503166766909295,9648.023474985865
12.832878869959,21.808788534256,-6.281904075309793,42.83915424719089,3149.0840400523107
15.080827,-23.7039004,-10.551452223133502,137.20063965183425,17885.359807676854
36.972818055556,-120.54532305556,19.339252505415686,41.77898885823332,13484.675525625089
7.4524719000012,5.8495775,3.953698334498204,76.10803255571055,7776.521649030784
23.494327,-110.20657,-3.751458713256182,29.08028498422892,15126.195656703383
-0.69276666666667,-90.336352777778,0.06776477047823522,47.37868328251763,15312.831792665582
-0.54871624339487,166.94328570213,-7.735230169070982,87.5766934011506,8827.745209528382
-16.2938526,-39.037040599972,17.734654048814836,-32.553118933059665,3849.86656556441
35.2486306,-91.7213103,19.47127072526464,-17.473642439390733,7376.024824882404
19.890816786221,41.305233205048,19.888658205277643,41.311361928626354,0.6843074317094208
-33.981944444444,-112.43083333333,1.9981133674573008,-37.23334472608061,8775.127045005742
-9.2688294455,147.2323951093,7.093651954497442,64.17872012604124,9378.619658980737
-36.378553682071,-59.48025155302,-34.77942605220113,112.67792967586583,12061.0974543663
35.0077675,-94.6440672,-10.220954429869897,37.25948335104687,14433.509473263923
0.11462165960452,0.76325007728813,5.413876615317932,50.342413009876,5535.553790333771
36.997064722222,-120.58143138889,8.563186760780837,60.582343602786864,14947.564480300496
40.279806295328,-11.791765821074,-2.489360654531874,107.65355958897568,12648.524507848575
10.61645,49.5886971,14.674803650941342,-2.7932352871958295,5689.546700573721
36.971719415593,-121.79561777511,11.054216421431516,55.29459708348814,14666.188300195276
20.949836111111,-76.963591666667,-11.979426179766543,15.237324034909607,10705.270505720306
19.439305,98.3391283,-16.149225455747093,16.18120485087746,9809.87807280925
23.7050104,-15.9430369,22.10036140761399,-58.160135569681586,4312.221136886015
22.810595699999,90.2796376,18.55741666637808,60.1545400253021,3163.7410258163513
23.740738380806,90.526415773573,-7.87414935883379,73.91033078811657,3951.6786170996843
23.535442,90.181154,-26.173597374448423,138.85883041346477,7612.3546851728825
37.028884722222,-122.03972138889,-0.38368658656738847,85.56825565167624,15050.569387591791
35.2268264,-91.7526219,30.98383940027488,-125.95354061613556,3204.425769654853
23.5220676,90.2829662,-12.037710774082715,114.173839576433,4731.463639255031
15.32958170663,99.83076447956,1.4728026780928372,-46.48971882309849,15867.639373499
23.8286423,90.379781,-10.139255126389097,16.512292534196394,8860.412169588917
18.809992201584,99.004004299208,-6.832234224781156,-0.4950381749960535,11247.931385870084
15.305922408,99.705321428,-9.710501480235106,57.800818411621144,5389.28793015036
23.6118956,90.2495966,-9.674879250263086,100.09987907865204,3853.150696150322
-9.460191130227,160.16287734562,4.302921327874945,98.6420383494608,6985.918064785459
24.1144058,90.0701855,23.0405187968389,72.6358832672363,1779.6360214193487
-20.466103333333,13.318988333333,-7.782368334314745,15.084380219200456,1423.0947071407231
24.09120790404,-110.29909956727,-0.28779155121039807,48.40476444796289,16511.955570026737
-44.6816638,169.1241814,5.547779196092384,-22.77638443423772,15512.249700450739
7.1425128999722,125.65835819997,-9.677685694053064,12.685966416914122,12647.74757815904
-13.4513386,-172.4033042,-13.981456472995635,-106.81251047834695,7060.791457343884
-37.312517,-59.0969604,-6.647432737558115,-24.021683727134576,4916.753665586262
7.1417379122807,125.60095025188,-2.4630004989077894,-4.124835346671315,14423.179570906785
30.8941838,28.847132899998,13.446969064368183,-7.013848633383773,4144.253311368781
-16.3327,-39.0228018,-36.9273389049155,-18.563174508449304,3048.332601468451
-16.3383611,-39.0185137,8.502758076868151,80.16949564202771,13376.05157419569
12.750856122004,21.833169730378,-1.5040926193021504,-18.554637885995536,4729.876597483928
-20.923039928772,55.526617777083,-13.285879351754476,3.181827165029065,5604.246037010482
25.024250899998,90.861073700002,-14.880603417158925,14.960539623301788,9339.234865588574
25.4332926,92.9459906,-5.467244253938709,-16.971211189377822,12266.357600546007
31.789912,118.852037,-9.592095262459631,-34.72162094970434,16341.431655074943
19.70550861055,-79.84290229907,-12.118032266231776,13.637875479683087,10816.723338720598
-37.091614146646,139.804967833,-35.50792035945748,141.80782476771918,251.4353971817522
19.68832780295,-79.862215809667,8.80567793842535,15.210761784435697,10203.159975312505
25.6569856,94.0873424,4.561118739621784,78.18598261387224,2893.9391948976336
5.2767039000019,162.9350345,2.976371440393255,-9.341164187360137,18758.81546126155
25.2514938,93.0015377,2.95532436308823,68.00817809407,3646.1813815267215
13.447515016627,144.816691127,-11.412104123589309,-8.8938902668486,17152.751198084745
36.981593557522,-120.5646477309,8.458657599065887,4.1014496677210035,12360.191781084868
-44.7170224,169.2163572,-24.626330853968472,77.98390900792668,8204.150131110819
7.1255588764045,125.63252134332,-11.416539222201834,57.27145872064178,7837.158579366275
-37.344516394739,-59.12804800415,6.508404923383349,110.44978584424955,16427.587079828892
36.981088598293,-121.38227982458,30.969909074710905,-25.60683232591553,8459.331840158018
7.1201330822604,125.62255711588,0.7013108506973198,51.8544940738272,8207.008218072633
-5.5189177777778,80.841740833333,5.8660675160054545,36.58995756851102,5072.861833462686
16.1824353394,-0.6197813288,6.136142225594158,3.962695965246811,1223.559905272523
25.2755101,93.2677594,-14.142814988852674,94.03309921314911,4383.902590392476
-45.5724956,167.7070347,11.886140710882735,29.26466446233503,14597.037557442463
25.280988,92.9818912,-9.66279396387137,63.948913471442204,4998.405576504354
37.067318055556,-120.43719305556,-30.314496253495157,65.4747499595486,19086.592514284526
37.017986668729,-120.8366077131,27.503050109200775,-4.189814652641314,10259.860117217117
7.0879285488889,125.57122483333,-0.9663830672746339,42.69535710795871,9234.931767582515
35.24802,-97.486481,0.9657032320695126,18.063621752925364,12234.353629768775
25.4049234,93.0594961,13.452956894490772,2.3915477314622122,9436.145614819301
25.3112339,93.3173785,-14.21951209341263,112.86586989323325,4879.428203997044
-44.695962085629,169.13298598862,4.115901083686356,75.75532304039578,10596.138585817758
-0.3823472,42.4966454,11.661745938361582,46.082608096923714,1396.578054346409
12.058009430764,21.622077701612,-3.153609167256864,44.19249901494298,3013.90992706531
35.155870899999,-94.6728168,2.642688917699127,11.636814003884801,11308.664807164172
-4.1143268589849,-12.30203210819,-4.105116169832021,-12.274491711527572,3.221612051692657
36.97636515285,-121.88510221286,3.747670154369129,-39.17734426708959,9109.444248989737
-32.649951475333,134.76852294283,-30.802120902255314,139.387247616929,482.6790970116892
-17.809461599972,178.7220628,13.204467908112017,20.56600049719689,17620.975567175523
-23.253570600002,43.629361300076,-14.609683606367156,70.39610529888118,2968.832578174292
25.4232859,92.9998359,-0.1715721974103221,15.354048980212065,8776.99835983657
31.920515,118.6675673,1.9606838818316468,69.26698935316854,6142.517019024277
35.2441572,-91.7363672,40.35629213057325,-105.69673700646374,1349.8145573296904
-23.21344182,-54.211324,-14.261885399210112,-46.334888508767044,1294.8612239887202
-20.932073427778,55.542114486111,-10.274406578314723,105.0955766996859,5415.797086532186
25.7155218,94.1071411,-3.0003898062483882,-10.781123602351382,11642.927631698403
7.068119219716,125.60922194027,3.6677925296588474,11.342807968727067,12623.408324475371
7.6629885666667,58.935177946667,15.237293161219215,58.874050445841576,842.2505468400576
12.495994932432,-69.932530674847,20.51974921992376,-47.20454098555606,2578.5258729252973
27.3604416,99.964780399972,-11.541738324468358,39.250975183029325,7839.895566851357
25.3136186,93.0958532,-1.220645104587511,-11.303666488204648,11511.398335160815
25.3091667,93.1316825,-8.623524006848754,-58.46940420379541,16484.416666637244
-23.7382725,-67.7934826,-4.687379934389974,-63.4330305597789,2169.3170825602974
7.138725005,125.64932736,-28.644234306172745,-35.85268677182532,16934.961693868754
36.977121150078,-121.87285502276,-2.497148951926752,4.825330714049187,13366.674408567962
7.1621640125,125.63093881667,-11.941004480020204,-24.296774463975453,16677.105004239635
25.3600555,93.2506145,15.401631518142578,-9.734777706500147,10530.592228105985
24.9150988,72.2752609,-14.894122987892453,72.6560160016726,4426.776075639456
5.6175725438889,-0.24607457194444,-1.1745225896772562,-7.670624258089194,1118.0967447147082
-20.926342945,55.525936193833,5.512682432656737,-28.645607172504015,9624.403928237709
-77.8464606,166.6686199,-58.14000104705635,141.3946125392417,2384.122846587271
0.42570429997222,108.94632479997,-3.809570188616161,68.81336889113864,4484.322561736493
5.1028069000018,-1.2639977000027,8.755740998588847,33.818426471714886,3892.1431073558915
36.981581388889,-120.55901,9.598202608740147,36.2608563504614,14298.681408632458
39.480827932808,-12.298261441382,-8.266623251513398,-49.26390840259169,6531.984995232561
40.2779877802,-11.7933163833,4.882466806668616,93.3830842254693,10928.01273720668
-29.040711196587,167.95824352008,-5.9089589438736905,-25.797651292916452,15859.522231795598
-20.935920797222,55.541530322222,9.759724060100089,39.40053792909562,3842.0624193308045
25.3523286,93.1481495,-11.934499185409964,78.88032049495104,4424.993297537507
5.3686298999979,163.0158901,12.948857988576679,-8.917993377890221,17791.88987621656
25.3930114,93.39181715089904,-13.230646984703782,-14.371644707778069,12397.835121087868
26.273519544285,93.131098860765,23.246182345545193,66.40249345626587,2714.928549447387
36.95254780003,-120.51532591315,32.19164646031643,-28.606359890914113,8081.447003176098
26.6998528,78.3684028,17.30300851217167,53.36412794219714,2774.8588520349986
36.976785351581,-120.59051168527,16.450796332138797,-42.551008823475044,7870.907614919118
18.30471675998,42.727510250103,1.3005908929368302,0.9664663170230305,4931.057863647228
-5.0137627777777,80.743470833333,10.389832863043381,43.736881979112084,4441.236538425336
12.24918031973,-69.051446107506,4.765667060748785,29.543150314474115,10824.685869093712
24.3238452,72.8602915,-2.516736938283658,-8.719968798553309,9271.90286217974
25.3447644,93.3717899,-19.914927140183693,-1.8031670643653566,11436.729480640828
12.492853865722,-69.925113887312,-3.3412389317403592,-10.713283850593978,6772.109251601495
25.3882399,92.9833398,12.552486752403738,-33.526962988562424,12849.838308941044
36.977068055556,-121.90567638889,10.95008934043442,123.10729917993824,11401.498412704144
23.4685053,-75.7174064,11.344399545351816,-86.78955675388188,1786.2072117540788
-2.227127,-80.91759,8.089095208101678,-7.084855665301549,8265.785597785705
-35.128744195587,150.07251407355,-10.166066789529761,81.98285782292216,7372.140409369206
25.2850653,93.2914635,0.23060252066324335,94.12090191232504,2787.354150551522
31.6432941,118.9916677,16.514287040623046,58.575406041876974,6281.357588273849
38.08276143037,-46.511597865016,38.08165758066412,-46.76154996420488,21.8772656830226
-11.273354954312,24.985066218172,-6.279869661060164,-7.993540651017452,3663.9906241204885
2.8053274378207,23.870960762747,19.475021235955378,7.615422414183951,2560.3402578526275
25.2634273,93.2088223,9.21461198935959,-66.83365781775635,15613.973370015014
-23.2785111,-55.5326917,-10.754303059442796,19.745517930710722,8045.751021550307
25.2789469,93.2423345,-15.612969304782693,67.1271203176517,5355.266248230174
7.1114000608333,125.60980477083,-9.993368875235557,-3.996625597995144,14469.525762569665
-52.253354283179,-68.934351626277,-13.84855685916815,-24.920628913324034,5773.5349064040975
-29.04117264708,167.96237675312,-2.930723329890051,57.56298854839317,11812.40670960106
25.4326739,92.7426557,-6.008052536991631,68.10922052052221,4394.006514695027
-19.0467370835,72.5752975,4.911435707916663,44.38593253892682,4076.9843316010288
13.62038550904,69.030255963277,13.47871366428998,54.97542543140654,1519.1997114232704
36.972621506828,-121.82026427632,-10.743205477469244,-50.071869486923866,9153.068643599026
37.05678259026,-121.02413686004,9.123592729669964,91.4066848576357,13867.735466092408
10.940413399998,-68.278404,-7.555636077322935,-5.519448721986211,7242.140718649291
14.691149900003,-17.470594599998,-6.885645366450085,17.738657084106297,4563.60031441353
-6.2901198,176.31460999997,-7.6622458743515,110.70186339969443,7236.512685444336
-20.9198452,55.5284266,-7.252772919640931,14.202273725830494,4691.279820769209
25.3166617,93.0663941,5.7070391630104265,69.86161422321634,3294.713392506443
-23.0383019,-50.1925433,-7.4163517774860575,73.60088227361975,13031.654346977715
-13.331731644456,24.844191337131,7.686777952607251,-20.88184651238346,5563.5472278896505
-36.888761609382,15.852724163759,-8.133777930130622,-21.70652651608026,4954.3357034767905
30.548556522674,-81.81868342931,13.53151484329875,44.40419952826726,12462.413003370748
-23.9676955,-65.4588478,5.5287373985082295,-12.175004745759882,6637.637162807747
5.3687306348963,162.98963057657,0.826564720684822,140.24730984064533,2574.4466791806226
7.0754853659148,125.61097763033,14.812329098056923,-43.46590124802829,17299.613378462087
37.017913055556,-120.54519805556,8.87454659178086,68.02698874806359,14834.341486975789
25.4281438,93.3166783,20.253268150134215,9.368302963904313,8476.795652362905
15.1216634,14.912112047037,7.667335021307917,40.22743187529927,2878.2985148226103
30.5845798064,-81.831409312,-12.730051993197431,-42.3188052577603,6405.715256422338
12.527264622042,21.716979537162,-5.194938689411839,-60.991525505882784,9345.377079664002
-21.2062368,-159.7921124,-3.168129517736821,-42.860152620487874,12640.617369263118
14.8109518,5.832023,14.271140205391807,-2.9615148798981026,948.3146883750469
36.97789177956,-121.88490511809,-2.1534710040647083,-0.16722339175907894,12926.475208837419
30.5007658994,-81.7899612692,-5.2250125702972,99.91740891549364,17198.872520461635
7.1111036666667,125.64985484667,-1.381014055089364,94.59714828711742,3572.340755866307
25.2657001,93.1901973,-1.2836742437224675,50.30121651720625,5475.533145841874
7.1131111716738,125.62093714735,16.65921772253367,-45.433142189601234,17194.525383357264
36.982054430194,-120.51040460275,2.306610207673653,-51.14579746083707,8029.550342389485
-20.921701077778,55.536390044444,3.0582451727908713,46.777792554823556,2832.1316636736315
7.1795073778383,125.64391657993,0.648220455104151,-8.219947311072762,14824.366562877374
12.210986469865,-68.997885262273,-14.809516875459163,-12.766488351296289,6881.940303699762
25.6512483,94.021443,-0.21512312393645905,63.215139052148594,4382.178714615364
36.952360591706,-120.530108566,32.96675011373975,-43.48614382241001,6836.464892529225
5.2698238483667,162.97713537546,8.860103796004719,13.896168426120191,16244.617043392533
0.33742999999998,108.96391442865,7.63751224669815,26.243295676263514,9200.31946344171
36.981375077394,-121.90781822665,-10.280515059127607,-76.05863614962097,7103.9717819593625
30.6547162523,-81.8769828617,-0.7539173106116965,-2.753348276157355,9012.177037402469
25.4588798,93.3888851,3.473887480504738,15.185354324778444,8657.69909157136
-23.4123361,-57.448175,-22.450862449116556,-48.2597205370802,946.8492526493186
-45.920304278665,170.41144058969,7.225422374848795,86.08463162488233,10148.542621383425
25.325154,93.059755,-2.914609802526838,-15.634079294940973,12022.902466528101
24.527093576417,43.601311831799,-6.482899235199637,40.26798339526768,3467.0197178665194
12.247684887665,-69.036460553304,-2.104804548893946,5.469384463318836,8377.361009053024
25.3194171,93.0187313,21.220759791218796,22.615611531146563,7123.205645538963
36.97365651474,-121.74154825089,-23.21446410615786,-9.065187871346984,13492.566889472382
36.984481043259,-120.52721869947,14.298692155280728,-43.71652527702273,7897.347547592907
22.585223557875,131.76154777249,-48.78696094927513,-34.96764405673799,16875.301819595235
33.103692833306,-8.1914285,15.724126520821972,16.1732025443427,3119.0732159295135
-2.228743,-80.926077,-18.394529519751373,-48.09816268373229,4002.8017505384614
12.230441138338,-69.026345755884,-12.871607099009083,-46.443594096425294,3740.965366677122
26.16823147127,91.764938384435,10.118543611592075,48.510465878233404,4877.525055550302
12.370033286732,-69.152463065173,-0.10029167556600983,25.83733684520138,10551.868269334605
32.014828327425,118.7772398353,-5.719224950518774,92.84490576619082,5014.547981463639
-23.043791666667,-50.81515,-1.7307385051773239,7.41217982998327,6700.085001254769
23.78156,-110.135434,5.786251696226772,-3.5588253698706325,11414.764034485017
-54.619952777778,-67.414733333333,-18.891448996960303,-0.840212796377262,6805.018314464645
9.953613303532109,12.037215294097493,3.163174767232632,-12.121920765308367,2771.728723390166
7.0518755461847,125.55510891968,12.269723836329806,63.996944469724966,6759.941462324419
12.205291620007,-68.990656209987,30.614370216648254,-79.77958379010046,2328.386952659509
12.231238899215,-69.027442799462,-6.943895343127481,-54.94711677558246,2639.9222872088562
7.1329604785408,125.66170162446,10.646485983088025,96.77746821085493,3195.8102660042296
26.7210389,78.375975,24.818323832390714,82.33647348358483,449.4555893800068
-23.0375525,-54.191813243333,22.20829986170366,-40.415994172894905,5247.380315301307
-51.834501420538,-58.289354898405,-8.759300950222913,-41.1379848919834,5037.994468082284
37.056946260434,-120.82693593522,28.998087245163568,18.51455449130656,11534.389977931549
35.219562697718,-97.487441509363,6.028247639200233,-30.519318572266116,7535.006366026561
7.053749825,125.598471035,8.353291885699209,-40.945681098596935,17743.551727138445
25.3423455,91.8895624,9.287977831128494,110.23233420932607,2635.010559145955
5.1076762246475,-1.2524351662492,5.829531845785688,-3.6054035598874776,272.53355439815675
-2.226944,-80.936413,-7.587150659507013,68.24124864303926,16425.9550167163
26.5286556,78.7752389,3.887136877181741,-15.281669997595193,10217.021888003886
7.0736910658083,125.5733867103,-0.8706615089112023,87.46981861275907,4318.348945620518
7.0690269594595,125.60204793393,-4.415225262988931,-51.21079620708862,19555.311391861207
25.2980781,93.1418133,2.3515763274375296,37.44672457523607,6473.8305701109975
12.245036346108,-69.061529196407,12.338167105836398,-72.5916198869714,383.6671527192356
7.0804618455949,125.57460410854,-5.315244382937098,77.31321109783563,5529.667114157803
31.6412511,118.9802625,-11.151747679477753,108.32574066856284,4891.9087789169525
27.401689999972,153.07596,14.335650291424466,56.40777944386148,9917.887198633214
-23.3103275,43.6594732,-13.095049359652855,37.56553449137372,1305.0296933422687
25.4089238,92.8557208,2.4940452175114305,-3.511193576821399,10526.727789657967
7.0949408666667,125.62633981333,16.829058772523325,39.3276637811396,9388.090933559102
25.3600378,93.2223175,16.618240112757817,20.47990731383049,7528.458186740261
25.3547247,93.1688585,12.09335260821742,10.273828987600771,8731.146734191538
30.6284458901,-81.8512189731,-21.308301916273884,-12.710705882643836,9367.32248794676
7.0837750233333,125.59568502667,7.619150693362139,47.78994202196655,8567.47766728861
10.165262866667,69.5354492,9.133291836707558,51.26105494598042,2006.2852419218505
-20.937348252778,55.525320741667,16.964750669725614,16.770430929971514,5968.281628636758
-21.204836,-159.7856135,-7.698793544357432,35.062924132853645,16415.394865707298
12.272908223201,-69.063698921746,16.191050487332312,-20.376233806753305,5254.262499521222
-44.7037852,169.1492785,3.5290682847450556,136.24102589399303,6279.931340150843
25.4716806,93.3792502,9.145564046319382,-45.350584363168764,14119.785862093251
-4.4893256,145.4218194,11.339538428328797,57.08234487732402,9925.135929061691
35.2277986,-91.7083128,3.1662508582784645,-43.394839255808996,6110.162178708997
26.1215345,91.7871537,14.707578166160138,23.543160077175965,7149.738323789189
13.2568357,144.6769562,-26.13272884573403,24.81335270281814,13612.518401517384
35.2242878,-91.7413514,19.819170758447765,-21.01715902665847,7039.082421722076
14.6607279,-17.44161631,-6.797531899377865,58.55074845743549,8707.991633711707
25.13812028662,55.427160639437,20.157498708675615,51.571058391202016,680.5499779813978
7.0644814433333,125.6070861225,-12.906839766046957,16.576273026131126,12237.38267554981
7.065585582756,125.61355146382,20.927681529072846,43.0962794048278,8953.766411726472
6.3988614,125.2295224,-0.5707839404770253,-49.3326651519011,19129.698182847776
25.1371568,93.0194201,4.405233335092316,-24.1882482590517,12491.382162681688
-33.78272263875,121.78755508225,-6.066356310624418,90.68961759153389,4443.466108578857
25.2563295,93.0035318,2.5134636835880952,108.25294473543154,3010.265652848984
25.6540875,94.0182227,-11.360713000412492,34.668228753450585,7625.396417172573
25.4093448,92.8311402,-3.118838284618634,25.56511743620326,7897.269949158958
25.3348686,93.0593641,1.415133502984011,91.61585065147652,2664.2552528384053
32.482235299998,119.9404053,6.586758484411634,-63.42831151366984,15656.196332522954
25.3382871,93.3639343,-6.5675032856545075,42.01785714995836,6584.001352895746
-15.314032333182,-70.216872313636,-8.330365892755832,-3.7530026958923576e+16,14239.911725685737
0.0,-180.0,9.381363218365358,-13.781848850871404,18166.967043457636
-20.3502867,-70.1619382,14.73340711923788,43.78204635325248,13027.358476426221
26.939457,95.2482529,4.960592792772289,30.438381038146538,7265.766538914957
25.2746007,93.2707274,-1.1023200667084505,24.984685821149366,7890.038641156183
24.6279222,77.2239417,11.54314359212129,50.004187032484566,3214.3216652835913
-23.5763127,-65.3974436,-0.5002800352440607,34.78058183299288,11021.357013228178
-32.411095995338,134.44192829254,-14.90901519843811,72.15023159203322,6544.2203143126935
-15.181928353753,-70.357098071418,12.632952914747488,-52.451226144791804,3667.3929160586563
31.9187383,118.6654347,3.9678782600807985,135.57811741947953,3574.0927986817505
24.7408597,72.208908,-15.913778540070574,-50.912123961682155,14043.724324067705
-23.571215363172,-70.380314870283,-13.939428818231137,93.16199930589435,15476.371725317451
25.135505,55.443678,9.628751117857055,11.576508221796406,4936.52552399147
-20.9235712229,55.5291107993,12.856232456305937,7.95782999509133,6411.641230592703
24.6097293,72.5091502,-27.81650037265506,-29.654124132681588,12379.406917445864
-23.399413888889,-57.441466666667,-8.226704386611972,5.453018789000562,6885.3441407356695
-23.52144943,44.32332319,-3.0534814495790874,-29.53328539173028,8227.102636451744
-15.478115688,145.258310696,2.0274187533523134,115.6497068236886,3793.3049563820273
25.912048300002,91.8769488,18.207990184770065,55.2087227627693,3861.3253449556964
-37.151809664469,139.80956015468,-35.85818098678575,141.10083830709004,184.41767718766764
5.2240501,5.8345000999722,14.704179907033957,22.930074703611353,2146.406330416229
-22.938138892371,-54.10042757088,-5.932170507797554,-53.34139260183691,1892.7275123917786
-20.935441541667,55.532459711111,2.2557555582996454,51.17012772991138,2622.1395521677146
-63.890316,-57.593372333333,-0.21177743834411242,30.407240542177487,9888.569766468661
-33.424931,1.6e-05,-20.238317015295404,12.427125598465162,1912.4080187491936
32.429022,117.497986,12.77147679415323,-46.385881524683136,14704.765968755679
-20.926957552778,55.520573986111,6.108891267231576,74.55304852414882,3654.4143065114886
-15.421932135737,-70.145574597276,-6.530581336959598,-92.13423913047043,2592.951670555941
27.945975,179.8463067,13.164012572249417,138.61423925236835,4569.565493627628
-20.925073486111,55.51792665,11.876543707299628,-25.45357529033627,9561.614640221407
15.167260463795,120.57198416479,7.380486843697928,-15.013314105770469,14516.321215571641
7.0750212,125.7068059,0.5981896137986238,50.93785140815974,8318.739231472216
24.0649878,90.2153835,21.382670414843954,43.79086725840541,4749.613455437688
0.0,0.0,-2.5978741274968526,21.789062630370804,2439.1605899739875
25.2649047,93.2097398,6.034142826156016,20.46088882546951,7988.904093698635
26.1708873,91.7555083,-21.365858951689123,53.01264512729077,6736.176256161399
-20.641895700001,-70.1807164,4.149403653920826,-30.172972897775406,5161.394451771893
7.0604694999722,125.58789179997,-3.7380958234173467,-76.86888167059095,17502.283286073667
-13.090814501309,25.265801853676,35.449243704613785,-21.752484365873254,7318.954433387343
6.0623225363333,121.02501228033,11.132605960344437,62.133277477251674,6490.003699472084
-23.4139056,-57.4391639,-11.218721523454388,-89.24811510805677,3627.4127125451196
-23.0355615,-50.1952967,-10.667744549812726,-50.34213624811747,1375.3268374462991
6.6438383,125.3204084,0.15329204564022453,-13.879347630913543,15425.94543194086
-67.572003333333,-68.129756666667,-56.93611940192456,-28.01423700942903,2330.253880450962
-23.414630555556,-57.447038611111,9.683894832149738,-68.35883331395743,3867.0308956624444
-29.050939339036,167.97615698799,4.9518710960054735,-92.53261380972866,11196.430437850526
15.1669291175,120.56863418333,-10.54787177472657,61.69472798504298,7086.511524279037
34.034012812066,-109.91828271207,-22.571600022588562,66.09998791293624,18682.60623363355
-23.8453289866,29.3964301888,1.7981113910398672,-39.965333406546385,8002.557965994549
7.0880320938889,125.57079373833,6.599573733975812,11.907013976331195,12501.13628794243
-20.925321008509,55.519126762095,-17.624094981114457,73.6738654126003,1939.378365444651
-27.092759684074,-109.3809288,-19.303210879358772,-103.53032975488242,1052.0844931087872
7.07549656,125.61956604083,11.10153625541193,55.269901365241154,7721.355607256024
7.0856918,171.372668,6.706436811485549,1.536990233015937,18111.620964592305
-23.040694444444,-50.814330555556,11.65728029226056,6.477526902750424,7330.643285226727
-36.581907017867,150.01136401257,-10.616105046540207,-19.001559453430822,14642.404463635326
26.5324111,78.7645889,14.65558210198791,7.119880042180307,7485.560429911558
13.582127159628,144.85558587899,-0.3886570545649992,86.89994011717116,6567.226809713871
38.07065375479,-49.88822888945,38.06220646097931,-52.24410432888143,206.23788218612174
7.1479132,171.0312732,-18.343382966905843,3.554148309252008,18174.651097270493
33.976059291625,-109.84228854801,-12.161303412858022,55.68555880336855,17180.829354570935
-22.998853093333,-54.190272333333,2.9655354720307328,31.734954713753698,9720.057536525757
30.5664857,-81.8335613,-23.75195367323763,75.76491777717617,17677.882226321202
10.3579193,50.1804859,7.295477814752354,7.752178958563896,4671.117058541682
5.1045711,-1.2507924,29.304812422223385,-6.153027326375737,2739.906234181676
-23.4143833,-57.4397803,1.46086047382774,-9.418581066946704,5880.291524622712
-6.7918987428571,155.715277325,3.415979577900848,75.34893519995826,8991.323765702433
-33.727932195276,121.62311758766,-2.6360041379702923,-12.508399843730281,13740.38145946136
13.4772331,144.7495761,6.344930691093145,47.23814618688354,10649.483318329287
-22.927298533333,-54.49202541,-7.465045162741293,-21.983786208835376,3874.352399262032
35.2332,-91.7521139,33.874487034159635,-33.2952332101698,5275.373896059306
14.698402199998,-17.471813,6.446730545067277,60.6482973980595,8552.837585595546
15.6658955,80.1679584,6.321236265991726,57.54414630229923,2675.8220375792216
34.713293374876,10.401528527607,-0.09773022061591703,-8.077650756031199,4321.296313523078
13.3018966,144.6592716,12.653223971125673,51.684061939303405,10000.441243424546
0.0402638,109.23685559997,9.50125779064118,25.470318541106625,9323.216077688472
37.028234782338,-122.03940141747,12.482144649225999,-81.9751228861293,4824.661880104564
24.6242810413,-76.1555572227,-5.519531032757962,83.76636208661749,16997.75761865555
-4.9660237486415,-14.860836405578,-4.8340441782320624,-14.465887266386407,46.15128869408699
-23.56334053464,-70.390960173433,-4.933215371135352,-54.166582968215295,2704.696925948156
-23.558376369718,-70.395132606554,-11.285018194477347,45.89679786500879,12082.516215461572
-20.220628126238,-70.151591808016,-8.026323224149662,6.820651282174155,8346.878779411536
37.066491897,-121.978849293,-8.907546097537303,27.677780531354898,15643.248461400311
-23.8555868436,29.3859861698,-5.776853410446023,48.86930372352007,2894.938734414647
35.2294831,-91.7071078,8.838198411645955,-35.600082284644685,6382.884995898701
-23.571073805763,-70.390846289529,-26.959931298805422,103.5526751970806,14358.753390893895
-22.647627,-152.8052988,-19.19021765026519,81.50707311166352,12503.986532366433
31.6528539,119.0112359,9.576025570465065,11.124744388939144,11099.146527724813
-22.764423399907,43.6199496,3.5098227465973584,63.822425904620715,3653.1199841407783
30.551521164488,-81.820821426009,7.840487223856342,75.8596429566756,15127.323559131624
-23.782973299998,29.529656299998,-4.194113971341504,-55.47189979405525,9311.658686998762
-23.3930056,-57.4462111,-33.847889092590385,8.486258534843344,6433.648664780333
-15.008608190692,-70.389367592033,3.0754383491056565,-78.44868962523003,2197.9790036664613
-20.287733283165,-70.104071039764,23.9522367938643,27.21631478609977,11617.28145838631
-23.560040727888,-70.391096666177,-0.2760240581211587,-8.784365938972915,7120.503233104757
22.656196830701,131.32812374948,20.79277501223873,38.75023382314226,9382.574546113437
-15.8243648347,-70.031711742615,0.5765243459451812,17.5133991272921,9762.431275730129
-35.514926755141,-32.608901750955,-35.618293811665204,-32.620436350108335,11.54114605490432
-16.1471696,-38.9626693,1.3352487017087544,42.13183369768531,9098.652038584305
32.3806630634,-64.6806394961,15.450314409440566,-32.33416715176552,3765.6352021757148
0.069073902352942,0.40729383686275,12.050794281940439,37.68373411076567,4323.502321749708
15.1498291,15.875706119097,15.149829100000002,30.431415065016836,1561.9817802311552
31.7885523,118.9671274,2.0225490690962515,38.18961044544865,9017.751026670485
-15.369837329167,-70.168149754167,17.262230509018025,90.82663810075896,17976.878767673963
-18.470601977905,-70.286741497878,-8.473964223778285,-78.8789664614241,1447.82886834672
-23.406016666667,-57.444983333333,19.761286140246582,65.50454704393968,14139.67060128881
-35.300490399249,-32.584973069108,-35.36911793273772,-32.59263112880587,7.662587226309142
12.321931168508,-69.141650769924,14.292739569257481,35.83705975693896,11238.456976408885
-5.7986751689082,-17.338313303206,-6.368358232662471,-19.04169263644809,198.70708835163606
35.2496608,-91.7404781,6.3240054012508,-12.350698989221167,8639.890163968896
12.161697961671,-69.003645183009,9.055489141326019,-48.262732215063515,2292.3028554188854
30.553558333333,-81.792669444444,2.627023439277135,9.817731458329199,10013.125528356564
-9.4572040523428,160.15096300499,-21.62382619016743,101.32007271198476,6409.916538223378
-43.7440258,-176.2740508,-3.9770393561733606,-49.053032804864564,12546.046739516032
-23.565639902373,-70.388394456949,-5.071713940375067,83.44576364496648,15749.438170548266
-23.3958222,-57.452475,6.7815741413780115,14.083271194125219,8451.935906732886
-23.586493443549,-70.390179361763,-9.7427941652248,83.31227624880796,15334.44935880882
-23.590816135033,-70.39110581451,7.103175756369899,-76.46238906224315,3476.152630029033
-7.1168608027612,-21.279750760175,-6.555792808926949,-19.602130893888685,195.4407811474103
-9.4246195533333,147.40237422278,-14.361655598137151,89.4993948887571,6309.361448212496
35.2479181,-91.7542314,18.44468328624487,-5.623264084316972,8497.09333122502
-16.286269999972,-39.023334099972,-4.233008333092919,-4.061741574186825,4044.1601807667803
0.83739966057936,73.40948160929,-18.97088751099336,91.09711923688296,2929.529198958951
26.1970408,-98.296833447177,9.735767576518866,-45.22285890947392,5860.193288337374
34.004307676484,-109.75577028998,-1.2685583777571363,18.615962854395587,13542.848085319485
-43.7469653,-176.3705522,2.168378453456513,-35.85913214360416,13975.131878135722
26.6971583,78.4120694,30.03023480801414,-26.868740809407452,9873.769720572065
36.995491388889,-120.57239972222,12.465587360019477,31.254811017641806,13775.733027887743
31.6356593,118.9743126,-9.347569659258806,43.62473199014332,9194.410946563477
35.2305339,-91.7922503,-17.785666345738413,32.08378392646725,14185.303909616303
35.2479511,-91.7119647,12.785062512024629,14.37683863318315,10600.87498282258
32.385124499,-64.676198177,14.36379189955028,57.460163686208446,11964.027762342526
-14.88893538567,50.272758142679,9.823374906408489,-30.47204044539895,9309.699884591013
-8.070801,-79.04564,-1.0130582907225747,2.182730186327793,9026.069571299196
-8.066857,-79.045182,11.09891393820297,-28.580888094849485,5975.552794162379
-1.0169444444444,-1.0169444444444,22.127036752919196,15.46591049101802,3133.621189435578
3.6186697191667,26.159031058472,7.665555832180221,50.448476530934364,2724.4231090494227
35.107224820163,-90.581351962905,-15.061421187449282,16.435013790350833,12495.250587909908
19.883200411511,41.330940328896,13.833129272746897,-3.074889591129267,4759.925133579808
-32.56772407688,134.28587637006,-27.589122372129697,92.91228999618104,3994.457715233651
35.2408992,-91.7341764,15.462488197896798,57.25560188621198,13497.715319483721
-35.123715475833,150.07969206267,11.326445020504611,14.831827779792304,14793.57293618006
37.090186114361,-121.11680966477,-15.31185382375504,82.79866861216031,16635.48793479378
-9.4410074517065,160.0845352359,-11.309839179202413,70.93926398616307,9710.55659644774
37.000910975,-121.57499341667,-8.48874908885821,-4.031303397018841,13010.572428104992
-8.067898,-79.034266,8.322255509793607,36.53511196752963,12932.49985831725
-16.812569535081,179.28838025985,0.26553596146488,110.24675323588751,7790.177940052805
-44.67882686,169.16112362,36.12150288703693,-61.726206151181096,15675.355344847783
-32.755375500998,134.6393113024,-0.19079024076920012,51.26829222147009,9376.519226834624
38.08016692846,-47.235161655966,38.079509351019915,-47.41854915842315,16.0515805992829
27.945975,179.8463067,0.35231348464031664,91.46989595045159,9829.702938872213
35.22046490067,-97.486467713552,15.562156715035231,-24.7325049739305,7468.61296076463
-67.568213333333,-68.123738333333,-65.5959188100541,52.61161419491523,4495.854417469932
31.043770300001,28.4152128,31.081958903433428,28.108659633600972,29.506262179046285
-6.7526764401735,155.69334267742,-23.75500396338134,144.22364846446396,2252.6121273389504
34.07481252,-109.86306175,-1.8332379709131252,-42.895645241251245,8026.305888999147
-4.1604967901786,138.98135080357,-21.488750343531887,103.32326796000791,4301.346950110187
18.066656731996,-15.916271306419,7.294054799561056,-17.001920796860766,1203.6150102795625
-6.8045285989418,155.7204090173,6.934073221591115,16.445877100485923,15520.531337921559
-9.4389507589219,160.10443376208,15.692791254706949,18.09411372868154,15839.802952476477
-43.742728400528,-176.34191538226,11.044253139126615,25.68214747982451,15808.039476702195
14.6926512,-17.473915,19.08398116064235,53.75432598420449,7544.145503657481
33.998344373957,-109.74997060835,5.782412270360221,11.899494814777437,12466.65230002065
35.2350278,-91.7735594,-7.6624142062778455,23.192212548664067,12759.174783502222
26.277415561404,-98.169476010397,8.132244992973572,-39.70517563206226,6472.033989725351
36.97479085287,-121.82391601563,-12.75013742888656,-16.578589828586814,12201.740882172908
37.030175426489,-121.7851112805,11.893060605495329,54.05365144053033,14557.687163699811
31.80736,118.575217,-10.267092807196425,-12.19117366836426,14431.965370838463
35.227797556958,-93.97266573631,7.645465086836488,23.788812754204987,11951.169394801169
-37.183538639396,150.01135792412,-23.923254693367266,63.7268843608309,8117.887949937599
-13.6405892,50.018783,-12.390656399474846,12.67572716263293,4044.1902391006747
23.5022494,-75.7697986,-13.580992771133326,31.50812380133561,12342.82444799907
14.703587571578,-17.47459478092,-5.641955147692237,-59.418915956126774,5147.30348992633
37.076209722222,-120.43562305556,3.674231789143859,16.759934888564242,13683.634214680053
-29.041301789473,167.96368911841,-21.584121672363764,-16.67705441345106,14363.86135073678
-13.208537578583,136.89821052551,-19.712052207127083,66.81266838406097,7460.351570812391
-6.7276256,155.6349232,13.882547193782855,38.45853045915704,13113.596648492003
36.95247018536,-120.55000004131,33.034426090573476,-44.50036243837662,6750.675162693189
-4.5752210481667,-55.927467816833,1.8859412506315876,10.163588988210808,7377.781374359997
-33.872090307463,121.8909173393,-27.950114181490996,107.33077019062804,1535.1790833848383
-67.569901666667,-68.127576666667,-3.240439030150428,-7.732938100523638,8460.50417500736
-5.9676139918495,24.73725271348,9.862686792611306,51.31790904077628,3430.4522508154114
-37.259337797469,150.04807442732,17.5479997164356,-79.79891043242033,14701.326014414413
35.2310642,-91.7073739,12.838731950378069,-25.774318022627362,7012.607641806531
31.9341452,118.8751311,9.581963593647561,36.45886767948371,8734.534692508803
-36.772232825823,-59.816982758126,-28.25525930947028,-56.261548736292895,1003.7781087437506
31.6828015,119.0130086,-25.775901909167956,-96.12744485639537,16541.665668987334
-32.736462167667,134.77828921533,-6.656040375528548,55.845227732783876,8574.377491751615
35.189633577655,-97.488549482612,-9.897080034649703,-45.14112878342526,7436.053407546058
-37.337603839149,-59.11456033593,-13.66113093355054,25.75409345323759,8644.319972831696
35.2398986,-91.6954422,27.668762101004678,-97.79179342855814,1020.7976430424263
-14.1439936,50.045943399998,-8.403311197073638,1.3827270825692424,5335.940443723062
1.6361229252174,0.90355836695652,8.277651051711015,51.68017231318986,5668.539684931598
26.6893472,78.3958639,28.66314111689284,73.98930105902255,486.2175784434591
35.2504164,-91.7703903,-9.442785269151706,78.66753710228492,16985.73770089682
-33.816979316017,121.83648421212,-8.476478565094139,43.59424884268418,8401.095524184864
-44.7031091,169.1481888,-42.90996871017416,128.77128962844853,3212.957918034445
31.6465925,119.0242493,-0.950028478914394,-33.09390500240967,15518.232542177246
37.011661045288,-121.57085018244,13.092640908805464,-32.495049731992225,9055.30522058494
-8.0712174999722,-79.0059901,1.8649032175377065,-54.795531181429986,2903.116938881294
35.226255,-97.481417,5.533592734840497,-37.100753448842404,6980.369588197248
37.090726152727,-120.45512997131,10.86003022652082,-45.219847298512775,7977.490696057667
-32.748654594174,134.51427916104,-30.602277020747355,5.1089286337332025,11187.523916670585
-0.54164259726368,166.94750134861,-15.512401325011567,22.397643305082916,15731.775059215235
25.5026362,45.9983265,25.551764218390844,45.893090121355065,11.888805801144985
-17.59760865,178.25153416,-21.120691802482018,112.28042692618659,6882.99771179192
34.030460508788,-109.86925833747,19.986787583936593,-35.34923879390675,7391.644144305675
-28.94679311032,-39.300779446802,-29.180659168255833,-38.99013230786951,39.84781087719461
35.2442944,-91.7050972,2.1888581692599787,35.761394409078385,13156.567515052508
37.027611319848,-122.02449014476,10.598286324993724,32.757501947279295,14100.751438050105
42.559008333333,-82.163377777778,22.866745199513236,-41.09683434866785,4363.1039078570375
-37.184693828776,150.01516515336,-20.083167277183893,41.206017887622465,10222.360180470238
24.0233815,90.2885848,-6.357971250035557,26.44923787817544,7694.4682178886005
16.101831899999,168.1416249,-3.549343074346123,-11.262665409286809,18617.795191049
26.209431271543,-78.126289797348,-9.173227629198244,-53.78785844457242,4732.288083516732
-0.54199540552028,166.9137656537,-5.810603593512974,112.91598697407233,6020.7125533027465
42.582188888889,-82.397625,37.19264501499075,-51.189901871270436,2712.868010943227
-33.862253267504,121.89370373769,-31.375898029335197,125.91310188625418,466.9885906188407
35.186269101101,-97.490938954052,1.512729087594477,-61.81543691279821,5253.215057269829
9.1242454097363,5.8018835221095,24.47422303660076,0.3315109436763835,1802.7162028934479
14.772873333333,5.8224316666667,14.328974243592706,49.333665476876774,4675.782301431797
44.2931784,-105.2407044,-11.450543077377338,51.801994244488334,15754.500067099836
44.115067870137,-103.42558429996,16.55952426112107,-62.62101732146011,4892.94898505557
34.2564945,134.67930659983,3.08078972018313,20.0845615916,12037.417985328
42.540702777778,-82.166966666667,2.1445546293129762,-24.338473543444447,7264.741216687662
24.9723433,-76.1836061,-27.565705374218698,103.42287129493056,19724.0614915537
44.7490122,-107.1299929,0.03992654109421094,-31.204555183914547,8898.496688467281
5.368861,163.0145351,-11.839922322605457,163.56570549750882,1914.5000586178667
-29.052318386846,167.97942947511,3.0228152462058393,-44.13013534787833,15557.286525234365
42.5446025832,-82.8784473376,-2.909587320676266,78.50468919782398,15236.215246693444
42.420508663556,-82.943127834222,13.720944559587199,9.635552759668405,9191.499387113901
-36.507694,1.5041827707184458e+18,15.399725664785985,-25.913169276714935,6299.92504712742
42.4280214,-82.9579972,-6.009639598093348,-70.12262796135569,5540.557707030251
42.555339008167,-82.899637036833,-7.6469732820342635,10.881743740387824,10890.475421277573
42.418363628667,-82.954365201139,3.4834373101126888,-68.58079306420665,4558.168526223911
42.4632740004,-82.8990323465,-33.50200021949646,158.16180808104545,14687.780163183987
42.404765592778,-82.964413005444,12.164927595141364,-24.42448994349819,6532.305036418058
25.3810067,49.2165426,25.337083525066134,49.09506131689464,13.147319945015816
36.990348208518,-121.38367353548,19.38096200230931,-27.681236611092892,9041.758699454018
42.4204442,-82.9833808,-0.8713377662638372,50.9078917043228,13506.439605332767
42.433958487778,-82.951999010861,-1.150288024316709,60.2200375051055,14140.76078290472
31.191734899999,27.4662472,6.580884132574601,-27.433709513547626,6312.574916191921
-37.3154539,-59.1004386,-6.9051354157896885,-81.13853007998564,4049.20658134265
42.4422868,-82.984493,10.009915964452512,-25.939611116555024,6578.415511041002
42.538955999972,-82.950924498528,-7.304790038305628,77.51997828558696,15654.358916122153
-37.318478,-59.0963849,23.37573733166,12.8235775767702,10096.61330845266
32.3695520125,-64.6531316824,3.3603369507794807,0.029619297269407967,7441.676766804118
18.428482819133,-77.947127215167,-4.199993286332099,27.91967591469498,11827.791013350821
-43.7422528,-176.4825608,-13.448332132149877,-7.2709955099045205,13562.084074233038
7.3917733119792,51.936923922812,8.835396171597354,12.238996039624201,4371.020797424124
42.582255555556,-82.400016666667,10.517503939968888,-90.59405280418952,3653.170131062713
42.4336654,-82.9850232,5.226832169957175,70.36089562326957,14070.859302096213
-44.6849824,169.1789408,37.593269152948054,-76.8772594775502,14579.778318984556
42.427185833333,-82.962631388889,-9.452822215004232,15.713610840192107,11424.892401925528
42.439527158583,-82.919981964389,1.380173845616156,68.9325471761059,14384.828467774654
44.3258406,-104.5014123,-25.30471309295427,-41.03983053285893,10069.36364045253
42.4092025,-82.9508603,-7.084124042255968,64.41650073990625,14949.588834022
44.951627018742,-106.94542961162,25.841386012786867,-7.190358352247313,8724.471476706873
-13.6421535,50.019292,-9.745083388314589,25.163134149003845,2739.52558337031
42.423764899694,-82.928815231472,-4.946836226624373,-71.68254716317612,5388.598410491965
42.4134492,-82.9418375,14.009185317018671,3.745416044840945,8694.312771792562
42.4086063,-82.986214,-6.642677093143014,43.836384509757316,13473.4073082999
42.4232215275,-82.982395583417,0.07385567596170456,92.43191127217968,15267.384655260636
42.44916,-82.9878408,10.59306576021914,-12.095179741040377,7651.10034952764
44.100744166667,-103.56043194444,-5.025035622886432,96.77601452344086,15237.166260472173
15.1498291,14.850119558485,15.149829099999998,14.838666317776815,1.2292812028819353
42.418391192278,-82.950761093417,1.536223909472352,53.87094636706976,13492.032081690037
42.4619029996,-82.9039412602,8.054863040324197,19.325254163386916,10390.861356812049
24.798166372928,70.20590548813,6.90422890369801,-39.26183015996778,11616.922570242315
36.963890064542,-121.39493783947,-7.279609294311194,11.805543160526335,14257.97909463969
42.398054976861,-82.934462702889,-4.542562477061273,18.297517111918502,11269.547425491195
42.4196097,-82.9933259,6.522475867193515,67.50867578718511,13807.819432569775
35.2318183,-91.7528503,34.913849352142016,-56.46946465839267,3193.9697064078678
0.0,0.0,7.043708634201097,45.128634546421765,5065.765160518177
42.4205290635,-82.982580119361,6.4198884263848655,63.3040215161798,13602.41980768832
37.025226178891,-121.52581026183,41.0358754367141,-73.74964178847986,4099.283367490815
42.4137269,-82.9502056,12.79000053584423,26.028650214916453,10548.675594960918
7.1617182,171.0372813,18.247507687612877,27.80198897146655,15090.515810942763
42.438713888889,-82.30705,32.555405794476606,-93.02547822754694,1447.3281218969466
35.2487947,-91.7646333,31.146044439210467,-63.75471379458965,2636.8096477468816
34.049497288399,-106.88751138133,0.294536935198582,-79.934430748369,4686.5530039374535
3.2333333,0.0,-0.5773492990902154,1.2054244977219115,444.4047293872784
23.9989268,90.3450546,11.408153827001053,13.16680611340086,8204.952807667565
42.4281331,-82.9566178,4.649031035654097,69.21212309129379,14074.796829471814
24.6237,72.738151666667,-22.407139605243998,100.63209607709173,6034.60212284858
42.404793854389,-82.949688956306,1.315548201447803,55.73154753788734,13633.810615520231
-25.237393956924,45.792114334374,-19.689119578692313,53.34116002454435,990.7192250573661
24.0254894,90.2776186,1.4731233172487748,20.95563528514916,7845.480241601984
0.84596766127437,73.410531649919,15.252580452317629,-2.4763675241214833,8469.29554679502
26.3247036,-98.684004299999,15.497531977850588,-89.69814793364387,1522.0569690616628
-0.30718620734865,73.428749506012,11.749190351173814,16.214371684765613,6455.814126158783
-0.54082728994709,166.91226919728,-4.295251522213651,128.3862769908979,4299.4702868526065
24.753031799998,90.431284722222,3.270873662918576,13.966224554574644,8489.151480208799
3.12916112,24.247909606667,13.473944894071384,-20.708532720237933,5068.736334821348
31.6050187,118.9803758,1.0623738501141569,39.038833336271324,8993.85370102428
-54.854557,-67.470034,8.696859735500132,57.435736000998965,12976.018748763096
7.22414174,55.38934896,20.175851058221646,-16.690424336196976,7865.686667594915
22.62578815995,131.51544113451,-25.80508421643985,-9.582212555805713,16068.169477166137
-23.8528642338,29.3917631451,-5.0887735804023215,-12.73095724825619,4963.580595691374
13.3219156,144.672828,-4.179438658840422,-10.450862757176687,17101.674735186767
26.6859028,78.4237444,15.263850547064806,32.09465936818295,4946.536264121332
15.1323222,13.995508835644,14.429929416794096,20.447945375753218,698.0887386724445
15.1498291,26.540639210909,15.149829099999996,20.420018497266586,656.9074711215663
-32.173762483848,18.86811811111,-1.3710218275184487,36.45357189641137,3889.1727414076963
-54.441050849906,-36.189440181513,-20.79198659655,-71.27560332124577,4759.8315303972795
-6.2912623999722,176.31476509997,-6.21937096336776,166.62593011002943,1070.949578915851
0.13015009997222,109.15608299997,-2.721613547057492,83.41230750235518,2879.0520342315617
24.615698639364,-76.162467540755,0.9686210061835313,18.640886425286276,10447.965569205331
-0.51582520174603,166.95620431455,-19.121970254291135,12.93022227519634,16437.15337882765
24.619617454511,-76.146202180062,-20.56048342487019,60.357894161426735,15544.852112549686
4.3806059185217,25.028566764696,7.823323516050977,52.092709941985184,3015.9498567479473
39.436336252833,-31.257877713056,-4.010522042232533,-39.32673012756698,4901.3252401748305
-23.8630588911,29.3883478548,-13.731179423222507,76.40844793658387,5052.554756133491
27.097247663764,142.1969820469,-29.48406383919331,-20.773502331553384,18328.27602612878
35.217591,-97.490035,19.74543863921557,92.48714563756906,13813.436163253144
19.714688259253,-79.816401498347,-20.32993547606367,-3.8567742394177205,9388.845892267684
-18.029367606944,178.53228173194,-21.417574144163638,25.02431012878251,14765.118252309985
25.143212550029,55.470953904992,17.375208092753564,75.84457680487525,2277.5827664648814
-23.161310920511,-65.372757308574,-30.34260717723517,104.51859638169508,13968.650864829548
-33.730276246333,121.643067231,-40.29386456228364,84.6714971445702,3337.4245993401532
25.145780006367,55.473816990869,14.628616058860167,7.926343911548534,5080.681488494555
31.1937005,27.456618199998,5.327270928788764,-7.5142328506414096,4642.65932191607
-43.7591222,-176.3019122,13.389776589446823,-30.673910662026763,15315.975208879474
36.423837191559,-146.71266968411,12.636381722197669,-41.64038263897141,10481.210620296037
31.6403277,118.9962731,-3.3074043134141142,17.743344717942353,11265.1923018656
38.07930209449,-47.476349586284,38.07930209463661,-47.476349545393106,3.5791339168261696e-06
-3.6243739618598,-10.823159619913,-5.04397984833939,-15.067780335741496,496.3854900214584
5.2084951,5.8104344,-6.317027092229542,89.76013533278318,9405.6052744186
-23.5050826,-67.9791567,-0.5295293237263289,166.9325891741549,13517.158668848839
31.6381856,118.9763055,3.3859959168372646,4.6300823514767515,12078.63664688036
31.8115263,118.9504438,-13.088207136453208,31.401556712480783,10543.144441470286
14.673430599972,-17.40577,20.5813477142056,7.348860227675703,2701.0244159459144
-25.213126388474,45.893822200278,-0.5186161302808486,26.33508098337949,3457.1845044041875
-32.486722054833,134.21540406717,-30.614395157606488,131.7173449773247,315.2196978293864
-0.6914688,-90.3412056,-2.166219978281225,-47.277118824155856,4789.619170767062
34.051734,-109.544155,0.9303656815069139,-24.284196834247712,9512.984482518006
5.1552903837778,-52.657792568194,31.078338305330774,14.801746369407587,7569.758156964139
4.9117974,-1.7561512,-14.491168882974428,33.336162427636985,4429.756903598907
-9.3093606,147.2302825,-0.0970844387498452,-52.19016290884032,17624.217260539623
-9.2914651254072,147.22820647101,21.69584063126306,-6.9436905290885145,16930.355812267
-23.0288968,-68.1304279,12.673945616565181,-38.25940154673035,5131.67421311109
26.538195,78.7241564,26.539579805672346,78.71761635216836,0.6685681052646919
26.50480913,-78.6934325472,-7.410175997505334,13.61283104917528,10602.614853724615
26.223051111111,-98.156844722222,-0.7616518581625508,-9.822571752620934,9878.836493741459
19.71877667434,-79.768504103827,14.695357470490016,20.55136612718083,10501.980390515258
-23.7091073,-67.8300959,-9.627922139085905,26.42190690925438,10005.501886619077
-0.62985139997222,-90.389415499972,-5.171393955060922,11.353585074042792,11301.389770365207
18.302639530004,42.71909547,-2.427118968392405,-2.1033817579933176,5419.372465682688
24.0391514,90.2541644,24.058070865690624,90.1888109517495,6.961673251384371
-23.7163065,-67.8087871,-14.893780294517878,-37.067605018619915,3363.56368513896
-18.046050199972,178.45976759997,-11.418839737179276,-34.64181252233183,15123.053819488669
-21.202608,-159.7939877,0.7407978768395547,-79.55612539065355,9026.414461313043
-18.622396896289,-173.94048387495,9.312757245493536,2.1762911414865784,18898.516431658456
20.230110122869,42.168445163799,15.969969441177998,-17.29575424796655,6270.764384655789
-23.8108987268,29.382629469,-29.11219192094585,-15.90450825122366,4519.398283448551
-23.8477255404,29.3572911434,-20.724995196545493,-25.166740742755454,5586.704056170881
26.5060103405,-78.7082446273,6.148064957982893,71.12836905850753,15142.0704423004
15.12219608,22.14801758,7.073481811808206,-38.9969977781422,6712.359652900564
-14.92177461741,13.497173152877,1.2434417919347074,94.11710414186811,9036.274252132698
3.7109418464768,98.652169904948,-26.498755371021467,27.63255189279005,8321.353891413426
25.3919347,49.5867632,-2.0279517454281333,32.31578497264369,3571.4395619142706
3.685977663482,98.646617957325,12.186643069633867,-73.38424651046118,18042.554943456227
-37.212032780293,150.00975287883,17.274210096798075,-23.57930315366726,17710.89483966713
14.685210513684,-17.468833278458,4.434523686378375,102.59573805638338,13078.41007313538
-23.8578415755,29.3838375527,17.389363162637277,51.44383902417576,5173.865103727157
33.516138700002,10.3857115,-3.282515993444686,82.87185402006577,8601.734716668954
3.7824244491195,98.682284048707,-2.932986227518951,58.479453723561264,4529.614318707756
-22.807553800002,43.610127699997,-4.2149349843503945,16.62184307686091,3562.479869708802
-25.215532443186,45.853960401232,1.9056215593077774,45.13980305848415,3016.716194651955
34.671588677745,11.026511141018,30.893855093854565,26.79722328247676,1531.1017968693254
-2.227992,-80.935876,2.9187020610444643,8.564803321686043,9964.74734162513
3.7212208949367,98.67905858481,-9.269344236892554,48.73784522230732,5719.52182232822
-35.003681739967,117.86614883217,-9.088758806655633,37.22549162563057,8580.319728971372
18.086228506739,-76.728593872268,1.907430127687793,74.46187732477543,16156.553106089106
3.6978022710645,98.686420613193,-7.602703938015766,143.27971426606643,5104.439528606758
23.9705137,90.2659653,21.828429909690794,60.21425654692198,3081.7171562435888
3.6627227152482,98.66641092425,-1.6457433161402801,45.668936629936496,5919.429457141866
-13.693617700002,50.016381400002,-18.4822423853074,55.10680752957484,760.9739290380882
33.8648075,10.9675091,31.62072321223604,-36.394958983378366,4397.451112952488
-14.925185821677,13.46609796782,1.9987483508433845,23.83976943103843,2201.15769480338
26.5074748266,-78.6569824163,2.3898907688331366,8.238770108596752,9580.18142845038
32.043627643994,118.75931679554,-9.20268833669661,28.67752819651018,10556.423333170638
38.3406874,-107.8980316,20.93656084506584,-61.662096128931964,4809.226051224598
-32.422761824092,134.55213994225,-7.502100978175813,61.12003677200656,8008.54079279053
-23.615581,-67.8510725,-11.077330162163143,85.65230542283226,15200.273451051013
-32.018265672327,115.9135077499,-12.18456816052512,80.91050834819124,4196.734470104514
15.1498291,15.795204214925,15.1498291,18.214098465069714,259.6196329643136
18.0153948,-77.4979975,-7.149204704317062,64.08298620339885,15684.836707772069
3.774744761746,98.703877554365,-20.43594954584779,18.28927126069944,9159.532454805316
15.117511,17.386710616667,-5.134226556996224,-3.976988043544347,3257.4582280176855
-45.365228,170.624153,3.9962570710166596,54.271740275237484,12358.59507871876
-23.8327246159,29.3794549908,-3.1201475769481597,59.820083744414866,3998.1896385512364
3.7604532015323,98.659927119254,-7.280375549185267,53.41011144906082,5169.055323198962
34.832552195235,10.763838636523,31.99746697641104,-38.38872614686444,4527.415262856495
0.0,-180.0,-13.958354192446068,30.16833262001449,16349.785726665263
1.3555106,172.9361518,-18.6913034531778,27.998733398573677,15735.218635696658
15.111030766667,18.499495416667,11.87947081906315,-1.4872261121891923,2189.802160664491
-0.90052222222222,-89.610755555556,-3.924241862153907,143.9772938505217,14036.279302874711
3.7229823912294,98.665866958171,0.09178628531222047,76.78592494855499,2464.4658305563353
3.6955311305025,98.695254005096,8.166880988907296,-71.36993516091194,18296.36916035186
-29.058109297091,167.95692816388,-16.246798974083283,84.69206969516316,8500.749650840862
18.34724515465,-77.915905422833,14.533630596642734,-31.53384455616775,4952.099548740441
25.5530359,45.9043112,25.567769626159624,45.86644263257292,4.136918500881526
0.0,0.0,-9.588934732874273,65.3421581431575,7306.51939922787
3.692186294003,98.690033654723,11.509378542310873,41.93503447041556,6305.455651777019
19.899325898437,41.286261034375,21.42287642776602,40.10337021146167,209.3930709487632
3.663212,98.678676,-28.291691979784225,0.8951131708153259,10962.251571568364
-0.3025090454978,73.435716278117,-0.4578048782638886,16.420883664949177,6339.629344849875
3.7057655758621,98.628461952699,7.52571812165808,56.88218084022434,4637.268145621536
13.3630046,60.771811574923,-15.145490066071345,-32.50922979397149,10736.284382046773
-25.20560375128,45.929656127074,-12.230808514228672,15.672817025152462,3485.8711381387825
34.9925855,25.4412487,-9.894371598519594,-11.222172359711305,6306.1987128762685
43.2419976,-118.5166453,1.7050017267713897,44.142593188127314,14725.343437125248
-52.258888004703,-68.930067725212,0.021135416903610718,0.4563703104368276,8625.66714454367
-25.380422236059,-37.790918785271,-26.87710828880078,-24.110841679778975,1375.1121427458716
-52.269665059735,-68.910703988512,-26.67212454529073,-20.133120319519065,4928.845351972307
3.6897155383693,98.675799417746,-5.169680532690558,46.34061996462893,5895.879424832949
15.12178387,10.55848962,18.54202389211766,-28.867140359307534,4205.292237203012
-5.9872120264509,-17.900337049058,-5.375546173753139,-16.072829064579935,213.3423149109549
15.1498291,12.57069391197,15.149829100000002,12.494598727332926,8.16732853422089
-34.9292952,-58.4901492,-14.25752070990876,10.077344822051993,7166.045794009974
-2.242472,-80.920922,-1.11041409337275,77.69335882878102,17608.506893722704
5.154588148,-52.64459359,3.5385145464906613,-45.45937664143974,816.6481333075016
-34.9385572,-57.9726877,-8.607600517757309,-31.434337887195262,3983.1557182031365
-25.186273502736,46.021182210222,9.649733281859243,-5.577341788074657,6797.339333337298
-34.92839518,-57.9612381296,-16.944137731208055,-42.62703137133904,2512.828423434747
3.70991,98.533182,15.12247722523624,123.02306670155812,2966.2327574031347
-27.110436677444,-109.37288163835,-5.276650952893958,-67.09542072728415,5087.782840431821
3.7159445581033,98.687290969639,-4.373058964404528,-22.026423983909208,13440.435165969668
-32.006786,115.8950225,-11.833385796558005,-9.630576920179225,12446.74605230678
-16.3366015,-39.028852,-9.804250733164308,-72.76226570987049,3720.296322317959
15.240738469167,120.56977383333,-4.718603722922878,43.91010433647857,8723.12802783468
18.448618439733,-77.918797740533,-0.34339837201484474,94.54074332550928,17839.98117850526
-50.0828095,-73.2038671,15.943381516379,141.8242420583626,15091.207412895938
7.0866496368459,171.14102624186,-16.218560063971445,18.132563119359734,16909.583362438712
9.5435278999973,138.1839471,5.385779748016486,105.1612259481011,3668.364752790902
4.1755701999607,73.516191838991,7.335124773389583,8.375229351252717,7209.957027277585
32.3567039799,-64.7172090691,19.69995539278739,26.447084177956537,8956.347624330954
-23.8505916484,29.397781603,-19.511277863079933,97.30406218507669,6967.259911881135
3.7721116120644,98.678597650543,-9.198631900069318,24.820829253845314,8309.807415698835
5.3656796355207,162.98202747104,9.102642378773,113.3433361680614,5487.425277155873
-54.846466503012,-68.481084182212,8.686078541101569,84.78230963190897,14364.410522683267
3.6810417967939,98.670129423392,-1.0375346090106565,-66.22496028432671,18311.527922167763
-6.2921161,176.31507139997,-6.294539474861968,176.31721398707336,0.3587352821627331
7.0925868,171.3827116,-10.29630869371767,45.4559043191468,14067.20173607274
34.9955754,25.5034367,-12.093784812948485,12.158891861958645,5421.740252681856
19.74161986696,-79.74980411524,-2.0152129977292073,-1.681811141717456,8837.629901281649
3.6674115289369,98.670201673421,-36.29741532675471,92.13684074221254,4495.446685381156
3.6867012055156,98.656779346163,-0.45222979130276325,50.91767651648704,5324.855843673462
-36.57340802,150.02299263567,1.1755479635390476,51.05763159931771,10885.375455495996
24.618143514125,-76.157340301046,-11.34890432382074,19.195168803361423,11064.35991288935
-54.565587,158.91577,-4.1888023563106245,41.87880103622582,11312.025586456297
24.617042652383,-76.159985506534,0.303812787251358,33.17804618300853,11940.935507577806
24.92206,89.9569778,-11.127476899410805,6.9427609990966035,9836.142764551842
39.436442912556,-31.257918952028,29.342827019507354,0.528072148981447,3105.2614670119056
-34.932431252844,-58.614846123371,1.4138524824118741,23.917848400587854,9418.122960959467
26.5208367538,-78.7238697521,-20.583946432143996,-58.97490192655446,5653.948033394803
1.3706856,173.1643473,1.6714293474655861,26.174945337589286,16329.366801108781
27.0881884,142.2186764,7.967023302507538,50.832473262308035,9741.256279903873
-9.5134383501605,160.10241335472,-12.56653608018822,37.18960099573123,13248.828251810464
-16.2970936,-43.0437369,6.727715081650043,-33.126103835343756,2783.1370602171946
15.241085568333,120.570157775,12.61257322909323,100.18291588595783,2218.7436367045966
-23.8182626478,29.3869589735,-11.088667623607055,-31.52795277370196,6567.668538598836
-23.890286414,29.7054471541,15.122469683738304,106.81654208655507,9425.487485179774
-34.9368732364,-57.9759126803,-3.61940464798796,4.640551556690641,7298.9297920212575
-22.733774799722,27.258150614722,-4.8005782181328795,88.51813633203803,6859.444194252644
30.939880600002,28.783921700002,6.344326431850734,3.7696833116643655,3777.5167214897597
-29.020403445295,167.96494873802,3.087644360799539,24.043031108967686,15238.302929716923
3.7089848810333,98.624276292215,-13.320486565305437,17.312285105982244,9165.536396687685
3.6930191421289,98.68634308021,17.480174015146684,-13.544716385773631,12222.997658792763
-32.769308849446,134.26907697214,-12.245862625320962,42.252385616883856,9459.678233196155
30.984870700001,29.6898502,6.503543103534738,14.677940806377128,3139.4273286184457
-19.684486888903,-42.985841055512,17.27356647598,17.36806458949334,7765.397420828207
6.7526951,81.099554999972,16.985559632235642,-35.58716766363614,12575.137246110557
30.8489994,29.284101900001,9.431315714621176,3.2120101565462678,3597.5465161722054
13.3536112,63.057408586667,4.19396553992887,9.450270056312421,5966.352061065095
14.6775622,-17.4665736,10.758698063728977,66.38632502596509,9054.295536977732
-23.068318237674,29.918247713617,6.546799111994326,-37.59586883388523,8033.559716730002
17.8959033,-15.3093386,7.4537749068309065,14.725131987896335,3452.3322282878657
22.74699976765,89.518509874041,-5.073754627304026,-22.84420971207688,12516.42150858553
1.40166664,0.0,2.5974929052601756,6.356094687327384,718.7290658879666
-21.366549490003,55.749463883335,4.521593395224764,15.868746008596897,5211.395642208977
38.08904361536,-34.267062162398,38.087224832411955,-39.54419602613619,461.7788741698571
-20.038829,28.858787,-4.164539731174924,-1.7248825384238489,3752.272561284905
5.1718128752,-52.6495137624,7.788274480633022,25.538652149721138,8632.219286839183
-25.214231606361,45.835292483615,-6.890096523293707,35.162121734300875,2332.003047068193
-34.9281761048,-57.9615042863,-21.585991080628165,108.95433377342549,13580.962512686632
3.7672182313975,98.677502081641,-21.013285905541608,141.60664310040448,5428.1995031727165
3.7672694620253,98.682638129181,-18.445735522813823,24.865042206591607,8443.620226212155
23.93336700886,90.258128409658,21.336914559837194,34.89557635819019,5652.993802603436
-6.8183764069841,155.73429603228,-1.7860859147967165,120.99781355632336,3890.476039801102
3.715277,98.679484,5.358801768121223,66.70332846859013,3548.73175187818
13.5721627,144.8482545,6.508342925417385,50.29677687462371,10326.49619250731
15.1498291,29.581155304387,15.1498291,36.971655118057875,793.1878758428956
-0.54608352623352,166.92262072595,-24.364842186485454,22.55660458181367,15281.06653133255
25.5870265,45.8473204,18.306157061106752,38.1404940812224,1133.9515986160495
-0.5040827973818,166.93413883833,-3.124218872894634,65.41586228272719,11283.220307226055
-8.073598,-79.046615,-15.641803371681009,-43.97196502776675,3902.924794758818
24.8325685,88.9236047,8.888956073198637,75.10888818148787,2299.00512100922
-9.4857517665135,160.11049275903,-4.439261847399721,71.41067306780346,9784.072010415775
-35.5857727,-62.4550269,-25.508620765322686,-47.99496116536405,1777.718590075525
3.696977464018,98.659694063568,-11.959207574309012,40.43242741123677,6666.621665769641
-21.491091247013,27.415522267287,-12.845405134349479,-30.72000275154582,6217.9109921465115
33.10594679428,139.78579935198,-14.648257719587711,-56.93911405829692,17357.847159112476
25.6395723,45.7394407,25.517771877708707,45.99910919672982,29.35502794833533
-43.7312508,-176.5455925,6.4804347165402065,78.020842480736,11743.295635989634
-44.6964794,169.1347348,-16.807791276469892,55.67072707321566,10438.325562462
3.6891377653803,98.697930946422,-6.058472097673121,41.10676024587809,6485.6860464751235
-21.850739305164,27.341188321251,7.747771644359745,61.197381663478964,4945.316086571631
-4.5655554282158,136.87581769917,-4.565462335660415,136.8732447096766,0.28538336021155497
24.8192082,88.9364704,17.947345975853388,49.03849502330651,4186.147953889667
-28.1326226,18.0543102,-12.209402374644226,53.19610282862627,4051.4039861258975
7.3987212520408,51.534482332041,7.135934497956548,51.01866867076235,63.960047927623236
-35.645559,-62.3830532,-15.882318195632122,-46.94288890839204,2678.9482892867295
22.190536745867,-159.45793798187,23.67928949473258,-77.0080689299632,8311.336878524244
-25.0564453,45.1098265,-24.720167389646484,35.40706926107257,979.2043841433871
-44.7354827,169.134991,-10.671186026260921,6.858255543124518,13601.124597816506
25.14630998502,55.474975825001,19.444014549653048,66.69666209462021,1316.3073317127926
-43.7337331,-176.2673,-11.922815278876339,2.3004829803821973,13824.656928126376
-35.363717,-62.292022,-3.707813489163829,-49.19969339326569,3768.9408685062635
3.6619255267932,98.689497667792,-21.13119879165336,56.661828619124236,5343.338475881823
3.7818888438075,98.707043852795,-23.228716637784835,-11.659568334150451,12252.551501070418
3.6656906164733,98.687952454756,3.8608755899901483,23.677201854477744,8319.765864907702
15.11551068,14.187341766667,-0.4581805853028607,-38.35526765770785,6026.230139519219
-63.876111111111,-57.562222222222,8.273363703427961,-89.22090493098584,8452.313538906572
-54.866668,-67.382568999858,3.6930929925179625,56.582922014391855,12446.415202271384
-44.695153282778,169.13496027694,-33.20490296073065,139.37126364435665,2851.5735859030447
-9.4549492,160.1825083,-7.626485596620617,96.46952736731807,6999.571130237189
5.6084405,-0.2263995,20.281528620738055,26.026820079634064,3270.6951318116476
15.104271237522,29.91498356708,15.356262790463122,23.007962146513883,741.5488660570063
22.064996624967,-159.39466938393,12.040875626424237,-94.27881450156242,6964.015134425818
-2.2273618999722,-80.920426699972,2.253351592569899,28.47894398689004,12171.549320354445
22.782279455,89.482597352234,15.67754970968033,51.680618539582476,4035.3123161963103
13.370939552273,68.819655320584,13.593006129073402,49.6700937831055,2070.273062495761
-14.86010526774,13.595838462947,-11.820016466481539,-17.72460488114213,3402.7580641062023
38.08449109831,-46.029222004383,38.08160933823284,-46.83289736033729,70.34097075362428
7.1080533,171.0799642,-13.712439119895018,15.573291791963124,17239.77849138538
24.8542483,88.8892282,6.71437529499345,-8.289719408192186,10412.205591875545
15.1498291,12.209596779848,14.74663534689909,35.35067826930618,2485.3495226285904
-56.936254384567,-28.014752566953,-56.936185372967685,-28.014518810324628,0.01612395139644699
-9.4465039,160.1351047,-20.24436062639448,5.9363237701665845,15671.410614278564
-25.213171249956,45.894006193828,9.22825123080304,41.72471719756054,3856.2531305543685
-27.11471,-109.402579,16.90248049663967,-19.70169453615345,10825.706395522404
15.1118327,20.95030928,11.473904127438676,10.871294073078243,1163.0349310121796
15.111030833333,15.066262993333,11.862305615235048,1.5282854015389595,1507.3530247919302
-7.4830234788315,-22.374594498222,-6.54016815996132,-19.555412453706005,328.31936502427357
38.085362791547,-45.470938312531,38.085967662523245,-42.096292449566754,295.3339313504831
38.07497792464,-48.682289237867,38.07674590688137,-48.18922815050711,43.159059357375874
-13.6228524,50.011146900003,-15.780938140979325,49.25828857371873,253.2596373126184
13.6470073,144.8551076,-0.035397731147223874,75.87537592816969,7740.163034644466
15.1323222,26.647078081111,14.941460960227548,23.80426131461068,306.01750639191175
26.5278526,78.7751514,9.487232355349454,39.595350386491596,4530.003241796566
22.055818514133,-159.39255438326,19.587837813699196,-116.02405663166378,4500.979691782214
26.6966667,78.4073583,-1.3981763584370193,-68.91484482497685,15534.529040407328
31.634283391041,-8.2495166676103,31.83606104462534,-9.864425554762517,154.35967642722574
7.905008,52.168987,9.378181472023341,56.230913342977466,475.6218694831598
15.1498291,23.120877494581,15.1498291,28.573172056443063,585.1820038009066
13.6397548,144.8488859,8.041020496253104,47.009486310135024,10634.572301327065
3.7682887751592,98.681967220195,-16.213578976940862,92.47287619757464,2324.4089042580895
-4.2073397293216,-12.564020695669,-4.543008787750941,-13.566400647925155,117.23493622975695
26.7456083,78.4336222,28.285300292391323,47.20380600222704,3076.0727669235744
-2.2475749999722,-80.9180929,-11.110365233018126,39.938534603894276,13309.121886247724
13.370493677273,61.638278137965,13.519710984966679,50.32690553508466,1223.3001365485109
26.5335667,78.7615111,9.662843197799148,11.034115493971992,7321.223467723793
15.118210619459,10.709122061622,14.662692504779605,18.004470420393808,785.561676010455
16.170122953441,-0.79351661214575,17.711907857671953,8.0600631087952,957.1153308236464
-0.52295918499171,166.94011744701,0.38524739574824096,107.24059965062774,6638.975560095435
-32.411189166667,134.43133566667,-27.698833964078645,127.3556382587358,858.8639231938413
-2.6465117,-56.7646695,31.049109963276386,-82.24722094166276,4616.662955160091
2.0324978845973,-157.42218254215,0.8264343583595058,-48.58977755313153,12096.57563779124
-14.882662352188,13.530839737517,3.626286128039331,-18.964329375308402,4128.689793990324
26.7374611,78.4264306,5.634303575419735,87.44567333640654,2533.9015426329206
-45.4015219,167.7184449,-17.74207945016518,43.24206956377039,11041.421818062097
-77.8461213,166.666075,-55.64647202150598,68.03395320724506,4212.719252453607
9.5434665,138.1661277,25.29849583104926,-27.367651341985074,15835.973292681254
26.5324732,78.6723076,26.53796910022181,78.69933589037656,2.757391718762034
26.6998944,78.3679222,-9.533091826265604,-5.556128832635147,9887.507206777655
35.2459844,-91.7352183,-10.52665279669132,43.99819317022158,14775.130057236938
-43.7367419,-176.2628008,5.293000530586511,22.820714596182828,15350.003457430703
25.6864355,45.6612632,18.71620664288899,25.45800987551046,2216.393458494981
-36.3388685,150.0409755,22.97866195086101,88.49664537801549,9228.134209063488
25.5259868,45.948947399997,15.530564645322876,-18.024325299527433,6694.605355829471
-0.52742176980599,166.93575990814,-9.167316982561989,-46.03034241879526,16208.756000301932
35.2444481,-91.7141519,20.4083216923203,-8.10874769724083,8156.456978866202
-23.8602419011,29.3716460746,-20.353440963806726,43.34381778607081,1490.4845337556067
-2.227721,-80.921715,-10.587257799142451,36.10302324450977,12904.207942220837
22.19390415904,-159.45813598486,21.97169441899319,33.5531025655652,14905.661274730846
-35.5513569,-72.572001299972,-3.84723327203034,109.35556675604225,15629.554824441593
-25.214493752216,45.92674459932,-21.38484552700583,43.34104633174132,501.026742617528
-0.5446064371205,166.91462112638,-17.65409581574191,13.959268688335765,16429.74583593375
37.769236691425,-25.292726463593,-0.7687014570026607,52.76985455354761,9014.27085070189
13.444477912094,144.80884379725,-0.5374485456407577,84.33462946961366,6838.856299130592
-9.5147908333333,160.15662527778,5.5016152025773755,71.14656396488915,10000.455609041635
15.120868463266,29.144781751036,9.234961746442556,26.656292328874795,708.1199865397934
-7.9224186901159,-23.688406983878,-8.601379344323771,-25.718531486510276,235.80746518563467
-35.392391694632,-32.595228218471,-35.3635344791866,-32.592008078283165,3.22202982775706
1.3717135,173.1459474,4.28442166777038,55.83454324198634,13021.496988826602
-35.3960369,-62.4254998,25.902913275998035,-12.437241266341582,8604.676257628524
-32.014083333333,115.94519444444,6.526185773822152,53.54378005531394,7864.817822636816
-23.7515858654,29.4108579587,-18.23890516030371,-31.846029310676,6342.213270942339
26.5318306,78.691701,-3.1864652078734923,-30.50983116495791,12073.555341255604
-25.239972127404,45.786236175784,-22.62295012503941,64.64958944761895,1937.4639221211128
-54.790014,-68.3909095,20.985430536657102,20.820341625363934,11850.119315317523
-35.550849599972,-72.1437508,5.790629108955653,-103.86917384566175,5666.707809441757
26.5234925,78.6796519,25.766266855551134,38.185252464412194,4025.893863456931
13.370483893182,61.480693058723,13.540452782531109,49.8054312741383,1262.6170294502517
-21.2056078,-159.7700092,2.2214109821437025,17.912386073194806,17889.266995403497
3.2353884732863,24.084442381073,12.964715213335058,99.76957582167677,8376.484449777015
-32.484928672631,134.63234618058,-28.096712283370394,105.58814587686602,2822.0328673642543
32.0233873,118.7083827,19.89599784792778,-9.532327585917354,12035.750423871892
-52.1855556,105.9480556,-40.3576111,-145.72005556000002,7629.685342917511
15.118742188221,14.396253999504,14.657567693699159,18.356355712163356,428.6321301215565
37.003476388889,-121.96989472222,3.6137712798629784,72.88383992825509,15243.879877357076
15.11910603,18.56148597,4.309958851803184,56.42207013326298,4311.448497865253
-13.002663135529,136.71730041504,0.49369106615888697,40.231792529595864,10722.53380716215
35.2421025,-91.7914528,21.55278035528164,-52.29303669585706,4119.570633463266
-35.8370721,-61.8708488,11.563190384446767,-32.58094100363165,6102.037906573547
8.8116094272727,68.058057534545,7.425998878552714,56.95644376088604,1231.6755066897256
-2.228463,-80.92439,0.8098720717441509,-9.708779542416966,7924.3674059985115
-17.508038888889,-149.44512222222,-13.635162611947559,-139.08374431559218,1190.1209376213246
26.6849444,78.3896111,26.674624523096792,78.45099973280603,6.206335607919439
-44.7186859572,169.2212083236,12.457720344204715,42.62939985018118,13835.921037486836
-35.4397716,-62.4911975,-17.950096449091237,-46.25197371897517,2519.007115976234
-19.1466667,8.4033333,-40.3576111,-145.72005556000002,12876.842802947463
8.9122211175,64.602689962083,5.476649520766732,32.964281846240205,3509.915737874556
-32.029521,115.968186,-7.297469067291083,104.90650215364431,2979.09994301086
35.242682399972,-97.600148799972,-3.858621077248995,49.89417042223256,15184.249364252124
-3.4552340420584,-10.331313379706,-5.163144628919874,-15.43804689836296,597.2151039457677
-35.34776,-62.4417083,-15.643485225367908,-11.448337840629039,5496.432222476098
7.0996331114306,171.10219565285,8.335371199537404,110.09578047246612,6716.982277595144
8.1430835489583,57.227795590625,7.681804462187221,52.11674913162608,565.2386453675742
-43.810906,173.086923,-21.446989203501403,2.6665416242779116,12693.191260755088
37.741479319086,-25.654973972166,6.815117688663253,3.854627908750807,4546.758790360068
13.3435343,60.053703007527,11.15842301420475,49.71211262716422,1149.5696421461728
15.103893329676,27.268184609499,15.596087450634043,15.97652321251288,1211.8791754459203
34.836995577699,10.76495394053,6.211649388556188,3.4423249985961237,3270.3962270602037
-3.6182475,152.3979506,-5.557178950193609,79.67121603401286,8059.292281006076
27.0954371,142.1849174,-4.139005765658503,-2.9645304031990434,15522.905377554252
-34.938883977722,-58.608756046653,-9.834202862061277,-66.15717436031076,2894.8361276078585
7.6211500553571,134.63434250685,-14.479919650694862,-81.06998022681422,16049.552256592677
22.057327663607,-159.38784874959,8.996159909988085,-52.990430422523936,11288.420444627225
25.2795807,48.9117056,25.275919890408183,48.814273321051786,9.805058246706949
8.6780033979592,62.774513457959,-0.11673378297333475,-15.226201351828566,8690.785730956493
-15.310745383627,145.27223314172,2.525379508730255,-7.609348920382265,16720.906943327398
-2.2710393999722,-80.924600499972,10.213269166754616,11.994087162893967,10371.517905432656
-21.2060947,-159.8118246,-11.224079050443134,-0.5810857172151767,15754.722198002184
35.219294547915,-97.453814466011,-10.473344986721516,10.119000409383789,12267.786849330229
20.957377777778,-76.945555555556,-12.364349714201852,77.52712954406823,17137.60499943731
34.747891878,10.3988268127,6.0943983190159905,8.674202190899468,3191.036924122009
18.4909266,-77.9240542,-10.263919981300116,37.639723637582165,13047.116396749076
-33.825633713453,121.85139497686,-15.527845774723216,76.90270826666436,4927.616441764785
-19.674659555603,-42.974630055635,2.808086211751137,-8.84394191082252,4487.686841913813
26.5124003682,-78.6908427905,-2.998923184322916,48.94081899726236,13863.67365881887
5.3666137911333,163.00827621837,-16.424295783632562,-38.62636081494226,17356.03795378047
-23.7443553004,29.4095093943,-23.92968988105772,28.931394368213855,52.8154881181139
35.240985,-97.467619,-10.759409033034435,103.37557489430377,16573.21914482637
37.744688389514,-25.639420618024,8.479729917226974,18.65595810741631,5499.060198710677
24.9806238,89.9702954,21.910362156744746,64.43466196648842,2623.355709359088
23.1767886,89.1950901,22.218885181914832,-22.563909922578485,11074.27486295482
-4.2477972,-56.019011700003,-4.133363167676288,3.011189548952698,6544.593101401364
33.362714564137,134.20491416156,13.096586159218782,71.67621542485271,6672.617271102749
38.3753809,-107.8761816,23.23376857542667,-68.5600268814157,4075.9784555981655
44.942649,-109.56084599997,8.299203413093718,44.7796769698088,13561.635689158085
6.7996169999722,80.9753273,-11.072984459270877,32.06546132991504,5765.365588364718
14.673984124358,-17.451159695352,1.952456527614551,10.836132770762472,3411.8843166676274
-17.432492030556,177.97060805361,12.79854185559561,70.29956180082186,12277.325241021807
42.434941666667,-81.889644444444,19.937657687143844,-43.28803239947773,4385.405258470162
-13.954517560778,136.4783753,3.846655991141943,-12.316079217237522,16412.985713486774
-29.047837229808,167.93256692429,-16.004957948574265,13.986117764970292,14276.748131876126
-32.026694444444,115.91055555556,7.452180476232874,99.77952794595082,4711.766044866196
15.108145606667,28.198368053333,-26.718030433536757,86.87685239285727,7857.510848537569
44.918226933638,-107.10419501701,16.51108892640446,-54.53839596370517,5800.783726760568
15.1498291,11.387724961505,15.1498291,32.00172435829024,2211.684440455415
-35.861310799972,-72.646963799972,-1.7314587591591808,35.07587356216849,11478.871499366609
24.6998464,-76.1982633,-10.72958832544028,85.12087450148603,17505.150961791765
24.14776966827,82.643169178036,18.673400682886356,65.18357321343889,1905.3451595625477
42.549191666667,-81.802730555556,42.51070675053577,-82.01385065447876,17.82106425900348
3.7446717922789,98.672189124213,-6.3465575801569925,44.0481619114412,6167.166059723452
-17.3584402,178.2399578,-8.407981342828556,108.7446485016097,7562.932535945852
39.447042064994,-31.223576363442,-14.108198707332004,-41.57800371872953,6051.133741917581
-13.4516844,-172.4046603,11.80904055501239,51.46376936108395,15257.748798877785
20.009943164285,41.457258887046,1.132211501965129,76.6843267249601,4366.621411295239
31.26195479653,29.993124380736,12.40835517073769,79.66750098981461,5484.758378100781
22.690379148235,89.038086252941,-17.282537822875582,16.467107461950874,9053.00958348884
19.7346513022,-79.76503602346,5.500339202976155,10.7127347949282,9851.100380318905
-2.228636,-80.934734,-35.96664913179064,1.8514363913291378,9212.961085078505
-19.685895084614,-42.988838350256,-11.060788944616771,58.436144141863906,10763.742757887847
-19.674249888935,-42.974314777862,0.05678275013752669,-39.86138957423707,2220.0619203894476
1.4966017357925,124.87224936092,14.31933724190527,48.04778612512241,8547.051988372867
25.480671363064,48.138437136869,20.82773856818491,33.83453605436656,1550.0848131954633
-35.3329425,-72.433894499972,-0.41605754560755615,24.376084764499204,10597.919446184485
42.424127777778,-82.184655555556,33.66732177597818,-92.11122654231835,1303.3860657091727
-9.414557105,147.44010982,-12.24476774423343,75.39248970232354,7852.4634151133
42.555086545152,-81.751733302348,0.6621356871156943,-4.853189639234413,8888.270665230712
42.565122222222,-81.812622222222,-0.48379921771415807,4.395226528934411,9733.523102720232
0.0,-180.0,-19.34609005521386,-77.77799500249681,11288.74620038276
20.965388888889,-76.941641666667,26.900926391603583,-27.57802553798064,5029.708704114353
-3.9689508291345,122.56506901389,18.944371401861368,12.73625508957635,12234.959292087751
3.7193835714353,98.682823484713,8.985747212907215,35.626580532638016,6985.576788568499
42.426838888889,-82.15925,1.2474900429890994,-50.22135020889589,5575.09150034595
3.7438853248408,98.680402207006,1.1542452092568851,40.10404968547408,6512.668006565305
6.832353,80.998300299972,-5.219605317994546,100.18715163689808,2516.118752294441
44.949707099972,-109.7911572,-2.636488631321978,119.2646347983151,13312.516791585198
32.3477234412,-64.7175853327,-18.220302602675716,95.55340969400075,17492.82372598768
22.618400224073,131.56014487463,-36.51302249612912,15.408543986038781,13762.340579263257
44.869177999972,-107.26903649997,13.911228307222986,26.609948347555843,11997.010373009272
-51.764101237628,-59.226810061963,-15.218394245632922,61.96207000585078,10665.436353504452
-43.7271825,-176.5086544,-16.586402749537044,-24.538090724483244,12727.09591712019
-4.8466522111255,-14.491719584284,-4.708956740989116,-14.080003609149491,48.12236099973469
-25.0291346,45.1300017,-18.774843990647422,82.00103368450345,3854.9046075803503
38.94821983,-36.02494629,8.005393570001594,-22.785782565142043,3686.4523206628455
17.043517520688,-25.170766005023,5.607227492774427,19.17231738763087,4985.55840613105
38.343706,-108.0707675,28.289498630896336,-25.25497248717883,7521.509758303695
31.23389292923,29.949557104121,-23.066684583702138,154.48736451241822,14508.685848375837
24.6330282278,-76.1573874112,-31.283323769208746,127.73428772051169,17560.692784247425
35.218561,-97.459149,1.985428467313284,1.3165559600246421,10675.081489326662
42.485144444444,-81.844280555556,41.19701991006038,-51.13225257469657,2534.301922596263
-43.7543206,-176.2838331,-9.282005670144095,-37.98779495081441,12773.69793657811
18.43175284805,-77.94577416975,0.09330215069864477,-7.533380952082992,7941.972594265676
35.19139,-97.470933,2.518167120198187,97.22819899821135,15551.022111960803
35.207126602652,-97.480524121386,-0.32154297153509825,-19.936122635247724,8899.84850011398
-20.235021666667,13.214908333333,-8.156067079225954,11.21700142805195,1360.2013150464038
-3.6649094,152.43810924695353,16.268077602611708,18.269927964297143,14818.69113393022
-34.434532623014,172.68483989817,5.6532064925108925,17.27492906749395,15936.915835261265
35.044056199972,-97.878050599972,-0.8581133722284899,3.528508069802142,11099.115166334266
27.0964586,142.2027627,-3.1592911686897924,19.352685420798394,13397.032281050111
42.517558333333,-81.776586111111,-2.0393300663216487,55.321369745370816,13822.292423657356
35.21834,-97.463418,4.825156080158499,31.528127125649213,13079.46792179898
-23.8582138997,29.4141788688,-4.074660852633546,65.44926502420226,4443.997857701515
-6.2926849,176.31841059997,0.053506606124736664,115.21345744369698,6816.47204316703
-4.5266666666667,136.88228611111,11.506100394639171,-25.43999619280346,17920.938686284506
-51.729942222948,-58.11013833274,-4.698122221698525,-24.87636168930554,6060.699555126798
22.8108030652,89.5564933134,-23.74372674097982,102.5767487814491,5364.391482718247
4.9847817006126,-1.6580637539051,-2.081774508883595,-28.50194764113589,3083.8126016188135
-4.7001871406974,-14.053782089065,-4.7160469222925725,-14.10120358694357,5.543243629396526
35.2488436,-91.7662019,35.243122827804,-91.75031194294705,1.5769732413521902
-35.323032515827,-72.412274856835,7.803893837404215,-23.740077332020874,6995.924528407223
42.579408333333,-81.799616666667,33.89650282996043,-80.5525779809592,971.5850800971941
-25.156523248033,45.096984368298,3.008854453118453,-2.2213895981262004,5983.408300499023
42.429883333333,-82.153908333333,13.766724901168676,-88.29183364226677,3241.363788617427
33.066043638889,139.81284702778,6.301351487808288,103.20834146411843,4807.278284538178
-23.8627213519,29.3823338393,-28.39295158125437,61.15198416487855,3202.0019711161335
44.8431963,-109.31686799997,-10.904834410555258,11.737489138409785,13288.768612200887
23.1804366,89.1935128,-1.305197728251813,0.5707865964067691,9923.931551984531
13.370503461364,61.795863217208,13.370211431443643,57.092354378561716,508.82292740057426
37.801100754883,-25.747797365586,-2.4975909140765364,124.91250556411208,15081.43959053743
7.3420381,134.4780097,1.110354766387057,-45.76370551753044,19074.841194432775
-56.936038229637,-28.01424332999,-13.460332492444184,40.25479922895981,7444.54888387814
-51.846438345946,-58.296999252553,-14.904709716380186,11.938928169595444,7357.028675100295
38.348081299999,-108.0661039,15.25541284291117,-46.418126629341344,6504.43929059502
-0.890062,131.317039,16.498754459381765,65.7887240644344,7436.233389676912
19.74304547616,-79.769779615987,-0.7561160729920824,-20.15039271918964,6879.34129651033
5.506833,9.995045,7.498316230824894,27.705785783334967,1968.9639927993417
3.3415835,23.9714782,7.896230667886564,65.06041796364372,4572.83290832808
-44.69396927,169.13647637,10.845937755449198,75.17386483477877,11164.433469360241
24.972814099999,83.909951799998,23.842462232926817,16.16915965751585,6783.419350653065
27.0769315,142.2063115,13.495444241864027,31.572338155226042,11283.131622325933
20.9681667,-76.9405283,-18.164284045124848,-42.484028157326165,5746.7637073074975
-17.1438966,177.1934974,-3.4072002499982426,60.345926378325295,12721.859529313862
18.440246,-77.210177,-8.040529774642653,-6.1536468049785435,8327.244655557475
1.6459744952381,0.98968827523811,5.366276799758412,-11.813162313517266,1479.6864596199273
5.1604135707,-52.6329613477,-5.637025868291792,62.641940700189934,12853.596659676903
-37.042804086098,139.80120894055,-34.75253216799402,142.50286054826904,352.2088892574733
42.583330725359,-80.521035371423,-22.834417249769977,5.67381630386669,11404.778818642442
-34.714218915936,173.03775143586,-9.701497398349954,65.37138366810393,10966.312796314056
-32.047769,115.98027,10.055119224725187,12.06525199310467,11904.365467837675
-4.1649945558441,138.98495151019,-4.412914392375045,24.834499798119893,12638.047574958384
13.35438962,62.768691419999,17.63372479686176,9.27553825935681,5733.953447574278
-35.431257377193,-72.441209181579,5.439965246222009,-82.81623159037817,4672.326061236233
3.6845499118681,98.66033523011,-4.618879694255399,15.283265282716744,9308.212363896702
-5.8021049499512,-35.329036712646,-27.52354589772921,16.27673105385456,5950.12651831183
6.9199917,158.3223878,17.981638514978645,82.7882123173897,8245.46824021381
24.896752823627,89.983010732768,3.8435285691577676,48.25985615993883,5034.354669134713
5.060856,9.974065,-0.047828919796948255,-22.53604649839187,3654.613470544522
-35.256113116168,-72.321372097605,-26.891911778766143,166.8362019568745,10724.419408636173
-17.508672222222,-149.43590277778,-10.318574126378428,-50.8683926379256,10555.401171220357
-14.919683081112,13.486996684236,0.5373840940211239,-72.78966442744296,9622.934406698445
27.0810223,142.2164729,-16.1134287160997,1.9824617196241283,15746.839024320501
-16.3160325,-39.0441986,20.19299406937069,2.0251782854063993,6049.145893100754
-45.695535,167.6381608,3.140584791175619,45.116393884562655,12728.051507558415
3.7487179537655,98.674987751255,14.52671255680119,27.250966539040594,7904.611830599041
31.063074700002,28.0115208,31.08989086528246,28.011289907153376,2.9819026099535795
-14.781501330449,13.77478337848,-5.5340137462423975,45.90706545855662,3658.717315262865
3.772713,98.68154,3.3838747828403055,-83.9624979224425,19166.80349872701
35.226542352243,-93.964270545468,7.604039868330634,31.390821253959363,12575.168812714708
42.451577777778,-82.196211111111,21.688315463261922,-96.94463241270421,2685.5643081942
19.895704435229,41.293091573381,10.289527938835418,6.350671608802417,3891.378298590427
3.8597578162421,10.079574814345,-5.010250393288378,-52.98192026349576,7073.666892964727
3.0351124184506,24.116408186544,14.639293393117194,37.609956895608164,1963.3482905435806
-32.0048618,115.8906022,-7.89195367918417,-32.97227149221806,14483.6733009069
15.102583835044,18.096718454159,15.57826548778619,20.030147437704414,213.96705274933032
5.1659850216944,-52.651160890194,-0.6114260215441369,-13.863607043265056,4355.227908189346
5.533061,9.97784,5.57497564110056,10.161703873875505,20.875672107883446
42.557375,-81.951380555556,2.6018765925979617,25.07226785289868,11191.238330182232
-51.816586057635,-58.728210282266,-23.79683087684846,-63.22848747580698,3139.222420662566
-23.8705060445,29.5094077662,10.323494466827315,-23.109045908470286,6863.669841588747
42.414144444444,-82.198802777778,11.579113374222507,-8.369340076350598,7818.933370127909
42.417572222222,-82.147202777778,7.109815190402111,-26.543365025068134,6691.350392662007
-35.016591666667,117.78262222222,4.381450261444656,39.8828691706267,9194.056781106181
37.006730143223,-121.74748697916,0.6947869914599297,92.10249764709353,14564.852342868971
6.8070288,81.2971059,3.9772004223985142,71.93269910919022,1083.2566469233711
36.965383143779,-121.39210492275,10.727097587868624,-0.3815946732313068,11898.846855517644
37.083536526226,-120.48045676583,5.3674717258502325,38.24250823811915,14803.899659711968
36.972961851326,-121.42669878189,27.221273381206224,5.206469743045203,10959.051288891584
-43.73828,-176.26273,16.547883296649424,40.91850111885756,15398.141621234421
42.557027777778,-81.978783333333,9.32678126936558,20.937461403856094,10344.506528342374
-25.999446571707,-36.464780259153,-34.894399550538985,-32.53965790471174,1057.9456157073655
14.867499406294,-24.713672552448,10.919499434199448,71.77482618669853,10381.34285521432
35.217638,-97.476795,14.506218530941041,17.10593337300976,11190.274820609267
37.056816243601,-120.85849679086,-10.730871418542595,-42.16647878668229,9742.80229077385
42.437669444444,-82.057394444444,41.01465216531524,-46.84861092969373,2905.227672455522
37.074579560103,-120.98731083451,0.2830868334089737,-27.727918264121573,10277.652039284938
-23.06280778776,29.913418083303,6.021751090180226,88.9700063041602,7179.993224113382
-35.350502960245,-72.40854476524,3.119746478608962,54.03439897023796,13456.315554695393
25.04656,56.355497,25.52735376630761,75.12191682701581,1885.976315270839
36.953826388889,-120.56256472222,21.364884118755683,41.750604024393986,13270.185954402035
25.026048039995,56.364613976441,-2.0948951354666496,72.91551916415429,3504.004508830314
-14.882248244262,13.531582625595,6.62886091838013,-12.777999265399727,3759.322979945298
17.019396391396,-25.166714542256,23.996526968723924,-16.18424162377886,1214.623587612582
-18.354060196581,127.5021351341,-18.75828998681587,132.07716283384823,484.3484179325612
2.8493764,24.626975700001,-13.265363981773072,19.041167388145887,1894.9501965098586
37.048548739082,-120.62539307982,0.7795388081643514,-29.573629461451937,10048.6483637921
-16.3424397,-39.007212,11.972423220759831,49.30530606489707,10203.328365399528
37.098356388889,-120.45534805556,16.50749153667842,7.196142535043583,11920.368187556343
15.1216634,27.969868191852,10.089963362713387,31.295022698739622,665.6863044170934
24.7986891,85.0087663,23.24569917063094,77.48437311101294,783.3503254128557
-35.824420194747,-72.604176182061,-10.874280244548194,-131.43877769424537,6504.964197950102
3.7409505,96.8359715,2.3099606966591932,25.69775828193087,7898.902625111101
17.979873,-76.78893,0.43547237662766386,68.60088762605805,15712.28534040759
-23.857947439,29.3665476982,-12.316962546236066,59.793045756038694,3452.4659809901505
37.011730594217,-120.83695424303,24.329239975258215,-29.49437501099382,8522.724390295065
30.878285290702,29.885577522246,28.672723120683173,90.61865604733053,5792.512355377448
-28.043021197196,19.221427340083,26.2088537808301,-6.158829496889688,6614.195661427289
26.5009732358,-78.6988418084,-11.003344280572618,-28.808745285688417,6812.095129896613
3.6839524860939,98.664320333387,8.640858066003329,-3.8292341149246707,11314.977089810549
35.174101052176,-97.493888654942,15.01842577017266,-26.398804383434914,7350.50460640343
5.1046041,-1.2416363,13.261003162199462,-20.055987272490203,2253.672254259179
3.6859705925037,98.650886277961,-1.3310385499458037,-23.77035516722454,13614.431821706896
3.6762869953047,98.668626295584,-20.99584579866848,95.46821952108817,2765.5105370186416
-0.50358145248358,166.94201957092,-11.248040941382433,5.5919590984210625,17574.86856550071
3.6964501328323,98.63598162587,-16.146139379120267,15.889830952503393,9349.496281811038
-6.291139,176.31471519997,19.228725251686893,64.073405815022,12569.163945549264
3.752994218896,98.695650437367,3.7299087386575165,-9.076127087112507,11946.526419504298
3.6700112782324,98.667164630626,-28.38425318882049,1.3097085411725131,10920.842154004744
35.162314215886,-93.878166503375,17.541590579609284,15.77801066766111,10572.96900331676
-24.579659864615,28.672675652869,15.203640572834413,48.10660018578955,4900.52995056728
-4.5905555555556,145.53222222222,7.8099059531630415,31.59162346905695,12710.258088422617
-32.008972,115.971967,1.8914219901496352,37.92548817056856,8996.440318234872
-16.293435299972,-39.0358608,11.454286551638257,17.386012908136806,6929.378879043405
-35.347871498234,-72.413745294701,4.271352348480785,75.51467596815577,15242.960116992706
-4.357069,55.832137,11.628788358368428,25.4254290587232,3803.8167994368373
4.9583439,-1.7392054,-4.094673323033354,-1.500406467789128,1006.9989847800194
-16.687792326289,128.25686338727,-17.121064587908272,128.06415748186325,52.35856900897443
-3.8946292533427,-11.645125865362,-3.9267117178807727,-11.741053953330077,11.223903386571912
-45.91543,170.435252,-12.72224857863854,-62.11195605679562,11646.962495427535
-3.6650211,152.4377592,20.537710556777306,18.909101662939303,14651.370665303646
31.240855736805,29.958372014309,-8.995948286924067,66.960044579983,5960.841822144916
-0.0286141,-0.0383596,14.898022605930803,77.71753164319162,8693.33617809783
3.6840420803357,98.658156789568,-19.74271432525015,90.6599450207143,2747.672970200211
-63.901260361111,-57.608837111111,-17.954032019750503,115.80161314238141,10895.403637256848
20.440137980852,41.930802302321,32.19145941919003,-42.87837224611876,8346.367822676753
-32.0333162,115.9287251,3.6703598166480162,93.52742405585718,4621.806423643409
25.3578272,46.2033457,25.576076617802137,45.85904830374181,42.23300677519341
25.078582666667,56.359866333333,13.369590969305689,68.27878168740119,1803.6449627006077
22.752193648036,89.397700496475,6.990232636688162,74.09991513315339,2398.5254019917484
-23.4094905033,113.94895348354,-22.322616505207527,116.42211817888375,280.72971604591703
-9.4216802708333,147.41258589667,-2.848464340967559,-55.18062404476279,17164.201191042674
32.378672529,-64.6893682424,-8.72616776762455,45.5677792052754,12424.015541359382
25.144956987457,55.435027973729,22.73651817267087,60.04830911504427,539.8704772815071
23.274921205988,88.941672778443,20.260627054910323,-66.88575782350817,14510.392148398216
-4.7015092999977,145.6189652,11.597321444115725,61.02833662328819,9525.702285698177
-4.5968964,145.5440144,8.32442898840169,30.937259682125198,12785.031144598603
2.992195,9.930494,7.289355977765307,70.73617779456379,6746.522040139778
5.13500512,9.97828908,14.671234615281046,12.84012572211753,1105.6346290202257
9.536944,138.1094465,12.753416218991843,63.016491773241825,8172.843980106599
-4.1569976726727,-55.328334994328,0.25504811818896866,-55.87626528970298,494.3596757358924
37.511889386667,-44.841369906667,4.2921322221974245,95.41976139076058,13815.013098443034
-37.335234039465,-59.12048434437,16.48372588963902,-36.49063639406583,6436.37323691957
-43.8226,173.053668,-13.811811371198566,124.92819903348997,5640.928294220489
-45.77765566303,170.58544422209,0.22915233855044662,63.24413294339064,11360.356039888327
3.704252,98.538207,10.293610835562864,12.06601701554576,9548.684430410447
18.0685347474,-15.9223446524,1.8635095982548708,-53.1207732864409,4438.80343864529
9.5196458,138.1216922,-11.835093157912768,-0.5962157068871448,15500.72574348149
-4.3453082302626,55.768381292052,-1.5152970843381939,69.91682013707708,1602.2124902030414
5.716973,10.187371,5.595224377654991,10.121897990756572,15.354485898792598
-23.261778014641,113.87239698895,-19.695510609294207,121.46357048928782,879.6700891677219
-4.0045435928176,122.50899390204,-4.64028537660029,39.46587298030563,9202.142697607133
-25.193942839431,45.995937508459,-12.308045364184471,69.7198826492385,2871.9273216817764
7.0606655,171.2573374,15.816944696118327,60.418089955134725,11990.045661032418
24.7788296,84.335805899999,13.557149191906507,69.61263389219314,1984.037998594
-23.8587365951,29.3289214186,-34.87838830337658,70.41229914875998,4133.474253092624
-36.838150903671,139.84599316667,-36.29282406059927,137.66686007166328,203.83848507010342
-24.5038663689,28.7197570503,15.564670466003461,-101.82716473749886,14781.261436550605
26.4962300844,-78.6896342039,14.04409719426868,4.527023224180557,8654.300555430154
6.7704658,81.263325899972,7.246008880883032,35.99766998997346,4993.909675787857
-51.85700579115,-58.222749848423,-17.595767418170066,68.05079600304659,10713.405192684248
-24.161796960833,28.982144398611,4.428243747785359,-20.856337261921595,6258.446988330234
-11.664640891667,25.204048477976,-10.59213294622796,42.71785023049825,1914.2360567547494
37.771868324603,-25.311811127381,12.395674668903123,18.251663151056597,5148.122757251677
3.7443006751124,98.681080093853,-1.8747965940661309,44.955159599482236,6003.361528953878
-23.7359981239,29.4325683452,0.681151380197921,-48.620455834974386,8824.04332650488
40.268161885542,-11.799522416234614,20.1191266025478,33.665912781639776,4842.114888591234
-36.796411921073,-59.845653949073,7.4249884895047105,19.84160630154466,9594.743868424379
-43.7378803,-176.2616928,-2.593642521305439,-109.60774277609652,7950.3936762373
7.90501,52.16901,9.27123333418992,58.57762484035445,720.7806788642968
-45.571737184604,167.61259267562,3.622175243146965,3.075581265180074,15114.31481738785
35.182659546463,-97.500125888161,2.9495185381398583,43.97844836509036,14178.908817281477
-9.4508624327653,160.13937074086,-8.47729946091336,74.08501239253594,9424.799749006852
-15.477464425741,145.25763283217,5.282987256975904,62.00560886564202,9444.960049307178
35.162190300002,-97.4850456,5.639800980229092,-39.64168820208569,6747.9037872621675
15.1498291,87.582777260344,15.1498291,23.95594129299189,6802.058127600182
-16.315482,-39.0329182,-3.8065458349163124,101.31849723318584,15116.506484191294
15.1213257,27.3056436125,0.6880134571085554,-6.836812696679985,4077.791857778036
3.7813399707646,98.694657161619,2.1092143990767322,18.44849178745395,8910.39833285521
38.3459229,-107.8955169,26.793856565874414,-91.81002928071587,1974.985043426941
31.255668369151,29.984603002695,-4.262614921432117,96.85907899646699,8091.380191625661
-33.753055555556,121.73922222222,-10.117851792039305,17.736837859309027,10648.538773009883
-0.49105159997222,-90.2822898,-14.625003073054206,85.1578765016598,18260.996506649513
30.596863662065,29.862960232139,7.844969035597292,-18.89704044568317,5652.266254622116
-17.360624999972,178.24388759997,-6.509509998102904,54.833949338308386,13257.844057289169
-22.661972222222,114.20586111111,-31.6917845130193,76.69605898431669,3823.3681298873494
-35.830923928739,-72.619517403128,-21.20035862068544,-37.16733273069169,3798.850694403448
32.8374565,-8.1953253333056,7.658675948632627,-69.5822460073057,6882.695807186587
-9.3913030594522,147.40866991383,8.414646092436286,27.289948905009744,13444.028609090516
15.784281317131,-1.2980857585657,20.476930165075483,23.437404126487515,2662.5608253277983
-17.684542480833,178.33745419972,-13.364531271379388,105.45223483403414,7776.976593704869
-21.2048853,-159.7888782,0.538969950330072,72.70565495219799,13879.286432008157
-43.750649,-176.328372,-6.725985694881175,42.24447668903749,13196.277871355953
-63.875648472222,-57.584686277778,0.5242417417105534,13.54551852465079,9150.050833428912
-24.1624964308,28.9883929398,-27.26731406171759,82.87139277309484,5367.869620198497
-29.041222380655,167.96289049597,-0.4319207575603286,42.40883940284249,13377.940017104329
24.953228244444,56.3726791275,4.127894781588999,50.55171530642684,2397.840378755652
3.6944468261791,98.672694107034,-44.55355040289582,44.72184493871145,7570.440942151966
-32.022111111111,115.94422222222,12.040279258718131,-6.13702796649202,13725.498278245423
16.101793,168.1416794,-15.033735759448641,6.453546939381888,18050.648996111617
15.556905987667,-1.3343507150051,-4.190131135955565,19.582102557863575,3181.5535084354215
-13.254810989189,24.859594602703,-2.344017974379298,56.17446963108746,3650.957139294694
0.0,0.0,7.8967139723936,68.72197005563231,7665.045329031401
44.937407132222,-109.62433196583,-22.681540329831222,-20.684970991535362,11685.096629784188
-20.40759827,26.378172570833,-13.44151289223064,5.230633970083943,2376.5546338140166
-5.357209339994331,-5.356326,-9.747012173093996,78.1458504676563,9197.191032666813
5.1716454886,-52.6555538457,1.7926883968540395,7.316172307470034,6664.586456537148
-12.8413247,45.1321294,-2.720031558962925,140.07853900453478,10475.759204985021
26.23463,-98.144290833333,-7.771774683198018,29.728939481998832,14150.375738786055
-19.738282888837,-43.019043333317,7.595739013203755,-12.843848698845079,4488.540155337155
3.7613644703634,98.678863569764,-27.733977979933268,85.95187555276016,3758.406324679629
3.9766164749053,-59.115243915803,-30.221140395187035,-10.52449910300933,6409.14239854161
-12.8437412716,45.1862002909,13.855024410726399,95.50494732610785,6288.174637229355
-35.721753290837,-72.533506794622,2.2170185575670303,12.472494908032731,9701.395793195636
27.945975,179.8463067,26.007254471718845,101.10864217024042,7657.565765304461
26.376412900002,-98.883045400002,14.401955695902958,-88.1598151639283,1736.4251951853344
-46.053789279773,170.19213345046,-12.550470460854953,12.824982308926248,13116.008166922418
1.7951464187371,173.04053848625,5.028156944338659,22.284014494217434,16679.19141206874
-27.087740977669,-109.38067790525,-16.426466662275107,-104.90361306383781,1272.0904353937021
15.8073369648,120.4578315784,0.6462308470002474,36.57814376985749,9333.185698097474
-43.7496481,-176.4481431,-10.092764402310719,100.81369624260564,8652.568532806363
-45.425806,170.70163,1.0544868014421396,28.37754503128106,13859.983392485816
12.092385902293,119.97463797019,-1.9706110557403291,151.90324422562216,3858.0459193705287
-32.63469743042,-34.402091130057,-33.902425363311664,-33.732846720274125,154.08472433715642
-20.744150960556,26.891682827778,1.4462458512249887,3.5379913012384776,3542.6186328834856
-13.6044234,-172.2030649,-8.581188766664129,-19.757767697952875,16098.890875464995
16.1018604,168.1416917,10.684493175103078,35.79225687635739,13985.372890808334
26.219322777778,-98.149464444444,3.135364764393363,34.087955769255856,13933.627534348747
-17.7252275,-149.30905833333,-0.9538003659185644,96.70710833398034,12505.135399106863
1.49936,124.845692,21.80703988546085,103.34919390190497,3242.1858160946845
7.7220064,134.6175031,6.682792599502234,115.36046148225452,2127.3406483782146
13.472066286169,144.7886390683,0.45134067515633103,79.74557335091261,7301.068222339059
26.226239722222,-98.128203055556,15.186027499470717,-53.18408811518163,4807.766657703543
26.240624166667,-98.144456111111,-3.676593142980667,90.29855432484172,17349.622963853868
-21.381391875976,27.465289978078,-11.009348546732763,14.049914051854143,1836.9812468738037
32.3663337808,-64.6743241511,11.671096518309508,59.4723908610244,12326.578436071655
-30.17812645356,-37.665184339393,-29.988456736687578,-37.9171249391038,32.131306433420946
-19.537597058441,135.58486698052,-20.50419454686802,130.4593243279999,546.1426677599933
-3.918764517381,143.94138317749,-3.2041818080043765,88.01592155767717,6206.034512842923
7.3468035,134.4979939,4.2031408146210065,-25.217389940526058,17423.61359304936
-25.144039100002,33.088851900001,-6.836026763173696,28.987681509744384,2081.9322849894616
1.5104085579529,25.294030811661,-2.010162665028288,0.3976435530630606,2795.4344606011377
-23.8602198567,29.4254253712,-30.465905366193276,60.37822391436823,3138.3659153638364
-0.2937632,36.0910345,-22.352656757972195,20.96299601614881,2949.329381066868
6.8774388,158.2890641,5.693008906770247,138.47874975393492,2193.3507932745483
1.630164,109.497986,7.691304896691609,65.92242583386337,4873.0538522187035
-45.4305955,167.7620574,0.054065781243843807,4.856295110003667,14697.57527482167
-0.90136666666667,-89.604633333333,2.290909374070832,26.655620793807007,12929.116946654647
-0.294225,36.1181444,8.613725420201806,24.56678261290578,1618.293699750322
16.101810200002,168.1416466,14.400659740904441,51.00730970942461,12322.687269829017
-63.870143888889,-57.60430525,-27.219034583826726,85.89294597470737,9396.027592200611
14.876550299745,-24.719076199998,-4.583634436273821,115.60044911274844,15526.944803568806
16.19333153206,-0.52399262492462,0.9007392979593147,1.1423431003949238,1710.239705131197
-23.036976095246,29.912523820948,-2.7215493581559063,-36.84140011546173,7514.661199860737
19.877395810001,3.0114187500001,8.456428033265292,1.6965550874269216e+17,8623.799647998601
-36.51698466,150.04214097333,10.536572253740154,41.22440737505917,12378.912006989469
27.0371111,142.176326,-2.685363355135214,75.15520928644528,7891.6069642127995
37.766444225938,-25.288626851156,-8.560930670072114,25.042478127084927,7331.217534139723
0.0,-180.0,-6.336324471502803,0.12968308318582097,19310.372713317374
-3.9179810230952,143.9689204781,-2.1522736086024277,96.76799159390269,5244.1609077504045
14.868742,-24.7133456,2.2399810925149723,-94.4243812709245,7763.988779398847
-34.56185001146,172.87621276379,-9.613855074806612,-45.6453813414352,13645.618666867422
3.0661336582294,24.122642871053,-4.4843906094873205,22.391379827029777,861.3329340821601
44.953893578795,-106.94772111798,18.53539717932264,34.797509304785265,11964.008875967587
7.4982797,134.5445831,20.455289230749305,22.53728703145915,11965.368558710197
-43.743987,-176.359116,14.66512853852267,93.08971598772918,11172.098012270231
40.267375218943,-11.800021101496,-7.996601361653774,62.16361472950986,9248.749175799532
-35.412651699972,-72.4354969,-24.302503834287652,121.91134473308288,13205.45683515151
16.204667448887,-0.2603807902834,9.682990358995236,-18.610001932812924,2115.0647767585056
5.6242913,-0.1729745,-2.3037475143199124,102.10598459441957,11390.802335026554
-36.5223740262,150.03429042163,14.94537764787313,1.6527936478411258,16073.729090513545
7.7048747948847,134.63022437602,6.034855071731779,42.09618421095023,10195.360028388885
25.158941089353,55.4538671599,26.368224467510416,-52.65063623445026,10410.39517211617
-13.29646154995,25.080614508523,-12.247186450636294,76.4993271507338,5567.272451995006
27.945975,179.8463067,29.937072847685016,107.49852308382677,6919.040794151982
-4.1884183,139.0037117,16.758075181827824,99.30371620849931,4944.109944715698
-12.8393551,45.1299576859,1.4492023313101716,7.187561221265431,4477.442077643507
2.8698649,23.9439554,8.03208505134226,74.0006165660978,5566.876114880678
16.958993757516,-25.297903142285,-4.498409005399396,40.28277285535028,7583.69688585314
-19.675353396077,-42.978028458821,5.993129668678954,62.02336731578369,11799.3530359838
-18.638096042443,-174.03954465303,-13.961575102840467,-20.134351442291983,15398.2512365089
-37.250805555556,150.03155555556,-14.452206050208655,59.88188758727682,9054.368896607097
-43.743756666667,-176.55686472222,-13.386162566275411,-45.16814036109597,11979.472769216456
13.481505910934,144.86212046536,-8.298044849702073,-27.295016065322457,18983.097651010707
26.216901944444,-98.147306666667,-6.564424840500091,-44.568693845640425,6827.694985965213
5.51434,9.981917,4.964704846423824,10.452788102706352,80.3353666107631
-9.2774299433333,147.23037523333,-3.6931393926773555,26.77884285405713,13260.98541393996
-27.147945,-109.336352,-15.541877615302061,18.96111355086477,12692.321631143477
5.511539,9.982249,5.67251927183557,10.163657416272716,26.897028629243042
-4.1605240935065,138.98136558611,-13.648799202389382,-11.769732790054247,16228.474467410939
9.5349193,138.1098688,8.947741848728963,95.55866326688519,4667.576677226558
2.9474946,9.9169519,-12.744856985875694,-16.53812837153176,3402.754514939517
37.744250451189,-25.515809718463,8.887176097796251,48.53840632430392,8004.796712521737
-32.404673685367,134.52012989667,-20.24996214015743,56.92563989787731,7690.997036960568
32.3636001069,-64.6644470841,-20.80331439018053,3.779858907724335,9369.44625108823
24.678813,68.47355,18.5750057700502,83.10437869343764,1656.1883057046366
7.64184,134.6327647,-13.870847203507344,-21.885306379566497,17359.99844900555
32.2966551036,-64.8749579117,18.453944579309468,32.69919911825238,9603.087419123762
24.884559805005,68.583581630706,-9.388903719763253,-68.70160410499635,15186.133862876459
5.36614586261,162.98296408246,-8.369603010090435,-155.63470212333775,4836.205830065193
24.398907177721,68.797339725907,3.1321019123896523,23.93173101935656,5354.991492317069
-18.633685257049,-174.00752256905,2.125563030366279,-42.77028933514311,14399.473467246951
-9.387069394397,-28.067781936065,-8.493126720462154,-25.394851015758885,309.97212177731535
32.2944604699,-64.7721398715,4.564755955629063,71.7433401599004,13862.757994117987
-14.732835246264,13.878779076053,-11.34351735318623,19.009400819592024,671.4342459784202
33.111433333333,139.78228333333,24.235246828850308,-67.15401032533188,13029.13531946339
-23.8412261289,29.3617980927,-37.37854098101744,-16.0489567674892,4549.997043796367
25.145908081667,55.456151291667,3.0248479911286204,-51.244520736576696,11534.282581154594
32.505409333306,-8.1714166666667,1.7530650152835765,-13.679693668160573,3467.697399214877
-22.679874384722,27.138295182778,11.484954804197153,19.892843351656364,3880.106997648451
-13.665281799998,50.023023299998,-15.43591636637796,32.23260272490183,1924.2730353799293
-35.566729299972,-72.602185399972,4.80730344277591,63.04061449846369,14335.816444559941
25.1209092,47.6329185,25.16268056368925,48.09870706937053,47.11585905110585
-23.622311102222,28.828087448889,-22.226549300401494,-1.2209546587172755,3075.72770668385
23.9495382,90.2741937,-13.57770714356944,20.382566586820687,8658.830806959735
24.841469163869,69.12961675518,-1.5235024788187523,67.4242235442232,2937.4103316698092
5.84758,10.162125,-3.9672598797248795,53.228903984191426,4905.159458908233
24.920556334635,56.38702438037,21.482871989925442,20.6115570607969,3665.918445437562
32.29325708,-64.7811971884,-5.003611945715313,84.39521088047046,15604.166189500775
-12.8380799,45.1310228,-6.292214292664443,94.4897754855948,5452.713254439672
-32.719742299699,134.83469536647,-8.802712472020392,68.2596625808602,7293.397888118756
5.732097,10.175695,5.097530275536396,10.215885508930405,70.7007217770228
24.98540727116,68.462138772884,2.9491034339158384,40.61928015475629,3858.383207493047
3.871214,10.072524,20.858358493730705,-30.04566354691317,4728.318878290797
33.189216833306,-8.1877148333056,-22.673332113997667,72.24579712396906,10534.899188657426
5.769513,10.158402,7.190436206154956,45.58178001136015,3915.994518969857
19.925961410623,41.560637090716,10.01895758526008,32.02472111870089,1503.1587123361621
-3.4691666666667,152.2275,-6.183367056870995,14.265015065231113,15225.874009112322
-17.547327777778,-149.58493611111,-21.369354883840913,-60.75220398714158,9190.159968439319
-32.702195876333,134.81550834717,-13.501359447594796,89.02657827188436,5096.905870241693
4.788516,10.825601,5.092109111225304,6.8180182873351045,445.24773790413036
44.8494746,-109.55371239997,-18.13222294579117,69.62072999410098,17043.27303453913
-14.920330499313,13.501061182482,9.51000906534556,-15.52940990675472,4197.178206913831
-24.1760245711,28.9980228245,-21.143825221796487,89.02209539612055,6121.343944792272
20.146117318754673,17.3725349593167,10.846513074994093,77.46755419361548,6489.867557173342
30.835132900002,28.959908899998,2.4624415923363774,84.9634668446102,6659.304803083575
-45.099474166667,170.06739361111,19.500375333654382,40.585877545891584,14595.846984682645
37.793648346962,-107.67350159011,1.098555748423596,62.30679004999161,15569.608019940566
24.806425,68.535699681249,-0.5950130979709434,-25.457244050629605,10438.309732754056
5.6305837,-0.1155107,-9.051782743672426,43.05388106506017,5055.5169866286
24.611756885912,68.452260796751,9.088496777848917,8.331319745738544,6575.553402748111
24.578238466085,69.11807169215,3.893716304046903,51.97652926628604,2942.34072721656
3.0859333,24.1221367,-6.378449989081664,27.667605519382494,1123.596409726439
44.914039,-107.079403,-5.482457438944091,42.18688958211426,14714.235915510728
5.0067716092,115.0050113071,3.5719146510107365,-3.987122047543612,13171.569899156279
3.830877,10.091252,8.487658550754563,46.30487601268921,4034.94255962166
15.745031933068,-1.2995080880478,8.060128861955842,44.671219611879856,5064.0332142026045
-35.6781434,-72.537904299972,-12.915380721377446,85.62935183469085,14144.055582261084
-13.6293495,50.0122388,-9.064861036377861,28.800515742554186,2366.397197099741
0.35867015183714,109.99666776544,-15.905569757827553,52.78558765533959,6530.366293518516
-35.794926422062,-72.547023530515,-11.242884933531226,22.538128614438545,9730.19095586345
25.107827503235,56.357473013927,14.263209129599373,58.18358943214061,1220.866579625519
-51.693912627456,-57.838930641239,-6.97646370314521,81.6371731280152,12438.528381071596
16.998872,-25.247515,-2.310668262599003,0.7521785595864356,3570.3089530483153
24.740695756211,69.24321062734,12.249986898871539,-20.519371118506978,9417.532316857261
2.8859157999976,23.9889624,14.698937270987539,72.69847603399019,5497.456645167246
44.9689959,-108.26912409997,-30.113572719175593,147.54127896869585,13377.24863852623
-22.409894876111,29.85191253,16.997320528503977,-8.92472095282748,6082.868845736881
5.1594845529601,-52.666085876504,-15.338392309688546,51.81834605435456,11709.785406490582
24.990547725674,68.414767733572,-10.31877248047954,4.1810497545572325,7986.3341153533265
-23.8470979035,29.368959507,5.016487709522691,-64.76046461183395,10651.873194473004
-21.398282311667,27.452681846667,16.056109043647854,-14.510567997842454,6186.806116406574
18.305083880005,42.725071300045,-2.539673061406979,87.33657364485887,5404.335203768026
-19.309408101959,135.10721578486,0.1825454430520309,52.78714603078565,9208.647927037922
24.571848,69.21121,3.797002230841253,17.407076799126415,5997.65887419356
24.6811822802,69.0686101754,-14.059071158718316,108.51419833480765,6071.668909804486
-36.575501247894,-59.642985127196,-4.37286995366734,57.77145294263164,12104.58569340304
24.97756166007,68.583563997328,7.621057197629061,11.438983369241507,6347.233089500021
24.541521743213,68.531049335993,9.799021574859674,32.96875927524484,4100.934056962596
-45.231643099972,167.8119474,5.30354704499173,53.83152644162431,12289.840030042988
14.919144223655,-24.345602910254,11.889007213282696,17.570206371163017,4540.034730301573
3.2112928786364,24.086302449034,9.809815434831206,89.14592244237758,7215.129819501854
-32.723711362613,134.84713966397,2.488873186415759,14.845078492458764,12936.782170080009
-43.73124647872,-176.4977529861,5.108306572059622,-11.833791628980805,15465.159752212865
-9.3075716885144,147.23190891511,-0.8377171098078363,31.999524395267805,12756.8746109247
-12.8405725,45.1310917,-20.285049082344315,-28.041718739832035,7785.206581196696
-20.149406666667,13.193223333333,5.892780218098617,50.804149205317074,5028.1598724049745
32.2580362391,-64.8668394517,20.263649633752827,6.110079621506891,7080.54160512227
-3.0630058066667,-59.950633753333,-6.048409045589739,3.9456940605239885,7086.8020780326815
32.027318099999,-8.2166602,8.246970864737477,-5.030202045760387,2664.675251779
-44.67938469,169.13375123,-18.34022472840453,41.17170163522406,11250.948939905462
-18.8460160835,72.4790568335,9.01787500748605,21.683365463429418,6371.960368002201
15.0959859,27.748755781771,5.805295457618129,37.5521084221682,1487.8048393072995
-36.578342485067,150.01662000473,16.54806756186296,32.01924312443686,13574.576962932506
-32.597907847941,134.72032841833,-24.346934514455892,88.64796359552606,4560.1825919547
-24.1730434634,28.9874119218,-23.550506972051696,49.77541054032614,2113.140131874194
-36.69292026506,-59.741106274598,3.372445548330935,90.25007731771599,15205.321655369788
33.416931216283,134.21944751781,14.389274771000334,55.96998451696215,8056.243036011578
-19.678215362032,-42.979503058673,-3.079520508427414,80.09118954612137,13306.472526898131
34.744341066798,10.745587940668,3.332321984043038,-51.98314318005136,7323.081569512139
34.649047321242,10.269690793587,35.09419254859282,-43.45579346953715,4839.397318324488
4.900495,10.77889,5.018922157436387,10.537317247071758,29.82557467430419
-9.4489788847498,160.13798629158,4.286456979006146,53.173496473113985,11943.96952232457
-23.8710729126,29.9945542496,-1.2562297006029997,50.91765459153963,3376.3881862364333
32.953600333306,-8.2213433333056,1.2752033585213665,-70.54290725334991,7373.365202877183
37.744548852484,-25.645190727029,18.88401552471521,-37.761228296004894,2404.1359898223786
14.676499033638,-17.455919614726,-6.25774222400411,-104.79292790901313,9898.843644619343
-24.5138423424,28.7200145423,18.094378024051018,-10.234783745904721,6345.3138114367575
-4.6014738,145.547991,5.977198903541913,74.13357277954492,8015.4420920241155
-6.817594299998,155.7258082,-5.882405756144997,84.92558030029107,7817.754705050316
5.839363,10.161503,5.520212061753021,10.145642492920521,35.53133140589928
-19.676936336115,-42.979249726145,5.364075752978818,73.19459415681808,12945.66786636777
-63.875648472222,-57.584686277778,6.027176195746887,-21.541048232192495,8333.225504351174
-21.195184193231,-172.02503747516,8.77415430403106,92.41817577518172,10930.586771024946
-3.1440943133333,-59.998465476667,-33.87726160711748,110.2144072307128,15772.484133509606
14.867438065217,-24.710241208696,5.929509271009705,-18.151677746929685,1225.1921721709953
-35.81464240472,-72.573546743068,25.39166343529651,46.10177405102129,14126.785064614858
5.807499,10.161084,5.142713435749362,10.17944418664974,73.94871191043256
-0.90007777777778,-89.60695,-4.768470297721532,-47.995266881805726,4640.173811228315
6.2103718,81.204941300001,15.066671947009787,8.844458417785976,7938.952804716125
-21.2146138,-159.7734858,-3.9661289584880666,11.4812526378754,17057.355587397462
24.67157180937,68.46599029975,10.165484807428617,90.9529922354916,2871.844482379242
-45.411418599972,167.7230651,-20.66042444409073,65.65588793130686,9279.98927381954
-5.7688908630817,-35.339028680558,-2.9342445841620166,-115.68725616245982,8907.954633727164
24.79496409605,69.109233880144,3.4803976320304657,5.3624537689523315,7201.905268408875
7.3599153770833,57.274321334917,7.838701122993035,60.05618532818591,311.1986295068408
44.801220399972,-109.1726194,13.486597836370606,36.40098922819741,12662.743484959385
34.919457430708,-120.45416111615,27.36523811148635,-38.7467570731189,7605.570858480021
-5.7415022850037,-35.210544586182,40.531674381207644,-82.9772202387589,7081.558091481029
24.57843,68.396578,11.322279991109765,78.080055204614,1793.2076377817023
24.536457924694,68.606311225198,5.230277894028382,10.136679561064724,6586.012711985987
24.65333916752,68.57839325604,-18.289986999145484,-88.53586019089289,17547.237124733623
24.57267629152,69.016502283392,28.188771585332013,62.27371621900213,782.6071114392354
-45.001248,170.611787,12.139127174534591,-69.59864777791935,13285.69870237256
-12.835126550638,45.131167321982,-0.7059144164339902,122.26646832095214,8595.626124876851
34.915133055556,-120.45183638889,-9.630523003051366,-2.114342490801056,13193.529782215004
32.2832071781,-64.7742388677,-11.768216196779624,73.17571733389592,15160.884253838569
24.650858,69.177100513204,-0.7224469148784753,38.17476167524442,4371.265806612663
-35.4229521,-72.335615899972,-16.45677731068528,10.602057751761148,8329.952905411506
32.056441,-8.2198248999975,-11.76063278881065,-54.491999110852824,6923.717847517469
0.0,-103.2048104,-6.051173090619888,8.25844606749036,12380.19775193094
-14.0398752,50.004042199997,2.3605423015746574,-28.47179854610567,8830.787436892355
-15.851542714488,129.90249933891,-16.881930353079092,128.80892466988936,163.52106638835667
25.3791946,49.2370747,25.344000645815264,49.117951832409446,12.59276411969336
4.9859713,-2.0105717,-6.981847061487449,-12.64853028619103,1778.9387283353155
-22.689806001698,113.99682216803,-30.127240960479526,101.42043679747971,1499.1994431422324
24.444274483135,68.812512651785,-8.460197494381621,41.41240278781618,4713.6839529617955
44.9593138262,-108.28830816017,21.451950532431407,-22.9760015720702,7984.413646529681
-22.706168151819,114.31753979498,-17.97195511495226,120.26827168515312,813.4545536351959
-35.3266585,-72.4179132,-11.544356795062523,35.04486757086941,10800.59665609789
15.6834673,80.1918541,-7.183431848084945,-15.57201751340739,10836.414261777325
-34.9343689785,-58.5205423736,4.235875726086203,-28.738660313341924,5353.117007997512
26.5081821755,-78.6977856047,-9.383182561758279,105.10282095989773,18069.30224944987
-16.123162465801,128.37893086,-17.338182252557825,110.56117365863115,1901.4964640632143
24.574101490393,68.852352416887,3.911962480115229,22.97237868880498,5415.163174671086
24.574778359731,68.75849697746,5.03337508115073,35.86658433280635,4129.605265306655
34.854389080397,-120.45241148299,27.687899158323034,-25.72865414728739,8687.561602701406
14.677449630318,-17.465689410945,24.520112675447344,44.53234769035215,6535.665209261847
34.919523804322,-120.4541595586,-25.851577025500138,118.18605847329215,14379.410862274612
-23.688714407661,113.97507416264,0.11095428024749213,77.29082493022747,4760.4500570816235
-67.570186666667,-68.127851666667,-53.53071192791467,-70.31456658695728,1565.4497448332547
24.744860114302,68.504005184554,5.834159079141657,28.538071183399136,4747.252557177373
-4.5047766666667,136.82836333333,4.312136458990792,130.19892473729115,1226.175586001711
32.455316666667,139.77236666667,-8.828463745132908,105.47537996787729,5856.081297939844
14.8727104,-24.7154876,4.201329030258474,67.86781431702698,10164.544832207985
24.753427059814,69.174170262684,6.49709954317566,-7.782364154508004,8391.03300524452
44.9580746,-109.0632817,-27.17741726929085,6.81806972394967,14087.522361952837
34.955614722222,-120.43269138889,-8.931821463282379,-32.68216665800421,10372.002768430784
34.836911553768,-120.45163155595,31.1726680497462,-82.99773697909177,3496.0787871476896
34.869679960732,-120.43675854804,28.912734482325014,-61.13341605212449,5557.641861784818
24.464818380796,68.737963596207,-5.888629540292005,32.29636443543042,5192.240548138819
-23.765253065434,114.01552532637,-24.3190584068247,97.71612356996697,1655.3797709102619
24.632409141502,69.116032024724,9.792550383545601,-15.726070498914284,9039.132901210942
34.831273154625,-120.45073628348,24.722098529602537,-21.368313987434203,9233.653854854856
14.704004373593,-17.462780867228,-10.544293802736636,30.038593485554095,5939.876822872687
24.709202084905,69.11635626404,11.831132200554272,18.760376561212183,5474.4041653316835
34.969383055556,-120.44676305556,-24.589641540473316,86.69212036542913,17165.034369697532
-14.110687,50.0612682,-12.176110742018912,14.515927196395177,3851.409051948908
24.614153353304,69.159618,-1002411599930977.9,19.814923964855424,5016.09565472932
31.961260100002,-8.252519300001,-5.3562517387213395,-16.078193246448773,4231.501600376401
24.968856468312,68.414129933958,0.34720599502101224,-1.346959350214782,7958.154645036681
44.971850099972,-109.4366293,-6.837230057533612,5.7810416064062,12514.455931201483
-54.421680611706,3.3896542338369,-54.42293525721101,-0.06276542340387262,223.32823083738785
-15.775402090934,128.74053940923,-16.42398112059425,128.29248980760977,86.55816145380292
34.848032658862,-120.45282290298,27.676421479925924,-58.40117813263782,5859.68585152141
-5.79616355896,-35.185501098633,-2.956549704814052,86.2903466735269,13443.674835237349
-54.421706842353,3.3893266461392,-54.42171212129221,3.389508830973256,0.011801029824467726
24.634808231375,69.122748975925,12.781949431234297,16.143028249866873,5698.484529582748
-22.693611506991,114.30232151685,-23.696669484520836,118.71954837513057,465.0187429349861
34.928381388889,-120.45182138889,-0.9817481373307418,75.96620093743147,15874.454047666723
-17.122503002853,128.17935476073,-19.43164637712818,105.4836297593317,2408.282109025835
34.935401388889,-120.43171638889,1.0788944606632094,13.60854251090877,13786.767860970378
34.945845,-120.43630138889,-26.634819400792754,13.59259351115834,15567.216115132404
-35.021011111111,117.68165555556,-2.533330321615769,-48.43066201284782,15595.267395106279
34.908050480178,-120.42377619436,19.61359050374352,21.933337371743125,12766.134666794025
-21.2065209,-159.7668968,8.891571700103745,46.05757812870908,16929.65625345207
34.835155597145,-120.45146295961,39.12105390768318,-100.00014636214223,1873.6444361341223
-17.486044638806,-149.84377652421,-14.421324492505692,66.43654460815549,14683.645728012856
24.634018,68.540187,-1.9508385234021697,-61.53493176030703,14099.721820935414
32.48788,3.6492832999978,1.2405439515314511,-46.294792179783606,6264.2402503061985
-5.7939386367798,-35.328907012939,7.019626821403239,-39.75334561337937,1507.0059024383188
24.807534968398,69.166680614828,16.714177038252043,3.7230338747625358,6803.568115625749
-23.764635091042,114.01551057863,-25.577895996163452,118.32033377828924,479.3944755158615
0.0,0.0,13.191740756290544,52.62231583944544,5978.802025650873
34.92789,-120.45603305556,-12.516427416159173,-44.69597986266343,9543.321631312727
-4.0352526131432,122.49711313383,-4.186536929916883,70.02833452872837,5818.133918956858
15.902394969031,120.37048964772,3.7298839040052942,32.22133838921866,9696.385090157839
-5.7839875221252,-35.192432403564,6.030821893893697,11.717333725659913,5369.936355167575
-67.57083,-68.128461666667,-1.1311826113621104,26.3628298449536,10081.598784059797
-27.096707725993,-109.37969879212,-19.28956751319517,-64.48664516686277,4645.5015516165395
-33.727083333333,121.84502777778,-25.04671133484385,-1.669165521975182,11166.868008900203
24.638976735814,68.990426574734,4.3223288329954865,26.157928332236743,5102.185331671247
-4.3395051347041,26.621000981846,-3.8674081971070224,-49.30657445987283,8417.432651194285
-23.559293763366,150.20156501403,-18.25590222529449,140.30853021685107,1184.2087048261826
-35.446165832,-72.4674680922,-15.20447628457188,36.46976327588878,10665.1271152564
24.647079380433,68.805552095706,4.468786028523331,-7.3083746194628265,8397.998389636465
34.897258333333,-120.41805833333,2.861544840819008,20.43025652045678,14160.624246027466
-17.342500733056,178.17512498222,18.51322113776039,41.57933830020045,15432.324098954825
25.1520835,55.444953000113,1.5140122855787437,6.484879643619907,5865.072195775766
0.39524349565217,109.97859611937,-5.915348107042909,97.90763721100762,1512.5959121995827
-19.4402101347,135.44537632117,-17.469072929374608,42.77007861462608,9638.29215798404
-5.7837104797363,-35.193969726562,1.1091691015102296,28.175331278701734,7077.068787521176
-17.561633,-149.871254,5.441201522710604,89.91186688848222,13389.597959653753
24.159858449113,-110.31905946503,-11.823068564128302,10.816299648586407,13684.43330143687
26.5204173233,-78.6946603283,-6.20172912371342,64.21056185078223,15485.872180477822
44.9575059,-108.291008,-32.8226641171419,145.0309622656664,13745.742350338387
-15.906259990012,129.78234293305,-16.697840691215355,128.20316902746492,190.13485254079188
34.528546666307,-120.3961152982,15.124641777894912,71.06949962242369,14362.376703978125
-45.909522179894,170.47457167566,-21.04923926524698,91.5574731564936,7504.86863576366
5.1589313987778,-52.642101310194,18.693201591079724,-5.392797488946308,5336.627889737494
24.599572,68.498667,23.35285280459551,45.12112085550082,2376.3818718871844
34.657406775145,-120.49295227728,28.11600483281674,15.481121109736463,11641.486620579333
-18.60587512593,-173.99408402161,9.588244187077597,84.55839010615679,11542.561124069141
34.660380852591,-120.49292837269,38.819618867359544,-83.62005787418425,3295.497344640413
-34.9383035861,-57.9349759407,10.80552930623329,-5.827428769762733,7474.527046065798
-20.089345,13.073538333333,-5.386387862744065,33.53686070488363,2750.419668343141
34.957683598954,-120.4446661559,0.8289115312737223,-23.249149223181284,10609.58525426818
24.484404473256,69.00278403713,7.8431755345308325,-58.18388515910946,13258.084269396537
-43.771526,-176.318749,-12.170535458060925,31.321993795167874,13193.382633705767
-18.036939179653,127.80428207792,-16.8431720107897,128.16867160997325,138.25456746542852
-35.5176145,-72.183288899972,17.35623306310303,-72.86989484148057,5879.749315649087
-6.165451,106.759422,-5.797085707780154,65.71375458044712,4538.289687585149
-37.296187633626,139.92068488311,-27.61742284100891,136.3707554926801,1126.327663781636
24.923131569937,68.550246698422,0.58041462848202,-7.060150796996779,8531.410328503696
24.387211077488,68.595678219391,-3.249277564337304,4.573710656845151,7559.243600194085
24.451890715364,68.51495675292,-673950958048701.1,31.235778963738817,8076.560344421723
34.899019411672,-120.43655285306,1.0908635119761438,8.918972013539323,13410.564098205043
34.860981896454,-120.43750783615,21.37392383816496,-17.452498261282216,9774.15305481858
34.968173071467,-120.4043984568,8.597366908616433,-28.638872201817573,9620.508091164393
-5.7762336730957,-35.198707580566,9.143970213379868,41.92431659771518,8705.729883095086
-0.89870833333333,-89.60715277775,9.888657660088494,-2.221391572078172,9738.387493344144
-23.101743735116,113.87924381052,-18.048834230947683,125.74149621439793,1355.9271186387318
34.817594870697,-120.44988230403,25.27064432559376,-76.89872278926428,4289.174055146177
-6.2916422,176.31490039997,-6.29413198025793,176.31816994380978,0.455227304799435
34.881627922755,-120.43670226419,14.87890768655586,14.705510013856257,12735.07940421485
37.795527777778,-107.93736944444,-10.114193351083161,38.685959584925335,15480.758641103492
44.814248173116,-108.96973970204,24.82812158761473,-97.09748920838133,2466.2914024463225
24.952353006111,56.378010772222,15.76164606418912,29.42211723962287,2983.1763526291033
5.0857111997778,-52.609472656583,13.01703908215582,18.134767709424004,7797.248951306824
-9.2940298721805,147.22882476629,5.512271399320826,16.12477612889542,14611.010052197773
-31.938111,115.878758,-3.4573487679061383,85.97945528096463,4445.918804189061
-19.95101,13.00947,-1.2906478848917153,-45.612287593854646,6693.759397273711
37.77452485381,-25.311660387064,-9.976235043933254,0.651350246050381,5957.104084351713
-35.3273008,-72.429462599972,16.22738309248766,-65.70736788245401,5776.30637612292
-18.029933654905,178.52254110685,14.286323703682719,60.60298098776466,13401.276999770525
34.872412375766,-120.43649267482,-1.9953082020710633,53.28988093977286,16302.087500017053
18.148231305015,-15.910901074104,8.148674309355144,-32.66024751790114,2124.750395837842
-5.7243981361389,-35.203384399414,10.729598733474157,17.542952139103377,6118.447160356982
15.286480006024,-1.6982026620482,2.9144143730155325,21.636587040552698,2902.8932384541463
44.949848386737,-106.94416677681,-7.697523684195851,6.46890113539981,12444.959594467524
-25.213299206606,45.878670860202,-28.60524385727205,66.1333436780134,2040.8269075214032
-5.7889947891235,-35.340995788574,2.1833527969666955,-53.2071392198634,2173.0626057957024
34.952984722222,-120.41715972222,-21.71081273876716,13.127001618639998,15282.204174662294
-3.0586164866221,-59.938002550167,-3.7422370675012133,43.86738368813834,11514.237139801062
-64.761667,-62.833332999867,15.661862624883112,-47.20373945089898,9040.64912743395
5.0086571183,115.0059995335,15.897044922567442,50.93752291767073,7084.471892191766
-6.7967389000017,155.7177696,5.967386361171282,-13.532385097190293,18823.624343113006
-6.8051216,155.7204894,-2.80969927815193,3.610065342433749,16740.078148841923
-18.02962674076,178.52228979426,-2.519648527484486,-15.37834780204889,17269.201317622854
34.877589237108,-120.43672600685,26.886505589455552,-50.033412424821854,6642.213535587842
-16.851989775857,128.27578072673,-8.996254848567999,89.73240239957522,4259.831577647558
44.971539177273,-109.43674043182,-10.595010554616943,40.043767119706324,15211.777778963773
-10.330789199972,150.6600976,-16.6308039718252,36.69031128843027,12161.105500616048
-11.303945484615,25.231963869231,18.68352586004904,47.84552169448719,4155.504799248375
33.311178076436,0.74829414722772,9.498659040132203,151.20708562215475,14320.753676046552
34.815443719735,-120.44938401027,25.4076102576159,69.69711608119276,13233.777866590472
34.908760614327,-120.45427669281,25.76100070049765,0.3597655533618402,10835.62751885356
-9.2910500533333,147.22827083333,-2.9390196415026475,97.71829750643018,5514.326871121404
-13.662866100001,50.023017800003,-19.139998112750096,35.21005077002417,1692.3705394942074
23.442408,-110.2237621,-17.955313229499623,124.98900400987552,14272.866951177843
-5.7361817359924,-35.204692840576,-18.201759324600612,68.35284984192718,11227.751717443844
-4.7409938556962,120.38062555823,38.13801296951276,-109.93067589873134,13730.085713664175
4.8690780555556,114.84794314990529,9.871666957121263,114.67260024632935,556.5982506667422
-18.648385049158,126.94637056174,-18.542143287728884,129.36507953493208,255.17929339378298
32.3439074121,-64.7102552745,-8.533529895829268,16.92760105071125,9739.127562174046
34.838599801611,-120.45184321112,29.342072906938327,-103.97752903282442,1665.361209970165
26.4965279773,-78.6895768717,1.5467140646502693,106.99696821514804,16837.67369079929
34.908944416844,-120.42366618942,18.777195488020475,28.022564496329323,13178.452784131887
4.748845,114.81937138889,15.017051212305457,65.96806685144293,5459.065442098322
-17.766594444444,-149.40716944444,18.23708409196702,16.234151283750766,18496.120191784557
-15.932714589434,129.74467562043,-15.519946841856584,31.441999010539995,10392.208954596003
4.9516530521,115.0242378842,-13.3554345398305,44.33768057066406,8061.989209297202
-34.934817552583,-57.950337287,15.02215086074426,16.854421091776427,9630.73591945612
16.278778333333,120.38652666667,15.677919152750173,36.941326053123824,8846.39109171364
31.1937032,27.457546900001,31.0761378364975,28.06855644742211,59.605500617058304
15.9323758213,120.34513564792,13.975574409145455,-6.598279388304759,13303.267956452968
-17.767786111111,-149.40854722222,-11.382228973639764,39.8185214508622,16619.104655151983
4.761865,115.18624805556,4.355141253139194,110.94055222126796,472.7728772598134
4.7610980555555,115.18330638889,-4.16580304511379,89.40342279186048,3030.7994656549345
31.25667692165,29.978317916421,10.223039809863177,2.8429128088782276,3644.78739489991
-16.096888888889,129.0875,-25.315432949252763,145.2689050633863,1967.8234859474815
4.9973703828,115.0185694546,-1.274805416290589,-6.846490452754341,13549.28403013575
4.9916069862,114.9976556003,11.210889284067322,56.56345780921108,6460.280253511782
32.3220367637,-64.7325642966,-14.669317462833687,-82.20952244285164,5546.569242394999
4.9963108264,115.0221270695,-7.111427403650265,123.27917497417822,1628.5359019752286
32.462033333333,139.7693,-21.622186230233183,-6.952453003954852,16523.328554706724
32.3679166194,-64.6655963268,-4.496010698456196,43.68112529775854,11995.603466822777
-51.708873169779,-57.848904061121,-31.25071628286989,92.04601216569894,10333.306773155387
-12.8373904712,45.1731818542,-14.765450772551585,23.336664555932945,2366.781322385534
-51.825867438723,-58.673508407106,-22.291861386201155,-39.99224798037576,3654.617977443865
-46.057923860757,170.02663111972,-8.506014367786936,-27.720747228539373,13695.939943780055
34.869263353171,-120.43674085342,33.66681661307294,-45.82176393156958,6685.704631525824
-5.7833666335533,-35.329095984449,-14.97655631043954,28.193010157878675,7001.235994219149
-34.59666964186,172.93393340233,-16.38740266230284,-4.878882052876023,14341.20040168871
-21.2449999,-159.73171282149335,-11.949022389571143,-25.003788581141382,13845.880398267222
-12.8410601523,45.1335139107,-6.159307387880329,50.348291867110404,937.379879488215
-34.607440634365,172.95350516729,-23.54342487830907,108.05030283754073,6320.878395792085
0.7956864,108.8550773,17.1001738254925,126.13340061122227,2619.5347523596924
32.3683750257,-64.6489454247,-7.077878192107946,-5.006979984710725,7677.313665719826
24.909344568439,68.549321817988,-0.7044594750013238,12.166230239456251,6694.33762064824
4.8781663888889,114.86022805556,17.04479382353069,44.309848241222056,7782.933776390864
-23.542199853287,113.9625231819,-14.285950384958436,26.26986058253115,9149.132425949701
-35.465130628,-72.4891269208,14.87597324707051,-1.975838884241003,9282.0028484396
-56.936094207944,-28.014042275388,-56.936134450495075,-28.01431622533671,0.01721106783320103
5.1725305555556,-52.644366666667,-7.667683282145721,11.879331778534446,7298.429073399661
-44.69990772,169.13053582,-11.620857671616273,-44.29154642271432,12905.985470610209
-9.4180830890313,147.42784740385,-17.017434815505162,49.17164682261515,10566.17303864826
-18.659763178466,-174.04030789489,-0.5606451646972392,29.76050002476969,16649.568128622566
-5.7826142311096,-35.19234085083,23.246501070571846,-26.316172401624094,3368.8266053877123
34.890304700056,-120.43668758113,4.605223287952551,66.63877534176355,15561.381529762417
44.973125167949,-109.43513469744,9.009349362936982,-25.91845882255471,8792.4259201336
32.2858106811,-64.8739722837,29.631790475500893,-39.17143554034982,2462.6075632899046
24.96468766845,68.39243106213,7.399662103704104,-27.465245492443742,10245.841256575324
0.0,-103.1673331,-10.544082959836544,13.487592017863125,12917.549429887596
4.8289313888889,115.31992805556,-4.568517926297156,53.33770086860532,6963.055697619172
6.7654303,81.107078999972,-5.4188233252377715,42.97133101103695,4443.702536293869
34.926756388889,-120.44218805556,-2.011365900434786,67.98806743930493,16252.53284449066
-37.169213827473,139.78793438811,-29.91373933827591,114.16162334167424,2499.013898299771
-17.427204716019,127.9957040497,-18.763405009350702,130.2585309082131,281.55624146894667
25.113147600007,55.438064050021,34.268383486145645,-18.28659801291133,7043.181415127399
25.146865,55.475656499952,10.132607063085382,22.268770070474663,3878.5749669209013
24.81483,68.545678,-11.824543706039098,31.532030870656833,5719.4388478052715
-4.5852517908772,55.432650156842,-11.276908065026026,52.24058103534234,822.8537164960837
-51.839157526406,-58.290304062952,-14.192536534761995,-13.675392647470414,5753.610442476458
-17.477323,-149.780515,-20.008230369335365,-52.844217405644955,10042.452308297059
24.66285939495,69.062180214426,7.7690691741700935,61.27908166363368,2052.554483492604
-1.0169444444444,-1.0169444444444,-17.166970932812198,68.26066241419161,7775.225991201125
44.754144,-108.3125224,-9.434804814957726,-59.39137846745722,7764.102581177844
-23.792927449602,114.00711964712,-15.153859656300629,57.022718203895,6013.189400671206
-23.129357937429,113.80094826107,-19.476396172810226,112.0349171350424,445.473949542541
-19.527576200002,169.2685906,-10.659826602741921,10.894717424039717,15906.723301450771
34.830799468024,-120.45062552567,34.82849425950181,-120.4507141726101,0.2564551645459654
24.611404619316,68.784060648491,10.09523682067662,20.010431333636657,5390.678751563804
5.0716743525118,-52.598061300814,-12.753439394162454,-18.592059649271313,4247.75226758503
-5.7864499092102,-35.193180084229,-30.187536621549107,-26.994640422830713,2845.7909977486306
24.578792888086,69.058919488674,-3.724685601099978,-21.858301108952784,10272.317399851809
4.8869030555555,115.40307305556,16.21273318265554,3.1548827236229293,12207.290661570707
24.954903369541,68.469453297278,25.98320485196789,44.386164335044334,2417.0045761076817
24.68599807223,68.467451656288,-6.736855439865997,119.9398623894145,6575.163078816085
24.214204,-110.296719,14.602472563354745,-27.71478126548348,8611.673564509962
25.1529381585,55.44611112,25.026833782854464,56.21445736171251,78.63494159895401
18.697637846374,-103.70279370163,11.38884813730496,6.410202629584249,11656.933827716344
32.3220571317,-64.7325083893,4.3757960742468045,-40.24483450541539,4018.3864044618185
0.75939199999999,108.884796,18.513296956524023,34.24942253919468,8361.926927383689
5.0327488873,115.0407516584,-13.44056436403441,149.7634731478359,4348.849983183304
19.375396,-103.803147,-1.8085130536406486,61.82591630943039,17512.8976915861
15.165030774827,120.57229780293,0.09948730453105324,6.39967537789239,12593.023880171628
6.802088,80.9748246,-3.661411020649728,33.36656002217062,5410.793642150208
37.823312412402,-25.448261428886,15.299339818337332,37.633077547705206,6621.968464481107
-32.499388735702,134.64090785486,-4.398302915127969,-17.431699045339236,14963.478534620377
5.774658,10.15966,10.63211766243844,42.85436305877388,3636.44341552084
-4.025011,120.196438,0.891671348901263,-6.76969896369934,14114.295038354168
25.154434,55.448078499962,14.835226677247125,67.4478258724031,1697.711762157021
-12.8372508287,45.1755254343,9.739033095984217,-10.43463666371904,6633.5076529749485
-22.721768856049,-22.721768856049,9.435661946438536,-5.597681807609807,4032.8925931614776
34.858904840191,-120.4396734157,16.274040618146532,-3.386070317297193,11277.970670555751
4.89582,10.780822,4.39035524830099,-22.814902041383643,3723.4646207434057
14.98661727,74.03804644,-11.078864419372044,77.95545543251194,2930.3003577777818
-9.4242165516667,147.40706766944,0.22896746904924237,49.70372089861432,10856.685826434184
-22.721768856049,-22.721768856049,-22.414607563029847,-35.90252527011951,1353.3871621606513
24.3889455,73.6370374,-23.801330613183783,-18.222832392197212,11249.386161671828
-13.863368678385,136.2344353125,30.177296386112598,-40.75707107414686,18175.00708258899
-18.11958952014,127.7472948372,-16.923600210755684,128.8040478547398,173.89999293362948
-23.4773912,29.7293436,-10.62701423409653,13.485848418687679,2237.351271134924
2.9620217009569,45.524415380101,-19.28635284074467,-5.779424569217727,6126.041760682613
14.833645303972,-24.711715042184,13.310107797732957,90.7839637972438,12258.315809747424
34.980516666667,-120.43253055556,-5.296538896773425,-32.009904901315124,10201.656979199815
-44.360306560833,169.17823579139,-7.8740598129535515,35.12190270330678,12606.29674838073
18.068020953333,-15.91621388,17.58449534353107,-21.158010380230806,557.4560900746193
0.038257290621915,109.76149245617,11.59406665013888,44.39996382207107,7326.429085481258
-13.944057326888,136.48409170695,-7.263381305238658,25.5482499559667,12039.395852258469
-56.936102067173,-28.014034330871,-56.93614722433159,-28.01435731952626,0.02022726515687122
5.55404,10.321879,5.532385849256577,10.331019945658063,2.611730643852928
18.835231634673,-103.81893316603,-6.91854842593862,-27.51863587708684,8830.9660177284
18.9459572,-103.8960251559,3.32579398052116,32.065772845360776,14599.46237779559
-4.652301,145.579822,10.616053625055919,72.01776584488205,8316.817762457455
-19.4179613333,135.363981167,-22.45287304181491,110.71836869387062,2578.7357340718577
5.058044,9.96046,5.105844369048146,10.633562991371877,74.74064867669705
32.3529752064,-64.7192462068,-4.354781208358558,103.48574396625342,16668.441772070728
-63.902931194444,-57.608997333333,-4.348221857163193,-22.583028181806053,7194.884953345169
4.8212630555556,115.31094805556,6.57353545497926,76.99924175636423,4242.513726658656
2.99934,9.939693,4.741674723470182,-5.965915908598407,1775.0982766409022
-32.407535656547,134.53238252243,-10.753780357204846,86.85606975160172,5428.163467609649
-17.738995184976,168.31529405836,2.9291032957623178,42.639275123547186,13874.043968935644
0.0,-103.15902169998,-0.8459353447051593,17.220658274210656,13385.202630988935
25.143154961918,55.469770040369,20.214192090050002,63.19012397947617,962.8399851000444
6.8452191755803,158.31719545887,2.5130453070687477,113.33188796442083,5006.5623466965235
-19.3521209527,135.1993664,-20.804267247157547,108.96159850318845,2741.976286060023
26.507331077,-78.6571498029,12.601875801934877,-54.41970494593114,2964.067428510978
-5.7671904563904,-35.199893951416,-7.827868019354041,40.218735596420764,8319.73592660325
18.583589138525,-103.67476986885,5.651074650778155,0.7384651789281926,11312.55851978096
-16.100392400966,129.07045270629,-16.429925858757187,129.1799127040446,38.460241407381986
32.460062300001,3.6884417999978,14.582596279629435,-21.87992861047835,3262.1933630337767
-3.0513771307385,-59.95101943014,-8.350038489272569,-5.666890879806018,6030.443931789624
-54.265843404042,-36.502220956643,-33.12863313204442,66.20469711873292,7824.08837170483
25.574881310568,48.397546123711,15.982479542160489,27.823900588125287,2385.5657601470143
1.4355256,25.2722135,14.664345789356119,101.28953641009682,8463.257994567908
34.856917322665,-120.44923404549,27.149930966153924,-9.918475152229203,9977.44914694087
-5.7211098670959,-35.202495574951,10.912643751878544,74.26220228511585,12247.871460531429
32.2940317355,-64.7840389889,-4.161500592959767,19.957740369604824,9762.237970472084
-17.717001865133,168.30996677781,-16.11998560676985,105.20283300041744,6683.2916324331245
32.736432999972,-8.1698041666667,-10.137829679051046,48.48218116676834,7661.281790218442
6.8329174999722,81.0749363,0.08424957414753145,-19.7343045266658,11199.701872432219
6.7631158999722,81.252773599972,0.3967910800991342,27.538443683215586,5998.9354266774
14.93153794798,74.067253778788,-29.856275167834006,94.84375918510474,5455.572236905645
0.0,-103.27903619993,-24.2443478070342,96.7640864380419,16560.775928979707
-4.0357365868304,122.4932541785,2.8519928270287687,6.946074666382166,12861.680590149532
19.059983541226,-104.29029270926,11.542087287846202,100.61082696459378,15653.105048437863
-5.7923340797424,-35.328800201416,3.444301632728247,10.974016143875293,5243.419450370976
26.223819444444,-98.141440277778,7.533872977729112,74.27939094933328,16173.232853714751
-4.0289777961416,122.49949969961,3.3258755978520953,-13.378818395317971,15119.017536448438
5.3291027777778,115.24096388889,16.59150260361533,-52.85181285931147,17248.240592259837
14.99743008,74.03346,-7.485122190324275,59.13923427016807,2990.8412699148903
-20.227969140257,169.77152132512,-30.868621840034557,95.79318181630224,7387.920639032709
-23.914016794263,-65.465533854601,-18.105845029241273,37.401227825416356,10437.98716507667
-17.55835155205,168.29184009939,-9.030329239822045,86.05590831498098,8889.732539353981
5.12563131,9.79600227,17.501348321396307,-2.2311971425275,1898.8571800142872
34.938452928604,-120.47768650532,11.478436318476058,-31.692146778974593,9170.579740571839
-4.6072111000028,145.5515466,9.511905093912569,33.942856183354564,12458.615110362947
3.9951125253029,10.022836988801,2.3527761970759498,74.47796740483736,7156.843085927356
26.5146370791,-78.7220331933,-3.9547801969021545,-6.1871265648023845,8482.268460666493
-18.178777777778,127.69383333333,-19.093712670077,25.1641852760831,10599.130997915016
32.3002394568,-64.8614487983,0.6925930022779665,-2.2742267584741134,7416.41821181381
0.009650881928934,109.81010451909,11.656706606868918,88.78083324908349,2658.71153366982
1.3868489999722,173.14564889997,21.341254239310462,51.760841075582945,13169.091687484719
-18.227024021989,127.67048231631,-2.8821762275059895,7.1106730924892,13100.213869240373
24.9392381775,56.382114132778,-2.0824423952592306,28.625015779253737,4240.364557602041
-4.7127472999975,145.6296534,-4.780759619840066,11.462627199151399,14816.290267905371
44.561512469967,-69.634761105272,8.142374756688199,2.0590594230039927,7926.157667625849
-45.995586155957,170.12952413426,-3.8598372681377078,22.060253261431836,13640.576287153017
-18.631222222222,127.01408333333,-14.37997615970915,94.97421559819831,3443.76317437135
0.0,-103.211371,-13.398653417103745,170.65971590308965,9588.831458037084
-16.14811402,128.387416962,-5.402360297647063,83.24625344012082,5061.162456570609
1.3507607417918,172.94453719412,-1.2659748407726792,-6.263558185943006,19926.55059787389
32.2935742512,-64.7779207863,-0.9980079740218788,10.520845339529659,8690.948024651729
-13.844282620938,136.41628461584,-6.518607054836874,5.340962471633659,14160.604817344218
2.0346398,45.0250295,7.050632730155706,-20.486033645691606,7277.747199130314
-51.832734845657,-58.288975685699,17.401280050137164,-20.158343546698422,8537.369834377734
-23.8545408659,29.3802075181,-36.398935978588675,-26.41008209692886,5467.085896887944
-32.591611111111,134.71736111111,9.175354648746822,79.36765962773511,7475.760955204749
-9.4097082116667,147.2299072975,-17.320327938237973,79.98858788915669,7295.0205036346815
-23.850871144545,114.02485900558,-22.38648361469348,118.27235339732465,463.85714766342033
-22.721768856049,-22.721768856049,-21.400385319117547,-3.761657047918531e+16,14924.801234769053
-19.31528194209,134.8916022728,-28.608804726449527,128.5627567169735,1216.5285535349753
32.459233333333,139.76791666667,15.149829099999998,19.422858921383323,11757.282301813488
-34.492585702395,172.77334149461,3.8358294998696167,41.183988906151285,13978.854072948327
-23.8455393724,29.3826163933,-17.025435725061058,5.595857261487222,2587.8337083839115
44.740348497549,-63.320815079902,-7.207133929539695,-15.696829821942245,7478.285811730138
-0.90104166666667,-89.607747222222,-1.8866996364543638,120.40176797572154,16664.269061741954
19.471465109146,-103.71936621477,-6.565428466913451,-1.0169229508380717,11578.350415521218
25.145134683611,55.441180793333,27.75859337013717,3.9993834629656035,5092.339296643533
2.94203583,9.91113783,-17.72909306260539,99.42259227921592,10055.44456445938
-23.8320214581,29.3859217968,1.264605923280483,27.97014903278124,2794.8081428700257
15.1498291,12.525556770455,15.149829100000003,14.568709114524998,219.29161756671922
15.168052682182,120.54388956507,1.1849390689229766,17.4323529253789,11378.218340926298
44.723894941368,-63.577693191135,-3.0119414790686068,73.0960831956998,13741.651985665694
-23.120175246461,113.81124959471,-24.218808638116318,116.45155141067364,295.33068236400624
-45.491930799972,167.78647159997,-15.236361810257623,96.60224218094883,7347.03943660745
44.603949884593,-68.516652765138,40.76551349525331,-81.80751940293901,1165.4988213900547
-19.470566113407,135.49167570464,-19.317217733085428,134.04295319424477,152.9032504781697
15.11530572,27.818845493333,19.46529599147808,-31.171275774757973,6252.724843583504
32.665367333306,-8.1862713333056,-2.9657017571526665,-53.16289777586567,6168.356836472427
14.92872436506,74.06818123012,2.867322997408233,58.603711605680466,2161.716092716328
-27.088297900229,-109.38115388375,-27.09615834794857,-109.37923616740869,0.8944212710436314
-27.131878138185,-69.798355831605,-11.169922437721198,-10.129537889178005,6454.276666487287
32.2796882037,-64.8755212594,6.921540169412141,6.125858911521676,7813.6849687030835
-9.4205186774442,147.42102981601,18.277574229425163,18.09038378224975,14474.058986751832
-5.7166337966919,-35.205390930176,0.09208235095346494,61.944785097983875,10799.658902106888
0.4933795,108.91232739997,-14.643381238351335,99.95299439359303,1950.4778549351338
18.577898957789,-103.66665375779,5.389037826710103,5.443586830950148,11809.184591636205
26.5066755284,-78.657982545,8.50948174899252,34.201388516942984,11800.787052428394
44.60577363689,-68.04490262561,-24.373215111032636,72.50643667971674,15816.169829863833
24.981773821659,56.254061786447,11.63869204761956,13.342587878100549,4743.134066270971
44.582715977134,-69.279338809946,27.23249816063493,-66.07136109869286,1950.3457168006707
-51.695052341236,-57.852184911694,-29.30382803602729,-75.34217745280645,2879.1075059152545
-45.495522,167.7843961,8.372843046862265,-23.83714138461093,15739.407201241745
5.753039,10.159303,5.687804194960026,10.15233969593212,7.2945784398775215
4.981538638189,-1.6598408110236,1.3791373751289295,-9.175543500369955,925.4614583881687
32.3695700336,-64.6808250714,-0.14579125035602317,71.0656397119192,14157.782068443423
44.605069395401,-68.03883814297,1.0960388260280676,-11.7429072870237,7327.042495648555
-67.570546666667,-68.128226666667,-40.43753696237097,-2.250615799842967,4902.717200300429
24.527113860798,43.606429113937,21.067719219896954,41.04144014962158,465.9063357446397
-51.768412238928,-59.193958687388,-16.890695693709933,9.154910455408384,7057.277017982351
-12.8380067088,45.1310577616,-1.0879175801826946,77.37604528638332,3784.44831795468
5.51492,10.328524,5.514374095380009,10.34997397546055,2.3748651711684126
-22.721768856049,-22.721768856049,7.571939045844354,2.398633517054236,4338.385490340333
33.377973080502,134.21096919838,22.65496384197188,106.55888087516338,2952.595324327463
2.63047788,9.84689666,-11.864798351536542,69.34053224436505,6768.169627675081
-6.2896882999722,176.3142789,-9.013478708107783,103.70636972550943,7995.396134530259
22.140766111111,-159.30243833333,0.209860229116593,-65.52114235728774,10388.146219631582
-23.30429507014,113.92213367457,-21.924912844299318,117.3474737356044,383.5756924162996
24.127219,-110.316154,7.976582720221772,12.728809207639397,12882.674670003822
-19.497386129296,135.52899617835,-20.315651769376476,131.57203516722137,423.5773314965616
19.456162438306,-103.46714317137,5.303119794397805,-89.66708025166797,2170.143226689915
26.580062736782,-99.974691253249,16.566531371206835,21.474822431127798,12080.442031957185
-33.634583333333,121.80563888889,-13.368129917338084,126.28159734435236,2298.5349745556955
44.610974854175,-68.520923937718,8.271322042577513,83.63551154840579,13505.661695830362
44.390837501088,-68.046034253412,-8.248498316785904,46.84204252756507,12615.294581616077
-0.60025089124079,73.224817954684,-5.256827773628665,30.02772805962397,4823.239400490071
25.152352,55.482576999895,26.938905277818925,31.491553217047446,2401.4037787093976
-13.863812128696,136.23198401546,-5.820938792950788,96.99435659705804,4384.527146454878
-4.4238838,145.3429997,4.507191652373042,103.77259222883177,4723.272556122999
3.875142,10.820332,4.2997579323237085,-29.81932241018665,4507.16053992538
-27.111197941733,-69.731397853586,-8.079960118494226,-33.09286788636791,4396.320900775571
6.9168990999989,158.3039786,6.144601357541343,5.832782164985287,16633.033307206417
-32.604911307418,134.28873919608,-27.266545468855426,119.35553075863163,1554.6863211456973
5.12164841,9.94866266,-1.0330531956149869,66.59807734947664,6328.777532546752
-5.7892723083496,-35.319316864014,10.268176850885938,-29.74852368345058,1889.0834656355457
-12.8389754891,45.1337553095,7.850518098720596,42.70153235982807,2316.2065451501257
-17.666160399316,168.25106145394,-7.330960368701046,93.19034423150342,8183.870262504014
-13.4468764,-172.3901136,-2.8242824939080915,64.63419170387941,13471.121740965105
2.0851779,45.0735124,2.584131632298907,57.374600358633465,1367.8001654242435
24.138492,-110.336677,-22.04704191570502,-66.69149342640986,6972.5525431892875
-0.60756769499874,73.22486649,-10.533983714259387,18.296047691078034,6168.145093554799
26.224425555556,-98.128510555556,-4.502812336560119,-83.14635625692391,3778.6746184413255
10.43103764,119.19028023,10.0934812746479,-19.955468381830688,14953.247906163571
-23.269522943874,113.87937884993,-19.957540894849764,101.58984959617645,1322.1837314154398
32.2968347277,-64.8727402277,-18.00960402472484,119.22527120656709,18374.19901803651
32.3322347738,-64.6977662388,21.822676869806973,48.591870327815165,10718.2695433817
-23.743912331568,-65.473084992261,6.532129088493594,2.746730777824505,8122.178547728924
-19.548538122721,135.59999610266,-8.58770130576736,46.7271898143582,9572.100141361543
26.5005884226,-78.7141991314,5.993629679124349,116.87780900979264,16030.264242176541
44.935938121019,-67.737146258599,-16.851824377181252,93.99417030097133,16457.58692797734
5.530473,10.33305,4.846117112387698,10.218292673222008,77.15072102689004
5.536576,9.981704,5.743524050092121,15.580773676166839,619.9986194256604
-18.612358416814,-173.94552728142,-5.045709753744683,15.519097617503018,17187.328462568003
23.18105,-110.137078,15.469587663795352,8.052371291164462,12039.272081832423
22.133978333333,-159.31558166667,7.978498404305934,-35.68098818102203,13022.838308615028
-52.213192943467,-68.988918314126,-41.58454069804728,-74.60071244190395,1255.4598836223554
44.388761135968,-68.211865532896,24.06156444529678,-20.846562895412404,4820.324530109558
-23.142207487585,113.77482607042,4.289272401676998,12.187327686673413,11378.812829782792
2.977942,9.91969,13.775449610167714,11.826191447498719,1218.7519389702861
37.801135199432,-25.747991339401,11.373311703978056,65.3106562741701,9327.377993652095
32.3787546717,-64.6878201049,9.193110185306235,9.195340048736746,7952.6060669291355
-32.726916666667,134.86733333333,0.6365161376489028,-10.225089938928738,14910.754890402211
44.597756657824,-67.926149960484,-14.386221568706267,78.1194241470969,15377.537885838781
-3.9683975098366,122.51378714907,-8.680247936297258,75.09053399471732,5263.775385952007
-9.2681714006024,147.23253747088,16.046679457111804,41.90057207985754,11917.445489775493
0.0,-103.3191992,-5.833099867532937,43.44220004633515,16269.085439929418
-44.396591316667,169.18844251889,-17.944151563979503,97.42724567271391,7187.7018762844655
-22.721768856049,-22.721768856049,-13.598081971389158,65.92050858210403,9292.134751650696
3.8276041525209,10.092151370495,-1.3459008168478332,-4.349078357755146,1704.8541365103342
26.5031035803,-78.6943595018,-10.875631033216893,41.81580102714329,13569.200873757534
-32.182346330851,18.896045715273,-1.8303735762254034,-40.58015350613102,7057.62675508679
-37.536940667,123.003638,4.272433163577127,-18.71055886895653,14651.617777381878
-19.687581920058,-42.989723813348,4.043163221687411,11.641966972723418,6524.42112338281
44.571701673428,-69.656492440097,4.094082347411272,39.641005536282,11191.15727376067
-32.719520727167,134.83398239017,3.6062436660961237,-5.571609599529906,14780.41402965821
18.941522274361,-104.10630765275,-7.376530749328763,-13.832964746993348,10301.673416574367
34.970184722222,-120.41619805556,-3.3523906800685688,47.84174916666121,16296.521468694247
34.88092871619,-120.43671295126,30.903187042549085,-50.102835860628,6444.254202903907
-18.640896211612,-173.9976478035,-7.6430882970969245,-72.19055372544047,10964.548987085169
34.896157214887,-120.44202416343,-15.567195589537455,159.0353329816434,10156.85812434267
-35.020980555556,117.68315,-11.767791024628858,83.77972022073783,4282.538285764754
25.140122,55.429683,21.57657127535284,4.231397332112792,5210.906397794954
-23.316008539713,113.92989111635,-22.529999368089406,106.33929258289251,782.1843499271707
34.824792112469,-120.44996990161,34.83383127765342,-120.45130325421935,1.012450537401485
-17.480502,-149.775477,-4.334125674841204,-21.73547342323729,13820.348971603418
44.562642763261,-69.635539265302,2.1888817468060084,-5.789561364534233,7793.1100251887365
44.70253565,-63.57166577,-17.703349458731577,23.831120360576122,11181.477321179053
5.3681237000011,163.004053,7.785250080132532,150.49984395327095,1407.0215036022635
-22.671073349619,114.2797908466,-25.207864154201015,70.03777406687537,4485.244037870622
-32.403467913964,134.38064304826,-24.714657524326526,91.2427633030592,4269.733199144745
44.56956994992,-69.664436734331,-24.50495513521956,-111.47756836622118,8776.251309512869
4.7546330555556,114.78986305556,5.8439369195289865,-67.0998810778205,18818.047175160296
24.171232,-110.307379,-2.171794526898393,96.75746268070385,16215.30331870981
22.1271075,-159.32602611111,26.110232918850482,-102.63272551259185,5726.364643010129
-13.075857518075,25.134456096169,3.684101951029941,56.82117721369367,3963.8058055863125
4.8871530555556,114.84909805556,-1.1496815696540519,-31.534115338189263,16260.013528583353
19.126123867871,-99.779693196893,14.942994848888453,15.60668376062757,11994.676307456008
-27.186616,-109.443019,-15.96769650090981,-2.090874585733376,10834.07887970256
19.268472671509,-99.676643371582,6.234817359668227,55.32737889708633,16073.729107329698
14.389716666667,79.540427777778,-4.180042222270494,-41.28025556958141,13439.995365850296
5.527343,10.338331,12.305867721518968,63.12132159543873,5838.066895945675
3.889982,10.741955,-14.784193873090318,3.493946813639849,2224.760036869802
44.510443496037,-69.342683695018,4.39495098423288,78.35445479398537,13696.92554372982
-14.874878455899,13.585219681276,-14.919779775035797,13.554235771715414,6.001107402538695
31.255115456908,29.984361855341,-5.742124998732258,78.78539297893077,6610.151358994997
44.355240749808,-68.074905918774,9.889271265034054,108.16305323556367,13971.46396958056
-17.593060833333,-149.61274166667,-12.990005853408936,99.16148505718479,11738.332341940539
5.2714146999973,162.9759752,-0.1899750643166785,143.84719873836167,2209.2066730194224
-23.114354347446,113.86827621436,-13.441098320362194,111.89049264383499,1095.6374144585302
-19.696845944502,-42.99581666665,-13.364522149347112,-31.514896335777255,1411.1237309613964
-32.724638888889,134.85713888889,-0.24434976358208754,34.36918405407343,10972.162716581692
32.741626666667,-8.2177993333056,19.356060046623277,1.7015765077926739,1785.8217442610912
5.2629354681,163.00751814694,15.063367174029308,90.7670743968874,7951.549826036838
19.295736312866,-99.734733581543,-6.103463384958005,75.62939328362489,18464.789018620195
33.107140333306,-8.1726519999722,10.115849530665937,-52.501428747853375,5192.728568436188
-35.230813015182,150.02065379897,-11.839959032880207,106.85556082186706,5054.326382191468
44.612449138496,-67.924292344248,-7.926612919055209,67.99366589524631,14133.896978338653
19.2502913,-99.761758799972,-4.447972998154965,41.65595020142368,15520.980582086007
44.551119205072,-69.632504035704,-7.835672348228902,2.862224502110841,9262.296991885847
6.7955861,81.2874352,-1.1297463054048908,22.210537937583826,6613.8324243604275
0.83691979997222,108.894935,2.7182114141789633,53.089953249905605,6205.227286998945
-13.6684538,50.023210600002,-19.954590027246457,-21.70105670250526,7613.026122525303
3.948311,10.037569,15.75691382407831,-54.57982633247734,7173.759546207911
44.576936484253,-69.630729822912,6.854758089094571,41.489490708090976,11102.745769653002
19.387014278564,-99.704207751229,-0.7131842783464633,-40.220057301201976,6855.460983219201
17.8546239,-15.2097638,17.969986975365675,-15.557136173876675,38.92802832677094
-17.532336111111,-149.38114166667,4.437982205209702,-105.96030105598811,5353.905771884656
44.553450533706,-69.635865723057,19.86248683947649,52.64741049590129,10771.281570564473
-17.781447441331,168.45030755591,-0.6550644439321749,11.055535502187597,16802.346117530215
5.600496,10.294037,-8.527706411200445,79.65326168287935,7848.24302658197
3.891678,10.772122,27.55363286277073,-42.624771560500434,6229.81952265386
14.361769444444,79.716830555556,10.900667486070455,86.73613683139244,853.1962503467494
16.772116666667,-3.0061433333333,-2.25046933229937,-30.614897148202523,3695.3160975022997
-23.620287902402,113.96590204417,-25.631003344409173,115.51475814616498,272.93885370150673
-22.702771255941,114.3115029447,-23.99245059178688,119.2939455565044,528.4458899814758
-13.850005376518,136.42188129575,9.964679759392563,121.37054170976279,3125.621742136758
3.8805944663169,10.810813171983,19.91311248502552,46.413449904651806,4248.661897420171
-9.414768504386,147.44378857456,23.68411900062617,-17.786586877315617,17783.828959177663
25.153297525831,55.483351992443,3.6366408758817284,20.938066040565523,4398.146305201029
-32.614538311535,134.289277237,-24.87485219687782,97.27577865769541,3690.0402384775857
-19.5087738,169.2919241,20.34610627845307,4.2540436859685125,18448.758793164227
24.278153,-110.327971,18.39785191467474,12.334442808972774,12197.732459654611
-22.72176885605868,-1.9290329338665635e+17,-10.818617939167154,-18.82218753488765,6105.027017088632
44.648240932087,-67.750379526791,2.0872348502979645,99.63512754107552,14669.808701441516
19.378312668449,-99.851463545744,39.65712799255092,-39.62979433969367,6124.478895180171
-17.631780277778,-149.30427777778,-4.532221278143459,28.4561058348908,17538.335651076733
19.260725021362,-99.659553527832,-15.618962223480269,-42.65685121848639,7341.77587692979
-36.8477734,-59.95477165,-23.246079595930645,-14.365009247775264,4592.775000925697
4.85963,114.89552638889,9.326979243569713,18.771358013462738,10589.16340202772
13.660819276138,79.393950223054,6.950080656685243,-36.38209968272508,12565.98804683175
1.5014207380986,124.89815651489,1.6074864445737485,82.69071229078972,4691.458130681195
-4.5268472222222,136.88712777778,-12.762055765550688,-35.346844370644504,17909.87962676205
-32.469998932867,134.19924133687,-31.07089672719853,100.50076556936338,3176.253088592967
19.274200439453,-99.662017822266,-18.324483768656112,12.453962789470483,12918.247735946346
4.641915,114.92337305556,15.671814621246895,34.03106591830714,8894.824794389027
32.2564923763,-64.8694799189,6.468473969167504,-33.78457776764898,4310.195793001625
-19.681576666667,-42.981646666667,-15.82924332941919,76.13499545178539,12278.290151522553
25.158683946111,55.453504370278,13.64548485274526,-7.733717337846332,6693.349496205334
19.282732009888,-99.675437927246,21.014087363367505,0.4284522728547594,10237.963143483848
4.940091,10.746284,5.0533800781697815,10.452273456313124,34.919600367378685
-23.14526857,44.13738262,10.693395279913956,67.21899262647408,4524.230872639705
18.584058494716,-103.67414847159,8.64141372443023,47.52424800450265,15639.57247734587
44.605216212769,-68.041013680929,-4.472643108731502,91.77549036323985,15137.4645661259
18.580779961748,-103.67015178087,-23.47353583943439,-22.898772036016542,9927.82907755839
0.0,-103.23954730004,-5.848901595553572,-37.079049512355795,7371.35990270778
5.568749,10.310898,5.5058915489406,10.355535282124944,8.559116089741384
44.57594248297,-69.63186327331,-3.1205060965555145,111.469499020025,15404.188203040665
4.8235663888889,114.91716472222,5.4193309866818025,41.341639244031086,8143.459744081152
5.3689887686794,163.01325704297,-36.49363028038865,8.427708911723307,15693.10601621922
5.727589,10.181315,5.5613654381458,10.141547148156251,18.999843795461082
13.597742744324,79.351068914595,0.9404808985602302,-17.747358456586124,10749.756681542527
-51.751649768332,-58.305375904096,17.206744795685466,-1.9342860951915615,9400.192900639518
22.182057222222,-159.33465611111,33.88084307119194,-60.088067842715354,9452.910746361216
-9.2681533121099,147.23253864669,18.11201473978275,23.309219645011652,13899.345306559162
34.951095937018,24.813401666227,-5.167696276935277,53.64127482411858,5385.067594382236
-22.721768856049,-22.721768856049,2.832031750349972,12.282787815318068,4742.241478277376
-27.098667539511,-69.167290798574,4.420969412412451,1.9182423028420332,8380.608270723767
-12.8382277396,45.159471659,-1.1322769185966053,37.8809121680717,1528.8077185964294
-4.5906119000014,145.5321582,6.019261070696977,-57.96533495536357,17408.85793749561
4.9915504083,115.0248398725,15.919472213315547,-2.6545884573559007,12777.094405038528
3.848792,10.498246,13.208062730202828,-16.16012676250398,3106.890656827741
-45.524064,167.806588,-18.77415573860725,124.06538037977825,4987.731623994202
19.270214080811,-99.661643981934,6.001280288241385,48.19126014301417,15511.269759414094
19.261129379272,-99.68034362793,-6.309403772159955,68.9461634528621,18121.03960639574
32.277807137,-64.8771525454,11.471545559194261,43.939631587364744,11038.048117842527
0.819235,111.530803,8.43009693304169,77.91245433424493,3817.826280595336
-36.5822238662,150.0086337092,-3.7396413024524398,-32.831164730311805,15521.820238154849
-17.703978176983,168.30286045724,-3.443923187536307,17.139428768901123,16074.49303433149
-32.46367008335,134.6086150835,-20.514364505767237,102.98730941784521,3399.235704502302
-63.902652722222,-57.609066,-4.164407370420364,13.049690478779985,8656.199762874605
18.108455707577,-15.925416572981,14.488179071385346,-107.57497071003426,9680.759646855877
19.473611477406,-103.68723120223,-11.215863473737794,66.90295428065455,18651.66030212735
19.328651428223,-99.660636901855,-7.156247125267958,27.832911737690452,14196.341128950731
14.861835299998,-24.71146,6.091788929555881,82.84770689035152,11701.293315056739
19.265422821045,-99.68138885498,10.05129669933441,18.66358585460255,12516.631362694738
44.643735,-63.56948,10.137869628625928,67.13449811648228,12170.849365686387
4.7548463888889,115.00964972222,-13.714361268717273,-17.183507690328057,14684.247593503535
-21.350696262238,-174.96416916074,-1.0779578653917494,-18.799733097130655,16419.559738661217
5.845696,10.163058,7.429036154917691,-2.5128844082031407,1410.9958562495638
5.0057869032,115.0077086873,6.115439360575088,80.55744486205093,3814.043678771504
-21.846222222222,114.15230555556,-26.39736180992622,147.5012110273385,3412.5109105203474
6.8871554000022,158.2915068,11.664570728020307,144.1423590629722,1640.5398531892356
-35.026438888889,117.65025833333,-11.705944230048226,103.26833730652521,2971.674606262246
-5.7167739868164,-35.204906463623,0.5536104443659764,28.695078598981144,7127.830911390546
-4.7356844,145.6497107,1.2387935824775127,76.06237171494826,7758.526176337345
25.1363445,55.442834,10.965641490246291,6.471569070797187,5379.309323112638
32.053265506349,118.76727849616,3.391124695010648,72.42059180202322,5784.013569874245
12.049730708611,119.97052341694,-11.874984380685833,105.01523138516195,3130.8614747407237
14.572408333333,79.624219166667,7.446296456922422,-12.955330602944992,10074.976948587888
-14.907582085594,13.552357424063,-10.440124357622683,11.271698986041462,554.9315543365444
6.7774156999722,81.1137331,8.216257015380135,-77.57655088320058,17123.50434245507
44.556947600326,-69.674947458512,-0.9476582436809958,74.09702660126679,13999.044206642404
-51.696283,-57.8130108511,-2.075715706239627,18.8438920653025,8910.298295259201
-22.721768856049,-22.721768856049,13.075004082976575,44.28240628401725,8307.921085789714
-2.2293791999722,-80.919998599972,-4.490572511896543,-65.35943477983872,1745.355186830389
3.855862,10.533765,4.733871345520679,10.104775537808823,108.601449501669
-22.721768856049,-22.721768856049,-8.780953491396808,118.96246796923523,14568.285057614346
24.220851,-110.290303,24.325803539653446,73.08876053170901,14604.674538695584
-18.056971896389,178.51857639833,-8.145020097201972,51.978945566736755,13464.939198608206
-22.307666666667,114.07961111111,4.383892281283338,13.760335212501886,11253.069957673019
0.0,-103.2919968,6.494531047663565,46.20430156053841,16554.46007043771
22.1688525,-159.31786305556,-14.347315828508375,60.113603546082736,15773.885597356648
44.603568122417,-69.659593680325,3.6554450085591745,15.609970865547421,9347.821967325704
44.597623597105,-69.654904984337,1.510738720866254,2.0459190092040926,8450.278485792182
-45.680697417945,170.57348985247,-10.49262023853723,-33.03404783426594,13337.432113149021
3.936556,10.052319,4.494427877423407,26.92353949608426,1871.9026431874406
5.516053,9.982016,2.749116820970122,58.38165474498944,5375.185240916221
16.2507558,16.202601400003,10.36889403615794,-15.800485317748526,3520.0418939030587
26.4993567858,-78.7075312436,17.05654281843977,-69.02144764171726,1448.8441109865041
-36.823280551297,139.86316973645,-8.674370261967454,83.64089546589781,6446.057724838982
22.184363055556,-159.42777222222,2.0941245721706534,-86.476962280049,8165.586480792071
32.3914457,117.8400042,7.303859848639493,62.88694720085171,6304.401021610524
-16.503353345739,168.2177308954,16.393751065881393,-2.730260758671651,19049.746493280272
19.462062398691,-103.70018490433,13.572974912333631,28.27748646364202,13602.666420174397
-0.54929748027884,166.93990173443,8.26094516256459,-40.82902149527649,16821.720669057922
-3.4830555555556,152.11361111111,-4.040426841584714,-18.243076266991824,18655.684659035778
44.344418422894,-68.061725537166,-5.246653758238907,60.153199035202235,13376.283818460046
30.584873391556,29.896060554527,24.133980722101832,45.14966151010145,1666.3081317952199
-43.78141,173.091257,-4.292826702600432,8.871846249464292,14440.753811818073
4.9887961987,114.9709288124,4.200826339998366,69.21082300404687,5071.730632847832
-19.445148527329,135.45608377864,-18.477620138560127,132.35190239961534,343.7018823700018
23.362268,-110.172526,8.57564636257974,24.698468493638163,13959.640176004543
26.5018457081,-78.704270767,-18.102870783094716,111.64407174732986,18600.133156425396
44.596607195219,-68.941873799186,10.756727961453736,-5.71760625291155,7060.926853257617
-14.931883737459,13.564027128754,-8.211620530521591,18.325865667487733,909.4632333771134
5.518498,9.981803,1.8319893674664038,38.566281027381606,3197.601236762477
6.7624664,81.251446299972,15.902456441167793,48.19800172497819,3738.2149339368566
-4.6529201000011,145.57972222222,0.09633030161195677,107.51532262275269,4260.721545707888
14.396786111111,79.699561111111,10.876836250255906,86.70056352388752,854.3835644625707
32.3650587257,-64.6527556702,18.639757364324645,69.68262961398615,12547.763623602825
28.278704003585,68.4244114471,13.91297769986848,29.121552431944533,4354.454096610946
32.685862499972,-8.1991878333056,-9.306341605555122,-17.64973999429932,4775.685863176712
27.595925632446,68.019909874037,-7.8653810087134906,-37.88946886820775,11975.729020539844
18.8681488,-103.8401075,15.145139811471138,-39.66028719719818,6801.011213037924
-23.595113756647,113.96787416951,-19.072750865777284,116.6448214158394,574.1849306494917
1.0634051822136,110.88730347353,21.480440538212758,54.547190398589954,6505.106302053197
14.974417087168,74.043378674626,8.129536655602376,-30.771942531606754,11342.454705282847
27.626352680882,68.025548526168,18.96108869745019,54.78095623490019,1658.7481932518913
23.608893,-110.231046,4.180466174444321,60.48810211617581,16765.35877323112
44.364770657882,-68.190727631258,-4.449635692681613,25.93584878706303,10681.17489513314
-34.549625014939,172.86385744421,-9.02843881346579,-8.328506474553478,15167.79953230355
44.830815110526,-68.368029605592,-8.433160976449942,3.734203728292507,9291.225345717481
44.573458376284,-68.464721453993,32.18178502570688,-75.9907693865001,1524.4310704933398
-36.829490670541,139.85950516796,-35.20591199862891,142.3206794730889,285.6202960625934
-36.7689751192,-59.8131385339,10.042055959858514,-33.92801357331205,5865.732310983848
-23.156245667651,113.769057528,-17.717288267717464,75.43247870731831,4028.576250081275
-45.5243011,167.811892,-38.30871992965395,129.06674456107655,3270.6017418650026
1.3855017999722,173.14228449997,7.499992844003713,52.8239917714341,13322.681618599134
-10.296111111111,150.755,-3.155732064126276,78.9521817420392,7954.949448759741
1.9592712,44.9591951,0.4265969042189311,-1.1809880307711487,5132.053737481906
-32.754000781794,134.32846155288,-5.38087696989654,-32.019258203096214,15536.236982033612
16.014307699999,16.486299299997,6.671544016957224,17.020872104989923,1040.4973637683322
28.297444337094,69.204679409426,11.410862611269655,10.212705768987364,6385.260847734519
4.91804,45.2254876,-28.615335467106185,2.567116878851113,5890.696793973261
19.417505105258,-103.51996817619,2.4582393224346757,-15.483016801749912,9710.955443700213
28.237598700038,68.710405778699,-7.347238008321809,104.97108608478379,5549.3435295843055
-5.6294816666667,150.38443138889,14.711668608568628,-2.4714407721452476,16881.354958470616
28.29466106576,69.433905718764,23.80410924656489,15.645579746255931,5353.477752420011
-54.421657684285,3.3907555551996,12.387345382350588,-74.16489099914676,10339.085938942122
28.315022979748,69.340138083095,-28.440446204568964,-34.333470943146075,12691.200672950092
-10.3126387,150.45597079997,10.384283601833959,-43.6231085563392,18475.13550242011
37.765570366833,-25.288712232044,5.741341248321157,57.5909083501981,8991.762336038391
13.520547199972,79.0780953,8.990869681065057,-59.10799860475949,14764.750410763016
5.736814,10.166087,11.230077475949113,37.47648082164035,3063.2032968039025
44.907874240059,-62.387686177919,14.899168628138312,-7.6366416368230645,6092.766701602981
28.33054196228,69.77446411316,-1.6544942952892285,-20.537347897219124,10125.349164861655
19.309553,-103.79634,0.4725944964889178,-15.865050524927563,9773.078421332604
-22.721768856049,-22.721768856049,5.147348597546095,21.599540059028136,5725.8924159211865
30.8379475,29.2461718,10.819991682733475,40.5008871811592,2510.4048622059486
24.979105499949,56.279991500068,-9.49380125241588,41.16479430184627,4168.661410891077
2.38522561,9.83028469,-12.497079070635573,-10.754386227637482,2811.8412015385484
5.728342,10.178293,5.574264627699117,10.143323640531126,17.56416484549514
-13.845117127532,136.41657917547,6.632464691711897,-43.10901294278885,19211.400581614555
14.602310767776,74.369729060361,10.591495311923724,31.007822561585954,4719.911486445606
4.7679630555556,114.82181305556,5.777824608581142,11.548017844512389,11416.020150751208
14.415282650596,74.404170743662,-11.007551693079613,60.93944531658148,3192.797051077263
4.8881647222222,114.85824138889,-3.3234305283259955,-19.71296540616212,14974.47849854015
-4.5179122000026,145.467189,-1.5617922447752286,110.50735835563778,3895.1671543191783
0.48513661803607,117.53818127104,2.789641187550711,-47.68979550849626,18333.17913460193
19.01988145,-103.822271525,7.054313847901457,7.884320259867561,11995.487858364022
-23.761066325793,114.01542703904,-24.610324353052327,116.07341185728697,229.11220610158497
15.104231689027,29.637992978496,15.35339222945743,23.13607926744721,698.1154849665269
20.857140555556,-156.14466388889,-23.241936146851454,10.151657710927175,18578.69633894834
0.0,-103.23014950009,5.534722399514693,-62.02299986475059,4615.843469260355
2.63483254,9.84821861,10.434661236847168,62.70376940921145,5895.536001121575
-32.429152327294,134.55902055672,-8.14110780250136,-16.813141366995694,14578.399934708823
37.765532532005,-25.653739156004,-2.30476033305709,-2.5009459402149457,5052.859353625477
13.36127018641,79.573671501217,9.778959387194348,-14.541078433657376,10195.818030486897
-14.785936111111,13.795694444444,7.613295263956203,31.955918867801447,3195.700976761737
13.57209065,79.48462519,12.098063910104358,44.482517296429336,3795.2086489002254
32.613124499972,-8.2267541666667,18.88508936291427,32.69831572051818,4341.890136068414
5.05952,9.991592,4.521894330443408,46.45136262162624,4039.9097925855745
2.0265082363058,173.25777553969,0.46784517098832046,-22.33824830873225,18259.143209845417
-63.875102972222,-57.586849194444,-13.682077768371181,5.8798445773043975,7361.487459244604
19.609632742403,-103.45829904022,-0.8390105462027059,-33.76479954234036,7919.105035219265
13.706325364647,79.341238451539,-5.818584570864239,80.67025161143893,2176.0217527305717
-3.0484551693915,-59.951815647593,1.2607729985450964,69.96394822469641,14446.862669727094
18.716835330407,-103.71584314362,-8.17177743870853,40.69533100832203,16001.057099503938
-9.2805263452191,147.2285352245,6.4890321735112995,53.274531897299774,10555.119706417878
25.1500645839,55.4157342575,-0.33681800693933356,7.095107916133554,5912.471475558623
-54.421785234515,3.3883476269054,-54.42176886611408,3.388586492122987,0.015560141016357503
5.521767,10.360578,5.195475892715576,10.18830600044365,40.98926312336183
-23.59607903,44.31409187,-2.088102055458509,81.45815320428946,4656.576581544727
25.140466,55.46614125,5.084322926890871,140.25285135605245,9243.857040495837
25.136827,55.462727,25.08435846567198,55.917065009346985,46.115962341346815
-32.477759044323,134.62510249305,5.296002883431697,58.34661381017872,9050.28986319702
4.668975,114.98593305556,8.839101651593056,-7.536752421394413,13469.01298291998
44.495992698204,-68.018081528743,-9.96060106694296,71.9603027758585,14593.44412423435
-11.277320017,24.936700669,-6.837981775800307,95.96654673260913,7798.589486367938
0.0,-103.27994320006,-5.796654936015482,32.4337488703012,15057.363865524705
-19.675635379804,-42.978642236372,23.18418175429097,26.808367544296736,8941.730047728632
3.950368,10.004857,28.281601884171526,70.37804809063891,6912.300405907779
27.90685658649,68.692150255826,-20.47085859941511,68.65783240182871,5379.357756990681
27.893603420625,68.61942707895,11.61836008145944,8.79066198700437,6453.877170220825
14.369530555556,79.722283333333,6.646704743405989,73.57223577092745,1090.30480957709
28.241495734444,68.541142009105,1.5627779517567992,60.89239581840491,3075.857534683843
5.73402,10.172217,5.654019059537811,10.17546084776556,8.902936526778412
-17.800218199972,178.518099,10.095921181426482,94.37463016313366,9739.495146564452
4.4387298315789,72.96125904995,-1.0508209714545773,118.15542261797125,5058.0641848747455
24.981358749689,56.255019083616,12.76098018265277,120.2205616007099,6808.375955896658
5.746479,10.162313,5.340959482003927,10.381584773050246,51.207318994606084
-56.936149526964,-28.014367383383,-56.936131167190226,-28.014258430061613,0.006917752033336832
13.616776265485,79.488738427946,0.9873853137000235,43.1692074252144,4235.651082889177
34.369430186427,-121.75596178713,1.8781692848776061,-14.59620943293106,11452.711098348856
4.8729397222222,114.85076138889,0.36849410273002203,30.60637707779922,9366.384153365598
27.66458030185,68.089892110886,9.45336412488367,-8.157070912808775,8173.20869034519
28.232237275674,68.486792679401,0.7469647349079124,-49.23413873110592,12654.547628126995
-37.106964443329,139.81270973329,-28.294604990701906,148.85882294114603,1293.4710728337202
19.457621616,-103.766856229,-7.213860833121313,46.87232361006458,16567.190162440187
-15.842075434699,129.91198096711,-16.689589097905095,129.01524769643535,134.32538211608409
30.933052200002,28.789619700003,-0.6587827805479055,72.81141877589563,5820.950125999431
-16.104771340028,129.064447267,-18.47653111547346,90.95172660274106,4047.7855079414344
14.869417700002,-24.7127605,-4.687879898430546,34.48694105961227,6873.860010310225
19.256338119507,-99.708602905273,-16.32668376595821,-44.614510170034016,7205.840218004216
-22.721768856049,-22.721768856049,-0.5642479889765898,-3.4651930512457076e+16,4006.2099204281217
28.194517698772,68.775581145456,-9.094970753395023,36.26375044422805,5422.016557467561
4.871124588,114.8987391684,17.690543627380148,-48.486993584007436,16913.711953759743
0.0,-103.15190180002,3.8006639622686738,35.62685363555322,15415.522851406902
21.931484222412,-99.987457275391,21.38640852793099,-19.744594448752302,8182.356353635816
-37.475775251627,139.99870902241,-32.97798036889192,145.11741959298115,682.6273126758423
27.967424989968,68.699992880688,2.5836939034491757,-6.161601444492533,8387.457821536527
2.964112,9.912113,-2.1729418092969652,29.606219113726254,2262.394808628475
19.310938,-103.756744,0.06111305608393517,66.90682131710315,17632.493640531222
-17.567824,-149.794322,-6.495772210930319,-1.3780092317652837,15634.518305583277
4.8595647222222,114.86259,-0.8130508289502796,86.19780967056336,3245.913683553241
27.612486282568,67.881705422739,5.252124733373693,68.33020850238628,2486.811456233415
19.295713424683,-99.733871459961,1.2930015075152932,-28.478026294893848,7994.951938933685
5.04541,9.961197,1.015992153651069,40.74390892344369,3446.5093866608836
20.740446,-99.941363,13.375273986813392,-58.462365600480034,4472.33438155324
44.595113450183,-69.471514082727,16.812168899468492,61.36351968533566,11569.052543984813
-12.8415464703,45.1318106242,26.029195235635576,11.398403955150572,5656.701029739786
18.907282166135,-103.87230613028,-28.447992760595888,92.48580149555126,18043.483863652094
5.0155881979,-52.4760113005,5.724764992963429,43.70098346711942,10632.474740191044
38.321786299997,-107.9607685,-8.417279359207448,21.307662627413254,13965.097441494614
44.914818021289,-62.353414556415,32.80497847872986,-49.42106690241427,1746.755489610826
-37.193512424703,139.84121184358,-35.2656116005309,141.86727439903294,281.01964433465423
0.85228999999998,112.01908666667,7.719866049415894,71.55899899919288,4547.6436030278255
-45.75568922335,170.55840295961,-15.496856994379716,58.34201780468417,10408.01222423007
4.8547180555556,114.84675138889,2.225426965609345,17.63764857136244,10784.564653022982
1.1381147500124,110.52430875,3.5075474054577356,30.36327726092914,8907.929418269807
20.534544047739,-104.02040692563,19.362931530026948,-33.305960974348324,7329.386167393731
4.9935001228,114.9885221757,31.14646806617181,15.233424125518818,10642.131955295727
5.510466,9.99177,2.782346459682172,41.805856552507805,3540.739559905915
-17.420585586846,128.00361366747,-18.483422020793356,128.8239170645144,146.61589460499107
-12.8447213676,45.1882734708,1.2275087376008968,34.469935210176686,1961.38510680875
25.154940169167,55.4207642375,11.182113085024444,7.451069362826464,5269.958723183359
1.2234986755896,111.46713776485,-3.7715116623728795,-29.029541510316292,15618.092563969445
6.827129,158.2989118,-8.041154507644896,145.85176389834103,2153.5922680454255
-24.3364806,-128.3135077,-19.269241111468798,54.75953934152473,15154.937420377093
-8.5616944,125.5424722,1.6063286700356216,44.93952040489483,9001.728681086382
-17.723637715113,168.31093260488,11.808101076371571,-85.4430366290614,12103.89778719946
5.1553288568,-52.6508843713,10.908998547811683,-50.27655096967691,691.0849059730382
20.8978059,-97.7688283,-15.474239513414682,-22.326821212998432,9169.620057625752
19.295307159424,-99.71085357666,14.77434711305568,38.72610422167677,14096.008768893393
27.945975,179.8463067,28.411679837733935,156.02978316576315,2331.163956876234
-17.551947222222,-149.59243333333,10.788610153423031,30.927163739098624,19260.957439253874
44.903683929705,-62.39930990769,40.27336865171348,-49.211934157237806,1194.151137071854
34.93843448705,-120.43155601355,0.38226994529677505,-19.72062255168304,10957.361226268918
-5.7185077667236,-35.204837799072,24.222403653962214,19.0782618843975,6753.389591701149
-3.0484578277778,-59.951785825556,13.602575531459358,-18.28039126429961,4955.143131816652
22.200995555556,-159.35834888889,3.35951978820132,-58.838200520765334,10944.988222767643
25.1581008174,55.4242641851,0.2786552719028564,18.00236531590977,4878.215419973999
-14.922866666667,13.494269444444,14.622845700096134,48.058338227414616,5023.3330033209495
-63.875625583333,-57.60280225,-16.26728056682241,42.76044383291055,8883.843513752381
31.227382975994,29.951017089814,2.5272077582023793,55.81694860179033,4188.540374448624
19.149259499972,-99.8030016,-3.638213426622974,64.60090307728493,17597.588579430445
-19.695468699972,-42.951458199972,-3.8925868986248138,5.388163915144975,5522.445659196369
19.260467529297,-99.675498962402,0.1778151204968363,121.0182834759165,15080.469096389326
19.268699645996,-99.659065246582,-4.487056890296974,57.44922307369381,17037.90209969781
22.210901944444,-159.40579166667,7.573197439419528,83.1918459661033,12439.704792817287
21.167629299999,-98.3677524,0.6686880728659863,7.260778445422805,11597.579205596207
-19.684039444517,-42.98214077781,-9.235228119091975,42.71726089213922,9217.108651348794
-23.634761836336,113.96281674291,-17.46654037107998,110.6605077246739,767.1235782136033
5.12411177,9.95546244,6.982575843324386,10.516663782115137,215.76701480846992
2.1751689,45.1181551,-9.060581289826471,-27.417746227113813,8131.873138928712
19.292587280273,-99.718696594238,-5.676737523055945,51.89473488933262,16590.343534151205
19.293725967407,-99.667938232422,15.990676827516555,39.945407638208515,14107.858543162152
21.008146674617,-104.16736445143,-22.801088457850838,127.429038209582,14715.464082751627
-16.781785705829,128.2799409408,-16.849489195406047,128.2188058016261,9.95084238179174
32.2716456838,-64.8755935114,28.93953347361154,16.411680259279546,7589.786148834371
19.295797348022,-99.667510986328,15.745070697959406,10.733016984347179,11466.385624563653
21.924856185913,-99.997398376465,1.4334262869704495,-73.5236376128606,3659.9792930890408
32.750297333306,-8.17955,-2.0307517096825105,-0.3492581897614867,3954.1569731865993
4.9937022943,114.9850771297,23.297130426398805,-75.8471162898181,16656.68474538697
19.288049697876,-99.687088012695,4.349023330612004,14.099803792748407,12316.615299702062
2.0295809321691,45.334257544757,-6.473770410738043,38.53097195607074,1210.1193813398797
44.588075226563,-69.651878572529,-15.37636708521109,83.3170932297971,15892.141525255749
-23.378672778861,113.94589385043,-15.568936233560432,94.5628728194515,2206.7852876757042
-27.117152612275,-69.961709646707,-23.855259578958172,-57.597880146934706,1292.2292441022012
19.267768859863,-99.674407958984,-6.9144765772947725,-20.747069062060696,9111.044478758971
19.278984069824,-99.698364257812,6.747786379427745,-53.56539386564787,5170.260482583264
44.604271289981,-67.944798263707,3.396704303116425,24.562469805474393,9940.559957750253
-5.7332916259766,-35.204601287842,1.594807571425577,35.937745221995996,7941.084874002766
-19.74007859719,-43.019365386105,11.625551871630313,55.72085141433649,11343.455649512387
25.155049,55.454139,-8.36107279424973,1.690688693993911,6907.854033531026
31.948811800002,-8.2079376999985,-18.54468687327715,-8.869632405342255,5615.0638473714625
32.3653217498,-64.6549291816,-17.538067009834258,81.72012860363891,16267.702770853133
27.746949224999,-18.09590425,1.0563393317288867,7.8548344652285484,4054.6709860202996
-23.42122952,44.36388482,6.911494120964216,79.91698118096328,5127.0992710824385
19.466472522244,-103.7712022942,-10.592629306461673,72.44719885063675,18948.246022959265
0.0,-103.17469190002,11.308815980574723,11.985640559536694,12747.265409144584
4.8280680555556,114.86442,-2.6417962255865186,21.0969825082099,10449.302107820791
20.638494179603,-98.918607831093,-9.267953805120765,109.34333501946334,16733.74633876653
11.18365343,119.39252505,14.321796765617215,20.28645098072789,10661.42662400759
-5.7610573768616,-35.332836151123,-9.40313465375645,42.56667045091024,8580.215000436216
4.1708295,73.515608906359,23.155657961193718,56.59072152350762,2786.2140125327683
21.922199249268,-99.974052429199,-3.3386082231256085,94.6527448653658,17414.581203426605
19.278390884399,-99.676200866699,-15.896789734147434,70.42350654603155,18900.64982653087
32.2924612183,-64.7828450706,1.1015707430232278,23.973145778933844,9825.181935477356
44.585917896478,-68.495033156398,8.050145980556344,61.90439912846195,12345.11718354372
25.038963,56.362458,27.42083812931145,158.04610436140214,9803.338032210288
-15.827767891668,128.47106888756,-16.820915477651447,128.20756027756215,113.95669198941293
-5.7695636749268,-35.195980072021,-11.131014582901942,-7.444192015009677,3108.2135241734886
4.6620780555556,114.94536305556,12.863395956903984,11.90350162753138,11298.047529010257
27.0987983,142.207226,7.436906637624185,23.04334510834489,12430.466094652831
5.1677540193991,-52.644935062648,-2.0106771288495353,22.010209622111223,8330.311805286612
19.279983520508,-99.683685302734,18.694686065257574,-10.195237144618536,9280.85157599544
19.289319992065,-99.662010192871,-9.438841130246141,38.43764158736018,15383.511174241801
21.2377255,-98.4359016,-5.5507998007181145,51.108572558721185,16300.044230634016
20.988905949265,-104.10836139312,-9.953489699470113,54.75316821440678,17443.39004995831
3.9092026861501,10.06084888674,-10.87482903151966,36.83913353244562,3389.022186576178
18.582250081542,-103.67265552106,-0.2512496807022536,3.0258401272604864e+17,16226.26833268363
25.152523834167,55.418261736389,14.19230095561594,-18.82916793298285,7780.740679822042
31.240774565405,29.958858741475,0.38724678558007514,27.849365890582106,3437.9468864172545
-16.068485388415,129.08847269704,-31.24109637320031,125.67597024621992,1722.2222032314248
-24.014690757791,114.0400394673,-9.476800519964401,83.10566794968763,3655.915684824308
0.72871331581251,108.88276836852,7.673989621335188,45.98402412776918,7011.316230992418
24.3222625,-110.3243315,3.850532780388676,2.383996400008718,12105.130629813844
0.0064950454545455,109.8123366348,24.367794818917883,-45.77331769590028,16238.761995820287
25.135776,55.460936,3.892191444100432,72.05050790064206,2953.5498772872397
19.238451004028,-99.69100189209,20.305511236792114,4.414368062902102,10655.007510578247
-17.495478,-149.851303,-12.584700980989235,-59.73426350869248,9602.06932593125
5.0112469587,-52.4727573618,-3.6480032295623723,98.56720382762691,16800.76806539961
-18.031743191001,178.52434522894,-0.8839751505519752,-17.45391053879277,17280.12702066405
4.793352,10.822538,5.096631123096725,6.747487766796726,452.6949296042535
4.9954480771,114.9886668473,14.509199275162812,-79.60276859052684,17314.679440492768
-45.921586248852,170.44049870125,2.844824338789426,66.40075963577924,11317.753545731204
-55.03686037,-66.58788537,-5.560438517785283,-0.6374184481630153,7987.102434099804
-36.753419460839,-59.804605438462,-15.218380913323562,-34.92280988982819,3431.38614280218
5.820619,10.15963,7.401648874031243,20.988198203317367,1208.863624359286
44.592932104621,-69.653309801013,17.607561007067137,59.69261706138447,11407.383126367668
19.276969909668,-99.682083129883,8.801368881999185,16.75160673605556,12386.18869263452
19.298223495483,-99.691062927246,-11.332603311336083,115.33872097482279,16163.03881712529
30.9979792,29.607388774812,-6.23241204190396,67.74836516181871,5793.328829619661
34.869395747042,-120.43676257981,31.13468110333782,-93.88551555837805,2503.027420132018
31.910442440584,35.889805672131,-13.58913403845012,59.98746453886971,5673.511869453209
31.88459770605,35.862069396302,9.603699958931893,45.32067896043592,2662.2732688657766
15.315422241984,-1.7976138402806,15.486994496370395,-18.17398345756383,1755.2560570590797
31.904431823641,35.879785852879,-8.74276729961604,-26.212316723823754,7983.39469689557
44.582642524836,-68.485732539193,40.16231439462197,-75.06253359503283,729.9549726393273
31.893957844377,35.84185538739,20.415822479424985,31.85597068681482,1336.528708242825
33.107119166667,-8.1775359999722,-10.867601532623183,-78.91296067246658,8929.345851092547
-54.421669182209,3.3908046211614,-37.297403032795586,6.975048917289151,1923.6235555338992
34.474327459109,-120.15342131012,-4.632215010824443,52.254730702635584,16605.71079965373
5.510859,9.984407,9.677851348618441,24.55208003856333,1670.729870050883
31.957540678605,35.864634075947,-8.727229182761528,75.51220808670347,6179.001118683999
-45.29770353525507,-46.41392805579983,-6.95161686661978,14.261723780062757,7189.810323821114
15.103418747729,23.94429754649,15.398948195851814,17.429132285434736,699.6845210044581
22.209135,-159.38492944444,14.029480298199557,-84.51805066860189,7891.139043332636
23.729542,-110.23276,-0.876929710164586,-66.46275330537819,5458.881809509123
44.77822183341,-63.075952599383,20.03273670822123,-68.38835725991542,2794.8522879898646
4.65237,114.83947638889,8.267969316654185,52.44246035581574,6899.799661958397
31.956398785114,35.847258791327,-6.070960074531552,-17.777488361284085,7073.714081855264
44.575408765816,-69.277024007132,10.61887002681012,13.926245525907046,8645.316713212116
25.147523023182,55.475552002842,23.01032975405519,59.52511167035729,474.80735182114313
27.735270700002,-18.040229899998,17.38903411450204,4.969750678878608,2621.4272841501183
16.126640948321,-61.578952348068,-7.022319779823682,21.27271370483423,9467.35431346707
-45.519481499972,167.78845759997,-1.0053631433663066,-31.950217064727383,14489.42834028346
-45.334591,167.7729796,-33.69573518830647,32.691811424265246,10132.245528162872
5.741104,10.163374,5.39134769323504,10.253951118674186,40.16222756887897
44.565192843832,-69.666885098253,40.16215797642586,-75.06173361355813,660.1225896237993
31.974360264838,35.838402334973,0.5063387226939594,14.224897572331484,4170.464301551413
-6.7492564125132,155.69175885341,-13.414472407344201,51.34779071007416,11368.839219424137
-26.677489031437,-69.93628400988,-6.037003169082046,-73.46156678072622,2325.3168731058904
6.9153862999984,158.303367,1.1174049338878804,99.32681918373034,6569.029227875144
44.57102193111,-69.661996113855,9.65920389200687,-2.530773409537373,7450.454482608444
16.2182692531,-61.598952245,-21.40422884157349,55.01330202567371,13360.959129134786
31.958868715726,35.835256851465,-9.40084678499654,-27.530652122886035,8141.165194252104
16.231265019378,-61.523925283896,-9.80921670805144,75.41814506325042,15304.669499364252
31.967471047863,35.843924175203,11.961059860370925,104.72286009518861,7324.600102845724
-4.5650114614754,136.86886175584,-4.5656497107154275,136.87535574852512,0.7232981974572527
44.778033285495,-63.011525880322,5.701984448147208,58.46292383133893,11940.765947961036
-17.636350299998,168.2085431,13.857079856800596,31.20777547214918,15403.475925625893
-54.435972097321,-36.188911598036,-56.797217830996075,-16.878012407060808,1236.2734679933235
-17.555291666667,-149.3304,-4.094048827497618,117.12437277956076,10245.056906277534
-32.860739733193,18.602486844653,5.616725529707448,32.803768162152934,4533.721219860652
31.888674139045,35.847071382031,-21.27353063257148,118.12139807841592,10551.674851096303
6.8292592,80.9874295,-11.563510217345087,70.85740945542608,2332.045552353914
21.020504356001,-104.22465021994,-13.941931109702576,31.98897534812294,15319.34639006056
44.56113840929,-69.271664269039,-10.959688667453667,84.125524328756,15496.469577708202
31.962869273219,35.823641665187,0.3814171161433419,13.69199373275404,4211.124296475292
4.9883763888889,115.02306638889,-22.84796175759208,-43.74952371855997,16992.058034792193
15.049103790256,-3.1450232229744,0.5253372301695343,-39.66550926896871,4323.58570336178
-22.721768856049,-22.721768856049,13.394344563000937,-75.75147830415287,7032.6353798929795
31.945220591873,35.851764687896,-28.351734276938032,-1.416621198065684,7776.862594517518
-14.924588888889,13.534405555556,5.248001671603402,-15.474449710230651,3905.229829120934
16.2025873829,-61.4709111303,-11.420544898903435,-93.07074754585994,4638.5996510568975
-5.7670869827271,-35.200733184814,11.500015081367215,-92.28658590783955,6599.772287257089
-4.1651817228188,138.98524738188,12.969123981426968,54.43843118038069,9522.476957269113
31.888988110051,35.85953090759,7.9489911678747145,36.53101067691936,2662.912740606629
31.895358188823,35.870083603822,3.509371039108978,-52.41936762098481,9640.126563117461
31.958843613834,35.90142,6.395034133879473,2.100463973294059,4511.372329685652
17.134119831,-61.840387769,1.865462493236908,66.42896897535982,13964.858024252691
16.2382678036,-61.5354570653,10.977105215680854,62.35029475628723,13141.109923059625
0.682176,111.181838,1.4618731922534691,19.55865173936317,10186.026019877358
-0.057825394152532,109.34840964587,12.834967782205908,46.384099069964925,7083.880662737919
-19.323031034965,146.74032072145,-2.564795142458957,91.33945440335532,6296.425982273542
16.2393525,-61.5830081,-15.855962874651878,17.782264533461873,9407.551638867211
23.440273,-110.228544,-10.970816128291593,46.19157387584329,17159.25907283088
31.93655285323,35.849113769364,-41.04629045566589,6.357368014982154,8661.370559260078
17.1401134785,-61.815568367,20.194214870293482,-13.303736793557324,5104.284983373909
0.3172706,108.9825514,19.248004494007464,22.85102359212691,9589.819907875124
16.22029126,-61.50547641,1.7411538871958008,114.70284302971241,17974.909161460255
-4.601647,145.5482133,-7.424945920593823,30.93219487647495,12638.658058133102
14.874306899999,-24.730612699997,10.330902573926137,-24.7996688240002,505.25905115642627
-0.54826594126984,166.94147054815,-13.429389800279864,127.2210171544679,4601.379475244552
-23.139538108656,113.77470847544,-26.70196507264107,73.8062838536467,4033.80197872109
4.9930862244,114.9900424015,-3.622651575345787,38.312918124090395,8570.804361706805
17.0182019658,-61.7678311653,3.838874076086624,-36.06104338427639,3163.49641509552
-17.479831,-149.792008,-29.416738168969804,67.93849246487142,13414.137463298866
4.979754556,115.0030553062,-28.44740204515348,136.94876813567433,4397.300019189499
-17.680375,-149.30576944444,-8.99943681132637,12.012339237623731,16407.855013437485
-51.832299994345,-59.065228416369,-2.2796279347935595,32.656873775072086,9926.526159449691
-18.03104982436,178.52362787779,16.143487879162585,119.84173964052975,7464.051295514039
31.952551832702,35.907195277233,15.767090665014546,71.70235930446846,4034.239876327452
-26.833710282174,-69.160775345446,-15.259349597755268,-40.258278538855556,3253.191455537826
2.894914,9.906183,5.82281745053899,10.160612874767107,326.7875875021082
-22.725166662284,113.97668594812,-23.43550930177455,105.14797153712834,906.4299601372234
-36.737692361998,-59.787756336141,0.6517931249521796,-37.413168517465024,4754.75282103859
-32.561233146111,18.985202293611,-1.4252821302388787,7.278834648708485,3672.387484342964
-14.927885821103,13.561958977965,4.997203736493011,53.410430802065825,4917.906918107148
16.1936223507,-61.7809619196,3.2029012082214794,82.50590789558686,15536.564783000336
16.412516674,-61.526800571,5.364416344539209,25.165979991928822,9487.651009825831
-32.935551699972,18.768204399972,-32.97639606380307,47.69974106311602,2690.7529802747317
31.962218661234,35.844498688728,-0.08366545012052325,40.616272821941884,3598.493062577732
-20.11345,13.102468333333,11.680890131344963,57.0811860102569,5970.511806775588
17.1666479018,-61.8054181337,11.334000285135284,0.299164121945253,6698.850974707083
-34.932518648,-58.0039899331,-7.464013299996685,4.270550512805357,7015.469679073104
14.904218161983,-24.349934497521,-22.711919655947828,30.804936803912423,7315.962401378729
16.2744026911,-61.8048559595,-3.282693843384512,100.23472051268787,17577.620520391618
3.939242,10.048851,5.025824215829716,10.22249866072799,122.34622310447467
16.00207448,-61.59864452,-3.117893574855417,39.2381487467636,11260.844801600322
36.433258888889,-146.63316561852,-5.1032903803417495,-20.752521457890637,13510.21703156934
14.8759828,-24.7168135,0.35596479930983427,48.17898268170191,8160.683096228787
16.21297058,-61.4253348,2.2042370299671483,-39.4008856003086,2870.028364957169
-34.604830603252,172.9467438561,3.0415802052892182,16.20166226701477,15761.57418998838
1.8607095815258,172.99051637777,-1.8762435748328414,45.560468030120475,14172.920549542003
-37.162669845324,139.75638526797,1.6511567180935398,27.279434250729683,12095.902421564635
-19.4228203333,135.375364,5.505404513512682,59.99340553279783,8692.097016266633
16.400186351724,-61.501991072414,6.909730214147014,34.57885321053872,10434.18354264157
6.8832516,158.32166666667,7.044157778427534,154.65129593579852,405.50966688876923
17.1529993135,-61.8228576053,-3.5728459113207967,66.88746652033161,14225.860307246272
17.049582554,-61.7066233233,22.83814801435044,-40.24529518443948,2331.018861624953
-5.7924194335938,-35.337703704834,9.729247423882924,26.524193580731858,7066.650573819268
4.9830320477,114.9888929073,35.243677892640406,-91.75148156466912,14741.040442811902
31.884011593089,35.857556946762,-9.226566663649859,-15.826306442548459,7140.693353991392
4.6479630555556,114.85190805556,-2.2555274002365326,40.360086675520705,8311.359948603322
-15.876266817154,128.92932197865,-0.10559258713987481,72.3458496129093,6447.066039943975
-12.837590374696,45.182704284717,5.913918169013869,97.1072968011153,6103.164100181273
-10.3086681,150.72142779997,-14.553877995666854,9.968232808496612,14881.11583699892
-23.535772073073,150.22572670871,-21.648297617954412,118.73290017025583,3233.556598667352
17.1302553546,-61.7906280141,-17.087582414940147,129.94598015610086,18767.968106180346
4.6699847222222,114.9841,11.753922267972099,-21.237092058525697,14840.92342465924
-16.500472841449,128.20204336763,-16.99050618515717,128.13753330001302,54.920471246102466
16.2180076,-61.50974769,7.400487057221965,14.569750349509368,8298.474427237914
-17.80036045591,168.53118166232,-17.017577586604325,16.482211236213008,15080.707988275597
17.013676744,-61.7339429632,10.414354118321782,49.130069130346,11829.282987442759
16.968957100001,-25.273234,8.71508695196081,107.80642752808187,14119.350270289828
-19.323585305833,146.81833445167,3.9634860419831135,105.61300746449628,5196.469584929025
26.5000875201,-78.7089824025,-6.677001559717495,52.41735306220835,14403.27012296425
-4.5652792408591,136.87213036064,-7.375388064896952,128.6860491248203,957.6246056198364
6.8033387274611,81.086826708083,-7.364460742320105,132.35384530283872,5900.01777970045
-54.600958333333,-67.376844444444,-16.513967570088536,-34.76142002377924,5071.97313969123
0.0,-103.29044550004,-10.919935149303173,9.061614106936528,12445.61566304984
-17.515633333333,-149.4145,-13.303579992838769,-138.42323898670753,1267.4901040608509
-17.7979489,178.4969873,-25.69567228068063,49.98969840366307,12640.863840473958
-5.752206325531,-35.334224700928,-14.417055942591118,-32.317645616259774,1018.4015591689401
15.107010256687,120.71745101952,-15.675757831749166,-28.618251547506954,16729.907288717648
-18.019931272804,178.51257718965,-2.1498790355043473,9.869813904058532,17450.471294522707
-22.721768856049,-22.721768856049,22.325681715470292,7.448108903761897,5979.653763397317
4.9486163888889,115.42202805556,-13.026222692239877,-77.01006401512582,18381.809707538392
-17.661440685237,127.82355920885,-17.29854524945522,128.30791506136117,65.32416554358902
-19.67526,-42.975421729373,-13.286663272071396,69.54777536504733,11773.555770377543
16.24084743,-61.58225805,8.650699882378326,35.942645952675825,10532.053492203178
28.334677383639,68.395798743449,-4.24077493728014,-14.18216866922313,9508.23578761982
-2.236223,-80.918832,10.269443021075878,-48.447674864214385,3853.828029207347
-32.182786727003,18.898621035004,4.438724352716649,-18.248622894221686,5654.1043860088985
16.33011735,-61.4539688,2.5407690256341287,-9.212023833034612,5911.6803397458025
-17.5162525,-149.40928333333,7.810405092059774,14.509840809620236,17965.921414955817
28.409999178789,69.458709982669,-14.30187986725251,59.96358118372136,4858.020041585597
-46.033712975163,170.12504569542,-0.375073116926522,-28.37265484412604,14546.164733830445
28.301482822512,68.676530774272,-5.396939531058396,86.38014543379177,4200.023581467991
-34.9331124158,173.109841037,29.941373352872276,33.36981568976987,16221.819329866239
5.047977,9.960832,5.165598355807677,10.522777378374164,63.59681568184198
-32.416122620833,18.957364903611,0.8039506689111386,3.3390023930607886,4041.9997244800784
-32.6028972,18.989651399972,-12.711025322432656,43.6281866742445,3342.3039021628792
-34.656486240578,172.95652814716,-15.82586535234628,23.565009619955223,13536.739041118006
28.286544124576,69.435563338524,15.17647081975244,-21.181419467286663,9273.849318723716
14.916030721099,-24.342774516487,2.5939060529646856,25.375689946989453,5617.911539593275
-19.0467370835,72.5752975,4.222466039571387,31.35718213797939,5199.375050754038
-22.721768856049,-22.721768856049,-2.955916775235471,85.85462992427034,11772.738752341953
-44.568055555556,170.10138888889,4.513826287013772,53.246764581041546,12463.745515217173
25.332841277496,47.863913948858,9.472502809499685,6.735415135243532,4681.669727404511
28.328795528104,69.006244635832,-24.004323491904447,-107.1044296509732,19397.225321415142
28.24829961157,68.4019567465,20.75366687720803,67.61903910014692,837.1130730521094
-23.119963653138,113.81157174324,-23.03499334556487,113.86374573627779,10.851529678432032
-5.7869229316711,-35.332355499268,5.401599788316292,34.19977123904883,7818.571793304911
-0.901475,-89.611677777778,1.7682868558668163,86.41339769510836,19562.829430501934
26.4972903952,-78.6887720414,-10.257524346724779,125.23801474450016,16921.676814750987
37.822656879876,-25.447082100217,4.394223529356973,69.57259862509531,10147.261612291713
5.0221000984,115.0356498454,-32.12763937264673,-24.222387591376066,14821.460769484433
-51.693145399586,-57.84443931677,13.423326946053413,14.782522220901521,10021.121906973232
27.664074529838,67.915521330918,21.313451211809266,-15.142720506851859,8275.829505061187
5.541558,10.327529,5.713226903119986,10.141423739220235,28.08025694726781
33.50262278,0.70572029,-17.470484200309844,174.18832129220834,18117.418979758422
-19.326561659159,146.71848445145,-10.59052419409837,87.31807340094772,6426.189806907063
5.043767,9.961843,10.69510019429833,10.447364178986952,630.6691612411848
-33.300340499972,19.0588163,6.063583770296898,5.1621700818370995,4616.024919785951
-63.875648472222,-57.584686277778,7.220252056553572,35.16628651262456,10862.610092312776
-34.9386609066,-57.972596772,-8.260945859522218,5.956058225970657,7113.244374085079
5.12948951,9.81969839,7.200528147408339,64.21752804536112,6014.986983419022
-5.768150806427,-35.198707580566,10.15690019825046,87.50363724437288,13693.697500860068
-5.354575,104.96232,6.16335846336235,48.147183405819206,6435.281895674418
-43.814705,173.052459,-6.043080575674536,15.775347979720522,14020.067472677607
-51.716732231293,-57.849035585034,-11.678926776571307,21.751305775548868,8276.21964474246
-13.129408139901,25.173625894581,-1.8414576008692967,51.535708741104976,3160.8300696545016
-35.88253193667,-32.649922348408,-35.84549910800665,-32.64578990187707,4.134666433361187
-63.881944444444,-57.565,6.886027425793747,-58.819824716767734,7869.746637238224
-22.721768856049,-22.721768856049,-16.570060836598543,73.54824760492782,9920.889689080666
2.96704,9.912408,-0.8457326740657456,26.285114036062915,1868.6409894121355
14.671921650813,74.311284058613,14.521065786150094,-26.656159367898862,10739.657538673002
-34.940418831226,-58.607470288697,-0.9028785154603635,5.396692512018489,7604.664463285562
-18.027600366389,178.527669925,-13.296998380458115,118.80402823813999,6390.332740653555
32.500651700002,3.6838083000013,4.861058396493444,6.597747779390461,3088.271400085571
4.891586,10.781331,5.163022092021551,10.389235944862973,52.88896588041513
25.040474,56.362606,4.435322826690747,17.173075500456196,4767.476216800764
-33.856702602564,121.89565892241,-14.614779135316823,-30.142051717863506,13865.24993305868
22.186565555556,-159.33816666667,7.801143314035671,11.613352370531032,16537.844301213045
32.54387,117.604429,20.63381901307979,42.290413938682825,7458.0754279664425
-32.375215599972,18.9426187,-33.39255410259633,47.45901850060165,2656.909600460422
25.150877,55.480827,4.639921227934054,38.380454098624334,2921.0831753597267
-23.921134644136,-65.467397677932,-7.852032829861066,102.09395901565689,16232.709831349102
-0.5220818503076,166.95728454221,-0.9155651336944411,95.23705232672013,7974.305083654537
25.153624461944,55.4580920375,6.618643646849873,-21.157783602223592,8350.80881647076
-33.819111111111,121.84058333333,5.047899491975071,85.35888528424317,5775.853046392228
26.590215945641,-99.969430016447,16.710322009530643,20.656294342415723,11999.608726714961
-32.818809942864,18.843112115128,4.786185345437683,66.67167501538634,6545.85786313565
15.164557053333,-1.9503228933333,11.511154190075631,-19.827510234866605,1975.6456165481331
24.190555615419,-110.29482807936,7.908133658563196,0.47408142218583593,11709.708230844062
-22.721768856049,-22.721768856049,-24.80715829997993,-4.392722030146026,1878.189929985239
4.78861332,10.82547929,-1.6078510997264777,33.793232655686346,2648.8448902980485
0.0,-180.0,-27.707448694897,-87.96770960582862,10207.602256297085
23.44439,-110.203357,8.960379681256375,46.904635296070225,15635.745125795089
-18.815931919298,169.02751774561,8.812789215784695,17.280400774291007,16773.957174021638
-44.6839879,169.1299372,-25.708281197982668,63.652899737008575,9150.683165777857
-36.826824817268,139.86065443387,-33.45447252536029,102.42499366986331,3402.8584202989873
37.800549283723,-25.759700953673,-2.6923535297615087,46.309131133113794,8632.169233564528
0.0,-103.28486759999,-2.74222989279717,23.231649183453467,14062.594829349799
26.50970599125,-78.659320072204,-13.47707071324645,47.72202154412651,14269.725258454864
-45.762828133749,170.57583094554,17.72304441149088,-45.50712477239187,15460.308256042857
-33.737638888889,121.85033333333,-7.074159486732266,16.409865595813248,10975.294407741287
-13.659757900102,50.022544699872,-16.468242447554427,42.76241539077038,839.6525360286169
-35.025272222222,117.66715,-32.17563945309041,72.64289081159188,4146.84856464942
-32.832218315278,18.528968933889,8.582700423279748,87.50060324090329,8612.504391242228
37.746951795213,-25.512659960317,8.352920039527973,70.47191223975815,9960.626516244785
7.2959187695592,56.056236782452,6.1046850618124315,47.039483568291054,1004.5083008849518
-23.146692106242,150.4208883584,-5.230904016959348,17.60940209390939,13999.993069619077
-22.721768856049,-22.721768856049,-0.77822231684451,14.158371010149764,4671.638930481316
-32.17644101,18.892763061389,6.702069917434232,-40.76109104191543,7643.851775334241
-34.9397499,-57.9504743,13.575430779300241,11.87943829172304,9110.536886112612
15.843802030198,-1.2718568767327,20.85151135099802,25.505139478319002,2876.707346916833
-19.318222987976,146.80811646493,-12.84489589185126,27.929937295362,12427.748667213888
-18.056611306944,178.51890848944,9.178003815482025,10.783762626973804,18363.727741965973
-26.971937119546,-69.59748663771,1.2137351146258002,68.85398367734985,14740.74440031188
-0.65165277777778,-90.404766666667,5.049658376941588,104.78648263960491,18258.951887565127
-18.8589532,169.2847527,-14.392624269583148,130.5212499264799,4151.848908560132
-5.7890005111694,-35.34086227417,-14.073135478116175,-45.96734602930825,1483.409974044301
-23.69005334,44.35529926,1.512058427400096,55.636298993559926,3056.2822767695366
-12.8386594076,45.1819240116,-3.2268560201938388,-1.6204018029748173,5253.497848676264
-46.033307695745,170.11309362482,-17.33794730914667,-13.17929253687354,12960.731601653773
22.057445447787,-159.38802447034,18.697371506715058,-108.61187876269946,5282.328653644758
-4.356999,55.831459,-0.9792035511998618,52.233902280483456,548.3623405232455
0.8721524,108.94276039997,-13.95159364902311,59.43261103706377,5694.719160721086
-34.9784532,173.199924,-16.609885920730445,26.918724573165058,13264.355782692674
33.458456339862,0.71077541909001,17.529028594849287,-53.43626074866816,5648.8465135392835
5.9903222222222,116.07991666667,-10.160545043566373,40.87598357433891,8518.553596261048
-30.220891656281,147.89235570201,-18.25128723323808,51.168192122907406,9615.154416571373
-30.470442592295,148.19735780754,5.569506903069265,-43.13365832796291,17003.15973816328
-29.688710512375,147.51367441448,-20.99841023578533,141.51393917552932,1138.450189905886
3.8419515038191,10.089792277889,6.68538286783164,0.35175473919910705,1123.5347704406574
-14.881101138889,25.307398438333,-13.334074548245477,-41.115406350507165,7137.684750840772
-5.5105555555556,150.97388888889,4.313983115910079,40.278818654298114,12340.044570739712
-19.389788315431,135.29112594088,12.77548883275837,-23.34996344563632,17619.93503559115
-30.219946651394,148.09756103884,-34.2050777716302,143.37944042501752,627.0431177089977
14.926298391518,-24.432700649319,9.393996415035312,4.2790440872432844,3178.1960415392773
1.70993,109.580546,-2.483678713842538,-15.217370919049227,13880.79937150544
25.428085444139,48.004986681958,13.330735447123908,17.32611583302042,3476.2416257056993
-34.9324943,-57.9336627,2.111418081152646,24.565254519941362,9459.88693305417
0.0,-180.0,-14.398992222848442,8.387372714613202,18167.143366846474
6.8246358445141,81.109736045977,10.431715675098951,49.44488229870446,3502.5182556053364
37.800451592195,-25.490106874228,5.001067503746042,82.01364047708024,11182.09836404173
36.445707719386,-146.52683579501,17.11464641097527,-125.07102576168292,3011.5491981700097
2.0212651761902,45.304427776809,4.159062335162807,47.535267580233985,343.29852423824303
-51.697835224506,-57.850765444304,-16.494221193181993,34.40000102318909,8728.165222164069
-44.67628275,169.18103155,3.5659857445654035,-2.942605939562303,15379.3279810716
13.34094849,79.09517501,-4.041714436879926,-49.65187823890426,14298.549134764988
-29.710772700897,147.35381030907,-14.282255639170696,23.82208870203264,12235.923140630024
-11.2610496952,25.00789392,-7.720404909395513,54.80428946626298,3289.9049558565466
-29.709336574129,148.10765742488,-18.72863969462734,100.24300368326449,4968.835541478442
22.084853888889,-159.36807083333,2.000930323089845,-30.55635332267403,13850.638757009092
1.3507904634791,172.94449932972,0.010170989400090227,65.96744021908135,11894.737830498749
-34.936784874215,-58.604817204186,-16.00775971316209,11.102614369543355,7167.119331562138
-30.0196423125,148.36039704167,-14.742462881133047,88.86773458616786,6279.033955963522
-11.762033012972,24.744836384065,23.20858004302411,48.09848088497412,4645.496906692429
0.0,-180.0,1.7247914655911714,46.819238052631086,14806.316807343755
-7.1900933379753,-21.498719507784,-6.459768621107124,-19.315014025878604,254.40387490160873
14.692613888889,79.777272222222,17.600421308915507,53.1328736238543,2861.7704937000826
3.950488,10.010037,5.733162317682065,33.389923958831645,2597.784288793558
-4.4933116666667,136.83719166667,16.43115680061033,58.85840267824108,8873.944497196671
5.50643,9.995593,5.6627079722552915,10.151684758128667,24.502449513970852
0.0,-103.34347160002,-20.64511242132429,-7.380099333596657,10627.917749962493
-17.8924179,178.56124239997,11.542048637222859,79.56118188034839,11338.106858788047
-30.321924449749,149.7828111675,-21.334772469012737,35.87632557442781,10916.327661699099
-44.7056765,169.1355533,0.8233292033445,-23.9821111043091,14967.444015822304
20.530589739375,-104.20541357375,-4.137372784818584,95.65081306708771,17197.891265865757
-30.218554347848,149.44982622856,-19.78553947033453,7.42289764467242,13129.143618579375
-17.8007674,178.5329432,-6.588358984277519,43.89611968721948,14345.45333858021
-5.7676453590393,-35.196838378906,12.870475426454753,-67.47146010930534,4124.120526963519
-67.572048333333,-68.12946,-45.73722889613678,-10.767311092078824,4040.007414391349
-13.553330498795,24.97491943494,-8.238453644703707,-0.22991803136347497,2812.996735059483
2.960369,9.910777,15.090036663626469,-7.362213139192746,2324.256271447345
-30.119837215,149.79979282222,22.017127652784325,51.791524377700945,11947.655180028509
-26.334453676577,-69.771750672673,-0.9972153741953123,14.331558985571487,9370.786841017543
-13.567684261171,-172.28878490205,-1.9750532411764095,32.26426628077172,16803.120469172805
37.744905297556,-25.640153235278,0.6787525848109675,120.1842993865066,14489.629116761278
-22.038666666667,114.10908333333,5.464767125860417,62.258603197976164,6416.7739139300165
-0.73320277777778,-90.314436111111,3.1545037865141587,-29.772888541115357,6742.806743983047
-67.569441666667,-68.12587,-0.18310110308792432,-42.13402475543081,7757.164434476257
-3.1460156725589,-59.999122369529,-1.1754635067754453,39.97380933930222,11107.277467673359
26.7267278,78.4311361,16.665413940375405,52.60055731568078,2886.1708925231865
-54.356330555556,-67.251241666667,-28.698742943343404,-71.10406116293761,2869.944734897027
19.294969527966,-103.64675515572,-9.424865654617525,44.446691381780106,16414.67654766774
-17.1481653,177.1914803,-20.406964104563347,69.28824521912071,11112.073222393874
-30.026414945887,148.68482079437,-13.078035582534591,84.27265555173526,6836.286960482058
8.5911447275,99.354302845833,21.080938730206007,23.329486777262204,8222.433677279803
-24.3363142,-128.3129862,13.941728375801443,115.20434054088457,13296.564288081718
-19.716972222222,135.83788888889,-14.061615186831446,123.37145559085253,1467.109096320671
5.8783653157989,116.24191421053,0.21206283107792587,51.32735019571458,7231.2006164030345
-30.32160013,149.782652764,-18.653699946502286,152.47013850491598,1325.4500200957914
34.787716424406,10.769042846914,2.0704490364394292,33.93597167115495,4356.608389595819
-19.52463413993,135.56678681705,-21.520669524791384,135.30596974659272,223.60449758978152
22.187556605093,-159.46696635288,19.594669714300558,-81.61061295268904,7998.424063903016
-13.4487278,-172.3954596,4.83117045071464,80.1576848403086,12016.649829806574
24.088983,-110.297555,-5.171051561299267,113.80982636583502,14855.678283442805
34.870174967777,10.74203654661,-6.137030215171904,20.20444544626476,4666.539867684604
33.615767900003,10.2872484,-38.35293464407561,130.64443491091214,14715.921159377407
34.99835755238,10.74078428768,-35.21834292757835,-23.115933633890126,8561.788027799614
27.752822949997,-18.065995550012,-30.55473179389451,143.74606729995503,18223.701373221353
7.1491005,171.0362175,-11.283650093870984,103.20060739213886,7778.725609102769
-4.357127,55.832613,14.220236570070904,-2.1636820923590383,6718.769894483144
4.88694,115.40155,-8.319184441191297,98.9551017099081,2341.5464543573858
-11.457613272644,25.242669944174,2.636231827623161,58.246961931154836,3971.5407818038725
18.596250320755,-103.6776599283,-3.661487332780477,55.790238162462636,17232.61388629403
10.315181258889,99.092055642778,-7.790586166582641,-18.540943775491307,13170.88891375238
26.5004634485,-78.6952586286,-3.238020756114776,54.48697795682121,14404.429960074336
24.2999243,72.9508154,20.012668310910435,-40.9621499656578,11331.368516275461
34.755730233301,10.705627594676,-19.01338307677619,-4.820711764214949,6199.968570900198
34.905392462238,10.221753734565,25.028585563556085,-75.30582344609303,8066.105442716052
-34.9294987321,-57.9575784132,0.06626961827197453,95.15118960138108,15238.484514983491
5.1773542725861,-1.1228123004942,0.32352653333617176,-13.203918863623377,1445.9090137873472
18.774944251194,-103.7485949082,23.94242497763288,-25.22334695742994,8047.923790908764
5.518464,9.981871,26.157166559244082,22.528137320192517,2653.885173285032
-34.726574029562,173.04315642905,5.237789309216018,21.318323710279508,15634.644270955776
-4.22626,139.0588783,0.4283232647805738,58.517324376363725,8962.285591911344
-3.9638244366234,122.55367736086,5.5756202033962445,63.42263565597157,6651.733651286638
-22.9598244,43.563713799998,7.429728168057728,-20.00155883254949,7688.418629640518
14.598705457013,74.382434477901,-27.278473637371818,103.51746605303829,5618.022455208513
-19.2536079,146.8260643,-9.072136357385837,-23.16399232503487,16679.845980768823
-12.8371596,45.1760102,2.02450008124506,20.40282833889318,3194.8529237726516
-13.62589,50.011356299998,-11.290029616151932,39.47072295739678,1173.409339388162
1.039211,111.902252,9.815727115542112,4.880838174883057,11850.827313295591
-0.68798289997222,-90.3560101,-5.892633914798047,45.14819944201511,15021.61476464438
-26.856460753,-69.0382894044,23.855112301023283,-42.06940933756915,6339.20506213549
7.495314,99.0750435,-2.33384525923534,-17.45478782390032,12965.561915516797
-19.678870666667,-42.979763333333,14.354068086381716,-60.10945991734407,4222.918415467733
13.3868655,78.980961399972,-3.0207556379728797,-78.68472927080357,17303.72714095592
33.1223,139.81616666667,-10.657992055026906,45.41304688421888,11058.734527161585
-17.809684277366,168.48651523088,-22.129884195031007,8.717990811700323,15058.361712906979
26.244612777778,-98.153563611111,-8.550527279496542,32.51130388687469,14463.022067848142
-22.721768856049,-22.721768856049,-15.205283900139218,15.481376447744328,4091.5822510356516
-4.6650238888889,55.501298888889,13.667103873990875,69.51283548146691,2558.6303783426915
-47.7389761,-65.896138899972,-32.94826810051029,70.83947109481124,10061.277912218213
7.4950576,99.0748781,-11.814523666322398,-27.67586708894431,14166.128802867723
2.1654398584158,25.312921176238,2.7304352158106653,31.789981116331813,722.292747878132
31.892701861449,35.842638934404,7.868261710272332,87.24368001647414,5931.453149423632
2.077213,45.3456923,-8.098893145249864,59.4419487233431,1929.738451174406
5.733945,10.172225,-0.31877136087275487,-13.082166670771775,2667.918137458068
-17.673158333333,-149.30720555556,-0.6287686248366959,31.695369956352685,17977.04827866206
31.964926264342,35.829124884959,8.036732233381173,20.46191217003438,3098.863766001392
26.6997694,78.4180528,28.727011249407646,75.27118327572116,383.08086915434626
-35.318842642498,139.80620839962,-9.389422094994304,87.07806514184207,6051.273824054313
13.683005293913,79.350607766087,13.641582452128283,40.21412671883454,4223.850080777484
31.964192191511,35.879585418105,8.417875984989221,43.30046482194578,2728.1625252149174
31.967826844566,35.845184290409,5.589971415836633,39.51908820110178,2957.868030398599
3.835254,10.09231,5.711413478413604,69.46073483379509,6579.293031566682
31.901341828331,35.853329336084,-9.635244504294578,-19.535734796228336,7476.1632182697995
-54.421828852333,3.3878028953624,-54.42171196037031,3.3893107081224274,0.09840972850998618
9.4731278063889,99.148036781667,0.28584738025807505,63.47642357541161,4077.338521302118
-67.57066,-68.12839,-35.81609142142994,-52.65326924520773,3664.4807667628556
-32.639498799972,18.9464447,5.9472944404063774,-40.84838317829959,7623.811211137679
-22.721768856049,-22.721768856049,5.674391139085239,65.70020160682972,10089.823715630371
-5.782546043396,-35.329204559326,18.65524550342066,47.69649262872626,9483.057780955032
-32.178295708875,18.893285020041,8.739073863292008,74.06903824063836,7407.872031844533
14.5478150435,-90.619118968,0.07044439203700445,-34.00165122659009,6426.937331464838
5.0029309373,115.0293381047,1.104714283185001,80.5161332026569,3855.7648286183926
13.67897962,79.35022425,15.188885511524873,61.21866153810189,1959.1283404447502
31.910777252493,35.882961730845,1.949143394377397,25.997402865538294,3488.91533651363
5.059452,9.971288,-4.216830879711368,23.510635710266797,1823.5709982549504
31.956815582793,35.870877934992,7.253799564556573,23.85580922340451,3015.687832002211
6.4866433438113,99.304497764244,-5.142368856045303,100.43645977033316,1299.176909450051
-30.190462973886,149.8183135647,-21.694654370117917,73.64891325989245,7538.719178755076
-13.6187292,50.010577899998,-2.7793787161660717,-0.2541382857199994,5649.3103637666745
26.06297347365,69.2089951054,-12.360089034410999,95.45931223126642,5130.097086110404
28.303634343504,68.682530239766,17.78697684329887,4.007313266052151,6646.293924302816
31.954574684206,35.90461495757,2.6375104695840954,26.44071885623175,3406.998488498511
25.323084195296,68.235742917024,9.088489856917366,59.73029872193229,2016.8736196208104
26.375541399714,68.254343799558,9.068630360543269,-15.94489717517046,8987.407443406746
28.300008421036,68.95193426702,10.727634648630724,42.999837957406754,3334.8849790765485
27.604665248098,69.027536833054,6.395955127661351,58.43937234369187,2609.6562994657866
27.633919964609,69.447821988705,-11.69541711826854,77.28310043010006,4454.0167549624275
28.07734368214,69.79419284225,-0.7694388545798757,44.76473131404789,4172.849464434232
5.09249508,9.87204978,-9.55483462571005,39.30958942057101,3645.78615535133
26.747538411114,68.314919407166,26.006956684030932,16.003343817924236,5173.591022609026
28.16568838271,69.724108488892,2.8547459167092017,-60.608874579061386,13690.143139397056
-32.6982324,18.933544099972,-19.70236590367852,32.23816624348303,1958.4720605770165
-13.226155749213,24.883156584449,6.9353914866002775,-17.706830791252226,5210.310585519649
-11.825479798184,25.134301057215,-6.863279788466877,13.432790111440806,1396.9752608510305
-45.528981944444,167.86365472222,-4.686697886835864,-51.49451892202718,13208.433072666618
27.774090935277,68.405259354336,-5.904660950787734,29.1669972900503,5634.811445318546
-13.241966224319,25.094019872654,-7.741467935486348,115.53714793022866,9858.474110787658
26.094995387588,68.235017748244,25.584715940093574,9.301576734785353,5844.301108969859
27.249104349952,68.349919419523,-1.4667588224753048,61.99081890554294,3264.829950105191
25.185283,68.948737,-14.990509585667109,73.07061578224958,4489.627036022465
26.852854446043,68.077449702638,-6.814478672007701,25.691061232480898,5902.074109505524
27.842206579979,67.94759078643,7.502972715144408,16.423761127319406,5856.378894025174
26.5290962236,67.789137164224,-17.473098015527686,91.13535620085918,5504.209500566747
-56.936073325212,-28.01406437951,-56.93616973049524,-28.014463004878706,0.02645208414149447
25.741681612956,68.489493859364,7.581028606406706,25.724208574397064,4952.227708640656
25.423431496855,69.315927182554,-3.369647909056243,43.313924870296795,4255.397410542479
25.79214700847,68.49294627698,4.877324199816475,9.643827735260698,6663.8402879015275
27.0582301298,68.4006823769,-8.37810884800464,87.05208508573398,4423.50642328817
25.540504801528,69.043890414264,2.1827739829300743,76.2957557295952,2710.8194844088885
-47.7414269,-65.8939763,17.818504769499008,-10.648511417256467,9122.401158648008
25.120726580695,69.63806375022,3.9054651224354333,-3.718016272719579,8148.7013969579075
6.7864253,81.1086748,28.102882489721587,-32.02858527988177,11872.190927065352
31.953623235226,35.895099791139,-7.454675833466325,143.75035002215904,12127.329146893888
-36.831945232899,139.90523560329,-35.82531915081932,141.24021069520592,163.79650583057122
31.953139842488,35.831293959729,-14.254485566509643,157.82081866441945,13840.369706377596
-17.755675699999,168.31466666667,-3.8912666101084943,12.879520224066672,16402.253314429996
-22.721768856049,-22.721768856049,7.330001521154863,-40.05318093799498,3837.2308896368368
31.897349076066,35.836324069742,-9.868287331864542,-6.759042519593021,6484.819027599209
24.181109,-110.302117,5.766117476760977,35.470289794944954,15031.027986587993
-1.508328,40.093511,7.996715303164473,2.2449640924134515,4327.703137866823
-30.217482007833,149.40898661083,-13.804156707612277,88.27252313334462,6484.919513474815
-30.495685888333,149.63568168167,-10.411561314231243,79.82966604054724,7494.7872013497645
22.139388333333,-159.2961175,-6.806209139780456,-27.925514921513535,14536.928103081966
-23.116055555556,113.85947222222,-6.074138865265378,118.1104520947491,1948.9247387882701
40.269885510307,-11.798574606739,-0.2660927521016459,29.515659835590732,6142.81669767172
-22.866821399998,43.5778545,2.467050617302015,21.586207601618053,3690.6903862712306
-22.721768856049,-22.721768856049,7.2788122203925205,-20.69622022235102,3343.189653515735
25.141506,55.430650999893,25.078832505706465,56.027411501140335,60.48833809949855
31.897832715232,35.893021171773,1.6339284352326027,28.092938126647198,3463.1646303437797
-54.270173432356,-36.503577441942,-34.63971808716442,7.612256606761068,4031.7293296992366
31.955158829223,35.842887750361,9.7512100037318,22.22314497190107,2839.240153542219
13.68681085,79.34676489,-3.0771314841721304,92.04199581666855,2331.4983699844383
-35.3950165,-62.497385,-30.598707612270438,-78.33510471550417,1568.1124094245388
-13.747808913132,-172.23369621497,-25.348970603008265,119.175934478733,7230.746843886106
31.948444270995,35.83317979658,20.206654961142295,-48.25348110677229,8300.055566149007
-4.8876490220662,-49.479784276496,22.86929668790624,-5.179513384191914,5715.075429441331
13.550188939056,79.538133370386,10.643794031228303,4.1614093360221185,8169.688847566297
4.8584647,45.2411319,7.90100425571461,50.352322025041154,658.3289018864009
-3.9212738999986,144.0014036,21.16727333505819,35.00916064545832,12133.038180127256
-1.2669501945637,-48.45455726824,1.7418388794347297,-28.118340675770995,2285.6227206362823
-4.2941896803745,-49.949647495654,27.422104851437854,20.40896822708979,8311.752819708665
15.090188593333,24.29400281,8.652451274330712,42.63639955035741,2118.979197298112
6.7836863,81.2723615,10.425000192143198,99.27162094004663,2019.368212711925
31.9028625543,35.895420052973,-14.571880301738304,36.02558146550228,5167.774251963048
-67.56988,-68.127471666667,-6.694987049590893,-20.031797989841863,7655.41303942256
-5.354925,104.962356,-10.240467031685014,93.8694508002726,1336.98474262338
14.422394444444,79.596472222222,-22.02509383168191,52.45548350237571,5017.860679643682
24.157159,-110.310855,8.045953434495077,20.1831733112077,13561.79338685471
-30.406965564103,149.70126170147,-9.363836499814715,97.06964430706915,5917.111755695331
27.945975,179.8463067,28.40805316560613,125.51410018334248,5278.056320316236
13.392140335474,79.566212943676,-7.3054656620936385,39.14715402705483,5021.319587740825
-35.3557212,-62.5226076,-31.149459195041004,-76.51666255113209,1381.232167844604
22.206141944444,-159.41123361111,-11.203398010687435,-55.96840780909345,11845.890136201922
5.820591,10.159643,5.285367930755027,10.113581461442257,59.732018212562544
-1.3052662822581,-47.893790369048,-0.6416704059814688,-91.0724375513875,4801.058731847301
14.325841666667,79.695358333333,14.313815427441448,79.74142174543582,5.139884230596543
18.694617976916,-103.70110108021,25.48063800229774,-18.09561972802901,8702.494927424319
31.890239037015,35.900076467358,-24.106837605864353,71.29102299861852,7273.918610981517
-1.2953653616667,-48.166536961667,5.364267884598939,1.3472926964685221,5548.470583562386
-4.8347782133066,-49.548258501003,-7.877516937382066,-32.892778374755096,1871.158429722247
31.937460413016,35.909354866203,4.2075913012534265,-17.67913471136765,6364.332347478957
-37.027673769569,139.79953805269,-29.18382758561346,111.39827857353738,2773.182043005728
-1.2908222141667,-47.924672504167,0.6458784974251277,-37.19955952104945,1211.7912924764998
31.89947829321,35.89923800379,-2.2348026980152658,73.23490555607924,5466.767639424434
-4.2539520995996,-49.944298098098,11.480603833840787,41.90750477357828,10302.910693474441
-1.2853206155779,-47.913089061977,5.339300329511793,28.466459082158845,8513.777850903432
-1.2603731326326,-48.453963883884,6.1502995463369,4.728137586113427,5960.801255784701
-1.2600014708333,-48.468192591667,20.440264351256463,7.065465520344789,6505.025819310382
16.180020597887,-0.58669704295775,11.455418590818633,1.5640821620231682,574.3613472626398
-3.722499370575,-38.650539398193,24.911902682610428,11.882638795663704,6313.109050231113
-3.7295782566071,-38.513339996338,4.874805917496935,33.768403776498175,8085.932956794864
31.961859445833,35.844082134683,-14.242478019866502,92.80245040602466,7944.854828005558
-3.5795647853147,-44.949316016783,11.9963521044078,79.08882308060622,13789.986073622998
-8.2202306341667,114.9413147275,8.02485747580036,88.71630427745725,3421.88251274456
22.191298055556,-159.34477361111,-5.363707654562851,45.23110932090428,16777.960137467257
-1.2809118378378,-47.962436140641,10.873375310427893,-56.879378093505686,1673.0268064612223
-3.7899372577667,-38.566940307617,7.918419804579262,-73.47302402868435,4084.969320398901
-3.7505841255188,-38.476257324219,9.086204359502982,39.59930920073058,8768.476896025673
37.797652817185,-25.487155690392,8.95602157656086,85.99887263480721,11228.578530308736
-1.2966766203008,-47.927718630326,2.585279402197003,50.841373098884766,10987.950546161548
3.949973,10.025352,2.8551922296876073,29.054614533514275,2115.665386488363
-3.7262313365936,-38.538913726807,-7.430535813636178,6.816721361187625,5034.081710873935
26.241502222222,-98.149268611111,22.904420941081078,-6.103425392739266,9095.998948056627
-34.9371980131,-57.9338525981,6.309433051612154,11.51238122355596,8573.88747514076
-3.7403106689453,-38.54935836792,1.1078437191825827,34.059882794712195,8086.8179953432045
-30.337870002835,149.1648756307,-15.76341810261237,90.54707285260938,6145.43238621895
-1.2935041083333,-48.462827616667,10.267811357556125,-9.889327922443112,4457.45943323265
-3.8666443824768,-38.63109588623,5.828798742104305,98.7364105511636,15287.551727991171
-29.040021552844,167.95602874075,-8.18180636184179,115.07995255049855,5976.203948218541
-3.7983603477478,-38.513401031494,8.247672637250549,18.392976953474687,6451.167500649496
-3.7396557331085,-38.55574798584,4.254032058648351,123.27664405818265,17999.09096413556
-1.3068566308244,-47.917611523297,-5.974851415756533,14.787670755132053,6974.198902643606
-3.7583525180817,-38.567935943604,-16.33009961083706,91.54065262249694,14095.258383669287
-3.7192306518555,-38.519889831543,-2.9182285133160404,-0.0684700779914122,4269.045170427867
-3.7307019233704,-38.508686065674,-3.3960761629779874,-51.36395213244045,1427.148218838808
-34.614020735629,172.95718493892,2.4539495786639884,38.5701547779276,14103.162379855814
-3.7556359767914,-38.560512542725,16.36382568693956,47.26324173883153,9680.75497362431
-29.407963731732,149.94979674575,-35.85561803767346,141.43436143987617,1071.4663406174327
-11.6280885504,25.2120084752,8.229061627880565,68.83728356548254,5305.294676757474
-56.936266475455,-28.014777100125,-56.93617662024191,-28.014488072992872,0.020180754022262493
-30.112544794566,148.99627836382,11.571462483576193,-48.67233384198976,17262.65106453139
-3.8302896022797,-38.560092926025,-8.822626169003994,-31.158523700770946,988.3534640754189
-4.8934096924348,-49.480682237859,-3.54958759824485,-33.867832337283204,1737.7264474288438
-3.8171458244324,-38.56632232666,4.739702978986609,57.51992926245716,10715.731641563307
-3.7199692726135,-38.555515289307,-0.6861135256810287,53.04875948537678,10180.590283101154
31.911347358953,35.888256087899,6.005938041488289,58.53887495695873,3719.054958518369
-3.7435169219971,-38.514129638672,-4.274848831985387,-16.149421946005386,2481.372622801545
-3.7392086982727,-38.587188720703,-14.367306830719148,59.43392464946357,10765.593155803455
-1.2276919675,-47.9273081025,8.515045504416731,41.75249917223279,9992.552133891732
0.0,-103.19512659989,-4.386610844558357,25.7993477332184,14328.435662243819
-3.765097618103,-38.588451385498,-3.2502580893292876,-32.8096411983329,643.9172292180124
-23.301162126921,150.51335451653,-26.76689352652779,74.29652449857355,7568.745583251463
-3.8104832172394,-38.52734375,-14.052799456870854,38.77595575669556,8536.323419767903
-30.17025,149.93361111111,35.66931726258963,-32.982494585174116,19345.87204211532
13.64013024,79.427829982956,-6.485217996236305,17.787144235494544,7161.464616555814
-1.2902140520833,-47.959362208333,4.252328108228475,-3.327954919382912,4997.229522446881
-19.680204583463,-42.98092625013,12.75827069806992,13.37755821679312,7144.708779344187
-32.669723538984,18.954959581716,2.922992877534482,-15.86827191617566,5392.953263697009
24.980156,56.257369,-3.9836878107683473,34.46887031832491,3988.8162477377514
-1.2759337333333,-47.9678434,11.763250682929867,25.791841260900117,8271.143313825876
-32.7863648,18.8660578,-26.579697016403255,45.30926144060305,2638.251162373826
-3.7480235099792,-38.547996520996,22.360967801081106,13.55543562478006,6358.390343455339
-22.689737265436,114.29845424825,-23.624008492442147,122.09525477010637,803.7478080370942
10.438871037769,99.037162553159,4.954623195200771,10.468810576743927,9751.822317246157
9.5589934287958,138.12807177623,6.350408694878829,144.56177918362434,793.177738086288
40.265707478815,-11.800949901606,12.68662986679709,-28.995656240034364,3497.01594534568
-22.721768856049,-22.721768856049,-3.5246864110982856,53.83237048865528,8477.72565589629
24.21776,-110.300538,14.395404239084272,35.4409948284179,14334.311599704786
-12.838902700002,45.163452100002,0.29306811325875837,57.09661740386171,1965.6782726440413
-3.7393703460693,-38.587734222412,-1.0540962134746428,49.92249447064932,9834.622644686393
31.633628349942,-8.2289035445962,29.682050020694984,-35.86781266712036,2645.6179809772716
-1.3038325041667,-48.149827224167,-13.765008605828287,75.45736847358397,13581.772932920203
-30.015144721333,148.39811072417,-21.330813554272186,105.72151494808716,4358.814618944716
-7.2324415863924,112.77783067769,-4.114609629756609,-8.273648495396005,13353.341326255813
32.8272065,-8.1605769999722,24.404186475851738,-8.180270694068584,936.5990597800749
13.622412084802,79.43032355334,8.835585803832736,68.35314226388634,1319.7758558504615
-35.6160835,-62.196619,-35.516515802076114,-62.30438710097479,14.751070103870498
-3.7384340763092,-38.583683013916,-12.595813070728116,-17.255039186107695,2543.261084345674
-1.2858880288889,-47.930504560556,-5.536226370857731,51.63183631674005,11051.569067916907
24.960850998777,56.199899017802,10.50027534948791,4.933377129763441,5627.028491037204
31.966044348199,35.839119338896,12.068247745113702,24.126143234539107,2516.056337833196
-3.7346286773682,-38.559276580811,-7.734661391641484,2.8579351257487278,4601.862124480087
-3.7738597393036,-38.563274383545,12.327404748083177,82.18689499912117,13435.560057559409
-3.7282357215881,-38.470722198486,22.169763083839953,2.206276455987824,5275.584625404671
15.167270447046,120.56318030435,0.7272395994466991,81.19023775381982,4610.641495465516
-30.744531457711,149.99139764494,-2.9966627975795808,68.58875919518985,9015.853254040841
-3.7937095165253,-38.467376708984,6.985025178625152,112.58903481148998,16792.074573381793
-4.5727156341667,-49.8035330465,-0.6217613615800459,1.5634965845862572,5721.198262838281
-22.721768856049,-22.721768856049,16.30962109018502,-15.196868424560037,4416.6565110955935
-30.224319,149.4383556,6.606306656665681,-28.186855430563966,17377.185698746598
-3.8001134395599,-38.466785430908,-8.174703740512301,18.363521545347144,6298.868469862547
-17.339879899972,178.1817727,8.3174947289455,11.91562407785157,18221.255077585647
-7.2961733,112.781846,-15.651838383622774,53.916885517397,6462.847913031118
-1.2819874484219,-47.909752046189,-4.278290204412893,87.56749035816722,15029.645073181175
38.08016692846,-47.235161655966,38.08054500917591,-47.129721180076366,9.228952210135839
-19.435897232772,135.40741826019,-18.611343780968877,130.57585251067783,516.0911431991165
7.868153695,99.164801090833,3.583754026055232,-28.207389071066906,14040.20391530751
22.103485555556,-159.35769166667,14.678733420963125,-89.09637631054083,7399.347016539904
-1.2915088141667,-47.919186716667,-8.33788180563993,25.04417509339857,8112.50278650314
-4.9323594692,-37.1100861626,2.605999254357732,31.40846906051617,7657.503078532591
20.797915821959,-103.73172968132,9.765238596806853,-45.387844175190445,6344.9555041828435
6.7876842999722,80.969249099972,-4.536407767398558,36.33580295582964,5111.349860345522
-1.2983797816667,-47.983012466667,6.241956319102265,12.92192221883559,6812.136350089711
-1.2931024399538,-47.924552278676,-5.218962939878456,-25.438898716821512,2533.598047794939
-44.3018731,170.7516244,-5.971133005420379,44.98295380098781,12240.750695894918
-3.7901477813721,-38.480403900146,1.2834299946060157,59.80827729240513,10936.473282772256
-3.7763352394104,-38.504302978516,-3.5756193012680733,-52.32971216098102,1534.298621078402
-1.2718308123752,-47.910804758483,-17.640432787344736,87.50491390408021,14700.949410371242
5.9814361111111,116.07182222222,6.688153996428377,113.5740022103459,287.0144260288328
-3.794584274292,-38.541778564453,-8.077713277267367,77.49676966628235,12799.724214997126
-3.7441961765289,-38.546798706055,-4.011198080673892,-17.65223405225709,2318.179105523441
-3.8152995109558,-38.468437194824,-6.379689496228689,-14.905951855203192,2624.829511946054
15.05560812423,-3.168406209434,1.7399170385928198,23.72557787078838,3301.331702086301
22.05624459542,-159.38867118083,-12.043340691736573,64.11167105811006,15275.760704812757
-1.240959235,-48.431787780833,13.485177513035811,16.849093675009268,7375.368867607514
-29.051289872669,167.9396192463,-5.217020797859018,-48.56440021772354,14562.81636752554
-1.2871571383333,-47.926314278333,1.827031531135825,5.6060574929436156,5961.778259869392
-3.7358922958374,-38.473834991455,3.2532347267399575,-46.34913710399047,1170.4037342460742
-3.7439324855804,-38.498271942139,4.086457195797567,136.24722186114187,19430.934805797315
-4.2738052881806,-55.691527833333,4.449527991549198,-13.339343805878716,4803.699889385999
-3.7434578,-38.5028462,-1.564125926028567,-10.77944204202736,3088.663368620741
-3.7249076366425,-38.502246856689,1.7304597351185576,67.98597189512739,11849.144131941568
-3.7261610031128,-38.502891540527,11.233442098754194,41.395037052220346,8990.120019954527
26.7107667,78.3722139,28.500068345201537,43.69261497364,3411.237476297482
20.779919408889,-104.06974689333,19.95032888178988,-61.67658353578215,4407.35487882116
-3.7386407852173,-38.583038330078,-15.231483936389372,-39.93433932312613,1286.4796882037522
-3.7965440750122,-38.475250244141,3.814155652695556,14.53091400760828,5950.106517730229
-17.535933293611,168.32890410641,8.854947084147469,3.255707713439851,18134.529615133397
-1.2969473688689,-47.932143842342,16.255600357254984,23.39359589845465,8059.849853119676
-33.2869814057,-70.6627071463,-9.08759544563327,14.431687694610673,9001.386387555438
-1.2878632858333,-47.9156489675,-5.5166345274378426,14.85968829446517,6980.823792374088
-3.7594060897827,-38.536476135254,9.712487039665145,16.558893945850453,6284.053371635527
-3.7493658065796,-38.471256256104,-34.12020527304383,120.72967608487814,15273.27170500949
-1.2738181333333,-47.901719805,-3.165988135408307,82.76106629772576,14509.050748565433
-1.2934651102757,-47.924332822055,-8.135341348722717,37.26445747867002,9457.668097619504
-3.7373728752136,-38.561367034912,-16.72036584697462,4.900621887210836,4955.7373844965805
-4.3936159,-37.8683206,0.8537835551097774,79.88274935504722,13091.317695625223
-1.2857134126984,-47.969028722222,5.581103814388267,17.967452124583293,7361.197648738914
-1.2909477368421,-47.936625526316,-18.189877702385502,-41.07255998554471,2022.944576216649
-3.7341349124908,-38.514617919922,13.177976349212901,-7.876751106857964,3869.886262098008
16.501270899999,167.6488528,2.192887928661562,21.4427017246984,15762.370292890802
-1.254657685,-48.448115286667,9.157681483958392,4.3871171994662275,5965.092009808945
-1.3621742088889,-48.247430802222,-4.857073626205198,60.38983035897046,12058.070677440126
-3.7751281261444,-38.553623199463,9.315162735290166,-45.27663957885161,1635.1751093686655
22.161971944444,-159.31197555556,9.107567302080714,18.492265477171173,16529.840337024103
-25.230085288955,45.803281273228,-17.113385641450748,75.72068633620852,3222.5853334336766
-17.477296580336,127.95418442323,-25.970595952968484,72.94720708691985,5720.286893967985
-0.63446464954391,73.224432495468,2.835017914088817,-81.97840344928855,17248.380586588217
4.881008,10.810445,10.159643097140716,-3.735391837944984,1706.9306110321568
-1.36048713,-48.25502063,-0.8436530829031662,42.10170912968223,10044.967190369916
-1.3047844,-47.88993675,-14.380006510283355,-12.165645541857353,4185.492651403203
-4.6426298153333,-49.768727456,-7.8452584100945035,54.40533186212322,11490.905495886653
-17.477999,-149.784464,-12.509336913081672,-75.81095271170801,7917.941861794003
14.556688490132,73.030659082105,11.764192907756081,40.253038797834776,3559.5506728516298
-45.415037699972,167.7159211,17.781203131466764,12.02742609701157,16207.383640282509
-1.2942604361277,-47.880933077844,6.324348036922154,72.7749203422113,13410.808816653893
-1.2571954846035,-47.88382899923,-6.341876946559784,0.5082017046122359,5396.259514106536
-4.3821227685,-49.939670035667,4.400082544225483,38.6079584384342,9884.350408138875
-1.2906037675,-47.9247036275,-31.974543731227605,-40.81084445244274,3492.54618839762
0.0,-180.0,-3.851640650889202,-23.709135530541502,17346.173626078784
18.133453863892,-15.930265277031,2.957389636609023,6.1288518279871305,2936.4146202169973
-1.2607641444444,-48.466820962222,7.2100166789757605,76.41936838864113,13871.978069774137
-3.7538228034973,-38.521884918213,-9.186712333281735,-10.725866978944275,3128.380124260848
-29.03959564227,167.95583154342,-11.343801689455287,63.918511716134574,10725.413540131016
-1.28515929,-47.95512386,2.213845001625885,-4.1173276280602735,4889.11254333248
15.3316353,-1.5223925,12.43604837088732,18.66381042848196,2201.7629051713293
-19.685091166667,-42.982542333333,-18.25192512150153,56.0867942100432,10233.444584110559
-63.896388888889,-57.613333333333,-5.888034611751513,98.05448102357235,11993.373402261403
-3.7269456386566,-38.565086364746,12.428768568486465,-11.833016010020735,3457.085883936435
-3.7488403320312,-38.581493377686,5.871506917643132,40.61865084466459,8858.95750155751
-22.721768856049,-22.721768856049,-15.723017801087364,88.66416017391884,11414.797577740079
19.450307800903,-103.47336231384,-14.248863001634648,-50.33219759641649,6917.293218907394
-1.2748320329041,-48.439192950644,4.158464730780591,-1.9991525372084313,5195.452698889301
-9.766415,-66.7814683,2.0159184153090686,-59.19203937267273,1556.5474238417266
-1.2935876052632,-47.924653110276,-8.523052926586757,-22.677335679444656,2908.3119166747247
-1.2986226756757,-48.154033067568,-9.972360269119333,-6.19714991826722,4736.413011036022
-22.694413194814,114.30312189752,-23.385610795177616,98.44924097526285,1623.2575761034375
-45.971345555556,170.16433361111,2.6496789771010008,-55.208912777808436,13498.667196032398
13.3607259,61.4515073125,1.1035622139081782,98.26153046359468,4274.295734077025
5.522857,10.339446,-0.6815324719697683,48.073068453041095,4246.246023026102
-9.750804825,-66.676928575,0.26252181977750955,-26.680641666430258,4563.598252043683
-4.3274283658055,55.773456868085,24.168667672192512,-13.387856396134454,8114.797550337159
-9.432486,160.143464,4.582067218519927,153.25568772596816,1735.2339184688317
-19.525836083608,169.2730824,2.7216517340025725,49.22420362307524,13250.204475399856
15.203270580827,120.57562929762,-6.055643289282047,-3.763903799204633e+16,5518.7816737145195
15.231522068129,120.57207582294,0.754380573279309,11.811908100932317,11994.368505029553
-27.151487,-109.439343,-13.387147272703539,54.98197226025478,15204.010002349605
-56.936113942727,-28.014209077518,-56.93618609098398,-28.014510943623264,0.01999289613660559
6.8129281450199,81.108833733665,-4.860170966431935,38.36232351824128,4918.5134793132565
13.647184384592,79.405963314513,22.021979737033472,7.4250259746083955,7612.493221487835
-6.2942192999722,176.3204282,-1.8789242694118886,128.32352875627274,5343.83915866114
16.182893393706,-0.60953668571429,6.227097489614513,-16.1164326452309,2019.3313980115
-13.129849829179,25.173091211474,3.4955548853885685,43.25715518469708,2720.932073069676
9.5807719,138.115961,1.1026194854550384,10.80423635311539,14062.67399612572
-4.7903054967834,-14.304881771425,-5.167293374662545,-15.430648599019387,131.5638603824734
-14.894207801014,50.275734297297,-24.452657943472136,1.6015602874109542,5179.719545919359
-19.675224166692,-42.97536144454,-9.044233129447495,49.999083882700546,9977.77269265817
24.966450617284,56.309678699998,16.438777121210073,-15.629187070583397,7461.908725834123
-35.011358333333,117.87150555556,19.239373690231925,-5.40391845783582,14214.165082819707
7.0938759,171.3805423,19.668160106491115,29.777372438445585,14865.93812597078
-50.0747757,-73.2140409,6.629609094798539,-28.947087644285045,7606.785934549213
18.681663154027,-103.69310374299,10.749498654709582,11.500333184369554,12193.576005623598
18.587672122338,-103.68117047386,14.787142332151939,-56.66199309805378,5012.428063257103
6.5439722822145,99.26394527198,6.624676549322494,-87.38641775733703,18375.401899406177
-16.46341830258,179.24221946142,-16.406397531667626,16.780498113681812,15885.096760628694
-13.251653351679,25.091613447711,-2.260019642805504,31.539855270263736,1413.1186685289692
-23.04003568,44.27018569,18.30558227546799,-16.862270284442545,8073.905784544157
15.049475559241,-3.1482978832168,9.657379600428001,-25.930918234288303,2544.499573045719
12.657239357943,21.865054070949,22.58777554161661,27.704638519483396,1265.3143660884311
-25.182092850359,46.035161464892,-14.846558533955845,38.104587601735425,1415.8425236709375
-14.927177777778,13.558563888889,10.039084709077123,81.81937155228151,8016.190799482053
-13.5871295,-172.2122713,-10.640883478425845,-130.04316057433638,4590.894343343104
9.5162398,138.1209986,4.932559935063645,79.20383390003232,6512.348018013192
-67.570451666667,-68.12832,-48.84126866904081,4.903963385581711,4416.269027307403
9.5709277,138.1094445,0.30222277074952547,101.93074451029675,4133.496304630771
-56.936197993018,-28.014613920078,-56.93618363832849,-28.014472129898365,0.008748532267853833
-27.137835,-109.415677,5.816782265631152,19.50938322563061,14127.091189152232
-54.421662418222,3.3908064937799,-43.89741761318086,1.9774687631160228,1174.6831492363592
15.127138152668,-2.2385253167984,15.358452587569806,7.7867620514008244,1075.755768867353
14.669780555556,79.843652777778,9.83755955889232,-4.895946352271113,9172.732620747347
24.982558535547,56.251432886345,9.469814259844211,25.19748274031898,3707.137177571825
-17.71852003178,168.30997455569,11.047900667981006,95.58738391815591,8598.634845238845
-33.71405,0.164232,-11.162667299355503,58.36989189797049,6392.761568406939
27.0380838,142.1756323,10.869733660658039,49.35499536592748,9735.553201480701
3.8496921,45.5687833,-3.3819184353620786,15.833304331675263,3400.638971541378
15.167281166667,120.56849181072,26.94404265976451,-77.36542096332526,14947.945550238312
27.945975,179.8463067,24.63586050043361,130.57150979187563,4893.4785474867
13.578910514122,79.312039250191,-14.220092288128903,-51.46609281467204,14711.808622930037
14.860211299999,-24.714204300001,-13.52675496779482,54.77256398837483,9295.813925542592
2.2790673429436,45.394346898874,-16.03200476992041,66.15853483600895,3058.1786324977375
-9.7519298968254,-66.686659779206,-16.97373938602559,83.66752475591043,15604.453470267155
-14.787344444444,13.712922222222,13.087063393053409,20.031813480824855,3176.578535840754
-25.1115747,45.0871627,-12.858917034566836,17.99055304506451,3148.8266445826107
21.034101,-104.1783399,-13.957094002938785,82.64233340242122,18946.651201074263
12.128694523135,21.530576320365,-8.734367009776577,-2.9493789582629044,3564.024845113891
-27.643913430083,153.14813715044,-4.100073281013583,34.12809188703185,12597.828993284056
15.166754794072,120.56637263664,7.190155462634384,-76.64147525835324,16888.375809345773
-56.936102067173,-28.014034330871,-56.93616932200168,-28.014446410059502,0.02609340424285203
15.308371865493,-1.5460550619718,7.750998462046275,8.508202292387312,1379.8706949171649
15.049454775848,-3.148433193014,-3.1199619392886673,39.28745983634938,5089.472314206099
-54.421658604541,3.390846871922,1.2438563715938777,106.55015629053008,10967.328578595489
-64.933332999867,-63.665,0.9801883316400509,4.62166729279821,9104.78281839926
34.327324899997,8.9518791000017,5.883149945326278,36.73368847159686,4260.693359579453
-22.721768856049,-22.721768856049,-5.987204160748686,74.78367592025035,10514.808926252277
