filename,gt_lat,gt_lon,plonk_lat,plonk_lon,plonk_error_km,fractus_lat,fractus_lon,fractus_error_km
1921161284978547.jpg,41.063171340779,-3.8877688720535,41.1686899542932,-4.38474108631464,43.25410179947678,41.063880920410156,-3.8347043991088867,4.449568802466628
948609629539857.jpg,41.63225982594,-5.1867421066522,41.29385539813641,-4.5949169143172,62.0314569328628,41.633277893066406,-5.187275409698486,0.12157135013967477
1708362939354529.jpg,41.525296234518,-5.0425661908671,41.4722778948926,-4.9032717797401,13.012716600507714,41.50517654418945,-5.051453590393066,2.356406518445793
1373502584780470.jpg,41.154004818264,-4.7923635738819,41.2228647154516,-4.5792895193645204,19.404479670959223,41.152870178222656,-4.791493892669678,0.14566983891232965
3952041854886049.jpg,41.561453865593,-4.8670776448258,41.2836438604456,-5.1099764258836,36.938203301812905,41.561641693115234,-4.866781711578369,0.03228685564685953
372517204093556.jpg,41.290156754867,-4.6819945114883,41.3646025419536,-4.60205413887768,10.634042434986066,41.10955047607422,-3.7226035594940186,82.74099542565502
8263950233669392.jpg,41.045286453023,-4.6992822015147,41.3481286762006,-4.72949399385146,33.76925940039363,41.04560089111328,-4.69926643371582,0.03498891618851091
146327407465507.jpg,41.235133996443,-4.72204016098,41.2836438604456,-5.109976425883599,32.87265282223428,41.23527908325195,-4.72200345993042,0.016422221204374532
957354199066303.jpg,41.210380846975,-4.2670910952113,41.221363245068595,-4.64120024090608,31.315940665690967,41.21015548706055,-4.26681661605835,0.03398731268097068
425925895804086.jpg,41.247382334246,-4.6427554648055,41.3794727271194,-4.84643184324098,22.474500498086176,41.07489013671875,-4.400017738342285,27.94296573351836
2775408049436894.jpg,41.145620136368,-4.9598897576472,41.2836438604456,-5.1099764258836,19.828094885268605,41.14539337158203,-4.960062503814697,0.029069417113603762
985512708654078.jpg,41.023334384777,-3.9587713857368,41.209330131202606,-4.57694958598252,55.762738404580084,41.02322769165039,-3.959062337875366,0.02713854571307498
286677613117609.jpg,41.244866880534,-4.6391042214262,41.3794727271194,-4.84643184324098,22.888369015143578,41.213592529296875,-4.571131229400635,6.663764459797139
1836246253481115.jpg,41.647695575414,-4.7183658972859,41.2308152047834,-4.388349135504041,53.90315001347284,41.64768600463867,-4.718331813812256,0.003025350246005914
1043925696413987.jpg,41.050998239502,-5.3316316293267,41.287440790855,-4.9940772593587,38.594681978878626,41.05101013183594,-5.331579685211182,0.004552073893427923
1741031129919039.jpg,41.521801604593,-5.2168497944782,41.4492964604652,-5.0057380774466,19.345346035999015,41.52180099487305,-5.216916084289551,0.005519178114847138
1849836495182881.jpg,42.474717343357,-2.45366348391,41.250814856552594,-4.7686519640892,235.08756950998716,41.469932556152344,-4.593204498291016,209.1972913849924
294069938845276.jpg,41.165881200862,-5.39461117471,41.4168486535696,-4.802208538152319,56.818927058515996,41.166297912597656,-5.403465270996094,0.7426062012866941
899717373925769.jpg,41.253089425458,-5.2864999304434,41.287951204908,-4.65444679386486,52.96545734044148,41.2537956237793,-5.2851738929748535,0.13584707567736481
1528909514775215.jpg,41.521011122903,-5.2105111078766,41.4725296348984,-5.252632945325381,6.431827921049566,41.52107620239258,-5.210845470428467,0.028761924526662336
2545164122455501.jpg,41.264822843004,-5.2680481021337,41.3009727744504,-4.775513303710079,41.35132860364872,41.434993743896484,-5.097387313842773,23.685060647338403
695127008199766.jpg,41.148220201107,-5.1937905993595,41.1815857895948,-5.06506771555804,11.396165439453773,41.14834213256836,-5.193853378295898,0.014541485951875438
1985077958326520.jpg,45.498126908525,8.139445796743,41.132166934721404,-4.67145740933964,1142.766509457684,41.320159912109375,-5.207589626312256,1172.1239396925318
1985182804981535.jpg,45.938623750114,1.1828409367305,41.324739353533005,-4.69408680895976,697.411003616334,41.13087844848633,-3.776962995529175,667.2723350732348
3305901249636354.jpg,41.165993332828,-5.391257543593,41.231007545048996,-4.72618424082952,56.11194489075037,41.16593933105469,-5.392464637756348,0.10122195833745011
1481609649691916.jpg,41.543100889524,-5.4148578354021,41.491401325312594,-5.23494036965066,16.044769336429642,41.54310607910156,-5.414904594421387,0.003934053662774622
138208495206814.jpg,41.023089532588,-4.3402322464824,41.439016100488004,-4.69580119549436,54.98260553090692,41.066036224365234,-3.8116204738616943,44.58742806813375
1199818397122855.jpg,41.344179911699,-4.5739360715335,41.272053410640396,-5.129430338751699,47.08637504742691,41.34421920776367,-4.573858737945557,0.007795531310084997
1225645402013264.jpg,41.369045826211,-4.9622559047194,41.3697767144022,-4.86314152496018,8.271274942992264,41.37257385253906,-4.961969375610352,0.39302657445177763
416463017510331.jpg,41.570672052471,-4.6699230675441,41.274738332530795,-4.67671911528196,32.911206771575394,41.570945739746094,-4.670126438140869,0.03481911016337129
118079660900203.jpg,41.51371,-4.6309919000025,41.5067182094108,-4.85894520065358,18.9968836712975,41.513755798339844,-4.631035804748535,0.0062687731412476915
1361529807997572.jpg,41.007338883325,-3.9945511853911,41.3166145411116,-4.57912857502932,59.81184565346629,41.007354736328125,-3.9944186210632324,0.011262351208644182
4282853631733673.jpg,41.600135951385,-4.6598718286171,41.4413983593128,-5.2393819984929,51.373443088960485,41.32032775878906,-5.207047462463379,55.20037932562995
1196664904938218.jpg,41.246130812361,-3.7075299810331,41.1560570350048,-4.51874896104094,68.60406071304894,41.24612808227539,-3.7075371742248535,0.0006736676543600395
1227058294400247.jpg,41.135548843369,-5.4880937345729,41.4413983593128,-5.2393819984929,39.855001199583974,41.11000061035156,-5.4908366203308105,2.8501094399498137
2752152818509549.jpg,41.546014522758,-5.3991369977053,41.491401325312594,-5.23494036965066,14.958488051255417,41.54594039916992,-5.3993449211120605,0.019166301999327735
298449791759680.jpg,41.421891902797,-4.3587793009493,41.2886848559272,-4.69094378865024,31.433017192684847,41.42215347290039,-4.359316825866699,0.05342933083093655
140283201421699.jpg,41.318786008123,-4.3867270677655,41.206155942708605,-4.49181550410016,15.297152334189235,41.31866455078125,-4.386845111846924,0.016720669617405363
783871415648618.jpg,41.063716928354,-3.8418091575755,41.132990567971,-4.0197754824702,16.78451391102562,41.06388473510742,-3.8443799018859863,0.21633378535320286
1111917973116016.jpg,41.011670328526,-3.8085172319348,41.12083307058,-4.37569147803334,49.074094851508974,41.16597366333008,-5.395888328552246,134.13224701364302
833796680552504.jpg,41.287808878706,-4.6810252952369,41.206141283809,-4.59118354129304,11.784857632568194,41.28780746459961,-4.681025505065918,0.00015821579134757798
1497393864520006.jpg,42.133951418745,-3.6108149127547,41.1112839729988,-4.791903587769,150.2280182604603,41.411460876464844,-4.337308406829834,100.41709197210533
464878071253056.jpg,41.117904356927,-5.1830635690184,41.167533448788404,-4.89153888033068,25.027637519346932,41.11812210083008,-5.183069705963135,0.024217474478353217
1721785708471947.jpg,41.090619900941,-3.7036740412651,41.255269663559,-4.39057264401054,60.33741131127347,41.0905876159668,-3.703677177429199,0.0035995333856311163
241378975546544.jpg,41.639456956189,-5.1877186295285,41.2460753954388,-4.61927382961686,64.48547348688857,41.6389274597168,-5.187609672546387,0.059569467238052023
1211925632571337.jpg,41.109045168212,-5.4229418287818,41.2917605272682,-4.4001822563651,87.9466996068603,41.10920715332031,-5.42283296585083,0.02018947941772325
1320172032868163.jpg,41.329671184821,-4.9202988191841,41.3022764471164,-5.013008485964461,8.320427425168042,41.329898834228516,-4.9196271896362305,0.0615284625598542
152346146901038.jpg,41.219046329528,-4.6679549937798,41.2098119875306,-4.6869997983067995,1.8952777006800594,41.24359130859375,-4.673832893371582,2.773186393595332
195950179030277.jpg,41.305566371183,-4.9108521845863,41.2308152047834,-4.388349135504041,44.4534202543157,41.139888763427734,-3.6890578269958496,103.83200568232259
1154790891600281.jpg,41.196645580255,-5.3438084057784,41.4413983593128,-5.2393819984929,28.578391491264817,41.1960563659668,-5.344733715057373,0.10142202193826384
1046631450138037.jpg,41.026200708394,-3.9489433141895,41.2558863401404,-4.2764556438125805,37.47613777578341,41.061126708984375,-3.8656070232391357,7.995468960747545
942687902942898.jpg,41.383509611609,-4.6848410091014,41.350601235964795,-4.618055288734119,6.667232635747052,41.38399887084961,-4.684910774230957,0.05471361812291595
582399806014718.jpg,41.203967469892,-4.758193782736,41.2504797752694,-5.116856323699099,30.437516990723633,41.203834533691406,-4.758328437805176,0.018585139859541848
311123980632050.jpg,41.195571899573,-4.7759649010235,41.2504797752694,-5.116856323699099,29.156937900084895,41.27341079711914,-4.698971748352051,10.787244251619157
473377207106000.jpg,41.565611024908,-4.7124839176264,41.311009185675,-4.78097640258198,28.8804206768769,41.16941452026367,-4.656014919281006,44.306349606880715
1604095573722959.jpg,41.05683458959,-3.8169966573447,41.1449147240844,-4.2070925870652,34.12240092321619,41.05774688720703,-3.8159000873565674,0.1369100117491787
1195902590846955.jpg,41.318830636378,-4.3120874401083,41.1816568428762,-4.610575331364499,29.24622578436131,41.319034576416016,-4.31229305267334,0.028444710670933977
3646560065634770.jpg,41.280488061036,-3.9807072455119,41.255257253952195,-4.1720772648882205,16.238493943808262,41.3082160949707,-5.227252006530762,104.18606166331965
1707517346622770.jpg,41.51816157318,-4.938804660078,41.4636083784158,-5.262569650329199,27.64078767118015,41.51837158203125,-4.938237190246582,0.05270160056619784
1102251813612435.jpg,41.144950747669,-5.4765870655636,41.3573740653682,-4.97267903580342,48.29638510378518,41.1568717956543,-5.451774597167969,2.464356145687691
523832948633741.jpg,41.400269662144,-4.4378719214775,41.2836438604456,-5.109976425883599,57.588263508696464,41.40028762817383,-4.437751293182373,0.010257799412554775
2779740898984741.jpg,41.318667983165,-5.2139936790032,41.3373103254066,-4.980123119559121,19.638108397101462,41.31859588623047,-5.214129447937012,0.013886320005272873
2862404057347569.jpg,41.442283382588,-5.0911210929835,41.4413983593128,-5.2393819984929,12.358651953423841,41.39920425415039,-5.140366077423096,6.309217219258616
326067195620471.jpg,41.022784581404,-5.078214599124,41.2836438604456,-5.109976425883599,29.127870147104918,41.022579193115234,-5.0785932540893555,0.03912342892643538
286088799897656.jpg,41.119008571676,-4.2641667013734,41.255270606816,-4.37723519662306,17.86326040444119,41.11893844604492,-4.264180660247803,0.007884800330961454
1142963141213523.jpg,41.526105052551,-5.2521327415637,41.4492964604652,-5.0057380774466,22.229805336567033,41.52610778808594,-5.251194477081299,0.07810782278521605
1787719268098649.jpg,41.410842373283,-4.963973972275,41.3665787172396,-4.81548735423698,13.32920855711512,41.41041564941406,-4.96380615234375,0.049470465970178526
487444899347903.jpg,41.324153000594,-4.9015859734927,41.4305191223632,-4.959108601312261,12.764106961549675,41.321868896484375,-4.899918079376221,0.2896644983541636
1214756560068663.jpg,41.120699150007,-4.1134794494814,41.2811383777644,-4.18795270616116,18.896774874286393,41.2342529296875,-3.7000339031219482,36.834426527480765
275859644248524.jpg,41.11396648665,-5.298609005007,41.2836438604456,-5.109976425883599,24.597766767009663,41.1140251159668,-5.298595905303955,0.006611004487366204
1064675867973895.jpg,41.270639374553,-4.2983661926693,41.2958164379688,-4.564708068131081,22.430442459831315,41.270484924316406,-4.298345565795898,0.017260384665966525
1792828024474452.jpg,41.184964060764,-4.268862321411,41.2779061948066,-4.72927298710052,39.864474098608106,41.18556213378906,-4.268614292144775,0.06966647401426593
299824968477975.jpg,41.046672399287,-5.3668920561149,41.1606383474516,-5.044298425468339,29.85259408877552,41.046688079833984,-5.366742134094238,0.012692850719748898
1611721136294604.jpg,41.411820943196,-4.3253500468365,41.2621441236206,-4.775129382596661,41.07470012191229,41.4118537902832,-4.325228691101074,0.010759179020603197
1381349726768163.jpg,41.516340622394,-5.1883578711262,41.491401325312594,-5.23494036965066,4.768449504686867,41.51628875732422,-5.188175201416016,0.01626563542855994
1658132717703173.jpg,41.152067583324,-4.9550363492769,41.2836438604456,-5.1099764258836,19.544890377564585,41.15196990966797,-4.955111026763916,0.012531976107123713
2009109822925324.jpg,41.418783380787,-4.1189065078625,41.2098119875306,-4.6869997983067995,52.830575071968276,41.41950988769531,-4.092695713043213,2.1870525357780974
1366211794627205.jpg,41.285128819971,-4.0990859894873,41.2586688129986,-4.24236869229308,12.330691231050764,41.285057067871094,-4.0990424156188965,0.008769935932986023
291871199244948.jpg,41.175404698974,-4.9137303308311,41.180087473396604,-5.1678038532547,21.270583229924735,41.17540740966797,-4.913916110992432,0.015552005795338743
1656250837905440.jpg,41.254795210198,-5.2828406571454,41.44929646046519,-5.0057380774466,31.6659925503895,41.25489044189453,-5.282999038696289,0.016953648718031584
401462874879702.jpg,41.199622492857,-4.5407540915621,41.31699555838641,-4.28093361128552,25.338221395067695,41.399436950683594,-3.953857898712158,53.82712400070514
1469546450965814.jpg,41.223251977116,-4.104793943228,41.2508188237406,-4.50692375845716,33.764431073848506,41.22178649902344,-4.101974010467529,0.28666714330459664
798170651890054.jpg,41.494945971193,-4.6174499393528,41.350872560715004,-4.829044341117401,23.830799651023508,41.495033264160156,-4.617539882659912,0.012261030861591162
210044650711337.jpg,41.046760814579,-5.3902288016096,41.114008694352194,-4.92060466423036,40.06659873726756,41.04678726196289,-5.390064239501953,0.014110090455648483
31313377278275511.jpg,41.119550556653,-3.7159842958886,41.164450257536,-3.9392396524051003,19.350303886264957,41.11959457397461,-3.715867757797241,0.010920381501174324
958565714955881.jpg,41.628180979807,-5.1798539630604,41.4341150925378,-4.8725925467244,33.463577630654626,41.62831115722656,-5.180257797241211,0.03655289085514018
529698411364021.jpg,41.080002018692,-5.0141893176379,41.2836438604456,-5.1099764258836,24.020983924082376,41.07992172241211,-5.01427698135376,0.01156325708871325
1035346211260677.jpg,41.479832022959,-4.6172014747806,41.3539744003138,-4.75906564904734,18.324623041887353,41.48108673095703,-4.616186618804932,0.1631334443064705
4039584826309076.jpg,41.420292682311,1.8064499772018,41.3630999259804,-4.906411270275799,559.8774462873688,41.1422004699707,-3.824660301208496,471.4710955643774
843908496553508.jpg,41.628310969507,-5.1802580023731,41.42607755277,-4.886989574464061,33.19156024239812,41.628440856933594,-5.180659770965576,0.036382433779804046
215894213324679.jpg,41.547852745064,-4.6633972036674,41.3416759259762,-4.4732186095016,27.872296641717202,41.58946228027344,-4.832184791564941,14.784353355888735
1178224246500987.jpg,41.547540911416,-5.4373625700226,41.390316670961205,-4.71192568837534,62.92071662640515,41.24368667602539,-3.707102060317993,148.22737325049957
420354870808992.jpg,41.43931783926,-4.4755109810603,41.221363245068595,-4.64120024090608,27.906181761245644,41.43922424316406,-4.475444316864014,0.01179807101179796
165173399107194.jpg,41.500199993866,-4.7733045992337,41.364527084578604,-4.490254982563219,28.007293068796965,41.4981575012207,-4.774184703826904,0.2386492420686772
3595651740567519.jpg,41.526130610156,-5.2525681282164,41.491401325312594,-5.23494036965066,4.131276372530467,41.52613067626953,-5.252479076385498,0.0074132537564913035
328139308785735.jpg,41.026007268205,-3.9493368802655,41.247531664311204,-4.61746186544558,61.134313021180766,41.02473831176758,-3.9532904624938965,0.36042418250388364
3138253866323064.jpg,43.702601534249,0.32649792288663,41.419993224376,-5.28639260233638,524.9490717787909,43.61582946777344,0.3882341682910919,10.851753003063441
951397380310787.jpg,41.273854927868,-4.0923119549276,41.295130833590996,-4.54816577452724,38.16295915000074,41.18463897705078,-3.681833505630493,35.73189309931673
739304859001822.jpg,41.146596853806,-3.942616089343,41.18874464571461,-4.4840619153615995,45.56387638570115,41.14794158935547,-3.9483256340026855,0.5009106782498397
921162705985693.jpg,41.310007667997,-4.9888350190449,41.3124017857466,-4.83944884156964,12.479931205770498,41.30747985839844,-5.013542175292969,2.082733044955674
305090917777619.jpg,41.569834652478,-4.7138845529774,41.267272704097806,-4.50454789854194,37.90206489687049,41.569679260253906,-4.713922023773193,0.01755775729844216
1031234251015699.jpg,41.404574777232,-5.1375494032956,41.2836438604456,-5.1099764258836,13.642489110082371,41.40425491333008,-5.137762069702148,0.03974455456000434
163745662406440.jpg,41.082506420051,-3.8622320671031,41.3234682988762,-4.3872761834584,51.45243581147294,41.082454681396484,-3.8623616695404053,0.01229202736604634
222761889227165.jpg,41.046944042784,-5.3501261268251,41.128215964450405,-5.06090449423126,25.8689787246914,41.04692077636719,-5.35000467300415,0.010508566584197089
1237148026976374.jpg,41.014350598839,-3.9757599154868,41.293752801946404,-4.39374069903416,46.79585401671507,41.01944351196289,-3.966148853302002,0.9853459815978908
866251520904155.jpg,41.020885818814,-3.9633717138928,41.2106204447218,-4.3151463153580005,36.242550440416345,41.020713806152344,-3.963696002960205,0.03325643144434086
1836764096809682.jpg,41.069060879763,-4.7062442499886,41.2960913408658,-4.84122598140824,27.656744451063677,41.00652313232422,-4.663451671600342,7.825471154903454
3615683505357189.jpg,41.468828118281,-4.6149663547633,41.421510775612,-4.81617084153476,17.57647497727094,41.4690055847168,-4.615097522735596,0.02255763908328657
1296284405000555.jpg,41.277238118445,-4.0944562224426,41.2584999629024,-4.24297046517748,12.586169979230078,41.280792236328125,-4.096515655517578,0.43104429970338415
982676200130721.jpg,41.119162751564,-4.2642025020494,41.255270606816,-4.37723519662306,17.847127305793332,41.11912155151367,-4.2642130851745605,0.0046662253564093495
223502409143664.jpg,41.122755871428,-4.76849783464,41.3314322508142,-4.783688316340621,23.23850456555832,41.12297439575195,-4.768661975860596,0.02791892812533722
907539430024078.jpg,41.215249830461,-5.221274348383,41.2391532972642,-5.1361586603944405,7.598270437650115,41.21502685546875,-5.221187591552734,0.025833857727549057
8516441241792323.jpg,41.120071109267,-4.2637244637384,41.255270606816,-4.37723519662306,17.782855165713716,41.120033264160156,-4.263749122619629,0.004687803386105764
492736419087386.jpg,41.489644349053,-5.024089088088,41.4413983593128,-5.2393819984929,18.724130617909733,41.48968505859375,-5.0240559577941895,0.00530150811674741
911834202927308.jpg,41.250387844774,-5.2908266725291,41.3410689899338,-4.806420253586181,41.70561187507875,41.27720642089844,-5.253542423248291,4.313281044029413
931626988000536.jpg,41.311439134535,-4.9817966133574,41.279863271405404,-4.7330595208397,21.074603051364388,41.3114013671875,-4.982112884521484,0.026747377990850706
3179348565675524.jpg,41.133197671329,-5.4500303841871,41.4413983593128,-5.2393819984929,38.52564584780247,41.13289260864258,-5.450125217437744,0.03483881757927317
1238159690690113.jpg,41.119476217817,-4.7663120346759,41.225232904031195,-4.472813832509081,27.235389828530884,41.118919372558594,-4.765898704528809,0.0709414724200761
1688185584904123.jpg,41.318422340399,-5.2144250533322,41.2836438604456,-5.1099764258836,9.543772464894612,41.14570999145508,-5.474761962890625,29.03046814227277
1082919845527630.jpg,41.59820803933,-5.1237985461217,41.434115092537795,-4.8725925467244,27.75559849935837,41.623538970947266,-5.1666388511657715,4.540796932874752
686889155874371.jpg,41.424964900002,-4.3643827160494,41.2206817629752,-4.63617025087294,32.11078394368878,41.42313766479492,-4.360866546630859,0.3566938165833847
301265801606728.jpg,41.394703705512,-5.1428149564254,41.357774775489204,-4.8128688426443205,27.83492160738469,41.394371032714844,-5.143033504486084,0.04123975289062904
971158507852026.jpg,41.433914318029,-4.4327167702258,41.3292684395518,-4.363132491495881,13.003968078562563,41.434017181396484,-4.432470321655273,0.02351444684523863
3248440695309509.jpg,41.084418721146,-3.7021707871302,41.2278920625682,-4.21180140479226,45.55161337215495,41.15459442138672,-4.006816864013672,26.685784479471007
3178417409072835.jpg,43.373777454458,-1.7712770482468,41.38427831080379,-4.93153649889174,341.01525595717794,41.289405822753906,-3.676987409591675,279.7280414971553
538519867174022.jpg,41.049282569772,-4.7048247855326,41.2909013815198,-4.56186442752782,29.411111221481043,41.04928207397461,-4.704586505889893,0.019981515374241657
667797255807199.jpg,41.148094165344,-4.1124638212081,41.2508188237406,-4.506923758457161,34.923416026454504,41.14822769165039,-4.112545967102051,0.016363242669002506
425544012714978.jpg,41.157835599408,-5.1988367016874,41.093354012272,-4.83938299458638,30.949713158558325,41.157711029052734,-5.198770999908447,0.014903748328530376
217293989896927.jpg,41.345543914853,-4.5578024480864,41.2836438604456,-5.1099764258836,46.627236585198666,41.34552764892578,-4.557982921600342,0.015173823273161684
987235892582942.jpg,41.044791065062,-3.8111448612571,41.165651334012,-3.9755586193764403,19.245078277698713,41.048377990722656,-3.8165154457092285,0.6015994532175912
524351199960790.jpg,41.076877805033,-4.7289229465298,41.2437072068592,-4.7257495164723,18.552485307771597,41.24361801147461,-3.850167751312256,75.86548929683563
774145813171557.jpg,41.346655662317,-4.5678065407725,41.219368084312805,-5.156193150769719,51.1613577933844,41.34664535522461,-4.567749977111816,0.004858866904552899
1150147782649329.jpg,41.067341665579,-4.2091627499709,41.1739612011688,-4.319310448951001,15.022812624622564,41.067508697509766,-4.209201812744141,0.018859596980063415
222992929228772.jpg,41.400656463563,-4.4351582370966,41.2836438604456,-5.109976425883599,57.8185123559381,41.400638580322266,-4.435282230377197,0.01053143475885308
1718450418656046.jpg,41.11506250974,-3.7241816416712,41.159016780566205,-4.4614613307269,61.93655213751042,41.115535736083984,-3.719444751739502,0.4002966647991157
1217018986809205.jpg,41.260495972902,-4.0996899074875,41.2478980623304,-4.31265657709362,17.858056243870003,41.26056671142578,-4.099656581878662,0.00834444796520105
2779024609057039.jpg,41.309119881541,-5.2263156361575,41.4413983593128,-5.2393819984929,14.749047245469743,41.30830383300781,-5.226968765258789,0.10587662794192222
24248285861523767.jpg,41.546606439471,-5.4297037123222,41.4492964604652,-5.005738077446599,36.92970395315348,41.546573638916016,-5.429512023925781,0.01636396788792905
289654723338153.jpg,41.327511727197,-4.613870349813,41.2836438604456,-5.109976425883599,41.72559264766904,41.115962982177734,-4.261707782745361,37.69429729628271
1087499493407904.jpg,41.000230533806,-4.0152359416136,41.2441892232396,-4.43962694877106,44.716612731743716,41.00041198730469,-4.014934062957764,0.03238650312966816
1747055402168457.jpg,41.539464505276,-5.3642142992472,41.368275658153394,-4.86567750342256,45.700653220034496,41.539451599121094,-5.3610992431640625,0.2592679566384215
545427468308353.jpg,41.31763935093,-4.0607347289351,41.3176978101872,-4.438881037206739,31.58053372934574,41.3177375793457,-4.060953140258789,0.021260624245736225
497579794695812.jpg,41.198344977564,-4.7694613715269,41.2836438604456,-5.109976425883599,30.009527726500266,41.19799041748047,-4.770360946655273,0.08496554797194672
175630701140122.jpg,41.071984954143,-4.4800104025879,41.209864781799396,-4.36484513242272,18.112478543396314,41.064453125,-3.851433753967285,52.701980968169515
672697860184803.jpg,41.072331598138,-4.4180004675699,41.1941846636474,-4.46025382581212,14.003924671693355,41.07238006591797,-4.418354511260986,0.030164024012851145
3691208011004767.jpg,41.341522098429,-5.1831992011822,41.22012761250879,-4.79823577632596,34.88536485373759,41.432552337646484,-5.100456237792969,12.251782659564954
1953708168118328.jpg,41.212667268855,-3.9455911573847,41.1687642718294,-4.27079626084504,27.646459940118675,41.20883560180664,-3.972752094268799,2.3116421222943395
4037700282973919.jpg,41.612267138312,-4.7961880273891,41.3533594062362,-4.7542163231643,29.000755725716424,41.56203079223633,-4.866267681121826,8.073021775365754
462113823388880.jpg,41.120004239931,-4.7664020117757,41.42128559482539,-4.81160355598624,33.71327672239914,41.152610778808594,-4.791309833526611,4.182903585580084
417165753666161.jpg,41.15384679808,-5.1967510997308,41.093354012272,-4.83938299458638,30.680404023015438,41.15359115600586,-5.1966166496276855,0.03057378165557363
1003757681252761.jpg,41.121154826868,-4.7672887966444,41.3458323833958,-4.786660219922459,25.035464718969052,41.150672912597656,-4.7898359298706055,3.786649013043931
491798875479102.jpg,41.13034068285,-5.187525800821,41.24610738855141,-5.234906885932899,13.46943085507107,41.129974365234375,-5.187246799468994,0.0469594285393111
204525778827615.jpg,41.328519586191,-5.0759750236961,41.3219016281678,-4.49050541478834,48.89476892863093,41.244449615478516,-3.843637228012085,103.38942604358832
2893960880852218.jpg,41.15292621295,-4.7915333612415,41.168979111062,-4.52572377597014,22.323617568236767,41.15394973754883,-4.79231595993042,0.1313243236852436
1833180954153974.jpg,41.41930995765,-4.1224125519883,41.1560570350048,-4.51874896104094,44.19798459269839,41.60147476196289,-4.658594608306885,49.02612774534585
2162278071184554.jpg,41.517833587506,-5.1947510038519,41.4725296348984,-5.252632945325381,6.972584732406185,41.517730712890625,-5.194310188293457,0.03844245651218869
1025552701311678.jpg,41.587205068963,-4.5503903788888,41.2836438604456,-5.1099764258836,57.57995066317026,41.5872802734375,-4.555678367614746,0.4398698285810253
2242988339501356.jpg,41.262126897775,-3.7551778709328,41.203237067989,-4.51493525341606,63.86949394167791,41.263614654541016,-3.7546322345733643,0.17160239583590933
3003952899888162.jpg,41.333979123741,-5.1906347902489,41.4413983593128,-5.2393819984929,12.617785993642865,41.33535385131836,-5.189763069152832,0.16930516691691042
1472563827117159.jpg,51.322648368559,-2.2220880571859,41.3411361920976,-4.75463890027734,1126.6132920771433,41.29005813598633,-4.6824421882629395,1131.2936700805296
952378216389712.jpg,41.033766465464,-3.8092466399099,41.2554261040484,-4.17147549200382,39.083057350538624,41.239105224609375,-3.7603697776794434,23.1966258652643
411298941457117.jpg,41.241680734853,-4.2811350938464,41.298748686214196,-4.8757329842083,50.096876843857736,41.242095947265625,-4.280991077423096,0.04771392676959451
495954768193379.jpg,41.222700168261,-4.7360488250358,41.2836438604456,-5.109976425883599,31.98520558610107,41.222564697265625,-4.736160755157471,0.01773555188350507
3977673492448408.jpg,41.068797033299,-3.6065426091112,41.1632956922802,-4.335601242728219,61.97179469341109,41.068756103515625,-3.606571912765503,0.00517185832659768
987278858473122.jpg,41.141129420155,-4.782602792184,41.208387932155794,-4.5633201887205,19.81856534457177,41.141422271728516,-4.782814979553223,0.037095940718617215
1383061665390029.jpg,41.356434575812,-4.519189711857,41.2836438604456,-5.1099764258836,49.9966499733919,41.35633850097656,-4.519371509552002,0.018557127039952895
496983041453206.jpg,41.383779734665,-4.9611400337618,41.2767718336664,-4.85258618547424,14.957820231483984,41.38398361206055,-4.961174011230469,0.022846673506243143
136602638458681.jpg,41.202799765573,-4.436386735936,41.1801806088436,-4.5197972580398,7.418778768363688,41.203216552734375,-4.436111927032471,0.051733918677193354
2209829045818019.jpg,41.16327101929,-5.4228826264207,41.4413983593128,-5.2393819984929,34.51666761506031,41.16590881347656,-5.38921594619751,2.83345883132763
3442035425930945.jpg,41.587109904883,-4.6857020619083,41.339361941004405,-4.601398131896261,28.42987185418257,44.440589904785156,1.5047425031661987,594.7205897012689
1140930644611122.jpg,41.525858467201,-5.2479121294121,41.491401325312594,-5.23494036965066,3.980803228431539,41.525848388671875,-5.247819423675537,0.007798402600525226
505886057214969.jpg,41.301872581908,-4.3013568205584,41.2247884097808,-4.5772995273792,24.605493585841966,41.30158615112305,-4.301281452178955,0.03246595304983901
754143285250963.jpg,41.096582565903,-4.9973762365992,41.2836438604456,-5.1099764258836,22.834766098064176,41.09666061401367,-4.997317314147949,0.009984803182473558
4923113731090352.jpg,41.420850242741,-5.1183330986369,41.4413983593128,-5.2393819984929,10.347097319842861,41.421043395996094,-5.1180877685546875,0.029660395674066267
524300745261095.jpg,41.618537161186,-5.1589449438263,41.4341150925378,-4.8725925467244,31.444635018458666,41.618831634521484,-5.1590046882629395,0.03311843473956136
310548114591998.jpg,41.4643364,-4.5889525,41.3259553544338,-4.9349902340446805,32.70984879330511,41.46404266357422,-4.5897135734558105,0.07133413691196229
538259675873470.jpg,41.406694516232,-4.3296348988024,41.3002362665752,-4.4817524616630005,17.359217325273352,41.40653991699219,-4.329370498657227,0.027960051236832758
138520344913395.jpg,41.055586356089,-4.7010656653548,41.1626805585076,-4.55117217760654,17.306541341682824,41.05402374267578,-4.700761795043945,0.17561291893384046
322645172581028.jpg,41.410377761002,-4.3311538916017,41.2836438604456,-5.1099764258836,66.5229001688553,41.40996551513672,-4.3316473960876465,0.061604331842451523
2816764281873581.jpg,41.23437909197,-5.3086826699695,41.2836438604456,-5.1099764258836,17.48972522425421,41.266212463378906,-5.266107082366943,5.019802113709156
173017827969577.jpg,41.069681360487,-5.2083483060381,41.2508188237406,-4.506923758457161,62.07823041285469,41.069583892822266,-5.208226203918457,0.014907555311746885
225067155698868.jpg,41.001564577254,-4.3052203162381,41.2131956638152,-4.3222992068694595,23.575767606160312,41.001625061035156,-4.305547714233398,0.028285725302389583
147028070665805.jpg,41.216576297732,-5.2211647989957,41.2291213566872,-4.9798727106728,20.228733364902837,41.21662902832031,-5.221090316772461,0.008555201470838956
225688262249971.jpg,41.151031635518,-4.9557543384122,41.2836438604456,-5.1099764258836,19.591742579974827,41.15091323852539,-4.955846786499023,0.015272045299255004
773842872031906.jpg,41.122418940046,-3.9087339398379,41.1709784366848,-4.2201373984554795,26.62787931510933,41.12260437011719,-3.908698558807373,0.020830783485249593
3790168157934601.jpg,41.113569576592,-3.7253304384455,41.255270606816005,-4.37723519662306,56.784065507045696,41.1392822265625,-3.681187152862549,4.673884439438368
1000494901718691.jpg,41.154018552847,-4.0082147216677,41.255270606816,-4.37723519662306,32.86068595480533,41.154029846191406,-4.008221626281738,0.0013824305194466173
159750669488876.jpg,41.119716418596,-4.6433960830057,41.4663119296062,-4.95294773472826,46.412565620231014,41.14235305786133,-3.8254683017730713,68.54973331061188
830371544352150.jpg,41.284229791299,-4.8951083760917,41.28935079184021,-4.8343866324330405,5.105379976298967,41.283416748046875,-4.894505500793457,0.1034935295587763
2039519283101149.jpg,41.568782126912,-5.4999060363669,41.4657284613236,-4.847892926870161,55.481342829005506,41.16279983520508,-5.433139324188232,45.485722165803494
1034898397996632.jpg,41.201461136323,-4.823386044518,41.2460753954388,-4.61927382961686,17.777006303616897,41.10751724243164,-4.756673812866211,11.845533900249448
3611311725635090.jpg,41.153764949603,-4.7922482736526,41.2485886404438,-4.66003683877414,15.281521116704642,41.154056549072266,-4.792459011077881,0.03691396222480304
3284329538386991.jpg,41.416855761187,-4.1510639170323,41.092166386253396,-4.7290533018661405,60.31575716674282,41.416934967041016,-4.150692462921143,0.032202193261542104
486307082819192.jpg,41.31082567608,-4.3040102750042,41.2224202212012,-4.68377521423464,33.22791975075392,41.311031341552734,-4.304011821746826,0.02286932204734647
990149799094055.jpg,41.211175,-3.955264,41.334995701035396,-4.5832492207966595,54.2573125813136,41.21073913574219,-3.9579660892486572,0.23116934909192377
525122835534423.jpg,41.289821480419,-4.682358972636,41.3031587257946,-4.22942552863544,37.8676371522561,41.29005813598633,-4.682465553283691,0.0277807289816612
1414420422766678.jpg,41.489170728483,-4.6159786630495,41.222039717843,-4.30324815979988,39.54269847890745,41.48918151855469,-4.615828037261963,0.012603461654912685
1651619385458341.jpg,41.068755586233,-3.6065719289571,41.2516380574682,-4.57420226405866,83.5187417095586,41.068546295166016,-3.606718063354492,0.026299675398390062
2820063235051187.jpg,41.379022707127,-3.6447754545997,41.3697767144022,-4.86314152496018,101.66652335331528,41.24773406982422,-3.70859956741333,15.541393060739017
3540372236226630.jpg,41.427008762563,-4.3682823788473,41.3905789629074,-4.85966925065898,41.179980675098,41.427066802978516,-4.368394374847412,0.011350819833169495
2628552343955013.jpg,41.513661444477,-5.0116494879005,41.4413983593128,-5.2393819984929,20.60360027640585,41.513648986816406,-5.011962890625,0.0261314400874981
809177853356770.jpg,41.405733218372,-5.1367020987125,41.4413983593128,-5.2393819984929,9.435191718336888,41.40573501586914,-5.136702060699463,0.00019989770473478197
2932972583606740.jpg,41.608717452596,-5.1445114341674,41.4109472414744,-4.860074567161,32.31951434372399,41.608619689941406,-5.144012928009033,0.04284780563178313
530404757986620.jpg,41.40507928122,-4.3464041925908,41.2836438604456,-5.1099764258836,65.15721519402403,41.40504837036133,-4.346055030822754,0.02932294665356474
282363333542736.jpg,41.271944875124,-4.8860571596968,41.44929646046519,-5.0057380774466,22.10590264232234,41.27275466918945,-4.886654376983643,0.10295233257397886
944400739670691.jpg,41.367314592856,-5.1645282393186,41.4173327520802,-5.04726968890222,11.25217044519687,41.53491973876953,-4.90157413482666,28.768269820271062
176801490902966.jpg,41.165896336609,-5.3915605086663,41.3774472771404,-4.955865366498879,43.34976956499679,41.1661262512207,-5.390222072601318,0.1149178093885426
148342523902072.jpg,41.332713890868,-4.6874395650838,41.361430825061,-4.36931497498378,26.74718254419197,41.331302642822266,-4.68717098236084,0.15851790806216298
860699237863692.jpg,41.045875089609,-5.3752924307594,41.093354012272,-4.83938299458638,45.23498420457365,41.04591369628906,-5.375123977661133,0.014764578943104222
661448223055623.jpg,41.294278085748,-4.1046972750401,41.0796123616452,-4.45278832894212,37.65958150532786,41.29377365112305,-4.10427188873291,0.06640141362283401
292213255834765.jpg,41.539620527359,-4.706805382368,41.4546208814422,-4.700134959181801,9.467841897372358,41.08344268798828,-3.8609626293182373,86.97003957796052
2105189330004997.jpg,41.203271351138,-3.7330781443959,41.23026477921461,-4.1919586190825004,38.49940587725337,41.3033447265625,-5.229477882385254,125.58619881132273
2942890499313433.jpg,41.593446786163,-4.6172180783067,41.4221435669286,-5.1825934008003,50.78613172126035,41.4506721496582,-5.088118553161621,42.2957578637599
986131428631604.jpg,41.397485346133,-4.7981423975821,41.302555048372604,-4.91378169507228,14.303815527019017,41.3969841003418,-4.797890663146973,0.05956008498659369
3985726338178114.jpg,41.60857257386,-4.802718481145,41.262094463643,-4.344080861150919,54.27781404572961,41.38660430908203,-4.791660308837891,24.69892093864569
1477410893120386.jpg,41.136085806775,-4.2622658782671,41.3502575666374,-4.82419501523436,52.67348153171147,41.13580322265625,-4.261897087097168,0.04405927400398236
2913259858931992.jpg,41.527501719084,-4.9156077494016,41.2302411430664,-4.7091687014972,37.27244304971712,41.52045440673828,-4.933038711547852,1.6491820073519603
24286759864313010.jpg,41.13140565987,-3.7337904653835,41.4005230863292,-4.46682815867004,68.18461433166054,41.13140106201172,-3.7337911128997803,0.0005141267067926986
173026094716714.jpg,41.244954807907,-4.7196970561215,41.2836438604456,-5.109976425883599,32.902940249966505,41.24512481689453,-4.719638347625732,0.019530981938799447
144127124393421.jpg,41.11072444813,-4.637407208497,41.3945630251164,-4.99740745689976,43.609965103098844,41.040443420410156,-3.9167654514312744,60.90999388516978
300523923099864.jpg,41.437737094481,-4.4262399300235,41.3905789629074,-4.85966925065898,36.522191959841365,41.43758773803711,-4.426536560058594,0.029786679314577253
312783893671143.jpg,41.407054703711,-5.1354899890424,41.2836438604456,-5.1099764258836,13.886957592832628,41.40694046020508,-5.135589122772217,0.015156807467614181
4096335193745914.jpg,41.210948112249,-4.7513322004098,41.2836438604456,-5.109976425883599,31.054635911449058,41.21107482910156,-4.751221179962158,0.016875510147345778
3474631702779437.jpg,41.186249150474,-3.603489983044,41.306917711882804,-4.7397879215817,95.94249804240992,41.14142990112305,-3.6818692684173584,8.239318534826404
2239465386252319.jpg,41.139706546785,-3.7197109634349,41.2985604720366,-4.876676317207179,98.36699730268313,41.13925552368164,-3.719055652618408,0.0743415297773657
972152673539722.jpg,41.390511544347,-5.1477349903916,41.2811383777644,-4.18795270616116,81.05023671027371,41.39588165283203,-5.144656658172607,0.6500014785938684
636055709187242.jpg,41.22810855395,-4.1118147299181,41.255270606816,-4.37723519662306,22.396751287894983,41.11287307739258,-4.121387481689453,12.838628248408247
2208050849710317.jpg,41.53793871592,-5.2870485763205,41.4636083784158,-5.262569650329199,8.51285071444074,41.537960052490234,-5.287084102630615,0.0037910549570724854
1115790443233529.jpg,41.272742846789,-3.9641355305786,41.2508188237406,-4.50692375845716,45.43470631819138,41.272705078125,-3.9640774726867676,0.00641710289838426
1169485088295111.jpg,41.264402369433,-3.7543445714107,41.21383896856101,-4.44524914149992,58.04256775416109,41.26466369628906,-3.754249095916748,0.03013405664653837
979687242769024.jpg,41.130207712195,-4.2689194202438,41.281572432907595,-4.3895185450062995,19.623189784330744,41.129852294921875,-4.2688493728637695,0.03995367887416363
3012601732395496.jpg,41.526135144533,-4.9189206423242,41.4413983593128,-5.2393819984929,28.308786089000968,41.52540969848633,-4.920792579650879,0.17547342574143865
1800359267118180.jpg,41.187470865114,-3.7747696328713,41.255270606816,-4.37723519662306,50.949399707657854,41.18718719482422,-3.771529197692871,0.27299100551786204
457228816766548.jpg,41.283089951835,-3.9862471213495,41.3176978101872,-4.43888103720674,38.00661817316117,41.283042907714844,-3.9861483573913574,0.009770816829934435
372705104177005.jpg,41.314598208268,-4.3910198620946,41.21988701103599,-4.550422167581379,16.98243177989788,41.31459045410156,-4.3910322189331055,0.0013448025357447235
514163322923031.jpg,41.398943733467,-4.9603689613973,41.325955354433795,-4.9349902340446805,8.387757154467415,41.3991584777832,-4.960349082946777,0.023935974753479552
606123078539004.jpg,41.243905044641,-3.8407224323018,41.231520711399995,-4.4904373154793,54.34420338444357,41.24409484863281,-3.840751886367798,0.021248426705764434
1528026704846014.jpg,41.548921887753,-5.4504310621587,41.491401325312594,-5.23494036965066,19.04651641852542,41.54893112182617,-5.450587749481201,0.013079434379795028
682863570900117.jpg,41.1796019323,-4.0443805664898,41.2508188237406,-4.506923758457161,39.49160850782806,41.17947769165039,-4.044220447540283,0.019246442107565237
4124957550898458.jpg,41.301111364789,-4.6549852709195,41.2836438604456,-5.1099764258836,38.06247418921966,41.301029205322266,-4.655120849609375,0.014550977360374199
7484560941657941.jpg,41.209494170025,-3.7390523988877,41.3348550986522,-4.19510132357726,40.58217233225872,41.113014221191406,-3.7195916175842285,10.851074951298777
2926781734176234.jpg,41.242517446734,-3.7251313569182,41.3405545148136,-4.4790979627895995,63.928188865000884,41.24460983276367,-3.84325909614563,9.879282346758618
1648351982602010.jpg,41.460583450133,-4.5493247112331,41.4682562625732,-4.784392906224539,19.60581532839743,41.46061325073242,-4.549443244934082,0.01041851418277361
1708065966194741.jpg,41.437400793651,-4.4740748,41.3259553544338,-4.93499023404468,40.40244054027973,41.437721252441406,-4.4742889404296875,0.03985461324964916
745067278161636.jpg,41.153638377616,-4.0072778214607,41.255270606816,-4.37723519662306,32.948892299044495,41.15663528442383,-4.010910987854004,0.4511901643127521
1986325504848912.jpg,41.309536672098,-5.2258790973763,41.345229216263206,-5.0765119593145,13.088639255113149,41.37403106689453,-5.159074783325195,9.084769713237423
789821338405858.jpg,41.405783635973,-4.3942672150661,41.2191041125128,-5.15634472694248,66.94839235634244,41.40580368041992,-4.394171237945557,0.0083091109946423
473779307376102.jpg,41.165912702306,-5.3938426212141,41.362012752761004,-4.919157913647799,45.27262747767602,41.16591262817383,-5.393106460571289,0.061622742251763875
1109707403487372.jpg,41.463723185315,-4.6090729077188,41.252295057773196,-4.59770183178186,23.528883370513153,41.46381759643555,-4.60929012298584,0.02092396457849593
4073388769376086.jpg,41.028573001329,-3.6218550002494,41.3645797321128,-4.922380470705059,115.04801628734475,41.080955505371094,-4.736519813537598,93.64544200283805
1815608082298283.jpg,41.191164865729,-3.7146262701699,41.2461775122866,-4.285746188132199,48.15893960914201,41.191131591796875,-3.7147111892700195,0.008011247445742269
174460181535324.jpg,41.404397191416,-4.8009985690732,41.302555048372604,-4.913781695072281,14.72617144169076,41.403812408447266,-4.800796031951904,0.06718322681803339
928924121217129.jpg,41.346597972416,-4.5508771311807,41.2836438604456,-5.109976425883599,47.21622397549939,41.3465690612793,-4.551069259643555,0.016357336906385467
1947789305586838.jpg,41.243617248974,-3.8501676322092,41.2098119875306,-4.6869997983068,70.08534774198726,41.243553161621094,-3.8501505851745605,0.0072673241604535805
4037165616380800.jpg,43.891103576763,1.3174377383272,41.2469514536374,-4.57870953836628,565.1023981968049,41.05615234375,-5.19598388671875,620.001393368407
518608875841975.jpg,41.388938720519,-4.6853422877933,41.2098119875306,-4.6869997983067995,19.91846521090285,41.388465881347656,-4.685296058654785,0.05271856820942803
481258026264116.jpg,41.491884586041,-4.6832205283125,41.367487773397,-4.4196299048617,25.96654012284937,41.42279052734375,-4.8040313720703125,12.664393021659192
2785465551714700.jpg,41.400436433816,-5.1397536368752,41.4413983593128,-5.2393819984929,9.47391530923203,41.40031433105469,-5.139806747436523,0.014281601055042493
959323926185390.jpg,41.126317561575,-4.1018002713493,41.203237067989,-4.51493525341606,35.62533922829694,41.02015686035156,-4.14238977432251,12.285105191733278
289001239389455.jpg,41.192286094284,-4.6616527771478,41.2098119875306,-4.6869997983068,2.880069844306638,41.1925163269043,-4.661637306213379,0.025633407738728433
178268390863830.jpg,41.39997845045,-5.140281629728,41.4413983593128,-5.2393819984929,9.460049902504384,41.4006233215332,-5.139938831329346,0.07719663023245887
1995964034192321.jpg,41.167445635154,-3.6463955360838,41.308817332463796,-4.28369670855794,55.55865759615065,41.16892623901367,-3.6440987586975098,0.2531125471429849
955399586271420.jpg,41.062708060722,-4.70248587886,41.3234953926682,-4.660452070527859,29.210739223902767,41.063873291015625,-4.703045845031738,0.13781081962164232
482077118103435.jpg,41.145169413939,-4.7856114242836,41.2508188237406,-4.50692375845716,26.109219476798863,41.14545822143555,-4.7858357429504395,0.03720368505502354
679667037826308.jpg,41.100060024121,-4.125497157742,41.1370011267084,-4.2471291115374195,10.98579918978028,41.10061264038086,-4.125614643096924,0.06223168714117552
1865183726973928.jpg,41.272497199682,-4.6999170878387,41.2836438604456,-5.109976425883599,34.28892096583243,41.272918701171875,-4.699516296386719,0.05760720755652886
7552429688153461.jpg,41.548425595452,-4.6626672281171,41.4153878402232,-4.95467678802368,28.470313457419053,41.54865264892578,-4.662827491760254,0.028553283412151756
1248472702431192.jpg,41.307265729162,-5.0201350480479,41.4022197282758,-4.614273183774399,35.48315472253054,41.307247161865234,-5.020139694213867,0.0021007466698354893
838468390210622.jpg,41.403199823656,-5.1381659758147,41.407845401875605,-4.930053259231061,17.364584754124003,41.406280517578125,-5.135904312133789,0.3910579328882717
461324146335809.jpg,41.462980223832,-4.5927568765332,41.3368069597224,-4.56314142377574,14.245625692280784,41.462913513183594,-4.592984676361084,0.020379960133784653
1111374116267837.jpg,41.591555710034,-4.6064005441325,41.3774472771404,-4.955865366498879,37.606145033318874,41.59152603149414,-4.606228828430176,0.014656624333162411
470506987612361.jpg,41.0447950843,-5.3869833676868,41.3196057134386,-4.337329989677199,93.00529671497547,41.04486083984375,-5.386986255645752,0.007315692953411274
9259251514170919.jpg,41.057189593218,-4.1333841390903,41.2508188237406,-4.50692375845716,37.96876752304481,41.43086624145508,-4.04597282409668,42.18876827171266
1342599340825243.jpg,41.177193345386,-3.7591401935404,41.196507191274804,-4.76645615297258,84.32062025058593,41.154075622558594,-4.008255481719971,21.010934120483302
4836257466442727.jpg,41.557969673864,-4.8719688109687,41.4413983593128,-5.2393819984929,33.23060982692756,41.555145263671875,-4.8757171630859375,0.4426164056353054
449351116163842.jpg,41.007235194862,-3.9950889080941,41.2744872197026,-4.375314131786721,43.55333102031273,41.00696563720703,-3.9972896575927734,0.18708342537412967
466484742487915.jpg,41.494522574526,-4.6170093283397,41.353584587022794,-4.75878360871282,19.629823256190083,41.49443054199219,-4.616910457611084,0.013135267612212157
1363844377603249.jpg,41.10767632067,-4.2483037575434,41.2213632450686,-4.64120024090608,35.235125618897754,41.107784271240234,-4.248709678649902,0.03606528754007212
1948171425334167.jpg,41.144532126125,-5.4364166037933,41.3524221423648,-4.60285529219754,73.42156106648339,41.1448860168457,-5.4359211921691895,0.057178387709137246
1210418416081180.jpg,41.330620473511,-5.1927414475334,41.109562773481805,-4.39919871788522,70.7762746983742,41.33505630493164,-5.189772129058838,0.5520444656616228
1963750663793815.jpg,42.865936343418,-2.2842435634141,41.1842260678212,-4.6528898723587195,270.6224031373854,41.05808639526367,-3.8154642581939697,237.55992453485644
1903954429768778.jpg,41.457614474352,-5.0807022575778,41.3719182529982,-4.9604450195331795,13.833521279444563,41.462032318115234,-5.074716567993164,0.7000841239247659
1976946506094264.jpg,41.243299656714,-3.7076357891216,41.2618308449182,-4.20042453962422,41.247348382040954,41.243656158447266,-3.708225727081299,0.06327953384989642
1884990028682890.jpg,41.18777359292,-3.7948253813349,41.3232333788834,-4.17739673520292,35.35011343949828,41.1876220703125,-3.794956684112549,0.020114623532230397
1096283487548399.jpg,41.396614955563,-4.4635454258727,41.219104112512795,-5.15634472694248,61.14074589273726,41.39659881591797,-4.463665962219238,0.010213198715100413
3846099978984469.jpg,41.122733685003,-4.2637757215649,41.1854708589592,-4.25101073650994,7.057444853145623,41.476993560791016,-4.594900608062744,48.133694166798854
3688895318081367.jpg,41.568826216355,-5.4941311438344,41.491401325312594,-5.23494036965066,23.229636778085275,41.56883239746094,-5.494373321533203,0.02015884732025343
1914853328691105.jpg,41.555818469268,-4.8749467482718,41.3373103254066,-4.98012311955912,25.8300620517954,41.55720901489258,-4.873142242431641,0.21552799799249212
2031564167249776.jpg,41.254972967507,-3.8715508945556,41.269922216562,-4.7730565391702795,75.37020125757374,41.25497817993164,-3.8716847896575928,0.011207877797225815
192624102694592.jpg,41.53261991724,-4.7516300619732,41.38948546602641,-4.455347011907881,29.374713313950185,41.53264236450195,-4.7311601638793945,1.703877261866655
937822433713544.jpg,41.05707197191,-3.8998669650741,41.247531664311204,-4.617461865445581,63.7041803104693,41.05961990356445,-3.895781993865967,0.44449900073167875
308188264294056.jpg,41.175284897849,-4.9107269644921,41.2836438604456,-5.109976425883599,20.56260922441887,41.17528533935547,-4.910863876342773,0.011459121394029728
2902482483413701.jpg,41.3022203225,-5.2296573887327,41.4413983593128,-5.2393819984929,15.497151309934663,41.298587799072266,-5.231222629547119,0.42455457771906413
968442743983352.jpg,41.123535391548,-5.182280813518,41.1560570350048,-4.51874896104094,55.68265543556218,41.12255859375,-5.182431697845459,0.10934780187961925
977040009701963.jpg,41.20712840383,-5.3280654353247,41.4413983593128,-5.2393819984929,27.081828990491115,41.206233978271484,-5.329470157623291,0.15395091116556534
308222164220737.jpg,41.23798893005,-4.8600486435417,41.3250183768764,-4.81827227170164,10.28760806104718,41.240211486816406,-4.862283706665039,0.3098425551764692
1098235671239204.jpg,41.441682644237,-4.3967200655055,41.392292933327795,-4.6086391966416205,18.504958662179718,41.441436767578125,-4.396136283874512,0.05581579934530114
961194366168476.jpg,41.138131719412,-4.1076242054796,41.0959942904984,-4.427205151387059,27.178413705078817,41.1378173828125,-4.107624530792236,0.03495264574020074
6410848689002619.jpg,41.279830087863,-3.9024662520275,41.2098119875306,-4.6869997983067995,66.05302483406726,41.27996826171875,-3.902657985687256,0.022198105936809945
1817240298687656.jpg,41.013694896744,-3.808451126506,41.1508357846108,-4.16833278750906,33.79907163840271,41.13413619995117,-3.7283077239990234,14.983007996260922
2064254003714026.jpg,41.597309164957,-4.8216889658338,41.2836438604456,-5.1099764258836,42.35494404229822,41.24302673339844,-5.2982330322265625,55.953636692760696
530948112847973.jpg,41.354715402745,-4.9565082554676,41.3323491047876,-4.71462113052716,20.345543917247664,41.243892669677734,-3.85024094581604,93.23227636947944
972235057741441.jpg,41.019292483956,-3.8085701733231,41.209864781799396,-4.36484513242272,51.19287075358317,41.017494201660156,-3.8080599308013916,0.2044906699487803
471218820834066.jpg,41.014038437424,-4.6078764357065,41.2508188237406,-4.50692375845716,27.65301769026941,41.01348114013672,-4.607461452484131,0.07108030099581168
4124955044230949.jpg,41.597068001165,-4.5088593723844,41.2836438604456,-5.1099764258836,61.035236568982874,41.594825744628906,-4.5175862312316895,0.7673320519301404
1033701478675821.jpg,41.155036172258,-4.00910425689,41.255270606816005,-4.37723519662306,32.75187882752839,41.15940856933594,-4.015066623687744,0.696810941292076
521831788828814.jpg,41.044203327101,-5.0535830697439,41.2836438604456,-5.1099764258836,27.03984257604404,41.04408645629883,-5.053711891174316,0.016899576023040937
1983650908658161.jpg,50.874552939005,8.0706854532791,41.159718456682,-4.37451638364764,1441.9453720461515,41.40985870361328,-4.292688846588135,1415.7274958608834
1215810169617188.jpg,41.4390865964,-4.4240116268186,41.392292933327795,-4.6086391966416205,16.251275659654755,41.43918991088867,-4.423819541931152,0.01970672890036243
1875206129321368.jpg,41.233792819231,-4.7222981743184,41.2836438604456,-5.109976425883599,32.876522123404825,41.23324203491211,-4.722429275512695,0.06221788294650504
1391966975165143.jpg,41.0249528,-4.1425411,41.1370011267084,-4.24712911153742,15.234117705525703,41.02083969116211,-4.143373966217041,0.4626630050016702
1254048923023010.jpg,41.034130879844,-3.6186541954914,41.4492964604652,-5.005738077446599,124.82424997414998,41.03413391113281,-3.618652820587158,0.00035624607600278507
287383800668158.jpg,41.005772401967,-4.0042104801698,41.2914173643302,-4.48073493043654,50.99807552987398,41.005828857421875,-4.004048824310303,0.014947090531133973
297143742055473.jpg,41.526057071641,-4.6961733774829,41.3154269416496,-4.4397924032491,31.71025693266178,41.074462890625,-4.399526596069336,55.996624175635034
2455058481353290.jpg,41.11497524515,-4.2556659925191,41.1686899542932,-4.38474108631464,12.349116371968451,41.115360260009766,-4.255623817443848,0.04295724183757359
493361561975676.jpg,41.174155099408,-4.8410603349744,41.185413693839806,-4.76321956507896,6.633735358113894,41.17415237426758,-4.840812683105469,0.020730119567834132
462110239939126.jpg,41.285197594442,-4.8957951598128,41.330234649385204,-4.670169049631061,19.499860594538283,41.28419494628906,-4.895049095153809,0.12773396394550066
1517055805321207.jpg,41.611804761878,-4.6712914046031,41.4413983593128,-5.2393819984929,50.945874539445064,41.621124267578125,-4.69453239440918,2.192397493265457
583923339255306.jpg,41.128204087837,-4.6036962473165,41.2774815532888,-4.56626971874002,16.89163758264241,41.128021240234375,-4.603957653045654,0.029878849868022677
878398872940374.jpg,41.3355380018,-4.687850398259,41.351338825114,-4.4226741578277995,22.206808246166318,41.335304260253906,-4.6878437995910645,0.02599671250248046
946486135926196.jpg,41.079821678028,-5.3125791128373,41.2504797752694,-5.116856323699099,25.070479368762587,41.07994079589844,-5.312511920928955,0.014392925870154585
819036992180074.jpg,41.081100650877,-4.4070313888227,41.3794727271194,-4.84643184324098,49.507049777472,41.08242416381836,-4.408522129058838,0.19305505887724794
119004203567421.jpg,41.396015522345,-4.4702902075815,41.320340904231195,-4.98734893771596,43.96750414425056,41.396034240722656,-4.470232963562012,0.005208853840523556
774846851909833.jpg,41.144352601126,-3.91043791999,41.2953695233422,-4.6173701085765195,61.465415745615154,41.144432067871094,-3.9104440212249756,0.008851055773512076
677886725311791.jpg,41.018096653637,-5.0880402070713,41.2508188237406,-4.50692375845716,55.119527239558316,41.01632308959961,-5.091495513916016,0.35061427784981936
869942840253478.jpg,41.006780924965,-3.9990920409665,41.215299890044605,-4.375765173197601,39.159219229696504,41.27310562133789,-5.257164478302002,109.4346442697649
940121694870353.jpg,41.145023378584,-4.189993747247,41.2094795541478,-4.1792198087407995,7.2236995788809635,41.14511489868164,-4.189820766448975,0.017702095974442136
2482423138808927.jpg,41.405149342085,-4.1536553975761,41.1842260678212,-4.65288987235872,48.404514711630476,41.40532684326172,-4.153719902038574,0.020457282281083775
656050203472663.jpg,41.1245313,-4.2589863,41.269016330329194,-4.309556469687,16.61381985772128,41.12528610229492,-4.256426811218262,0.23022805034829025
1855292094897269.jpg,41.187155170283,-3.7723531776732,41.255270606816005,-4.37723519662306,51.15459485746768,41.1827392578125,-3.6326701641082764,11.699535168847877
1473109164027381.jpg,41.544911164396,-5.3786572021662,41.4492964604652,-5.005738077446599,32.82744828770398,41.544925689697266,-5.3786845207214355,0.002788823483634363
1472078860794686.jpg,41.510491516166,-5.1248493521809,41.4492964604652,-5.0057380774466,12.031697313653096,41.51048278808594,-5.1248250007629395,0.002247956563479832
1939896126572555.jpg,41.023241342572,-5.0778006763867,41.3204497215012,-4.63374999145468,49.73503298739287,41.02311325073242,-5.078039169311523,0.024559275758543133
616221937917533.jpg,41.121656709348,-4.2636392391214,41.255270606816,-4.37723519662306,17.637835406838537,41.121707916259766,-4.2636399269104,0.005694240256880406
2650618795306328.jpg,41.41971000205,-4.1236275826858,41.18006573019339,-4.4469580332718,37.942216424456255,41.32332992553711,-4.073376655578613,11.508102265378447
295506135285565.jpg,41.130946408611,-4.7748165713626,41.2711244124742,-4.675221246606879,17.674481783170325,41.132015228271484,-4.775609970092773,0.13616220692016096
3738502383034377.jpg,41.231177630938,-4.8535074868017,41.2252329040312,-4.47281383250908,31.84373434044655,41.06745147705078,-4.705444812774658,22.025696989628745
1185364151913782.jpg,41.302583675312,-5.2297647399787,41.2836438604456,-5.1099764258836,10.226974577813225,41.30525207519531,-5.228809833526611,0.30724709943703865
2158864907911649.jpg,41.099480820567,-3.710262646885,41.343156757365,-4.268361216288,53.97203112676072,41.093387603759766,-3.706982135772705,0.7311783021245015
328901215317079.jpg,41.109871683308,-4.637414666822,41.268412386166396,-4.74548197901146,19.81295353455732,41.10959243774414,-4.637415885925293,0.03105085796991287
1538082327599069.jpg,41.525980526261,-5.2564596207725,41.491401325312594,-5.23494036965066,4.242065307262679,41.5259895324707,-5.256323337554932,0.011389235100704321
401322930832132.jpg,41.323270398262,-4.6217427856325,41.2836438604456,-5.1099764258836,41.0205767816858,41.32316970825195,-4.6217570304870605,0.011259232728944685
3008002946023826.jpg,41.106253088802,-4.1247098487102,41.274979397059994,-4.37184646680078,27.921998046005413,41.10560607910156,-4.125101566314697,0.07907667222782362
5526181397457225.jpg,41.606018985982,-4.7375972167947,41.4413983593128,-5.2393819984929,45.60787198813776,41.594051361083984,-4.5851006507873535,12.74992361483931
1019138473515152.jpg,41.150878927498,-4.027947325411,41.257600606073005,-4.560975498950801,46.14466415758339,41.15027618408203,-4.031962871551514,0.3428282501217514
405822508867115.jpg,41.500444906626,-4.6221341370704,41.256051446575,-4.61212551735426,27.188140623352293,41.50080490112305,-4.622523307800293,0.05150499524983854
314701500163981.jpg,41.308147778963,-4.3976388105514,41.2660306680498,-4.57869217691178,15.835933007234342,41.30814743041992,-4.39763879776001,3.877094577401139e-05
1570869757030777.jpg,41.139975471923,-3.7204897018209,41.1444997004686,-4.52967492532116,67.76159464172248,41.14004898071289,-3.720355987548828,0.013863375465946017
1017700153702588.jpg,41.54306412215,-5.4142578524268,41.491401325312594,-5.23494036965066,15.996677824663703,41.543060302734375,-5.414185047149658,0.0060740613875735466
156739529670613.jpg,41.046651078009,-4.6530836726559,41.2508188237406,-4.506923758457161,25.790849039427712,41.04666519165039,-4.652721881866455,0.03038049704247431
204531107982716.jpg,41.088463411696,-5.0050216873695,41.2391532972642,-5.136158660394439,20.03170995056041,41.08802795410156,-5.005497455596924,0.06272487998797957
1546684380115232.jpg,41.543006223741,-5.4123118192827,41.491401325312594,-5.23494036965066,15.84324332855679,41.54301071166992,-5.412181377410889,0.010867455553066138
2246408732463182.jpg,41.542581596102,-5.3763929871552,41.4492964604652,-5.005738077446599,32.56619239240874,41.5425910949707,-5.376440048217773,0.004056589886614937
1042090309531978.jpg,41.225707198247,-3.9319069160706,41.1801806088436,-4.5197972580398,49.443210967097336,41.225894927978516,-3.931867837905884,0.0211288813672172
190134316291028.jpg,41.214244213464,-4.746197075065,41.2836438604456,-5.109976425883599,31.376465069756563,41.21416473388672,-4.746341705322266,0.014982080297161613
1952087034940479.jpg,41.629129925534,-5.1822985262083,41.246397303170994,-4.7407750638193,56.26541067466422,41.6290397644043,-5.182070255279541,0.02145844447080823
1131159520721922.jpg,41.059962125932,-5.1991522712681,41.280273392011,-4.4962464139229,63.731332760115286,41.05996322631836,-5.199152946472168,0.00013481908649976628
1538827719880954.jpg,51.483255413148,-2.6116023152353,41.189580032869806,-4.47098996831844,1153.368817636764,41.05419158935547,-3.81898832321167,1163.3228588141515
1094485045349871.jpg,41.594905421393,-5.1165492593178,41.2904770576816,-4.44585263736262,65.3545634051881,41.28789520263672,-3.677943706512451,124.6783431741869
293241599105273.jpg,41.193427681322,-4.6618597434868,41.2098119875306,-4.6869997983067995,2.7826148683787424,41.193641662597656,-4.661922931671143,0.024373978486459627
374893960454898.jpg,41.251863928735,-5.2851506085378,41.422526425826604,-4.77627730776118,46.53081213662343,41.251976013183594,-5.284926414489746,0.022507857326538788
3094180927479254.jpg,41.625707078937,-4.787131699445,41.4413983593128,-5.2393819984929,42.86104711645585,41.61734390258789,-4.790267467498779,0.9657822308190649
1629428350577615.jpg,41.556027071433,-4.8746353166,41.450678085339,-4.97551295324072,14.415104590420972,41.56891632080078,-4.856500625610352,2.0810085453989116
486810279256232.jpg,41.054939960642,-5.1954159920178,41.254823899971996,-4.3165582077349,76.86325108360336,41.05493927001953,-5.19541597366333,7.68091352033869e-05
1788134951363810.jpg,41.392961718584,-4.4736835416713,41.2391532972642,-5.13615866039444,57.910299912321086,41.393165588378906,-4.473604679107666,0.023604520984041928
1107070967987242.jpg,41.111956954633,-4.760171039961,41.244942839419004,-4.5687139810524195,21.80406246893509,41.116416931152344,-4.7636518478393555,0.5753045023471888
1169826891291171.jpg,41.287288787733,-4.1003631501818,41.2322179441784,-4.40806527048302,26.43919691524443,41.28784942626953,-4.100632667541504,0.06628270082742914
3025985431056163.jpg,41.601756099014,-4.8151043989242,41.4413983593128,-5.2393819984929,39.56751957068585,41.6033821105957,-4.8129167556762695,0.256470560009379
1498767268218160.jpg,41.291538405674,-3.7593880795445,41.2284073223728,-4.31180728012464,46.706086347341454,41.64081954956055,-4.6772050857543945,85.77203315831788
306531534451173.jpg,41.255290391457,-4.2982132288927,41.3009727744504,-4.775513303710079,40.207575814427344,41.255027770996094,-4.298015594482422,0.033551553043721156
3985049621582923.jpg,41.313077349004,-5.2220493700151,41.289254877574,-4.891941976119241,27.702529471324414,41.308021545410156,-5.227176189422607,0.70668849617167
1123190236054860.jpg,41.305437719367,-4.0340880255223,41.313150640159996,-4.40815974431504,31.256030217165613,41.30539321899414,-4.033994197845459,0.009268755179795472
499702187891880.jpg,41.251447311799,-5.2896026854565,41.337457032519204,-4.7255885721371005,48.080606717001864,41.251014709472656,-5.290210723876953,0.06998399893981641
685088156282351.jpg,41.293094548633,-3.9254050022273,41.339460721669,-4.49579537251202,47.91476541596454,41.29307556152344,-3.9253642559051514,0.004005730960064247
1367151617317938.jpg,41.418869037058,-4.3525505802586,41.2489784537348,-4.66031887910866,31.893277734091903,41.41864776611328,-4.3521294593811035,0.04287686965197609
463094338326034.jpg,41.02581878402,-5.0738326540387,41.3267764192702,-5.014098808844659,33.83633775682035,41.026126861572266,-5.073497772216797,0.04430224018032114
166474702047068.jpg,41.249082181146,-5.3973984932148,41.3408360620182,-5.231609631937,17.20260075817675,41.24811935424805,-5.403759479522705,0.5424645799192009
302763731376163.jpg,41.113890776463,-5.1961218883689,41.093354012272,-4.83938299458638,29.977451845834434,41.11389923095703,-5.195825576782227,0.024841208305387587
4277294235635301.jpg,41.245239336604,-5.1753212446669,41.1800874733966,-5.1678038532547,7.27179578439346,41.24516296386719,-5.175449371337891,0.01367008918998607
1644429859233608.jpg,41.369643612845,-5.1630415598969,41.4413983593128,-5.2393819984929,10.207747904092608,41.402462005615234,-5.139281272888184,4.152854889903507
335942907986939.jpg,41.085747395579,-3.8593791079554,41.2974602198568,-4.456009044875979,55.195216412389534,41.08586883544922,-3.8593199253082275,0.014385663808408763
1455746445395328.jpg,41.000049944537,-4.1507625076086,41.2901006968428,-4.73462440036484,58.56937071852694,41.00026321411133,-4.150823593139648,0.02426223370038779
463821504683006.jpg,41.166217553836,-5.4073092070608,41.2836438604456,-5.1099764258836,28.08641023754016,41.16623306274414,-5.4070940017700195,0.018096734222598748
155192077006219.jpg,41.530429005591,-4.6250462122511,41.3176978101872,-4.438881037206739,28.292639656026438,41.56341552734375,-4.598852634429932,4.266774182885235
1977181655975332.jpg,41.078417974979,-3.8023605339776,41.1661506490674,-4.304281439480141,43.15979147949271,41.068626403808594,-3.8139736652374268,1.460513280525931
303587234511273.jpg,41.367213078734,-4.6834536669927,41.2508188237406,-4.50692375845716,19.61919519192978,41.37550354003906,-4.684158802032471,0.92373315086837
1418788401808942.jpg,41.188146757031,-4.4516668424065,41.314455101237,-4.3679878369174805,15.690587710321122,41.186309814453125,-4.45526647567749,0.36394470701656073
464376951316503.jpg,41.07098775145,-4.7121492300981,41.22358733330479,-4.540980560407861,22.211207447563762,41.071006774902344,-4.712310314178467,0.013668260154092494
164599515668021.jpg,41.182053078929,-4.4545644589257,41.3822568537116,-4.6287671360343,26.598235351169006,41.181922912597656,-4.454744815826416,0.02091197129213281
729237472618822.jpg,41.412521021878,-4.3403616291344,41.2984884267084,-4.71356787618146,33.631707910002646,41.412506103515625,-4.340260982513428,0.00855553043994537
555704610420321.jpg,41.199875219252,-4.0726332005712,41.207584660646,-4.33902334715942,22.302659428335712,41.19978713989258,-4.072505950927734,0.014466043572525624
782407020928067.jpg,41.083556633397,-3.8870857438327,41.36696680321241,-4.4887418436364594,59.37160409121367,41.095054626464844,-3.886216163635254,1.2805937956530995
2494804770875434.jpg,41.107751425959,-3.7123841931984,41.213336899821805,-4.298309473824,50.43621892290268,41.11602783203125,-3.7197470664978027,1.1078966249114377
1142658282912359.jpg,41.11704972852,-4.2628144394434,41.2617463459898,-4.3228123647865,16.854630557396042,41.11603927612305,-4.261787414550781,0.14151394311846494
300458311701250.jpg,41.336114638598,-4.5925395888479,41.2836438604456,-5.1099764258836,43.61042931723514,41.33624267578125,-4.59222412109375,0.029940152911958364
489954858997576.jpg,41.057159063479,-5.1966821733481,41.167454708778,-4.343249672009319,72.54171032982953,41.057159423828125,-5.196682453155518,4.643214625807573e-05
812401020551937.jpg,41.240543735607,-3.8496256860271,41.1849167414696,-4.78591006584068,78.56222173771151,41.28166961669922,-3.9050369262695312,6.508784008348951
486062845783170.jpg,41.243058500635,-4.7201684990887,41.2836438604456,-5.1099764258836,32.892609815391666,41.24274444580078,-4.720242500305176,0.035465184588083246
1573654163531296.jpg,41.2094888,-3.6965339,41.269016330329194,-4.309556469687,51.68309317229154,41.231895446777344,-3.769110679626465,6.561621233368852
905455433839924.jpg,41.312618682797,-4.9482483321021,41.279863271405404,-4.7330595208397,18.342460124100466,41.3128776550293,-4.950377941131592,0.18018184386364064
1594140698012919.jpg,41.431101362688,-4.3759400041053,41.350872560715004,-4.8290443411174,38.836461529335274,41.43130874633789,-4.375679016113281,0.03170460770301243
1342276051237395.jpg,41.540329025885,-5.3514008865427,41.491401325312594,-5.23494036965066,11.118478279574516,41.54032897949219,-5.351398468017578,0.00020135557096178784
893731611190426.jpg,41.255977767109,-5.2790871754748,41.345229216263206,-5.0765119593145,19.61776008805764,41.32243728637695,-5.200697422027588,9.874592942046645
340392164109837.jpg,41.166180856939,-5.4024557942091,41.4413983593128,-5.2393819984929,33.49753308559891,41.165950775146484,-5.395556926727295,0.5780574156183871
24467771929509059.jpg,41.508717063141,-5.1163607371024,41.491401325312594,-5.23494036965066,10.061263177178136,41.50904083251953,-5.117156028747559,0.07537623683825963
201639208453092.jpg,41.301939598899,-3.6052397756355,41.4546208814422,-4.7001349591818,92.91760336067988,41.06938552856445,-3.606269121170044,25.85897625980947
323661345822152.jpg,41.048180223641,-4.6935720774412,41.24224011148,-4.548434969252,24.765416756884253,41.04804229736328,-4.693161487579346,0.03769272791381901
1173600079768704.jpg,41.596922290992,-4.6389295932617,41.4221435669286,-5.1825934008003,49.26493239996267,41.59682083129883,-4.6385979652404785,0.02979515094881765
1198724580600096.jpg,41.361211262934,-4.509108089338,41.2836438604456,-5.1099764258836,50.913116249902686,41.36114501953125,-4.509247303009033,0.013756724914560984
214913734440091.jpg,41.311036067073,-5.032975879012,41.2975302312404,-4.56539014346866,39.08684566018147,41.3110466003418,-5.0331244468688965,0.012463929594575205
2914194565505807.jpg,41.615248715194,-4.6784004789115,41.2836438604456,-5.1099764258836,51.511239332771126,41.25112533569336,-5.384057998657227,71.41417778167845
2810907299172497.jpg,41.405473927386,-4.4001002209617,41.3203409042312,-4.98734893771596,49.91525934178043,41.40547561645508,-4.400007724761963,0.007716609499227449
3719563534922639.jpg,41.447535324092,-4.4815762534344,41.241346558060606,-4.44567936088936,23.12215254903942,41.44760513305664,-4.481658935546875,0.010380054109748469
360636120286061.jpg,41.007691930113,-4.0006834252027,41.1033776672312,-4.2274162133290005,21.78613090948213,41.008399963378906,-4.000585079193115,0.07916100811860965
5421508817890629.jpg,41.404578860896,-4.3359799267624,41.3002789140424,-5.19798373608716,72.87946575633372,41.40461349487305,-4.336012363433838,0.004706359080329625
499249121279752.jpg,41.588430914266,-5.1135547598736,41.361183445749006,-4.82031664793048,35.14756440341281,41.614097595214844,-5.154717922210693,4.456484684510922
1535574320765182.jpg,41.503968363893,-5.0291188745199,41.4492964604652,-5.0057380774466,6.383673243338094,41.50397491455078,-5.0293803215026855,0.021784170555854927
2640413992915572.jpg,41.494206844606,-5.0080123396825,41.4457226244928,-4.721882661638659,24.44192299008116,41.49435043334961,-5.007580757141113,0.039331869341538615
1002446454929024.jpg,41.512299561816,-4.632644229683,41.3502575666374,-4.82419501523436,24.076430394004582,41.51239776611328,-4.632706642150879,0.012093320462701148
222676152626580.jpg,41.178536719017,-4.7972328437544,41.181831612418605,-5.28112361081902,40.49844600472977,41.17866897583008,-4.79686164855957,0.034371165486784906
3885738101749711.jpg,41.146566912503,-3.6911870955911,41.21383896856101,-4.44524914149992,63.54904699133505,41.146270751953125,-3.691032648086548,0.035379845822156995
4067530293338797.jpg,41.490871638306,-4.6828069256496,41.4513328199084,-4.78787327053444,9.79586582970598,41.49067306518555,-4.682686805725098,0.024241310790729432
1125748159027825.jpg,41.539447743848,-5.2898313674685,41.4725296348984,-5.252632945325379,8.059958280574419,41.53947830200195,-5.289842128753662,0.0035139721834869285
957334364820505.jpg,41.502225554729,-4.7724844139237,41.367487773397,-4.419629904861701,33.010935262759936,41.1429443359375,-4.197637557983398,62.45312752022615
1848389435336237.jpg,41.616843340815,-3.9128549313517,41.4413983593128,-5.2393819984929,112.13243045536458,41.30134201049805,-5.229969501495361,115.22754211602475
1208159212948916.jpg,41.133381459009,-5.4495586215489,41.4413983593128,-5.2393819984929,38.48945674774799,41.13309860229492,-5.449888229370117,0.041848057809254505
1628802377313571.jpg,41.131315152679,-3.8094858321525,41.255270606816,-4.37723519662306,49.46448072922947,41.30598068237305,-4.03525447845459,27.088669313144607
194153012528712.jpg,41.156097681911,-4.6528804959088,41.2098119875306,-4.6869997983067995,6.620175329268961,41.15584182739258,-4.6528167724609375,0.028945620266474285
993719382003676.jpg,41.56606778442,-4.6671616347427,41.2721649478436,-4.686503788769181,32.720277419992016,41.566986083984375,-4.667435169219971,0.10461531691850987
1432003533808937.jpg,41.018144594362,-3.6277434568786,41.3566283799726,-4.67178214046834,95.12756996760842,41.353206634521484,-4.685958385467529,96.07211446916533
1973929979423854.jpg,41.29266936306,-5.2362039463617,41.4413983593128,-5.2393819984929,16.540036224132653,41.29108428955078,-5.237736701965332,0.21786121234045244
2945168215738631.jpg,41.056374044322,-4.7147652974849,41.281572432907595,-4.3895185450062995,36.98947221446492,41.05622482299805,-4.714524269104004,0.026148643837206796
1170531773387591.jpg,41.428220421876,-4.6698600486282,41.3012545763098,-4.3502395775757,30.179340840844034,41.42349624633789,-4.674725532531738,0.663706148721755
312248041757000.jpg,41.290750070057,-4.0026132253296,41.4001157113738,-4.368967976207999,32.91185889688088,41.2912712097168,-4.003405570983887,0.08797899208392439
1098752658933823.jpg,41.214313455886,-4.1149935711726,41.2508188237406,-4.506923758457161,33.02479507588516,41.21364212036133,-4.115102291107178,0.07520100453163535
1437983726594342.jpg,41.348648053093,-4.9473364293273,41.200486197577206,-4.68809474618952,27.217210774485494,41.34811019897461,-4.946542739868164,0.08925413440597381
212174270436345.jpg,41.076953831946,-4.634675391894,41.2098119875306,-4.6869997983067995,15.409201348826507,41.076717376708984,-4.634621620178223,0.026676156471812727
1002611204256990.jpg,41.245037900001,-3.8460289000015,41.3365114977244,-4.76677515834742,77.59617896830545,41.245059967041016,-3.846127510070801,0.008601899680526924
1738793123289189.jpg,41.589970759838,-4.8320428683894,41.4725296348984,-5.252632945325381,37.366036028955556,41.58987045288086,-4.832091331481934,0.011859488937095373
402446212671283.jpg,41.455586888056,-4.5313967390096,41.347399480772204,-4.587001104156601,12.89291224677235,41.455623626708984,-4.5315117835998535,0.010421534314620246
924015355580012.jpg,41.326881944576,-5.1327494391081,41.280273392011,-4.4962464139229,53.42035356608067,41.32689666748047,-5.1329803466796875,0.019350691487788584
4006363839462296.jpg,41.420666337602,-5.1183017899956,41.2836438604456,-5.1099764258836,15.252043499172107,41.4201774597168,-5.118986129760742,0.07881081263254908
633858812605769.jpg,41.003596933112,-4.152404710135,41.203237067989,-4.51493525341606,37.62279966745865,41.24646759033203,-3.85139536857605,36.945893953770884
281658276970243.jpg,41.04654033292,-5.3563390703506,41.20161682537,-5.26108912044374,18.999972425351817,41.04655838012695,-5.356314659118652,0.002866680944147307
132616162697202.jpg,41.490281166693,-4.6119234377471,41.283844558102395,-4.7133175173586,24.463640718714547,41.490421295166016,-4.612239837646484,0.030615433144818478
2377860952355763.jpg,41.300182930461,-5.2272482145433,41.4413983593128,-5.2393819984929,15.735049583874302,41.300174713134766,-5.227243900299072,0.0009822318203026351
302814734714679.jpg,41.149706741631,-4.5472718741877,41.277015265677804,-4.47416767238894,15.420349798786596,41.14955520629883,-4.5467329025268555,0.04817075240270652
519558079074537.jpg,41.295025365155,-4.334100044227,41.2508188237406,-4.506923758457161,15.256681841088351,41.29513168334961,-4.334334373474121,0.02286926608892765
637114805753714.jpg,41.248138249192,-4.1027579645384,41.4001157113738,-4.368967976207999,27.924112134146053,41.248023986816406,-4.102782726287842,0.01287294336806424
311977497054831.jpg,41.291480121832,-4.6813633169896,41.256469121421404,-4.441860734378659,20.390336127464774,41.2768669128418,-4.680723667144775,1.6257934663701201
1323086669435838.jpg,41.288957167357,-3.677080497879,41.332167949112396,-4.70614096421348,86.08413929386556,41.2891960144043,-3.677039861679077,0.02677471657406555
783098360587018.jpg,41.568514096958,-4.6682951116125,41.445189682929396,-4.738152589614979,14.895857252668693,41.56861114501953,-4.668362617492676,0.01216510960169498
2617366708600322.jpg,41.139798719964,-3.6892801549196,41.15605703500479,-4.51874896104094,69.47572287285794,41.5073356628418,-4.985884666442871,115.72957865962634
970960384765319.jpg,41.485609866769,-4.6145163987726,41.353974400313795,-4.75906564904734,18.96104827021812,41.48570251464844,-4.6144890785217285,0.01055033875823684
997555851052278.jpg,41.535312781981,-4.7031514941985,41.353166041281796,-4.636906276622379,20.99296856870754,41.53508758544922,-4.702968597412109,0.029305092396290103
284264220066296.jpg,41.022721115916,-4.7134162290958,41.277015265677804,-4.47416767238894,34.652888938115,41.18476486206055,-4.4543561935424805,28.21018798512804
2323104134794809.jpg,41.07413785996,-3.7125322710556,41.2917511129998,-4.646530943506219,81.82240244409365,41.07412338256836,-3.7125487327575684,0.0021202937100699127
7485761468204914.jpg,41.495881010655,-4.6181841334325,41.2975302312404,-4.56539014346866,22.490930516288554,41.49607849121094,-4.618391036987305,0.027912949755926574
934157237940785.jpg,41.133028455984,-4.2581169612841,41.286750128432004,-4.61812782689352,34.6283517108729,41.13282775878906,-4.257972240447998,0.025395499542085698
978245016155051.jpg,41.096662170186,-5.4964720678884,41.4413983593128,-5.2393819984929,43.94410416255791,41.09762954711914,-5.494828701019287,0.17474024265852958
744315538445018.jpg,41.281908983766,-3.6839449393674,41.199409163743994,-4.8167834038951405,95.16220618910992,41.281410217285156,-3.6845052242279053,0.0725791109096622
173435491711147.jpg,41.516668539196,-4.6352323474868,41.3324596720282,-4.53435946447442,22.14256062696698,41.5421142578125,-4.6160807609558105,3.2476519966980537
565625721213773.jpg,41.5067481749,-4.7710669462592,41.2628974539594,-4.41648720036694,40.12858846888221,41.50425338745117,-4.7718024253845215,0.2840881097405004
1639274750152566.jpg,41.460818717549,-4.5501802355311,41.4840585766616,-4.888468782137379,28.30288219991115,41.46078872680664,-4.5500640869140625,0.010237118425747632
1814480149082767.jpg,41.118902932574,-3.7216686928185,41.1551424912288,-4.44680100653836,60.85970707187704,41.11622619628906,-3.7166521549224854,0.5149632031830111
3045813925647097.jpg,41.596968292742,-4.6407171987824,41.4413983593128,-5.2393819984929,52.75849620215387,41.59696960449219,-4.644061088562012,0.27806205956807967
1179484302516651.jpg,41.114105435171,-4.6345057214575,41.3500731398678,-4.62247087403602,26.257705095213854,41.11408615112305,-4.634675025939941,0.014344562577736433
4586727348023124.jpg,41.484288472082,-5.0374502355819,41.2836438604456,-5.1099764258836,23.116610616202106,41.12655258178711,-3.6940128803253174,119.05716078631575
437068839368653.jpg,41.448305760278,-4.9789321955341,41.241346558060606,-4.44567936088936,50.11200749218547,41.3169059753418,-4.898502826690674,16.078213845162058
1607970249395043.jpg,41.921198242359,-4.4791550893966,41.3219016281678,-4.49050541478834,66.64542146552866,41.536766052246094,-5.28523588180542,79.3840365495986
5513678038674365.jpg,41.436774611452,-5.0953146051228,41.28452604019581,-4.71834750739174,35.7268878155415,41.416648864746094,-5.123762130737305,3.2609054599897385
1119066840174071.jpg,41.325717212394,-3.6330444821836,41.3445920134708,-4.433708919422861,66.88154796173096,41.325260162353516,-3.6329331398010254,0.05166511428356859
1200186807103806.jpg,41.5448176961,-4.7821878407065,41.2909013815198,-4.56186442752782,33.68518309729914,41.54490661621094,-4.7823262214660645,0.015178564640063147
2163437874124463.jpg,41.132263514778,-3.6891851456956,41.3555138431364,-4.30094874284518,56.854314715351904,41.15399932861328,-4.00819730758667,26.822339668511244
954479795318831.jpg,41.300552059081,-5.2302677049566,41.3665787172396,-4.81548735423698,35.40120392445855,41.285057067871094,-5.243390083312988,2.042187077569023
850792432223767.jpg,41.128706019479,-3.8399856566056,41.278798112208804,-4.08901537150466,26.694289974764107,41.0936164855957,-3.8556957244873047,4.117784870156956
480190050096073.jpg,41.004211273033,-5.3978919746852,41.2976990813366,-4.56478837058426,77.00968672178858,41.0038948059082,-5.398060321807861,0.03791925817939985
3815020972155971.jpg,41.130303200898,-3.7015884805973,41.193483203652406,-4.24370229938906,45.922668035795034,41.129940032958984,-3.7020103931427,0.0536603609197016
2804209903130076.jpg,41.593240000001,-4.8285675006306,41.2836438604456,-5.1099764258836,41.658014520290905,41.595802307128906,-4.82441520690918,0.44766917325791283
567192941061662.jpg,41.018544371699,-4.3335643963077,41.439016100488004,-4.69580119549436,55.710181229317655,41.01813888549805,-4.332942008972168,0.06898878773168307
1691199098347224.jpg,41.2287013,-3.7003492,41.1731889469898,-4.21155292556936,43.21217697920989,41.230316162109375,-3.7001285552978516,0.1805100304204591
1717399895452602.jpg,41.520465310399,-4.6388819173394,41.246850182217806,-4.61243187541244,30.504535732358377,41.519371032714844,-4.637962818145752,0.14373844277921172
1294406690957564.jpg,41.490704867778,-5.0186082892043,41.4221435669286,-5.1825934008003,15.648527515222542,41.106407165527344,-4.756058692932129,48.03198252623856
1024105339601660.jpg,41.592496935486,-5.1138552861946,41.1560570350048,-4.51874896104094,69.43255337361157,41.59245681762695,-5.1138482093811035,0.0044995555697017325
479080953289367.jpg,41.269151377807,-4.8840651232571,41.2991384995052,-4.876015024542819,3.401584450923447,41.26995086669922,-4.8846049308776855,0.09969151974195385
1645044693089778.jpg,41.402490796651,-4.3213816205447,41.254823899972,-4.3165582077349,16.424748505417437,41.402565002441406,-4.3215250968933105,0.014535669802136194
2804128536516944.jpg,41.362726497164,-4.5065070580878,41.2836438604456,-5.1099764258836,51.15531098994961,41.36262893676758,-4.506636142730713,0.015288564561776958
1885270162318383.jpg,41.131998033915,-3.6892902945098,41.3117308501394,-4.39002647590106,61.92094836102746,41.59681701660156,-4.50979471206665,85.79064834755982
990789054882619.jpg,41.168608555849,-5.2033506133612,41.093354012272,-4.83938299458638,31.61098439036648,41.168766021728516,-5.203347682952881,0.01751112496331544
145805460901807.jpg,41.300397435242,-4.3011124003408,41.350257566637396,-4.82419501523436,44.03003527236038,41.30009841918945,-4.301083087921143,0.033339112725810784
1921575285048892.jpg,41.151800337652,-4.0220034633998,41.207584660646,-4.33902334715942,27.2470484933726,41.151824951171875,-4.021858215332031,0.012465252764365522
477253236838695.jpg,41.542319775961,-4.6816586300066,41.3408502849234,-4.577221679153119,24.034347364893637,41.54237365722656,-4.681467056274414,0.01703237907048418
1535785870322991.jpg,41.064115331763,-3.8262272619613,41.1465571493664,-4.50008435983138,57.19875133719648,41.071189880371094,-3.8117668628692627,1.4451364109324214
2929972527215219.jpg,41.31551018183,-5.2193050398549,41.4413983593128,-5.2393819984929,14.098001876320573,41.3152961730957,-5.219579696655273,0.033052351232928004
1385372125891903.jpg,41.071939242835,-3.6053450164946,41.2413465580606,-4.44567936088936,72.83076737603047,41.07127380371094,-3.605613946914673,0.07735157704547123
3867981493460557.jpg,41.259228393984,-3.9259760588021,41.255270606816005,-4.37723519662306,37.723950675829826,41.15217208862305,-3.6693930625915527,24.54499318578485
286424893134777.jpg,41.19075117372,-4.6611622734618,41.2098119875306,-4.6869997983067995,3.0273743544347482,41.19110870361328,-4.661254405975342,0.04049609911053053
3953642158065487.jpg,41.206234589989,-5.3291578559047,41.4413983593128,-5.2393819984929,27.202455099930205,41.2064208984375,-5.328853607177734,0.03281770077278844
1544997283579750.jpg,43.357420251179,-1.7139861448526,41.4636083784158,-5.262569650329199,359.4177053785598,43.36188507080078,-1.6925177574157715,1.8052259642502213
1839307026233285.jpg,41.196752709913,-4.7732524882677,41.2836438604456,-5.1099764258836,29.766284326846034,41.19681167602539,-4.7730913162231445,0.01499460049332195
4605782789437979.jpg,41.39248312589,-5.1438493222646,41.4803964142718,-5.075282001156721,11.323958387725908,41.39183807373047,-5.144218444824219,0.0780565364716988
3772378112889239.jpg,41.207693367741,-4.7536585257002,41.2504797752694,-5.116856323699099,30.743665750224245,41.20781707763672,-4.7535624504089355,0.01593176308636389
592648699967006.jpg,41.31176492551,-4.0476810483119,41.258499962902405,-4.24297046517748,17.3592105637143,41.31340789794922,-4.051305770874023,0.3535911387364142
168467791874171.jpg,41.302838342916,-4.3505547552759,41.2508188237406,-4.506923758457161,14.290200484791766,41.30257797241211,-4.3500165939331055,0.05347063046424625
512987316499330.jpg,41.609617974481,-5.1485249983458,41.426077552769996,-4.88698957446406,29.84380814617901,41.609920501708984,-5.149312973022461,0.07364331771534784
1748792501974048.jpg,41.600475166481,-4.6658113263869,41.356187579644995,-4.583885174992401,28.00784982808849,41.60074996948242,-4.6672139167785645,0.12056275717698614
1937448579739845.jpg,41.403980799178,-5.1379268813137,41.317508369368404,-4.84494566461364,26.27447408613211,41.404754638671875,-5.137380599975586,0.09736497386014739
934141815316027.jpg,41.410479482607,-4.331768858515,41.245179364874204,-4.51512519016854,23.92182034133966,41.41054153442383,-4.331748008728027,0.0071155610967785915
189144369725579.jpg,41.294965813549,-4.3002103066908,41.287951204908005,-4.65444679386486,29.60589960165225,41.29465866088867,-4.299985885620117,0.03896157743524905
1471829430760540.jpg,41.134717127852,-3.6921749953636,41.297892932979195,-4.56229634255748,75.00756906262363,41.22770690917969,-3.764554977416992,11.983629075494756
1288240329547835.jpg,41.593453839619,-5.115609510518,41.1481682561016,-4.356553863980221,80.39570158641672,41.593441009521484,-5.115609169006348,0.00142692440294632
3179029892319267.jpg,41.433675194331,-4.6672984785672,41.2312792280376,-4.62478312673974,22.783644466235167,41.14837646484375,-3.6726295948028564,88.95143779898585
4382690411964746.jpg,41.568763589398,-5.4974998348839,41.4492964604652,-5.0057380774466,43.049048957851745,41.568763732910156,-5.497499942779541,1.8309038174735905e-05
1804124523113425.jpg,41.171409080034,-4.4691014911224,41.280273392011,-4.4962464139229,12.316191388449539,41.171207427978516,-4.469377040863037,0.03216706558815254
4176538682368389.jpg,41.026438874716,-5.0733131910458,41.239153297264195,-5.1361586603944405,24.231301201903605,41.026580810546875,-5.073143482208252,0.02125461176337886
3608024299470535.jpg,41.317223886659,-5.1796357048708,41.416936021630605,-4.851518000517,29.541278058049443,41.3171501159668,-5.179137229919434,0.04243047827755911
317188059775755.jpg,41.212270591457,-4.7497733799732,41.2836438604456,-5.109976425883599,31.1423922100103,41.212371826171875,-4.749639511108398,0.01587798099524327
1373683689680926.jpg,41.260223733709,-5.2731396012782,41.2836438604456,-5.1099764258836,13.882432531426103,41.25989532470703,-5.273533821105957,0.04918695312693475
328761362125179.jpg,41.007134951189,-3.9960441575104,41.2744872197026,-4.375314131786721,43.5025202335764,41.00724411010742,-3.995068311691284,0.08277866010928926
4187887497970344.jpg,41.386395802615,-5.1481000124971,41.4413983593128,-5.2393819984929,9.764686377329022,41.38642501831055,-5.148054122924805,0.005020971768271571
4497761826938555.jpg,41.098081229257,-4.4251423300297,41.4059323842716,-4.74560399945912,43.46830255949391,41.09857940673828,-4.425546646118164,0.06493384680707692
476560223569269.jpg,41.214450381927,-4.8372658393747,41.32540819016741,-4.81855431203616,12.436656647696589,41.21455383300781,-4.837321758270264,0.01241783042832169
3662312020650744.jpg,41.497055426599,-4.6195511821793,41.2750998779434,-4.75281955450342,27.068993134083854,41.49709701538086,-4.619358539581299,0.016697186836540697
1864973924084360.jpg,41.539400480835,-5.3591080304115,41.4636083784158,-5.2625696503292,11.647325727021729,41.539306640625,-5.36007022857666,0.08076015529903063
973174480112130.jpg,41.251493380638,-5.3852053378461,41.1560570350048,-4.51874896104094,73.2599968546054,41.251495361328125,-5.3852057456970215,0.0002228662653792368
229045825218556.jpg,41.127342999721,-4.9738995999651,41.2836438604456,-5.109976425883599,20.776234598765512,41.120513916015625,-4.979101181030273,0.8754748920265212
805783793384448.jpg,41.298065827561,-3.6036832864827,41.2582129770098,-4.7462668089494,95.581799028415,41.29877853393555,-3.6038551330566406,0.08053910424039214
508797893637405.jpg,41.198589983999,-4.2639894321094,41.217195364263404,-4.48721086024874,18.787752908370468,41.20119094848633,-4.262955665588379,0.3018696376595079
1671561980203035.jpg,41.599271505118,-4.8183552426266,41.4725296348984,-5.252632945325379,38.79675287238363,41.59895706176758,-4.81888484954834,0.05623054449866406
519756895705581.jpg,41.109832504562,-5.2345407004428,41.2836438604456,-5.1099764258836,21.957952099784166,41.109840393066406,-5.2347540855407715,0.017898883228652324
1368243850645374.jpg,41.050847186156,-3.9085878574104,41.22358733330479,-4.540980560407861,56.33515030218325,41.0510368347168,-3.908339738845825,0.029624157057630652
9913736048755208.jpg,41.177601798836,-3.6803830370662,41.3348550986522,-4.19510132357726,46.443982792656946,41.59598159790039,-5.11939001083374,128.7466360034464
1222943025147801.jpg,41.070826753386,-5.2096627988598,41.2098119875306,-4.6869997983067995,46.41654654630181,41.07082748413086,-5.209662437438965,8.671995108725799e-05
302854144663836.jpg,41.220846354955,-5.2143676740124,41.2504797752694,-5.116856323699101,8.79444390804664,41.22075653076172,-5.21451473236084,0.015844313541264587
1462639404078508.jpg,41.174589919063,-4.8662480045505,41.299477213695795,-5.23907010725968,34.12747639772013,41.17460250854492,-4.865822792053223,0.035616611239518134
935267430395207.jpg,41.410306784798,-4.3313188622404,41.222420221201205,-4.6837752142346405,36.09615101884444,41.410179138183594,-4.331465244293213,0.01872124758954334
1158477948717463.jpg,41.149696482882,-4.1841668655851,41.253570788837195,-4.36966665701806,19.345821952138888,41.14978790283203,-4.184073448181152,0.012826366329474818
276644284175936.jpg,41.007040364906,-5.3953874228634,41.255270606816,-4.37723519662306,89.62826233602947,41.00700378417969,-5.395440578460693,0.006036546538386884
1285544268508363.jpg,41.33864159183,-4.5861689576001,41.2746227944468,-4.717963862607441,13.109659675051034,41.33866882324219,-4.586098670959473,0.006603227189693044
2301846073540617.jpg,41.015333678024,-4.6723610997058,41.248450635161,-4.6133994453125995,26.387597197481533,41.0162353515625,-4.673231601715088,0.12404222284857397
377813553555555.jpg,41.113588898614,-5.2065726420943,41.2836438604456,-5.1099764258836,20.563951367031564,41.11357498168945,-5.206773281097412,0.016879636930474375
1515396018835934.jpg,41.311273593456,-3.6188319950116,41.3088829333588,-4.50278455337678,73.83128026647519,41.30862045288086,-3.6137185096740723,0.5190835441916241
5051755908383839.jpg,41.089241610324,-3.8846564902935,41.227886354106204,-4.2340551587251,33.06479280588068,41.10605239868164,-3.891005516052246,1.9435100366542697
133230798827230.jpg,41.251931174174,-5.3864067217123,41.1560570350048,-4.51874896104094,73.3662619601406,41.251914978027344,-5.386564254760742,0.013292065060191227
1537252870304001.jpg,41.226485369656,-4.1119792304693,41.255270606816005,-4.37723519662306,22.408463605565625,43.48878860473633,-3.825568914413452,252.6545645653534
293848605557961.jpg,41.396281822339,-4.4689529623384,41.2746227944468,-4.717963862607441,24.80397006797124,41.396278381347656,-4.468810081481934,0.011924306759719162
968312217074330.jpg,41.056795382483,-3.6136449892458,41.491401325312594,-5.23494036965066,143.84899225656838,41.03731155395508,-3.617602825164795,2.19177894090913
173959891302450.jpg,41.315042246073,-4.6326254969431,41.2836438604456,-5.1099764258836,40.02924750656267,41.3149528503418,-4.6327691078186035,0.015577782361057401
132793878892932.jpg,41.117375518075,-5.2922630501202,41.2836438604456,-5.109976425883599,23.966662579183453,41.11738967895508,-5.292089939117432,0.014586788926311524
1302483810863654.jpg,41.226771140904,-4.1153390665871,41.1982121228846,-4.2145534738128205,8.885978448640955,41.158966064453125,-4.014400005340576,11.321636513303407
474121597149822.jpg,41.166027921151,-5.3978158890053,41.44929646046519,-5.0057380774466,45.438062543935935,41.166114807128906,-5.399083614349365,0.10655773579286885
372615427503009.jpg,41.291561791922,-4.3295422184,41.320833260041596,-4.63289729929656,25.54706916803194,41.29149627685547,-4.3294806480407715,0.008918055299536338
1298776918303574.jpg,41.294099901335,-3.9277132022943,41.3117308501394,-4.39002647590106,38.66811041428169,41.294151306152344,-3.9278275966644287,0.011135901776307047
1356997848947547.jpg,41.144112892137,-4.109816089487,41.1444997004686,-4.52967492532116,35.157239674420204,41.14392852783203,-4.110048294067383,0.02825477197914521
2609813532509396.jpg,41.243980481972,-3.8437395656036,41.077673963978995,-4.69817996381168,73.88069031412681,41.2440299987793,-3.843722105026245,0.005696261795904165
3822039244561466.jpg,41.341469805875,-5.1836830161241,41.2836438604456,-5.1099764258836,8.901735772294105,41.34189987182617,-5.1830596923828125,0.07067338709997606
114194441036529.jpg,41.484679470021,-4.7805855294223,41.369582220668995,-4.88560509406092,15.506768959845411,41.48415756225586,-4.780837059020996,0.06170001216707646
2150695468675949.jpg,41.563256755187,-5.4791310568696,41.4492964604652,-5.0057380774466,41.40695141468626,41.56327438354492,-5.479158878326416,0.003033182338358813
1985222531626380.jpg,41.453327193842,-4.2405847080752,41.092166386253396,-4.7290533018661405,57.264203562871266,41.45429611206055,-4.23941707611084,0.14517866310769403
760661874497827.jpg,41.536528768945,-4.7043974435546,41.4509653438824,-4.8054934970005,12.705053695940142,41.5364990234375,-4.704580783843994,0.015614317672547154
1192091511227738.jpg,41.077860475055,-4.5271442989374,41.2770152656778,-4.4741676723889405,22.584500548361174,41.077796936035156,-4.526771068572998,0.032072308952245936
24398263266503229.jpg,41.508001290498,-5.0966923860248,41.4636083784158,-5.262569650329199,14.672572508760352,41.507991790771484,-5.096978187561035,0.023822065890264463
3689682991339823.jpg,41.081431670117,-3.6987951881439,41.2502777157838,-4.406535598372059,62.14734426085334,41.108619689941406,-3.729755401611328,3.98379361150286
192439292737998.jpg,41.277644252578,-4.6954253275855,41.2836438604456,-5.1099764258836,34.64692191532647,41.27755355834961,-4.69549560546875,0.011670122269175418
3674835856075923.jpg,41.081337586876,-5.2221878180638,41.29411130917119,-4.32397654726648,78.79799082573142,41.08130645751953,-5.2220587730407715,0.011356445027100356
1375475179995539.jpg,41.306714698219,-4.3028468644162,41.221363245068595,-4.64120024090608,29.830504045789038,41.306705474853516,-4.302845478057861,0.001032108255440316
495088091535086.jpg,41.124541565004,-4.9761078265717,41.1408531345002,-5.06433291584362,7.608269544243151,41.12443923950195,-4.976186275482178,0.013139189984602997
2961332804098072.jpg,41.402161453325,-5.1392131613156,41.287951204908,-4.65444679386486,42.41365875387286,41.40170669555664,-5.139331817626953,0.05152611646882589
3701770479934917.jpg,41.239986239023,-5.3017144855291,41.4221435669286,-5.182593400800299,22.56526975117842,41.242698669433594,-5.298935890197754,0.3807123504072798
941015610029251.jpg,41.590683542918,-4.5680036776536,41.2805139934838,-4.74406002266748,37.48212846434253,41.60683059692383,-4.750143527984619,15.251517617187679
3529411267284040.jpg,41.016389176236,-4.3411511641608,41.2322179441784,-4.40806527048302,24.6448566267837,41.015716552734375,-4.340329170227051,0.10173513890750002
301305601809726.jpg,41.152545721279,-4.4531948884393,41.3898387837452,-4.8258305207279,40.81739917118144,41.149436950683594,-4.450428009033203,0.41612772523818486
1512804172261559.jpg,41.550348428064,-4.8819232125226,41.4413983593128,-5.2393819984929,32.14158655496088,41.343875885009766,-5.179859161376953,33.819316770609035
1024932008099064.jpg,41.597321560618,-4.6467054606415,41.2836438604456,-5.1099764258836,52.036546632082505,41.597923278808594,-4.651698112487793,0.4205179938574082
3609979515897746.jpg,41.241254518468,-3.8262638913306,41.2679558023222,-4.35820045402074,44.566112634084774,41.22874450683594,-3.7868731021881104,3.57554318830398
1664089453776361.jpg,41.148432483217,-4.7880845496322,41.297873432630794,-4.7087185502984195,17.893778083508987,41.46441650390625,-4.985591888427734,38.81611618976828
1556340342005305.jpg,41.506880158155,-5.0787429244654,41.4492964604652,-5.0057380774466,8.831091000812247,41.50684356689453,-5.078257083892822,0.04066063796566943
505468280605556.jpg,41.060504968203,-3.868065259561,41.1739612011688,-4.319310448951,39.85057976819576,41.06026840209961,-3.8690338134765625,0.08536059815284106
963431728657035.jpg,41.076454239539,-3.8055410604392,41.125065977907596,-4.2165586346823805,34.86133725033595,41.21833419799805,-3.6962952613830566,18.236411824498994
1594959214438397.jpg,41.298644017033,-4.0195654411715,41.3176978101872,-4.438881037206739,35.0878668443585,41.30177688598633,-4.026257038116455,0.6586552430306502
734534342181776.jpg,41.43292113191,-4.4354522013457,41.339361941004405,-4.601398131896261,17.317393969767206,41.43291473388672,-4.435539722442627,0.007330910518501074
1202871736815464.jpg,41.60748060999,-4.66566881813,41.444353586031596,-5.205781052636601,48.48342265176905,41.60728073120117,-4.66546106338501,0.028148420666157248
2152915325061436.jpg,41.007416581938,-3.8101919427417,41.1508357846108,-4.16833278750906,33.99207936593047,41.13419723510742,-3.5815024375915527,23.796235898202582
3917184405025110.jpg,41.144319188091,-4.5869087398279,41.318068003384596,-4.4669601893549995,21.768695597566218,41.14521026611328,-4.5862860679626465,0.11196450415794824
1361973508176742.jpg,41.229884220867,-4.1113201298405,41.1474375784282,-4.30319929183904,18.48919181066897,41.22994613647461,-4.111302375793457,0.007042973276173804
3407105262768865.jpg,41.133745484037,-3.6989719033897,41.2787981122088,-4.08901537150466,36.398425061158015,41.156497955322266,-4.010781764984131,26.23162118557624
1135173420316739.jpg,41.330258968022,-4.9131510063097,41.4889975097942,-5.15176463848234,26.599674652413373,41.330169677734375,-4.912367820739746,0.06614388736014579
931173164123350.jpg,41.635184080263,-5.1875141881092,41.426077552769996,-4.886989574464061,34.15299510585667,41.63520050048828,-5.187530040740967,0.0022515292091531986
529016378509292.jpg,41.076653741414,-4.5134063790112,41.2179418796912,-4.76991754936526,26.61076609320046,41.076786041259766,-4.513986110687256,0.050772288681795084
1562982630569331.jpg,41.115986617765,-5.4894628449436,41.4492964604652,-5.005738077446599,54.839215756843416,41.16269302368164,-5.431989669799805,7.080741698336456
2103374383479899.jpg,50.194029320923,-5.4479604404002,41.3851410639216,-5.070299853496,979.937679855378,50.196533203125,-5.430246829986572,1.291297800181196
2032652516889471.jpg,41.193472405771,-4.7800771198467,41.2836438604456,-5.1099764258836,29.35038763748031,41.19355010986328,-4.779923439025879,0.015492161720766642
3464073970560482.jpg,41.418896690985,-4.1256694016753,41.2996332161386,-4.95411149680882,70.402433326712,41.53732681274414,-4.704875469207764,50.01722119143279
2182068632313633.jpg,41.553604353244,-5.4662858279905,41.4725296348984,-5.252632945325381,19.943313152252173,41.55389404296875,-5.46668004989624,0.045974871190041025
990258659842320.jpg,41.264528856926,-4.0977945482015,41.3176978101872,-4.438881037206739,29.10393486843993,41.26467514038086,-4.097723484039307,0.01731652299037526
2631955547194225.jpg,50.2184441,-5.315563,41.31699555838641,-4.28093361128552,993.0167361877268,41.065093994140625,1.0567398071289062,1130.949961766141
516221407903773.jpg,41.227585216845,-4.1119772447747,41.255270606816005,-4.37723519662306,22.391301756077254,41.227603912353516,-4.111972808837891,0.0021116869576989212
1470602697592792.jpg,41.626253776447,-4.7851233065693,41.4725296348984,-5.252632945325381,42.49397754879276,41.62548828125,-4.786111354827881,0.11827817235897231
948317549275392.jpg,41.127578777712,-5.1823894889945,41.255270606816,-4.37723519662306,68.85149295506243,41.12760543823242,-5.182461261749268,0.006702709259001014
1487247779302323.jpg,47.838841589227,7.5659429612704,41.259051937838606,-4.63284905321036,1209.9568352476936,47.83808517456055,7.565774440765381,0.08504472073227837
1050177206994553.jpg,41.237643191813,-4.1080147006945,41.165236310396196,-4.2981409576324,17.828065834537206,41.072269439697266,-5.210910320281982,94.1494577731886
1463632278106857.jpg,41.120112647877,-3.9080854857346,41.26954904507561,-4.2946527542521995,36.36316317050724,41.11814498901367,-3.9021730422973633,0.541448684483034
1267604521772882.jpg,41.300715081763,-3.7368081915849,41.323233378883394,-4.17739673520292,36.883630904963105,41.300750732421875,-3.736745834350586,0.006545914601343269
2874567986092136.jpg,41.588453903428,-4.5599810840476,41.2836438604456,-5.1099764258836,57.01624202512889,41.591957092285156,-4.571233749389648,1.0136523992188877
3879374218836655.jpg,41.313852574521,-4.9071687163866,41.3781757315678,-4.4684158557111,37.31790966449224,41.31390380859375,-4.907292366027832,0.011794248029578694
1383105862072374.jpg,41.225856429123,-4.7319453679773,41.2504797752694,-5.116856323699099,32.30090526432719,41.225772857666016,-4.732066631317139,0.01375514119409243
3747447835500951.jpg,41.256447281838,-4.874794644157,41.2437072068592,-4.7257495164723,12.540542630447808,41.20399856567383,-4.825906276702881,7.122297751226283
1860236777893073.jpg,41.297644850577,-3.7474306506911,41.405093467446,-4.70724563973888,81.00218622070769,41.29755783081055,-3.7475063800811768,0.011560778636882684
620857375979923.jpg,41.328384723654,-4.6118701156183,41.2836438604456,-5.109976425883599,41.90266714073564,41.32844924926758,-4.611711502075195,0.015062888705554023
4424902990877935.jpg,41.332214525522,-4.9311995016571,41.262245395040196,-4.7414070455505,17.661332942692002,41.33236312866211,-4.931440830230713,0.026058686599214325
4619402454737435.jpg,41.103667595112,-5.4953346721162,41.4413983593128,-5.2393819984929,43.21858419007713,41.102264404296875,-5.496541976928711,0.1859507225274732
1815687082680082.jpg,41.144093477952,-3.699115849984,41.118877314524,-4.4710853200847795,64.71473424716582,41.144508361816406,-3.7008509635925293,0.15243951269556955
2011079955905914.jpg,41.124802535475,-4.1054185783247,41.2787042790794,-4.63199689695382,47.261800363449666,41.12525939941406,-4.104339599609375,0.10367506100958566
1762960434354871.jpg,41.525747947947,-5.2471108023408,41.491401325312594,-5.23494036965066,3.9513392169003776,41.525718688964844,-5.246860027313232,0.021128257957693387
1118727320129126.jpg,41.019088044569,-5.0858968931077,41.2508188237406,-4.506923758457161,54.90896533096686,41.01911926269531,-5.085941314697266,0.0050930095550534875
2545092235847484.jpg,41.503908757144,-5.0274385900522,41.4492964604652,-5.005738077446599,6.336008248492264,41.5039176940918,-5.027645587921143,0.017266377145512445
1049777930310902.jpg,41.148567303341,-4.1851641473536,41.255270606816,-4.37723519662306,19.974750384138652,41.14862060546875,-4.1851348876953125,0.0064133124283994175
784381440695969.jpg,41.271767954532,-3.7000512876497,41.2394248882704,-4.479359067448,65.24412521332256,41.271995544433594,-3.6996781826019287,0.04015865141070223
5706698976036697.jpg,41.502927609762,-5.0211973211487,41.4413983593128,-5.2393819984929,19.423123286434542,41.305267333984375,-5.228551387786865,27.966948244067257
1208626902932659.jpg,41.005821907788,-4.0038522808868,41.2743821450084,-4.544297566226541,54.22175703295586,41.0064582824707,-4.001231670379639,0.23100558522065703
138550644926224.jpg,41.167334840523,-5.3833824407644,41.491401325312594,-5.23494036965066,38.10666606444004,41.16774368286133,-5.382409572601318,0.093265189659027
954182562859353.jpg,41.065423100002,-3.8020302,41.3755501615526,-4.45513868956596,64.59907583785517,41.03144454956055,-3.8101742267608643,3.8394696585682304
241421334409227.jpg,41.299249229938,-4.3430874715089,41.2322179441784,-4.40806527048302,9.222242139655634,41.299015045166016,-4.342589378356934,0.04908617071024635
698745178839857.jpg,41.178055202872,-4.2706865876015,41.2993028366806,-4.71366745875528,39.4172745828902,41.177757263183594,-4.270669937133789,0.03315867692538325
795626718039092.jpg,41.281553844386,-4.2973848826292,41.299302836680596,-4.71366745875528,34.83591830786407,41.28185272216797,-4.297427654266357,0.03342531785208199
1473310520788172.jpg,41.145237903526,-3.9375524744021,41.3346466994854,-4.462703775675401,48.699467998211595,41.14544677734375,-3.9382948875427246,0.06636263570153106
870491456832001.jpg,41.308493443095,-4.9122059038181,41.2308152047834,-4.388349135504041,44.625457754750286,41.30853271484375,-4.912228107452393,0.004744319546936555
977716636374071.jpg,41.395382789396,-4.471894586105,41.324979664056805,-4.7995828275568195,28.447096168935595,41.395729064941406,-4.47114896774292,0.07314920928250658
193085492664616.jpg,41.275519594591,-4.2960655352525,41.2779061948066,-4.7292729871005195,36.2026008469957,41.2757682800293,-4.296184062957764,0.02937303818463403
292054319071348.jpg,41.302573166104,-4.9095179376085,41.2157075874606,-4.40044090648202,43.63566961373476,41.302616119384766,-4.90955924987793,0.005892457685883511
322267725945968.jpg,41.405065107418,-4.4122564918793,41.2803881901304,-4.97597820634404,49.06002835337504,41.40507888793945,-4.411896705627441,0.03004600490085974
2291872040986680.jpg,51.339290076,-0.622269646,41.162354188286,-4.91322434959136,1178.2101188412694,41.594024658203125,-5.114931106567383,1136.383749281242
799424704094078.jpg,41.076300253377,-4.7270187795631,41.161513446404,-4.69396683143332,9.871502271747394,41.07619857788086,-4.726917266845703,0.014150102664413257
2924405127830279.jpg,41.25130256832,-5.2894574181968,41.4413983593128,-5.2393819984929,21.54705436510478,41.25147247314453,-5.289212226867676,0.027876268306540265
1427752394841490.jpg,41.240557061014,-5.3011010059384,41.299114873046,-4.842918510641621,38.8423802018235,41.37221908569336,-5.160810947418213,18.75234995005492
266173781969705.jpg,41.307714199972,-3.6125219999722,41.206475174415395,-4.6082693892306,83.99351727476777,41.30854415893555,-3.614103317260742,0.16112881818850786
148169613956758.jpg,41.060734746289,-4.3945094085868,41.2131956638152,-4.3222992068694595,17.99915151534944,41.0611572265625,-4.395014762878418,0.06326231398231781
726683155419568.jpg,41.432365400003,-4.4675875,41.2980672041208,-4.87070299417516,36.80670938582233,41.43220138549805,-4.467219352722168,0.0357011145701914
1468515711059273.jpg,41.503867703104,-5.0264621242782,41.4492964604652,-5.0057380774466,6.308887296225099,41.50385284423828,-5.026116847991943,0.028800353417321078
971682105074796.jpg,41.247268197597,-4.1030087730969,41.3511802156378,-4.410721271694721,28.18303327963136,41.247379302978516,-4.102986812591553,0.01249003370694021
1940000330174834.jpg,41.296303540809,-3.932667142035,41.255270606816005,-4.37723519662306,37.43064210999356,41.16603469848633,-5.401291370391846,123.66324365905592
2852616061720917.jpg,41.030978241526,-5.4329043053126,41.2836438604456,-5.109976425883599,38.990236494041156,41.03104782104492,-5.432750225067139,0.015063108127765385
4013432848744335.jpg,43.450656488162,-5.2037951728075,41.2856800470464,-4.39935186393096,249.63747523454117,41.29291534423828,-3.751039505004883,267.9605602666438
1610319209692318.jpg,41.546209513111,-5.3985739570704,41.4492964604652,-5.0057380774466,34.445557821903684,41.54619598388672,-5.398609161376953,0.003293394828226059
2488555187948194.jpg,41.240427836065,-3.7731949572544,41.406381276995795,-4.96374512657182,101.11617294339644,41.246273040771484,-3.8500025272369385,6.454632930923528
2798692767015111.jpg,41.055658643676,-3.9015899471609,41.2475316643112,-4.61746186544558,63.62128410362612,41.01814651489258,-3.968559980392456,6.996349015467433
1304040791276375.jpg,41.504597265232,-5.0456309037386,41.4492964604652,-5.005738077446599,6.989825589724948,41.50459289550781,-5.045577526092529,0.004471457109790638
1575821220493132.jpg,41.539797806968,-5.3674605491864,41.466199803356595,-5.260095392426559,12.120814580033816,41.539615631103516,-5.366662979125977,0.06940301504390155
605998703737569.jpg,41.208397028062,-4.5585779439155,41.2098119875306,-4.6869997983068,10.74403489086986,41.20950698852539,-4.560029029846191,0.1731128304777207
1849728721859174.jpg,41.162694151531,-5.4324268247702,41.327760203290396,-4.88624791868948,49.214894843642014,41.16602325439453,-5.407164096832275,2.1469044876512537
1033000145054725.jpg,41.141687690826,-4.7829593827426,41.2958164379688,-4.56470806813108,25.039086293822844,41.14196014404297,-4.783166408538818,0.03490492858418785
2194492757685739.jpg,41.240912802099,-3.5627278842036,41.3666845286202,-4.72086119557388,97.74593820449819,41.15884780883789,-4.014225006103516,38.86096384796084
2356992188019344.jpg,41.298214001514,-4.1066955025781,41.255270606816005,-4.37723519662306,23.106831645879975,41.58838653564453,-4.543331623077393,48.63798278283428
811478699792306.jpg,41.065569135377,-5.320835278077,41.2504797752694,-5.116856323699099,26.727802180128396,41.06570816040039,-5.3207550048828125,0.01686022364414667
1578738246097501.jpg,41.262171160623,-3.9335509778686,41.2927465926378,-4.25145335204702,26.782363953442566,41.24393844604492,-3.8502540588378906,7.252495070721141
1430879821229300.jpg,41.188891253559,-4.1618983415978,41.20967980081419,-4.3054904196232,12.2340872400599,41.18885040283203,-4.161961555480957,0.006972371180081335
948235895927585.jpg,41.264448363824,-5.2687950424585,41.4413983593128,-5.2393819984929,19.82851643857143,41.264312744140625,-5.268984794616699,0.021884939754282136
472233867344009.jpg,41.232920807627,-4.2754882705042,41.350257566637396,-4.82419501523436,47.66351526420154,41.23236083984375,-4.275113105773926,0.06972251489378568
995435774560564.jpg,41.324494029325,-5.2010789094149,41.4413983593128,-5.2393819984929,13.386205668356276,41.324302673339844,-5.201183795928955,0.023009965020870132
2970269533192723.jpg,41.09218295443,-5.0009944838503,41.239153297264195,-5.1361586603944405,19.87682256070081,41.09211349487305,-5.001063346862793,0.009641389194107697
1323088136198579.jpg,41.155661835086,-3.9894927506954,41.2508188237406,-4.50692375845716,44.56288811483541,41.15572738647461,-3.9892892837524414,0.018528471337703887
336149524788008.jpg,41.308971755977,-4.3033247219652,41.220196132965,-4.783994894732859,41.37032997000691,41.30937576293945,-4.303432464599609,0.04581603146876176
543017462148659.jpg,41.128630202789,-4.1029083240967,41.1444997004686,-4.52967492532116,35.783393389913286,41.12895202636719,-4.103061676025391,0.03802035897535364
980229996137302.jpg,41.195219744266,-4.7765192391371,41.313052894311,-4.90754965526164,17.077888050954858,41.19512939453125,-4.776645660400391,0.014588358949956044
948782152602654.jpg,41.171094321977,-5.3769630442717,41.456654524859196,-5.06924269301776,40.85037660127468,41.25892639160156,-5.274466514587402,12.995648145271936
472793834002766.jpg,41.172542599213,-4.9393142003396,41.2504797752694,-5.1168563236991,17.194976492047477,41.17243576049805,-4.939395904541016,0.01370764226896044
3603614363301350.jpg,41.648632625071,-4.7179757548055,41.255270606816005,-4.37723519662306,52.14985131777158,41.47699737548828,-4.594902038574219,21.658393359066114
1731269404173936.jpg,41.118726339077,-3.9042790108052,41.210186119970004,-4.737916821199539,70.5208027009437,41.11869812011719,-3.9041686058044434,0.009766266318776312
1936061553213587.jpg,41.151441101268,-5.4600159994511,41.4413983593128,-5.2393819984929,37.13853016967284,41.15289306640625,-5.4578657150268555,0.24182400331562307
469514277677985.jpg,41.343215809979,-4.5759059730073,41.2170484889822,-5.0450247889143,41.63530831143426,41.34318542480469,-4.575971603393555,0.006436923754783763
1619267198900994.jpg,41.116751651211,-3.71696069142,41.1738232440346,-4.7826734779470605,89.46185603644805,41.133419036865234,-3.686814546585083,3.132207337260906
1092998929176760.jpg,41.291546334666,-3.7475615513077,41.308817332463796,-4.283696708557939,44.82795272166548,41.29159164428711,-3.747579574584961,0.0052584118582347785
197156335645980.jpg,41.006171824035,-4.0025440576446,41.2809038067748,-4.744342063002,69.22108413296482,41.00593566894531,-4.003382682800293,0.07511062071752256
1785840354956833.jpg,41.643390130328,-3.7797604773488,41.4521316371998,-4.895564924665179,95.25923315425528,41.64786911010742,-3.7817068099975586,0.5236400252998573
744023364552695.jpg,41.47959887513,-4.616973482868,41.295816437968796,-4.564708068131081,20.89564893581655,41.47970199584961,-4.617032527923584,0.012476996728906536
1568079607214305.jpg,41.290584131592,-4.1023429641305,41.184946245784,-4.39404110617574,27.071861969446974,41.29073715209961,-4.102431774139404,0.018562586427538517
1536956667089147.jpg,41.272922948165,-4.2966440772556,41.231578497747805,-4.7858133181542,41.15106579848971,41.27321243286133,-4.296568393707275,0.032804751608601676
1462147358330691.jpg,41.288923201907,-3.7473208498829,41.2570874166164,-4.31277461078392,47.38804270524663,41.28889465332031,-3.747342824935913,0.003667180803680095
977154960476481.jpg,41.311843616201,-4.0478100391486,41.4001157113738,-4.368967976208,28.54598502898539,41.311561584472656,-4.047211170196533,0.059036772947388544
165387648860378.jpg,41.411974221756,-4.3247913138635,41.2779061948066,-4.7292729871005195,36.91021774622937,41.4118766784668,-4.325127601623535,0.03006851502693881
2018027351685929.jpg,41.17393910141,-4.8292209458833,41.1452255212182,-4.94628235360982,10.306944846910007,41.17393493652344,-4.829019069671631,0.016902986505381974
2801630296764387.jpg,41.535820676373,-4.9007568865709,41.310795730858,-4.66088679488508,32.03250915083006,41.16415786743164,-5.383997440338135,57.749498525326885
221127149421050.jpg,41.045687062339,-5.3784367166781,41.093354012272,-4.83938299458638,45.499276142100854,41.04570770263672,-5.3782782554626465,0.013485557005091011
833100513968437.jpg,41.256269827566,-5.2796971502842,41.2836438604456,-5.1099764258836,14.507361954532653,41.256103515625,-5.280029773712158,0.03339322510462368
788326523732795.jpg,41.193469806828,-4.0610319012743,41.212915314342396,-4.334767872606919,23.002766541017685,41.19339370727539,-4.0608086585998535,0.0205066782431389
1119296965931961.jpg,41.143491703633,-4.2695855311022,41.309347846781996,-4.63884126551962,35.96895616420737,41.14316940307617,-4.269498348236084,0.036574199771287993
219854682901780.jpg,41.440786994368,-4.9755365991567,41.2747383325308,-4.67671911528196,31.03092718546069,41.44565200805664,-4.977616310119629,0.5680609740279463
528357238322884.jpg,41.123097612205,-5.1823488779325,41.1560570350048,-4.51874896104094,55.69171043057973,41.291259765625,-4.1026763916015625,92.23518251528972
916929719155957.jpg,41.59066550654,-4.6025289309701,41.3883818111156,-4.78654305043082,27.218620279691446,41.590763092041016,-4.60304594039917,0.04434432703010677
878138456155883.jpg,41.074016426453,-4.3990344038197,41.450109597923,-4.69903778338798,48.76141044270905,41.073585510253906,-4.398541450500488,0.06327274509560527
510270520116937.jpg,41.166740839722,-5.385977769395,41.4413983593128,-5.2393819984929,32.90397645716622,41.16675567626953,-5.3860182762146,0.0037707566476388736
1668976943775947.jpg,41.543269237022,-5.2968130225424,41.491401325312594,-5.23494036965066,7.733056946476442,41.54328918457031,-5.296855926513672,0.0042034997399554574
4004109949682939.jpg,41.239624749306,-4.7209226894873,41.2836438604456,-5.1099764258836,32.88567399863208,41.240150451660156,-4.720799922943115,0.059349872623015186
160534189263587.jpg,41.287812219484,-4.681075585213,41.206141283809,-4.59118354129304,11.787823900113557,41.287811279296875,-4.681087017059326,0.0009608621033276706
616287624412645.jpg,41.401942138891,-4.319925778031,41.221378988657,-4.21462948967792,21.91935135095823,41.401939392089844,-4.31990909576416,0.0014245305842683267
1166023221993496.jpg,41.104058788215,-3.8878819319679,41.279600679591,-4.54184133258424,58.09715843076304,41.11307144165039,-3.8968687057495117,1.2534847244343523
4306594259407674.jpg,43.506345855196,1.5010380167664,41.217395047454396,-4.42806630646088,549.443510490059,41.188751220703125,-3.785459518432617,504.98317910830787
297991368492102.jpg,41.404225302621,-5.1377687652084,41.4413983593128,-5.2393819984929,9.426962080209062,41.4041748046875,-5.13779878616333,0.006148067327702699
2263959203787239.jpg,41.122437693807,-3.708294450286,41.3008483131522,-4.2838528547045005,52.07227625611238,41.17002868652344,-3.6428139209747314,7.62012064549693
593553487065045.jpg,41.135626008106,-4.1064180912432,41.2098119875306,-4.6869997983067995,49.28953505550681,41.13566589355469,-4.106440544128418,0.004817209559060557
993048804766848.jpg,41.299444023763,-4.9006739918746,41.417233619144596,-4.99813473467106,15.417960142543327,41.300621032714844,-4.900469779968262,0.13198453007393365
455866112140909.jpg,41.191435804723,-4.7832853908985,41.2504797752694,-5.116856323699099,28.661253055993022,41.191165924072266,-4.783742904663086,0.048642965899804706
185080273482062.jpg,41.234757576625,-4.7220834210971,41.2836438604456,-5.1099764258836,32.87607268125376,41.234336853027344,-4.722179412841797,0.0474659582434663
2125644561075634.jpg,41.617190329952,-4.2209459862678,41.3777520945672,-4.7182148764328,49.2339092097572,41.252037048339844,-5.288348197937012,97.80802304469655
319881306234503.jpg,41.537400486561,-4.7654115391549,41.422645547122805,-4.739852968917821,12.936585703781297,41.4927864074707,-4.9979376792907715,19.985752641976465
3025601724428632.jpg,41.541013481838,-4.8939967404507,41.3490219340776,-4.9812305506542405,22.552719812244803,41.105934143066406,-3.7405893802642822,107.78318025781967
197279732235642.jpg,41.083202938392,-5.010680940817,41.2836438604456,-5.1099764258836,23.786662408589645,41.08332824707031,-5.010581970214844,0.016215929597613452
852610987001628.jpg,41.136013663121,-4.1065880514793,41.233141598397,-4.51854653937602,36.12660686104688,41.13423156738281,-4.105652332305908,0.21309233001640837
895018494397115.jpg,41.404767815727,-4.3422503243129,41.239153297264195,-5.13615866039444,68.80799449471024,41.40475082397461,-4.3420796394348145,0.014360371510158404
3598521583778821.jpg,41.086992583703,-4.7415232998053,41.3786304265216,-4.9173105849594805,35.604779089020646,41.089988708496094,-4.743815898895264,0.3845878131922126
1085500985272761.jpg,41.477449509446,-4.6774346669253,41.2825442733202,-4.46132311133792,28.19247008232504,41.092498779296875,-3.8556153774261475,80.91614468238633
2115998808809227.jpg,41.305378062324,-3.7466369737081,41.274682690117395,-4.267243470057361,43.63007118518775,41.30549240112305,-3.746647834777832,0.012746221542496406
4051118051624456.jpg,41.152128471505,-5.4583178818863,41.289254877574,-4.89194197611924,49.76410088326773,41.168460845947266,-5.380893230438232,6.731254769358151
566762342048671.jpg,41.307684416486,-5.0234214039678,41.281572432907595,-4.3895185450062995,53.03796825273467,41.30808639526367,-5.024392604827881,0.09262048581399475
1752680142039209.jpg,41.52859808082,-4.9129508244687,41.4492964604652,-5.0057380774466,11.725527422543147,41.52858352661133,-4.913007736206055,0.005006313364478014
1591931054933939.jpg,41.269985877232,-4.2981498343529,41.1739612011688,-4.319310448951,10.823136421810698,41.26976776123047,-4.298130035400391,0.024309773905317557
1430432807290906.jpg,41.273268979527,-4.6992144228717,41.2461073885514,-5.234906885932899,44.87933076285033,41.27314758300781,-4.699347972869873,0.017515145657590155
2286255168455071.jpg,41.009466722573,-5.104878281768,41.2252329040312,-4.47281383250908,58.13012981436746,41.009071350097656,-5.105673313140869,0.07989334089836929
1747801502793045.jpg,41.540705540926,-5.3482545272707,41.4636083784158,-5.2625696503292,11.15392143139069,41.540706634521484,-5.348250389099121,0.00036524749459239457
369437107757833.jpg,41.149010029278,-4.7884986495984,41.3645797321128,-4.922380470705059,26.454139308120297,41.59193420410156,-4.6089677810668945,51.47898690789387
942971567369001.jpg,41.436135217307,-4.4288310683144,41.3821994318752,-4.37037355624124,7.728899891598388,41.4362678527832,-4.428652763366699,0.020939189795854237
3635504170107069.jpg,42.153485049714,-4.0854886637998,41.2252329040312,-4.47281383250908,108.1112808021746,41.36203384399414,-4.6843461990356445,101.05590542018912
287861399414593.jpg,41.093656512711,-4.9996892410861,41.2170484889822,-5.0450247889143,14.235875984078051,41.09373092651367,-4.999627590179443,0.009754883082200893
1163068187462139.jpg,41.211489025762,-4.7508147680252,41.2836438604456,-5.109976425883599,31.080705511485714,41.21138000488281,-4.750945091247559,0.016303388646778636
670837027645726.jpg,41.149525085252,-4.6512138679598,41.2098119875306,-4.6869997983067995,7.342202873750991,41.14975357055664,-4.651306629180908,0.026567063150877906
4059005680822668.jpg,41.356458083576,-4.9584775528065,41.2634302960596,-4.9518953060306,10.358817468124885,41.35653305053711,-4.958611011505127,0.013912810619414923
1976101736557005.jpg,41.836242820515,-4.5677753532335,41.4492964604652,-5.0057380774466,56.35345078256781,41.8427619934082,-4.563040256500244,0.8242271189345364
2368029680195297.jpg,41.115840040717,-3.7256267875241,41.2558159942088,-4.39502399339502,58.1390330423554,41.166595458984375,-3.6500396728515625,8.480349808053868
914812562397702.jpg,41.489965248024,-4.6823320817546,41.3882600684186,-4.61802750037674,12.515141711183624,41.49040603637695,-4.682529926300049,0.05170951368698132
1518361162244645.jpg,41.033820369821,-3.9330112152467,41.22358733330479,-4.54098056040786,55.119714191577366,41.01991271972656,-3.9652676582336426,3.1165973834222833
446353944999771.jpg,41.300227826185,-4.0229602305665,41.2584999629024,-4.24297046517748,18.961222465838034,41.298828125,-4.104981422424316,6.853601424184746
241553401085767.jpg,41.403201234861,-4.3242692516086,41.275850341049804,-5.0135311722268,59.260393854526235,41.40324401855469,-4.324754238128662,0.04072880840904385
1972860616251695.jpg,41.555144706624,-4.8757173473654,41.4413983593128,-5.2393819984929,32.821668649268744,41.555484771728516,-4.87525749206543,0.05379590926042233
320458149476942.jpg,41.125963280429,-4.9750234671626,41.2836438604456,-5.1099764258836,20.853755590561946,41.12586212158203,-4.975099563598633,0.012928672500214948
1191316002373971.jpg,41.18014487804,-4.0450699993541,41.2508188237406,-4.506923758457161,39.42287782387123,41.18002700805664,-4.044947624206543,0.016633454616663615
520908575585752.jpg,41.405044556242,-4.4248067650943,41.291686286505794,-4.78686756414392,32.74609497879,41.40538787841797,-4.402857303619385,1.8310237105356912
309882937265935.jpg,41.009613885041,-4.3326435287316,41.2338910658398,-4.490878735353701,28.241981578030718,41.00985336303711,-4.332980632781982,0.038847936300919275
1969729850221835.jpg,41.157143678184,-4.0116861887367,41.382495522869,-4.6058648052731,55.62257364061187,41.15707015991211,-4.011569499969482,0.012738296223533197
190598822911665.jpg,41.406943563284,-5.1352932940836,41.4413983593128,-5.2393819984929,9.486683524890902,41.40719985961914,-5.135074138641357,0.03385630903432146
4144119269180998.jpg,41.301037942392,-3.7364289072195,41.331505147947794,-4.37273967061432,53.24983107362459,41.30107498168945,-3.7364275455474854,0.004120152419032504
522620402247398.jpg,41.187910706776,-4.4495900129799,41.314455101237,-4.3679878369174805,15.63757350069527,41.18803787231445,-4.449608325958252,0.014222958506425189
529216581791409.jpg,41.071212378277,-4.4558958630811,41.2508188237406,-4.50692375845716,20.423071974769677,41.07118606567383,-4.456772804260254,0.07357144248813527
194482815854394.jpg,41.286780708892,-4.6830857257089,41.3203409042312,-4.98734893771596,25.68825931446161,41.327720642089844,-4.613331317901611,7.3939564481466515
2682095115413901.jpg,41.311844960484,-4.3938510469278,41.244189223239594,-4.43962694877106,8.439653476245919,41.312225341796875,-4.393460273742676,0.053424939413010235
2537593176537248.jpg,41.408996534935,-4.9632253781826,41.276771833666395,-4.85258618547424,17.36318119582487,41.36770248413086,-4.962033271789551,4.592765795443359
122933283159656.jpg,41.134570917136,-4.9684422463524,41.2836438604456,-5.1099764258836,20.370291311292203,41.118465423583984,-4.980656147003174,2.062452110465292
2014225272092852.jpg,41.23796231783,-5.2991106640612,41.4413983593128,-5.2393819984929,23.164137768266347,41.23786544799805,-5.299304485321045,0.01945964558027885
151148956913069.jpg,41.311225651877,-4.3680846251794,41.268822506772,-4.50866887209466,12.656773869955199,41.3112907409668,-4.368175029754639,0.010459307720925425
3317118245124018.jpg,41.606559654604,-4.8073020016954,41.4725296348984,-5.252632945325381,39.948567436690375,41.606624603271484,-4.807196140289307,0.011385308704246113
713584708508825.jpg,41.591409994298,-5.1138729953118,41.255270606816,-4.37723519662306,71.89836343230225,41.591461181640625,-5.113863945007324,0.005741319717629558
1855064751613965.jpg,41.461343115087,-4.5520600972336,41.4451896829294,-4.738152589614979,15.612638637116993,41.46131134033203,-4.551942825317383,0.01039135198377672
161406549189500.jpg,41.289484651752,-4.3252374222447,41.255270606816,-4.37723519662306,5.775604326349154,41.28950119018555,-4.325146675109863,0.007801778049182746
2897454503806152.jpg,41.547509745236,-4.6639897627992,41.37775209456721,-4.7182148764328,19.409459273782065,41.54756164550781,-4.663814067840576,0.0157188692068191
1709335806440750.jpg,41.54356497273,-5.4070043469922,41.491401325312594,-5.23494036965066,15.455338277947783,41.54349136352539,-5.407497406005859,0.04184273157374782
1173288963095161.jpg,41.362999751094,-4.6841581004864,41.2928911741232,-4.67277719636646,7.853427347783538,41.36324691772461,-4.684078693389893,0.02827135248086911
301672428100569.jpg,41.250725283138,-4.6476556632125,41.5573450810394,-4.95669301820792,42.74074719862233,41.27042770385742,-4.676353454589844,3.248651717834877
1160373704438842.jpg,41.199105161199,-4.768284521459,41.2836438604456,-5.1099764258836,30.07621480345547,41.19900894165039,-4.768400192260742,0.014426685643339964
1559098855056768.jpg,41.195002555771,-4.066801436142,41.2927465926378,-4.25145335204702,18.880520387968122,44.440589904785156,1.5047425031661987,580.0708002261888
5425314737480977.jpg,41.183956623643,-5.2092485121746,41.24163254989641,-4.9236647839966,24.734492420431753,41.18439865112305,-5.209418773651123,0.051174763726645596
1262840214791579.jpg,41.243629318154,-3.8421345524207,41.323350988093196,-4.47437358192998,53.567020781875165,41.24368667602539,-3.842529058456421,0.033595175385077204
193917249222184.jpg,41.19986498301,-4.7672163331707,41.24610738855141,-5.234906885932899,39.451921422668335,41.19977569580078,-4.767382621765137,0.01709178878120937
1541649603397970.jpg,41.0019811,-3.6376374,41.491401325312594,-5.23494036965066,144.2026193708104,41.038421630859375,-3.617110252380371,4.4027690994044475
1110227432822980.jpg,41.290368797221,-4.6815659536629,41.320675524869,-4.469226277253201,18.05396782481093,41.00017547607422,-3.814255952835083,79.46933107711763
1359233811863408.jpg,41.035753859063,-4.1386634897725,41.207584660646,-4.33902334715942,25.431045371083464,41.03558349609375,-4.13878870010376,0.021659801604081458
338532177623412.jpg,41.251366087866,-5.2896195789553,41.2836438604456,-5.1099764258836,15.437304509401413,41.2515869140625,-5.289348125457764,0.033435275123127724
106647938170024.jpg,41.108593373679,-4.9883051185529,41.2504797752694,-5.1168563236991,19.096117420285164,41.10870361328125,-4.988222122192383,0.014092994747469667
528385588570165.jpg,41.346997939652,-4.5675004840455,41.2391532972642,-5.13615866039444,48.99886214709682,41.34697723388672,-4.567450523376465,0.004763861228489704
165112546601820.jpg,41.244672695883,-3.8442621812795,41.3035755811102,-4.43608685130054,49.89041970527958,41.24466323852539,-3.8442459106445312,0.0017194279412813549
1791951034748001.jpg,41.511364130091,-5.1393898639137,41.4492964604652,-5.005738077446599,13.099470550969833,41.51134490966797,-5.138788223266602,0.050141461929078424
1435938344191335.jpg,41.469740778124,-4.6157884134161,41.24442982471239,-4.68744055751564,25.757309321347684,41.46950912475586,-4.6155877113342285,0.030710675851870768
1873029163523679.jpg,41.12638263517,-4.1017284097685,41.2797334109998,-4.445632225434059,33.4447042796255,41.1299934387207,-4.095644950866699,0.6487098238840587
4158515710875773.jpg,41.423438673953,-5.1136828736048,41.2836438604456,-5.1099764258836,15.547552309041109,41.31745147705078,-5.21633768081665,14.569530690137247
1528820591154976.jpg,41.245701705289,-3.8476866777078,41.21849914185759,-4.369370805634079,43.72981340388731,41.24565505981445,-3.8475229740142822,0.014636493667411958
909666466273285.jpg,41.25930696394,-5.2743022868399,41.421889364113,-5.191881966477341,19.343529699750828,41.25940704345703,-5.274168968200684,0.015748883622276232
999909278822164.jpg,41.298417322678,-3.9307904353605,41.255270606816,-4.37723519662306,37.614965250098,41.230369567871094,-3.6999571323394775,20.72426526835294
4025489324376507.jpg,41.09368387845,-4.1241427072379,41.207584660646,-4.33902334715942,22.002271084097206,41.12592697143555,-4.10282039642334,4.005659421848667
512815230153962.jpg,41.069496600002,-5.208090200002,41.18847740187779,-3.97985032481884,103.71811111482873,41.069496154785156,-5.208088397979736,0.00015897088656874987
1071617493930696.jpg,41.428645384104,-4.3713892926011,41.4451896829294,-4.738152589614979,30.629082185683313,41.21657943725586,-3.6959340572357178,61.13616456101428
3931666056881490.jpg,41.624639610849,-5.168842809412,41.3540298939526,-4.82878720618282,41.32440252964306,41.61933517456055,-5.159746170043945,0.9589802137350092
1488003019054896.jpg,41.091098844115,-3.703934180979,41.255269663559,-4.39057264401054,60.300321300762924,41.13146209716797,-3.6970877647399902,4.524691515973802
585293779076610.jpg,41.251572959779,-4.7178402700461,41.2836438604456,-5.1099764258836,32.9674620202163,41.2446403503418,-4.719723224639893,0.786780447587971
4251783248214580.jpg,41.30412435451,-4.6500209101165,41.2836438604456,-5.1099764258836,38.494173679299976,41.30392837524414,-4.650341033935547,0.03449549071156254
312867276953272.jpg,41.151741632471,-4.0222534439906,41.1801806088436,-4.5197972580398,41.76832769617751,41.15164566040039,-4.022906303405762,0.0556935660521585
4249053895119295.jpg,41.443522157437,-5.0906633820164,41.366578717239605,-4.81548735423698,24.49313262463529,41.309051513671875,-5.029337406158447,15.803773855335045
1502880910664092.jpg,41.243774779964,-3.7876117847283,41.3196857181696,-4.32912255179476,46.02921308538662,41.2435417175293,-3.7866122722625732,0.08749421310558407
1218281321945965.jpg,41.437829817153,-5.094638125612,41.4413983593128,-5.2393819984929,12.072035761637055,41.34834289550781,-5.173128128051758,11.91138682551039
183137090343562.jpg,41.056270947037,-5.0403032484183,41.2836438604456,-5.1099764258836,25.946601182666132,41.054954528808594,-5.041752815246582,0.19026284824028442
1787464078511624.jpg,41.18563820452,-3.6176061397562,41.3773311739964,-4.4107035357146795,69.61480647791088,41.186004638671875,-3.6273906230926514,0.8198065672334325
648109813953782.jpg,41.269801231066,-3.8846170458299,41.216648450822404,-4.6362838035958,63.12353788054092,41.2697868347168,-3.8845996856689453,0.0021604688143460277
2537240786649208.jpg,41.092284430725,-3.7056123587053,41.191079868499,-4.210625026342799,43.6928679454299,41.09223556518555,-3.705550193786621,0.007527520048388568
1830303720782678.jpg,41.321247354078,-4.0687530438213,41.34038112019421,-4.497702080279,35.879176821823755,41.32106399536133,-4.068343639373779,0.03980698980245675
762769721077209.jpg,41.214618548805,-4.6671484856737,41.1842260678212,-4.6528898723587195,3.5838650028655,41.215084075927734,-4.667255878448486,0.052537904056637316
809566800632690.jpg,41.450322114266,-4.4907010975192,41.2016401558682,-4.41505445134778,28.364482017503676,41.450321197509766,-4.490564823150635,0.011358098810839089
2819340018331498.jpg,41.249351355354,-4.7185500965765,41.2836438604456,-5.1099764258836,32.93672248841112,41.24919509887695,-4.718583106994629,0.017592731443998078
341317407378997.jpg,41.10932267218,-3.8505676489662,41.2719846646948,-4.23822177125286,37.139473968081674,41.299713134765625,-4.103818893432617,29.951027224199642
266575444880029.jpg,41.258486590264,-4.7147899054607,41.2836438604456,-5.109976425883599,33.14546903017067,41.25837707519531,-4.714852809906006,0.013264255206430719
1663402451713565.jpg,41.543553167672,-5.4064291442692,41.4725296348984,-5.252632945325379,15.045860138833413,41.54356384277344,-5.406390190124512,0.003452399573481096
927145108077859.jpg,41.082607178194,-4.55056755302,41.2508188237406,-4.506923758457161,19.057721168653075,41.08274459838867,-4.5498785972595215,0.059732057362169765
1111722095971013.jpg,41.344244456585,-5.1797475863749,41.4413983593128,-5.2393819984929,11.893341839820183,41.34318161010742,-5.180983066558838,0.15685938599563606
821482275416769.jpg,41.28748859917,-4.6814536953844,41.1557906618972,-4.588464508966281,16.581250094850265,41.28745651245117,-4.681477069854736,0.004067430283307529
414326796711385.jpg,41.331154330875,-4.7397282194237,41.4546208814422,-4.7001349591818,14.120543860217325,41.1336784362793,-3.6935155391693115,90.20062132037268
365508034901282.jpg,41.562365513071,-4.7870239934336,41.325067762054594,-4.61437710489188,30.055342042062943,41.5623893737793,-4.786970138549805,0.00520732498532208
747243117493356.jpg,41.627563574713,-5.1731408690296,41.16156411012601,-4.56095189327,72.7506862796014,41.2868766784668,-3.6787710189819336,130.16577058492794
1987590984968980.jpg,48.65795476937,8.0366815606435,41.20957701401421,-4.538290697160541,1287.759940304904,41.30917739868164,-3.6143863201141357,1225.303969003986
1646088343015564.jpg,41.090675610944,-3.8854349994492,41.2219045149052,-4.2207050350733395,31.63530827724207,41.09120178222656,-3.8862721920013428,0.09135410410355663
373318144687760.jpg,41.325774039997,-4.6179465703562,41.2836438604456,-5.1099764258836,41.365679108341865,41.32568359375,-4.618084907531738,0.01531626061200138
221272189476189.jpg,41.148476197144,-4.0435718795953,41.1370011267084,-4.24712911153742,17.093137480836223,41.14033126831055,-4.072138786315918,2.557782692376002
295381922090983.jpg,41.012690819631,-3.9789597080417,41.3578294564486,-4.70810110743968,72.08244360439535,41.41864776611328,-4.120603561401367,46.66924903526354
272854564538988.jpg,41.59954521465,-5.1255149117266,41.1594853024218,-4.541932767881081,69.03010887843978,41.59991455078125,-5.12616491317749,0.06788129690628303
1104748823342875.jpg,41.591509125421,-4.6057984197958,41.44929646046519,-5.005738077446599,36.860751348469186,41.58971405029297,-4.537896156311035,5.650512894208122
139506124830648.jpg,41.29284937521,-4.6682361064717,41.272053410640396,-5.129430338751701,38.606306165419184,41.292930603027344,-4.668107986450195,0.014005450742233118
322903770825277.jpg,41.449329867918,-4.4971367616412,41.421510775612,-4.816170841534761,26.774933634832063,41.449256896972656,-4.497421741485596,0.025099422598265964
334921121385214.jpg,41.158229095612,-4.9502230732841,41.2836438604456,-5.109976425883599,19.31332298222396,41.15816116333008,-4.9502739906311035,0.008673489570366608
3003874953169219.jpg,41.139659117728,-4.7814186401136,41.2772247127132,-4.72424299706738,16.026933397944653,41.139930725097656,-4.781625747680664,0.03482700321678949
159535069441688.jpg,41.157177967433,-4.9511236838757,41.2836438604456,-5.1099764258836,19.34615230657864,41.157447814941406,-4.950910568237305,0.0349095018180808
1955340271963495.jpg,41.414175051476,-4.158281010671,41.255270606816,-4.37723519662306,25.424397260387394,41.05563735961914,-5.196125507354736,95.50302066808248
647362187926704.jpg,41.187505550619,-4.05454561747,41.244189223239594,-4.43962694877106,32.820785567002986,41.187442779541016,-4.05446720123291,0.00958002412087085
948552026623702.jpg,41.267477926586,-5.264552447432,41.22012761250879,-4.79823577632596,39.34198642625118,41.344444274902344,-5.178666591644287,11.167352515625254
1049548369487661.jpg,41.082116700063,-4.2228322075335,41.1686899542932,-4.384741086314639,16.630798222248337,41.081912994384766,-4.2228474617004395,0.022687092548257334
2859442687609013.jpg,41.076084096253,-5.2156442555575,41.2322179441784,-4.40806527048302,69.80626464273855,41.07632827758789,-5.2159318923950195,0.03631161346233794
220774312742590.jpg,41.251713839292,-5.3856399036425,41.2061475315072,-4.6700834739156605,60.054304179302385,41.251712799072266,-5.3856401443481445,0.00011740448165349967
172959751376330.jpg,41.555718950316,-4.6360894506899,41.344092993873595,-4.64811487944238,23.553066701912286,41.555511474609375,-4.636796951293945,0.06322912474385795
482356126209940.jpg,41.215016274896,-4.4310222295684,41.2508188237406,-4.506923758457161,7.492285193587712,41.21530532836914,-4.431155681610107,0.03402449732289992
821300765437627.jpg,41.097383606631,-4.9968963077506,41.2836438604456,-5.109976425883599,22.77029493222202,41.097320556640625,-4.996943473815918,0.008048147909939726
1188151061627683.jpg,41.177316802129,-4.9343223917479,41.272053410640396,-5.129430338751699,19.422417240592132,41.17727279663086,-4.934340953826904,0.0051338820557587555
1862132857630842.jpg,41.329798304131,-4.9113418026377,41.368642353262,-4.9864547233339005,7.613692315625288,41.32992935180664,-4.912169933319092,0.07066638736891813
910156229834974.jpg,41.401245121093,-4.4315945361349,41.272053410640396,-5.129430338751701,60.00686687140003,41.401268005371094,-4.431532382965088,0.005774857495003565
3051481131803590.jpg,41.368965805739,-4.497849689012,41.2836438604456,-5.1099764258836,51.987355787271746,41.37854766845703,-4.485367298126221,1.489978920389954
2245221585906595.jpg,41.513287976702,-4.9504868033715,41.4492964604652,-5.0057380774466,8.474388438396264,41.51325225830078,-4.950562477111816,0.0074481417496412294
1867952330387110.jpg,41.166341052958,-5.4033865961563,41.3234953926682,-4.66045207052786,64.52577561432965,41.16627502441406,-5.4052863121032715,0.1591903978215892
3417239591752026.jpg,41.526056791782,-5.2625272518227,41.4492964604652,-5.0057380774466,23.0295922780878,41.526058197021484,-5.262552738189697,0.002127398526223174
828779041181457.jpg,41.259074291172,-4.8766411628927,41.3254081901674,-4.81855431203616,8.829299439810258,41.25993347167969,-4.877278804779053,0.10939868672901465
2551709365123586.jpg,41.398880820528,-4.6863664009056,41.3471896240906,-4.573584998534519,11.027282916873382,41.30970001220703,-3.61588454246521,89.898112769329
1808469287213046.jpg,41.599028761827,-4.8188211110515,41.491401325312594,-5.23494036965066,36.63978590588533,41.59908676147461,-4.81871223449707,0.011115595282746388
1165310051211931.jpg,41.466260019475,-4.5726425694965,41.3368069597224,-4.56314142377574,14.416320444786773,41.46629333496094,-4.572908401489258,0.0224576798421071
1156810415750266.jpg,41.43489993259,-4.4716514309639,41.4168486535696,-4.80220853815232,27.633286260499546,41.43497848510742,-4.471746921539307,0.011817896172252889
238016319201770.jpg,41.244638131338,-3.8441922746462,41.303575581110195,-4.43608685130054,49.89672883342605,41.24464797973633,-3.844209909439087,0.00183659768878071
1011802190862639.jpg,41.13944153136,-4.2049119371782,41.2611783695494,-4.30367669366036,15.859251227221902,41.13951873779297,-4.204671382904053,0.02189754991016681
485707479409288.jpg,41.004332438207,-5.3978257176185,41.3289346620508,-4.50967587219872,82.64272577844481,41.0037727355957,-5.398125171661377,0.06711763993431526
473749403891929.jpg,41.259920615412,-5.2735208371285,41.4221435669286,-5.1825934008003,19.570537825868676,41.26002502441406,-5.273394584655762,0.015689366035514782
560381188277802.jpg,41.131699007858,-4.9706199933346,41.2504797752694,-5.1168563236991,18.0049405678951,41.131343841552734,-4.9708967208862305,0.045791098646248994
192040512655548.jpg,41.40013023241,-5.1402400900964,41.2836438604456,-5.1099764258836,13.1967983463328,41.40076446533203,-5.139904499053955,0.07587526592116282
763536190997658.jpg,41.178299514002,-4.7979709722973,41.1408531345002,-5.06433291584362,22.68427139573727,41.17815017700195,-4.798304557800293,0.032483728459931104
177916414243675.jpg,41.055905990284,-5.3270196218342,41.287440790855,-4.9940772593587,37.93979760882847,41.05564498901367,-5.327300071716309,0.037353060759421075
469239017478152.jpg,41.070327646265,-4.1327247025655,41.244243904198996,-4.3348592135664195,25.697350883870772,41.070556640625,-4.13264274597168,0.02637361864849263
196232678895352.jpg,41.238881598307,-3.9322539172683,41.2095837064006,-4.241467525420379,26.065064813583643,41.23904037475586,-3.932217836380005,0.01791104398019685
414071241108656.jpg,41.56548095766,-4.6669452712704,41.1920456907058,-4.5719640925797,42.27355744160262,41.56606674194336,-4.667161464691162,0.0675739375805402
2131470734049486.jpg,41.080042137004,-3.7045589418377,41.2507317786172,-4.037401752525279,33.71227614686046,41.08020782470703,-3.703679323196411,0.07599474267460553
2007466256282809.jpg,41.2351285,-3.8110192,41.191988613381405,-4.9352841099697,94.16342231022955,41.23542022705078,-3.811159133911133,0.03448447811039502
2679948928822747.jpg,41.016265699861,-3.9721893276148,41.1033776672312,-4.2274162133290005,23.489355745569462,41.016414642333984,-3.971914291381836,0.028403465994649334
2744702989251052.jpg,41.239903362436,-4.105610311319,41.1494567389832,-4.2832680943081005,17.947487774786573,41.23980712890625,-4.105674743652344,0.011980356896877212
779872821209556.jpg,41.289283443469,-4.1015558855042,41.2508188237406,-4.506923758457161,34.14754763433091,41.2894172668457,-4.101634502410889,0.01626571707314448
1209647159470123.jpg,41.34576530792,-4.5556536854741,41.2836438604456,-5.1099764258836,46.808286328839735,41.34579086303711,-4.555468559265137,0.015713061435804324
1086138893336527.jpg,41.001223,-3.6380792,41.491401325312594,-5.23494036965066,144.20097140905904,41.01955795288086,-3.626814365386963,2.247200348135121
2237173689956511.jpg,50.1931315,-5.406228,41.1703959388464,-4.329198090062361,1006.7353355146346,41.12265396118164,-3.9087085723876953,1015.2259677638773
411466965287999.jpg,41.217150291642,-4.8395597200956,41.2460753954388,-4.61927382961686,18.699922073734996,41.15666580200195,-4.794739246368408,7.700687249164473
3662018920760959.jpg,41.293121390935,-3.7531077346977,41.249766570320006,-4.3120953633611,46.96445264180101,41.29301452636719,-3.752972364425659,0.016404506730449273
5472818662792102.jpg,41.036012204089,-5.4144925046996,41.093354012272,-4.839382994586381,48.635397685354505,41.03602600097656,-5.414346694946289,0.012325496631155454
1313950320399191.jpg,41.297970120084,-3.7471466874864,41.377689415643594,-4.88801955061926,95.66040360213643,41.29767990112305,-3.7474007606506348,0.03862533784874464
1140465611329210.jpg,41.07465800546,-3.7119005597237,41.156090355162206,-4.706846132265319,83.83931829038647,41.074623107910156,-3.71193528175354,0.0048506841196769125
819893148622732.jpg,41.074405445595,-5.0203792585662,41.24610738855141,-5.2349068859329,26.211719920993982,41.07482147216797,-5.019886493682861,0.062017503701358306
2973968339515374.jpg,41.1429100241,-4.9619645327968,41.2836438604456,-5.1099764258836,19.95427644381578,41.1428108215332,-4.962043762207031,0.012872276379527824
3765988273663215.jpg,41.532418060871,-5.0574568127731,41.1686899542932,-4.38474108631464,69.2016882655387,41.52720260620117,-5.047961711883545,0.980324140501631
27724058657241303.jpg,41.233762840416,-3.7612668820381,41.36309028234,-4.24611316967224,42.98051296368379,41.233821868896484,-3.7612569332122803,0.006616180848157852
3235381480022672.jpg,41.03940671436,-4.3749732293213,41.280273392011,-4.4962464139229,28.64280386993924,41.03957748413086,-4.375251770019531,0.030105023872128676
639534772326618.jpg,41.153801747566,-4.0072852233345,41.255270606816,-4.37723519662306,32.94204804145215,41.22915267944336,-3.781947135925293,20.63307327310382
1587927184730591.jpg,41.250241902692,-4.4225453099085,41.178097672747,-4.528035047818619,11.925354416641255,41.25012969970703,-4.422513484954834,0.012756932488774938
277226057440516.jpg,41.345580645494,-4.5574266712513,41.2836438604456,-5.1099764258836,46.65886679299602,41.3455696105957,-4.557596206665039,0.014205629827572624
2015290515674877.jpg,41.631045267625,-5.1852872745066,41.2950564746124,-4.63123588128854,59.39042392380848,41.61284255981445,-5.153134346008301,3.3525859173037613
986043908888446.jpg,41.364694036534,-5.1662199819474,41.2836438604456,-5.1099764258836,10.162746338644233,41.36450958251953,-5.166345119476318,0.02301598086545568
818891852060506.jpg,41.40519985062,-5.1365718290061,41.4413983593128,-5.2393819984929,9.47013539649617,41.407161712646484,-5.13776969909668,0.23993678506516564
1540278093189442.jpg,41.124170898757,-3.7223503256397,41.2655688844084,-4.41617123927394,60.144145147389246,41.124603271484375,-3.7226312160491943,0.05352584132846318
214752560181435.jpg,41.113661599486,-5.2049675123291,41.1815857895948,-5.06506771555804,13.937855185899352,41.11366653442383,-5.204766750335693,0.01682778363090351
1939948539490480.jpg,43.448617357423,-5.0720612032939,41.3395365626228,-4.43998976028258,240.1923011061195,41.09882354736328,-3.710019588470459,284.2924527520108
979465676199026.jpg,41.437483559359,-4.3833068165859,41.3055928265866,-4.4152443847180205,14.905758429363729,41.437530517578125,-4.383194446563721,0.010724216944847337
2907014486284728.jpg,41.446609602582,-5.0897634592757,41.23140825517,-4.56637404767042,49.81913990466854,41.11616516113281,-5.489666938781738,49.66619810209192
141333084680946.jpg,41.298024707969,-4.3010456544884,41.3319627643622,-4.76982185150954,39.33244474078449,41.297767639160156,-4.300982475280762,0.029067930888228483
4278912952152063.jpg,41.528300466566,-4.9136857676614,41.4413983593128,-5.2393819984929,28.799819865426944,41.17203903198242,-5.376077651977539,55.308353966641604
243488930888042.jpg,41.34997643416,-4.5339908117943,41.2836438604456,-5.1099764258836,48.665665626080006,41.35001754760742,-4.533862113952637,0.011675031905449097
523837285651821.jpg,41.40773605182,-5.1346863422212,41.3666748748034,-4.93312021703024,17.42447381526876,41.41166687011719,-5.130436420440674,0.5627286193361443
1207693976357794.jpg,41.552695072987,-5.0779627126278,41.2448743189628,-4.58295486264552,53.63113025812546,41.59697723388672,-5.122828960418701,6.178526759178887
2567706976897277.jpg,41.090395266575,-3.6961993498608,41.2100336318956,-4.364243359538319,57.494272432101425,41.02865982055664,-3.8290719985961914,13.085722058594735
383262607884242.jpg,41.01241572221,-3.97942001397,41.1712031992982,-4.42550409547192,41.34294878272786,41.01251220703125,-3.979245662689209,0.01814123139482601
138166578221145.jpg,41.26192442656,-4.8787039704125,41.18475868247501,-4.54059663929444,29.550688423803816,41.26259231567383,-4.8792009353637695,0.08509346484853422
2910462289138475.jpg,41.130427607381,-3.7261684475606,41.2787981122088,-4.08901537150466,34.54894515654684,41.289981842041016,-4.000973224639893,29.03801261630079
2195430514261277.jpg,41.154666510038,-4.0073678082126,41.1560570350048,-4.51874896104094,42.8139465664392,50.72834777832031,-4.32770299911499,1064.830091475312
1383091702356219.jpg,41.462293664439,-4.6041707861686,41.3535845870228,-4.75878360871282,17.67438931511094,41.46231460571289,-4.60428524017334,0.009817433532702606
3868356266567514.jpg,41.226307610422,-5.3168233519972,41.4725296348984,-5.252632945325379,27.898028855903465,41.225486755371094,-5.3171844482421875,0.09614100936663354
474617820623962.jpg,41.251057773389,-5.3838032229723,41.1560570350048,-4.51874896104094,73.1371635047113,41.251068115234375,-5.383840560913086,0.0033265198491011718
424793235244448.jpg,41.489944999002,-5.0207728522645,41.32454679187,-4.68348904366664,33.60796079676483,41.22526931762695,-4.109043121337891,81.58809892950313
288896549550634.jpg,41.116338887971,-5.2822434122166,41.2504797752694,-5.1168563236991,20.348015889845247,41.116310119628906,-5.282040119171143,0.01732801348466192
3480400805583282.jpg,41.442311332856,-4.4776009701582,41.2761991458772,-4.5242508654106,18.876717878894805,41.442230224609375,-4.477546691894531,0.010090031311654417
384211393469827.jpg,41.465534206696,-4.6118035,41.2206817629752,-4.63617025087294,27.302233399841047,41.4650993347168,-4.611177921295166,0.0711012929285833
302560944764730.jpg,41.402228715274,-4.3208309038185,41.204230492574005,-4.76891139216304,43.42429542984612,41.40228271484375,-4.320933818817139,0.010475377480717165
984308555650407.jpg,41.090447648409,-3.8558833385625,41.360129593521606,-4.31673824737376,48.83379674238879,41.10111618041992,-3.8536620140075684,1.200801761297435
305722427622776.jpg,41.117459778045,-5.2903724333924,41.2836438604456,-5.1099764258836,23.85905797621608,41.117462158203125,-5.29019021987915,0.015266346882018743
456149350111071.jpg,41.483661616633,-4.6152861117509,41.2234711741424,-4.372559446023801,35.32017513754751,41.483558654785156,-4.615283489227295,0.011450919177070506
1080730562421880.jpg,41.145232164459,-5.4759134845587,41.461795534709594,-4.97642351318258,54.588369303480654,41.19938659667969,-5.341701984405518,12.745693371285068
1683808412213999.jpg,41.1355429,-4.2179409,41.317657882779,-4.7037732962718,45.39716214752391,41.135887145996094,-4.216152667999268,0.15457338505705148
6520300138051885.jpg,41.243299183222,-3.8439632063325,41.2098119875306,-4.6869997983067995,70.60177708493161,41.24325180053711,-3.8439781665802,0.005415153934144779
1844910749230853.jpg,41.167811063212,-5.3745752170041,41.421889364113,-5.1918819664773395,32.111364946386146,41.344913482666016,-5.17812442779541,25.641487550162324
518908637652119.jpg,41.03214837054,-4.1404032814608,41.1370011267084,-4.2471291115374195,14.695098763702934,41.03192901611328,-4.140369415283203,0.024555958513830328
2233741033636726.jpg,41.134551278993,-3.6939331387054,41.161564110126,-4.5609518932699995,72.6582322496826,41.12981033325195,-3.7022011280059814,0.8702882579558262
954467696194837.jpg,41.489183492826,-4.6136194806826,41.3119622195958,-4.63385838870012,19.778277202379282,41.48918151855469,-4.613619804382324,0.0002211784889882883
1661485810725641.jpg,41.17413300153,-4.839674585222,41.181831612418605,-5.28112361081902,36.95600795661395,41.174129486083984,-4.839476585388184,0.016576756289189996
3657748427702853.jpg,41.167564543489,-4.0273027160544,41.207584660646,-4.33902334715942,26.46181500362349,41.167667388916016,-4.0274553298950195,0.017145634788591078
1295393128881029.jpg,41.143790364669,-4.7847047231979,41.268412386166396,-4.74548197901146,14.240519285880533,41.14164733886719,-4.7830281257629395,0.27657643619535366
1115314228955237.jpg,41.476640586837,-5.0507606689889,41.4413983593128,-5.2393819984929,16.19946247743793,41.4774055480957,-5.049452304840088,0.1382607044862039
1093543898536663.jpg,41.005461122357,-4.0050342382481,41.2252329040312,-4.472813832509081,46.1824710102943,41.00558853149414,-4.00468111038208,0.032844545620088206
289255272695566.jpg,41.028237062597,-4.6844749682311,41.2302169338058,-4.60827737009396,23.348272842524864,41.02812576293945,-4.6843719482421875,0.015094494593998134
3080207915603163.jpg,41.6524368,-5.1920826353992,41.4030109731262,-4.840749257854499,40.306059226589845,41.65174865722656,-5.191872596740723,0.0784827098602477
359350002213472.jpg,41.050209420132,-4.6990598484895,41.2322179441784,-4.40806527048302,31.676221571055432,41.05018615722656,-4.698719024658203,0.028696919785765832
873063940468767.jpg,41.30885669702,-5.0003024959565,41.4124247381114,-4.85042082472318,17.002888314613365,41.308799743652344,-5.0006232261657715,0.02752750853995052
970371168094720.jpg,41.326082416714,-4.0796741419791,41.4080683479674,-4.28237994414496,19.216099445598218,41.32554626464844,-4.0783843994140625,0.12309812412484178
1398442367215629.jpg,41.591024851753,-4.6029173477118,41.2189605004052,-4.941030430152741,50.06803534831425,41.16714096069336,-5.383768558502197,80.41206140829014
179745387270852.jpg,41.187976873275,-4.4511086859381,41.314455101236994,-4.3679878369174805,15.686777392550056,41.18781280517578,-4.450701713562012,0.03863425529593914
159115842832249.jpg,41.294089283191,-4.666100509747,41.2836438604456,-5.109976425883599,37.10442793415451,41.29399108886719,-4.666255474090576,0.016935984452751903
2784601541842702.jpg,41.121675036221,-5.463373028138,41.4413983593128,-5.2393819984929,40.17750327557165,41.11893081665039,-5.466594219207764,0.4073322464301149
458399018793658.jpg,41.358660006071,-4.9612036699572,41.4371622511772,-4.90738158985898,9.815840836011555,41.358516693115234,-4.961047649383545,0.020579391454813096
926018841490185.jpg,41.062538282571,-5.3963369556397,41.2098119875306,-4.6869997983067995,61.62000578400593,41.062644958496094,-5.396362781524658,0.01205782326464865
1027908969313641.jpg,41.526263648958,-5.2653363631525,41.4636083784158,-5.2625696503292,6.970757877486731,41.52628707885742,-5.265573978424072,0.01995141953006143
1777161219405505.jpg,41.142256105638,-3.7113080994243,41.298560472036606,-4.87667631720718,99.00642861559514,41.223506927490234,-5.31794548034668,134.75527913384406
167103462000730.jpg,41.006777839694,-3.9992241064849,41.2744872197026,-4.375314131786721,43.33582122391235,41.00695037841797,-3.9985477924346924,0.059905551332726764
1741453496732286.jpg,41.520929942663,-5.2067969243847,41.4636083784158,-5.262569650329199,7.887020511571864,41.52024459838867,-5.206646919250488,0.0772233069393773
3039645276263894.jpg,41.404818206596,-4.4219423185032,41.287440790855,-4.9940772593587,49.51162666401408,41.404815673828125,-4.421867847442627,0.006217444199644637
1281040990335081.jpg,41.507989374604,-5.0963891239673,41.491401325312594,-5.23494036965066,11.685108264787697,41.507991790771484,-5.096759796142578,0.03086696717807939
1414842372957839.jpg,41.015783596224,-5.0924410348079,41.1801806088436,-4.5197972580398,51.348604051436965,41.01564025878906,-5.092811107635498,0.034900955230431
565105058294526.jpg,41.491152652459,-4.6150582484052,41.246850182217806,-4.61243187541244,27.166079346362807,41.49089431762695,-4.614922523498535,0.030869936239430167
1532437597565037.jpg,41.060266542731,-3.8778245002917,41.3620008982678,-4.57262916605854,67.10938350422636,41.06013488769531,-3.877230644226074,0.05189829619041815
1875099513418571.jpg,41.548028516188,-5.441560430783,41.4725296348984,-5.252632945325379,17.83127137680508,41.54799270629883,-5.441181182861328,0.03181056929131315
2625135104446891.jpg,41.470479884075,-5.061861624774,41.4413983593128,-5.2393819984929,15.143256571653367,41.25914001464844,-5.273215293884277,29.382862922927217
1108214877508536.jpg,41.505480916688,-5.0600119581983,41.4725296348984,-5.252632945325381,16.457268007867352,41.50547790527344,-5.059815883636475,0.016331156105896298
949070420194980.jpg,41.417065710582,-4.3490899586483,41.298098613417395,-4.71328583584694,33.150584570604096,41.41712188720703,-4.3491997718811035,0.011084639665376001
2388911184612179.jpg,41.112723912065,-3.726361782781,41.1560570350048,-4.51874896104094,66.5357334091728,41.22766876220703,-3.7830886840820312,13.63475748726782
313624743554467.jpg,41.071520104943,-4.5910242202919,41.3204497215012,-4.63374999145468,27.90960266657583,41.07158279418945,-4.590795040130615,0.020437398335393344
1570511473682409.jpg,41.429495963733,-4.3729352297831,41.3539744003138,-4.759065649047341,33.28731152096325,41.429447174072266,-4.372781753540039,0.013898030412750085
513892456302289.jpg,41.403409621798,-5.1382988655751,41.4221435669286,-5.1825934008003,4.240715253874495,41.40353775024414,-5.138189315795898,0.01692532369331174
1101663071616469.jpg,41.547484314147,-5.385811354169,41.491401325312594,-5.23494036965066,14.023639209495643,41.54753494262695,-5.386086463928223,0.023576340091542632
824779824823517.jpg,41.363373001403,-4.962298970253,41.3590360888386,-4.898033147931519,5.385153227881461,41.47678756713867,-4.990862846374512,12.834060632034767
517331685953539.jpg,41.399246441113,-5.1404799863635,41.299138499505204,-4.876015024542821,24.723543759053335,41.3996696472168,-5.140212535858154,0.05207811662815882
481746406235994.jpg,41.214870813206,-4.6669449432969,41.2098119875306,-4.6869997983067995,1.7693660905253092,41.2149772644043,-4.6670026779174805,0.012784063067658577
1244254402675102.jpg,41.597726644223,-4.651690012582,41.362012752761004,-4.9191579136478,34.401221914553595,41.5976676940918,-4.651239395141602,0.03803981255795473
1573979366870119.jpg,41.006476996999,-4.0008944268524,41.215299890044605,-4.375765173197601,39.057776412063724,41.006500244140625,-4.000739574432373,0.013248543597909716
3709536222507317.jpg,41.455200483549,-5.0844961461691,41.4413983593128,-5.2393819984929,13.000104933709466,41.47047805786133,-5.061861515045166,2.538353346405954
948746089032990.jpg,41.137498923924,-4.7798319403242,41.2210876337248,-4.76593690638168,9.367105095055463,41.139991760253906,-4.781805992126465,0.3227430753459777
1709949636260390.jpg,41.280491073873,-4.0962918687215,41.314455101236994,-4.3679878369174805,23.00952102041062,41.27642059326172,-4.0938897132873535,0.49513263225853776
1367626772034152.jpg,41.545163980475,-5.3061427890454,41.4492964604652,-5.0057380774466,27.19511561240159,41.545166015625,-5.306263446807861,0.010043926391366894
179675797375480.jpg,41.053969183667,-4.7108790468115,41.254823899971996,-4.3165582077349,39.85861075473079,41.0542106628418,-4.711226940155029,0.03964780828425099
860998595371649.jpg,41.009379618108,-3.9851390352076,41.2266891729036,-4.471001868337799,47.332871846780556,41.015472412109375,-3.9753339290618896,1.0657417521630947
1328122135207344.jpg,41.253603970985,-3.8928755660014,41.154964530265794,-3.9730537269692,12.856670697802752,41.25358581542969,-3.892754316329956,0.010335097598344254
201386811674763.jpg,41.401711670319,-5.1391851923052,41.4413983593128,-5.2393819984929,9.448376171396111,41.401485443115234,-5.139230251312256,0.025434507283505946
379211853451690.jpg,41.077341512171,-4.6347681286167,41.2128205465774,-4.938131954074879,29.533175564836174,41.173431396484375,-4.656922340393066,10.844646835138823
372051407555522.jpg,41.171437270914,-4.6564587948609,41.2098119875306,-4.6869997983067995,4.973817305607756,41.171653747558594,-4.656484603881836,0.02416784490685759
3799276226848107.jpg,41.405462983701,-4.4014570763452,41.274622794446806,-4.71796386260744,30.16417266796308,41.40546417236328,-4.401401042938232,0.004675140776500647
1579618766094064.jpg,41.169755661959,-3.7106220176265,41.091983731761005,-4.19985152231984,41.87703210140574,41.16880416870117,-3.7101805210113525,0.11206949872267942
1645611246383755.jpg,41.244679840075,-3.8437413069363,41.2705364771924,-4.2576388180773,34.71734515472338,41.24470520019531,-3.8438472747802734,0.009297658242146366
1495300354425075.jpg,41.388706118185,-5.1481548701331,41.2512338473564,-4.1843414202012,81.92741935755615,41.60336685180664,-4.676139831542969,45.990759546950706
2564965497142674.jpg,41.234906087727,-5.4725649591392,41.1712402480236,-4.9746123135522,42.256278696025255,41.234920501708984,-5.472398281097412,0.014029482594648309
1203178583488579.jpg,41.483236906474,-4.9886602960601,41.22136324506861,-4.64120024090608,41.09806107745413,41.48385238647461,-4.988050937652588,0.08520800041626225
825833278314543.jpg,41.16611770242,-4.9441635705124,41.2836438604456,-5.1099764258836,19.05480520596107,41.16627883911133,-4.944040775299072,0.020656625946888805
1639769122874670.jpg,41.079086915563,-4.7335628508637,41.168979111062,-4.52572377597014,20.0744339959553,41.07927703857422,-4.733948230743408,0.03860516272334422
502835854187432.jpg,41.019178712515,-4.179652492113,41.2642031431708,-4.60317648722216,44.722628453575155,41.019187927246094,-4.1796650886535645,0.0014719645305885701
518519922887631.jpg,41.270095921512,-4.6793714945057,41.2098119875306,-4.6869997983067995,6.733544676287407,41.270225524902344,-4.679372787475586,0.014411644609515687
1288916352492135.jpg,41.063762285544,-3.838820211647,41.2152998900446,-4.375765173197601,48.018281737919885,41.06372833251953,-3.840240001678467,0.11909315464581482
799340924347900.jpg,41.07881730622,-5.0156059921058,41.24610738855141,-5.234906885932899,26.135269080566207,41.078697204589844,-5.0157365798950195,0.01726726574049877
203714801582970.jpg,41.198637420136,-4.4389672400024,41.281572432907595,-4.3895185450062995,10.106389667198759,41.15816116333008,-4.4864726066589355,6.005335066420625
2718660828440438.jpg,41.465099212566,-5.0701185289915,41.4413983593128,-5.2393819984929,14.350510779610262,41.46521759033203,-5.070043087005615,0.014587014103132272
1120100148501387.jpg,41.165986655902,-5.4075487886385,41.2987486862142,-4.8757329842083,46.85828229142529,41.166019439697266,-5.4071149826049805,0.03649562479756991
667775966334076.jpg,41.129284767226,-3.9109196404109,41.2602374297354,-4.0835099003295,20.50777998767744,41.129188537597656,-3.910914182662964,0.010710005970588792
951281129015322.jpg,41.127732442064,-5.1842866445787,41.1560570350048,-4.51874896104094,55.82021740756673,41.12782287597656,-5.184689998626709,0.03524852389059063
1732401474131897.jpg,41.516894836121,-5.1909323788337,41.4725296348984,-5.252632945325381,7.123486820983062,41.51688766479492,-5.190900802612305,0.0027472583408215717
2258568994604141.jpg,41.514993678738,-4.946843424172,41.4636083784158,-5.262569650329199,26.911590895043865,41.51490020751953,-4.94706392288208,0.021096799874402324
4253276864696319.jpg,42.249527516714,-3.9597241586965,41.2836438604456,-5.1099764258836,143.6485761818394,41.321224212646484,-5.2043776512146,145.95721668168446
454952818938917.jpg,41.220235814453,-5.498670340248,41.292156630841006,-4.93329363331972,47.933194582553426,41.220306396484375,-5.498384475708008,0.025164552031323915
223458682537959.jpg,41.434264623268,-4.3856824498281,41.3439720051882,-4.49689254830584,13.670178504672295,41.43423080444336,-4.385602951049805,0.007619935337338621
3855637001220805.jpg,41.246998245453,-5.4091815976616,41.1815857895948,-5.0650677155580395,29.68865162553184,41.24680709838867,-5.40990686416626,0.06425299352748082
1194256315231992.jpg,41.064059758712,-3.8273954553352,41.2448743189628,-4.582954862645519,66.37566349397308,41.06399917602539,-3.8287994861602783,0.11790416051007963
3040351009563346.jpg,41.384973593346,-5.1491925876923,41.421889364113,-5.1918819664773395,5.433849096212295,41.383731842041016,-5.150728225708008,0.188358320743121
2594483470713150.jpg,41.085073528867,-3.7927320428718,41.231253056608004,-4.20741372048898,38.3331434511592,41.08552551269531,-3.792262554168701,0.06382941537163378
637819902383299.jpg,41.1320883,-4.2354077,41.2158573374004,-4.55769650613868,28.537846885032803,41.1315803527832,-4.236351490020752,0.09714984535767698
3534087933358632.jpg,41.24988847097,-5.2911323248905,41.4413983593128,-5.2393819984929,21.728703118042045,41.24802017211914,-5.29308557510376,0.2642416758164797
2970835173190572.jpg,41.347925341435,-4.3014736391431,41.220196132965,-4.783994894732859,42.746513501130714,41.036502838134766,-3.924558639526367,46.837922766484816
419959760548376.jpg,41.013926835824,-3.9768114528453,41.211714237866396,-4.2984489056355795,34.78143199166817,41.012779235839844,-3.978480815887451,0.1894772954685021
923044345215305.jpg,41.010705585119,-4.6665883803545,41.3286959928934,-4.53257820295992,37.09549519644207,41.01073455810547,-4.6666998863220215,0.0098951805985927
1660592301304821.jpg,41.546472217155,-5.3977540963109,41.4492964604652,-5.0057380774466,34.38981590906739,41.546512603759766,-5.3976263999938965,0.011536836791953768
593309232071528.jpg,41.177019850247,-4.9344964385425,41.275850341049804,-5.0135311722268,12.824067807314709,41.177059173583984,-4.934464454650879,0.005126873498997213
1156568535425911.jpg,41.109583206416,-4.7587381035877,41.2508188237406,-4.50692375845716,26.282393981315444,41.109840393066406,-4.758939743041992,0.033214796328020615
508901615593089.jpg,41.218824009544,-4.1142299772169,41.2508188237406,-4.506923758457161,33.02926109713467,41.2183952331543,-4.114398002624512,0.0497059155481239
458717771896898.jpg,41.191620271529,-4.7829756317077,41.2836438604456,-5.109976425883599,29.19463438490312,41.1915283203125,-4.783130645751953,0.016516180213172377
3662231573883346.jpg,41.214800421186,-4.5238371100899,41.2790301271812,-5.002704214589519,40.66754303273495,41.04799270629883,-3.8156471252441406,62.1449067942597
391830730254057.jpg,41.213758511709,-4.2711623625069,41.2479214776022,-4.617743905780101,29.230847401112,41.21345901489258,-4.270758628845215,0.047429472807231934
273063412199288.jpg,41.003214738039,-4.0097154855168,41.235668342321,-4.505247991882761,48.899225358362756,41.00315475463867,-4.009833335876465,0.011928507830882968
799629444300778.jpg,41.302227154374,-4.6530561739902,41.2836438604456,-5.1099764258836,38.229613174349254,41.30327606201172,-4.651504993438721,0.17433593898475147
3154795358090964.jpg,41.11869700433,-5.4668678737682,41.4413983593128,-5.2393819984929,40.60689653400489,41.17900085449219,-5.360367298126221,11.157137546966068
740508114902318.jpg,41.327497443954,-4.0830171836267,41.4558137945812,-4.45137753123652,33.879314107684124,41.327396392822266,-4.082785129547119,0.02239910221510315
327780442182434.jpg,41.123219819753,-3.8433079977208,41.36309028234,-4.24611316967224,42.96090796309599,41.08970260620117,-3.8563013076782227,3.8826841094299103
318923606561086.jpg,41.173089841978,-4.9388227074928,41.2836438604456,-5.109976425883599,18.867692722085543,41.173152923583984,-4.9387736320495605,0.008128548023544254
1518930042030752.jpg,50.224769937319,-5.2957373073215,41.247531664311204,-4.61746186544558,999.5985701056554,41.158119201660156,-4.013123989105225,1013.0332336127753
