filename,gt_lat,gt_lon,plonk_lat,plonk_lon,plonk_error_km,fractus_lat,fractus_lon,fractus_error_km
285353796653122.jpg,41.288346569051,-4.6758456407257,41.2836438604456,-5.1099764258836,36.27739699051415,41.34641647338867,-4.551529884338379,12.226332878033995
1921161284978547.jpg,41.063171340779,-3.8877688720535,41.1686899542932,-4.38474108631464,43.25410179947678,41.063880920410156,-3.8347043991088867,4.449568802466628
2899935216828416.jpg,41.405512763451,-4.3276479804245,41.3481219331628,-4.38096638326264,7.779216455529083,41.40548324584961,-4.327596187591553,0.005425110594278126
1481026925581866.jpg,41.306713872166,-5.2282113393939,41.4413983593128,-5.2393819984929,15.005209914707764,41.3068733215332,-5.228303909301758,0.019342651965549126
133640698802761.jpg,41.10066420958,-5.3004979409722,41.116631042462004,-4.66104027189366,53.60394365572457,41.100528717041016,-5.300583362579346,0.016679878910720102
1273367797614668.jpg,41.270766641109,-4.8852121890175,41.2460753954388,-4.61927382961686,22.398682689872917,41.1563835144043,-4.794207572937012,14.822801851195038
1514994706302012.jpg,41.536813224572,-5.2856760825918,41.4636083784158,-5.262569650329199,8.364367740807817,41.53683853149414,-5.285703659057617,0.0036313688088250185
1053428099940901.jpg,41.170341780904,-4.1217919493099,41.1444997004686,-4.529674925321159,34.26826398276214,41.17256164550781,-4.121448516845703,0.2485058491064411
1192200725944116.jpg,41.298704567907,-4.1050884086636,41.1560570350048,-4.51874896104094,38.057260288686614,41.119850158691406,-3.7253689765930176,37.476756529369595
4296203433826262.jpg,41.381706861645,-5.1523134684622,41.4413983593128,-5.2393819984929,9.837510330348147,41.38078689575195,-5.152839660644531,0.1113181333374381
1454297279174017.jpg,41.539561879906,-5.3577144307858,41.4636083784158,-5.2625696503292,11.580598124052543,41.53951644897461,-5.3580803871154785,0.030874341352661695
1215247825573267.jpg,41.54756517699,-4.70659562858,41.4311241053072,-4.753494868189561,13.524121623456008,43.358211517333984,-1.7383610010147095,315.9367400059151
3856211217951538.jpg,41.321671958429,-4.0696581551753,41.3894854660264,-4.45534701190788,33.06303805225898,41.32156753540039,-4.069430828094482,0.022253312396314846
587216282951377.jpg,41.323521494724,-5.0587376258104,41.3119622195958,-4.633858388700121,35.506614200442634,41.323543548583984,-5.0581159591674805,0.051971162483080216
524414552128943.jpg,41.368726349784,-4.4980702455209,41.2836438604456,-5.1099764258836,51.96448632662438,41.37711715698242,-4.487451076507568,1.2867352843059865
3646141405607229.jpg,41.306267143334,-4.0358350036509,41.322334982148,-4.346024471941661,25.968062470579607,41.30636978149414,-4.036059379577637,0.021943310340869993
773763916609620.jpg,41.310750621283,-4.3666457117506,41.3178247009948,-4.38176514352848,1.4877109841368723,41.31035614013672,-4.3658366203308105,0.08056584065827883
2785969181619927.jpg,41.594172406737,-4.5832045034058,41.2444298247124,-4.68744055751564,39.84901605211876,41.27116775512695,-5.258906841278076,66.80667450149251
2679036095572219.jpg,41.115228151881,-3.722473943313,41.2369949427262,-4.6054119436327,75.12753503160096,41.11431121826172,-3.721775770187378,0.11754322079543007
997434029159422.jpg,41.1819506264,-4.0474189879153,41.207584660646,-4.33902334715942,24.56486695226882,41.182044982910156,-4.047539710998535,0.01456546482876657
525433455481995.jpg,41.119610613099,-4.6200969334701,41.268822506772,-4.50866887209466,19.031746838396614,41.11944580078125,-4.6202006340026855,0.020280838345698306
159641929436234.jpg,41.121672100529,-4.9782105000002,41.2836438604456,-5.1099764258836,21.11629238007898,41.12157440185547,-4.978287696838379,0.012642460619672979
813334543491843.jpg,41.442317326326,-4.3984730965402,41.309628618754395,-4.80368144871186,36.889353946972236,41.44200897216797,-4.3975510597229,0.08415727157224491
538960157744341.jpg,41.246521,-3.8039944,41.1785897190766,-4.48319625073394,57.31411331539727,41.24650955200195,-3.80362868309021,0.030602333761986355
805921291777562.jpg,41.153864607716,-4.0081844527571,41.255270606816,-4.37723519662306,32.86896747157863,41.15536117553711,-4.009390830993652,0.19466327840656122
634494389564998.jpg,41.223380375979,-4.1126726537649,41.30263775561,-4.298537467410201,17.861021801904,41.223358154296875,-4.112725257873535,0.005045934502793418
1100501527098028.jpg,41.152616584689,-4.7913566375319,41.1626805585076,-4.55117217760654,20.139072532118277,41.152793884277344,-4.7914934158325195,0.02279950156245733
2760865614224612.jpg,41.14906371272,-4.5789878961102,41.2774815532888,-4.56626971874002,14.318986910690873,41.14920425415039,-4.578808307647705,0.02168701532848398
1936138917176150.jpg,41.113221560508,-3.897008807805,41.3832566171482,-4.495158680853979,58.329076625070726,41.11359786987305,-3.897298574447632,0.04837545229300553
999982223977834.jpg,41.146735408134,-5.1930146028657,41.093354012272,-4.83938299458638,30.211427407347195,41.14685821533203,-5.193079471588135,0.014696133440238277
1823302974809432.jpg,41.384922670429,-4.2567999450926,41.2926146011598,-4.2470632797652,10.296327426558552,41.38499069213867,-4.257646083831787,0.07099559101015705
1137889870521371.jpg,41.432863082025,-4.667532510898,41.336208514537404,-4.46389817921482,20.10299811064636,41.07804870605469,-3.7068238258361816,89.47642105616076
1128539237634475.jpg,41.382447971468,-4.9612469913607,41.295277110925,-4.786459452537141,17.518382070978216,41.383827209472656,-4.9611687660217285,0.15350306912775
1738967589644833.jpg,41.163627530363,-5.421516980717,41.2836438604456,-5.1099764258836,29.274290432638765,41.50691223144531,-4.9747185707092285,53.37254690847439
1599276844241182.jpg,41.133111478249,-3.6906172696155,41.1977654160406,-4.153876484924661,39.43963074672531,43.46361541748047,-3.8493714332580566,259.4687818064914
1143793162802471.jpg,41.242697187555,-5.2989357181177,41.4221435669286,-5.1825934008003,22.192460381755218,41.31171417236328,-5.22387170791626,9.91178165838211
267498571725316.jpg,41.30608946457,-3.6094329006326,41.247531664311204,-4.61746186544558,84.48820438472957,41.30884552001953,-3.61466646194458,0.5338659354771425
1150262959421333.jpg,41.189149332166,-4.8114821807405,41.300705762813,-4.879519517947481,13.64660698722427,41.189430236816406,-4.811637878417969,0.033843443553476064
462341414835498.jpg,41.074355603997,-4.2163329943997,41.2251782230718,-4.57758156771372,34.58513338272691,41.07411193847656,-4.2159423828125,0.04249961640007962
404858898161223.jpg,41.4176788,-4.3502908,41.325471255923205,-4.68992908329478,30.13870987151846,41.41804504394531,-4.350995063781738,0.07146441888268985
1115350722294197.jpg,41.600255547852,-4.6639615666121,41.280273392011,-4.4962464139229,38.228376092641476,41.53212356567383,-4.9052886962890625,21.45897847147619
490671578844343.jpg,41.175428099483,-4.9147812563015,41.214008172595996,-5.04846164679512,11.979681031979492,41.17543411254883,-4.914992809295654,0.01771878460380372
2657610104537861.jpg,41.114058826117,-5.1839161877021,41.1773567737636,-4.96988150888272,19.25453135739744,41.11408996582031,-5.183986663818359,0.0068445471871071625
1967293644126180.jpg,43.333068677724,-1.7790339484109,41.44929646046519,-5.0057380774466,337.73518717168963,41.1798210144043,-3.7625651359558105,289.7647039483671
546314765144719.jpg,41.288188241197,-4.1008982326272,41.1616243529816,-4.21730927618332,17.112632160298666,41.288719177246094,-4.101220607757568,0.06489148685817572
1552576721759710.jpg,41.290189860291,2.0777243291428,41.2002727694114,-4.540135878211581,553.2549918597635,41.21144104003906,1.7184789180755615,31.283289678043264
2279559932494428.jpg,41.065400490191,-3.8010683185511,41.26281801402199,-4.09145785158636,32.75350426232158,41.11076354980469,-3.7276618480682373,7.955547648513163
1226185608522960.jpg,41.593301518608,-5.1203011730146,41.244942839419004,-4.56871398105242,60.13179863480355,41.59349822998047,-5.1204681396484375,0.025908156772602
3567855266653128.jpg,41.512333210138,-5.4234736266867,41.250629664349006,-4.76258537603178,62.34693940320406,41.50999450683594,-5.433553218841553,0.8786497916801764
1122308068252193.jpg,41.263557829107,-5.2674753217607,41.485071493770796,-5.24240281675184,24.71988295105735,41.2635383605957,-5.267612934112549,0.011704057354995384
302181368061268.jpg,41.157085748464,-4.4899030124853,41.255270606816,-4.37723519662306,14.423381464253952,41.155792236328125,-4.511632442474365,1.8248732403516288
2254530318320207.jpg,41.257518904753,-4.1006942816648,41.3114965561208,-4.46929937474168,31.378737697025333,41.25859069824219,-4.100407600402832,0.12156339895661901
2895208137366410.jpg,41.452346963529,-5.0889134060123,41.393503050582396,-4.631782758800879,38.67264608089402,41.36305618286133,-5.16697883605957,11.872909581150706
476147456952537.jpg,41.314196867209,-4.6338827976156,41.2836438604456,-5.1099764258836,39.91676378636654,41.31410598754883,-4.634032249450684,0.016059853202104558
326334352241236.jpg,41.089823285542,-5.3067629718386,41.2504797752694,-5.1168563236991,23.912397804179584,41.089637756347656,-5.306879997253418,0.022842452152084285
1751838292422870.jpg,41.19467542401,-4.0655255133095,41.2409859828118,-4.48882807439132,35.778319737011444,41.19469451904297,-4.065593242645264,0.006051722928084994
386367437466641.jpg,41.529491014587,-4.6467015482407,41.24685018221779,-4.61243187541244,31.55798954561515,41.51876449584961,-4.6376519203186035,1.4107395759875947
929581537709572.jpg,41.337743024271,-4.5882355839228,41.320340904231195,-4.98734893771596,33.381886223586825,41.33768081665039,-4.588389873504639,0.014621136508102794
2086995318472460.jpg,41.298065249688,-4.1051701974529,41.1854708589592,-4.251010736509939,17.476840690656072,41.15946578979492,-4.015153884887695,17.151820384662646
2578928112451331.jpg,41.078275060635,-3.7067389907564,41.213336899821805,-4.298309473824,51.76102321860819,41.07832336425781,-3.7067172527313232,0.0056717629407520755
1106531174525990.jpg,41.162662749703,-4.1184559963045,41.254823899972,-4.3165582077349,19.484551585694145,41.41887664794922,-4.108541011810303,28.50172628461315
1472133137458509.jpg,41.555899750433,-5.4688521517496,41.4492964604652,-5.0057380774466,40.347132324893224,41.555870056152344,-5.468841075897217,0.0034280584570850424
172945538066804.jpg,41.114052617563,-5.189757897067,41.0743430121042,-4.9773376135290395,18.34023947898688,41.11404800415039,-5.189945220947266,0.015701346435419653
1855092778383456.jpg,41.264819251037,-3.7541908497877,41.203237067989,-4.51493525341606,63.98164032895109,41.264747619628906,-3.7542178630828857,0.008278874625534702
4896714070421173.jpg,41.321939920691,-5.2032606273933,41.4413983593128,-5.2393819984929,13.620753537625752,41.26302719116211,-5.268916606903076,8.54410092315783
1443313546940167.jpg,41.313781161085,-4.1126800103713,41.3147371213688,-4.50950611490826,33.14245999556554,41.31422805786133,-4.112860679626465,0.05193309490665797
843764516211573.jpg,41.1148171361,-5.2983433972663,41.239153297264195,-5.136158660394439,19.37515455717057,41.11478042602539,-5.298373699188232,0.004806921179641722
462436751722276.jpg,41.257308697403,-4.2998150772192,41.349703416170996,-4.986260540687381,58.253303659029356,41.257049560546875,-4.299622058868408,0.03302447597528134
762759221101803.jpg,41.346174862341,-4.5530107041052,41.2836438604456,-5.1099764258836,47.033182226255576,41.34614562988281,-4.553199768066406,0.016113858801870693
3744217895704847.jpg,41.587420730667,-4.552975662538,41.446976729286405,-5.021461767517481,42.015224348098336,41.16914749145508,-4.655935764312744,47.29656384481814
311843130302643.jpg,41.364884787042,-4.5039719749062,41.2836438604456,-5.1099764258836,51.40467359546257,41.364437103271484,-4.504457950592041,0.06420980596042081
1658379071487973.jpg,41.168494640438,-5.3701150788375,41.255270606816,-4.37723519662306,83.61208552557544,41.307010650634766,-3.610556125640869,147.9294489809482
838994123363635.jpg,41.207206492361,-4.754103006888,41.2836438604456,-5.109976425883599,30.943534221468767,41.20732116699219,-4.7539873123168945,0.01600834212319477
138260765015877.jpg,41.127385154912,-4.2687516545357,41.364425116902204,-4.6435594083423,40.947226604133235,41.127532958984375,-4.268729209899902,0.01654222882150066
339810284150128.jpg,41.628607474609,-5.1808811881264,41.366578717239605,-4.81548735423698,42.130401084686234,41.628662109375,-5.181271553039551,0.03300882679026309
1448065019086106.jpg,41.062024300346,-3.8825670436944,41.2958164379688,-4.56470806813108,62.72957209620141,41.06071472167969,-3.879638195037842,0.28548954041220725
810659433818670.jpg,41.245166194105,-3.8458528282047,41.270536477192394,-4.2576388180773,34.53686369637103,41.24519729614258,-3.846001148223877,0.012873806771999974
2265754223793876.jpg,41.256308550875,-3.9075538545608,41.207584660646,-4.33902334715942,36.48560584208418,41.25627136230469,-3.9073166847229004,0.020252333443055916
461946293071684.jpg,41.245079352789,-3.845489093863,41.211507480003796,-4.0611264731636405,18.415759576447805,41.24509048461914,-3.845554828643799,0.005633558693418832
2928488990744711.jpg,41.511923809408,-5.0190095492134,41.3516708946296,-5.039595046991041,17.901761583493197,41.49681854248047,-5.0001020431518555,2.3022255642130554
489384343879724.jpg,41.045601407761,-4.6992665313928,41.3053782867152,-4.9430297938944,35.36429530078962,41.04630661010742,-4.699481010437012,0.08045131669792943
217807903145416.jpg,41.086441470498,-5.3087490572477,41.2504797752694,-5.1168563236991,24.30443284019384,41.08658218383789,-5.308665752410889,0.017133627460173613
148425223964320.jpg,41.201265686576,-4.764041064589,41.2504797752694,-5.116856323699099,30.009663931408888,41.20120620727539,-4.7642107009887695,0.015657716294486562
1988200934867178.jpg,41.009162937129,-4.1474250991153,41.2796538277734,-4.5314954415735595,44.03320610374066,41.006927490234375,-4.148636341094971,0.26854583821299244
1500430627869783.jpg,41.595521037654,-4.8246916905522,41.4725296348984,-5.252632945325379,38.15535963836367,41.5954704284668,-4.82478141784668,0.00934569803371315
293815908885997.jpg,41.188192936312,-4.7900896063177,41.1408531345002,-5.06433291584362,23.55268334791294,41.18825149536133,-4.78993558883667,0.014439653491714121
144159031022609.jpg,41.250399195927,-4.7182478817001,41.2836438604456,-5.109976425883599,32.94827516363272,41.25056457519531,-4.718202590942383,0.018775085640206274
475128896871767.jpg,41.072192542392,-4.7177631348155,41.3259553544338,-4.9349902340446805,33.56363203444025,41.07204818725586,-4.717432022094727,0.032063632022855275
1064084754691208.jpg,41.241236624357,-5.3003159014495,41.24448450567179,-4.582672822311,60.002987642874395,41.2631721496582,-5.2697672843933105,3.531459392913776
1894174320759101.jpg,41.174803957288,-4.8824268995991,41.2836438604456,-5.109976425883599,22.551836194617906,41.17473602294922,-4.880266189575195,0.18100256764647538
1341203069583537.jpg,41.303238184437,-4.6515939261173,41.2836438604456,-5.1099764258836,38.35752455036729,41.30316162109375,-4.651717662811279,0.013390778998869129
288264043030400.jpg,41.048894639195,-5.3408670860823,41.1385176591986,-4.78631966312634,47.52777229567395,41.04884338378906,-5.341012477874756,0.013458546815426749
126501452793052.jpg,41.032392896993,-4.3610458337637,41.1033776672312,-4.227416213329,13.70403046166304,41.03217315673828,-4.3607707023620605,0.033609519111523746
3695048410624954.jpg,41.234266681506,-4.8562241612987,41.18291008827801,-4.67836130308808,15.937133126089655,41.232261657714844,-4.854234218597412,0.2782015423619054
152092026887595.jpg,41.191650546568,-4.4464649050295,41.264925579662595,-4.293221304643479,15.186335519080389,41.19179153442383,-4.446232318878174,0.024990617350199355
118079660900203.jpg,41.51371,-4.6309919000025,41.5067182094108,-4.85894520065358,18.9968836712975,41.513755798339844,-4.631035804748535,0.0062687731412476915
536888574740201.jpg,41.296825396825,-4.0156336,41.3367755504258,-4.72055858210396,59.03917169610259,41.29667663574219,-4.015312194824219,0.031536788161044736
1038343973361061.jpg,41.227636779104,-4.4333900680874,41.3159330590182,-4.574098584996181,15.319230818302554,41.19474792480469,-4.441564083099365,3.7204456265002337
1486228168382657.jpg,41.325304732136,-5.196861328021,41.44929646046519,-5.0057380774466,21.07872415802001,41.32430648803711,-5.198324203491211,0.1650556142323346
292225125868343.jpg,41.191901598044,-4.7825695606417,41.2836438604456,-5.1099764258836,29.215444402661255,41.191715240478516,-4.782820701599121,0.02951273258761638
649929021134295.jpg,41.20007325049,-4.0729328321344,41.1801806088436,-4.5197972580398,37.45775251645909,41.200016021728516,-4.072836399078369,0.010275602106362977
1784293508894973.jpg,41.507616698411,-5.0901581283457,41.491401325312594,-5.23494036965066,12.1916343888243,41.50761795043945,-5.090212345123291,0.004516792315801553
744765408283663.jpg,41.293291527819,-3.9258544662736,41.297500482799606,-4.76519217321532,70.12179096816344,41.30670166015625,-3.6612484455108643,22.15456051844681
1175205742945427.jpg,41.105644544907,-4.6383563166492,41.2719980383446,-4.82279824657348,24.090844187397547,41.10533905029297,-4.638448715209961,0.03484044765708171
742974396383489.jpg,41.198468562916,-4.6629635674455,41.302555048372604,-4.91378169507228,23.950554205967865,41.236080169677734,-4.6720428466796875,4.25060863120575
1188648659630917.jpg,41.01700173985,-4.1433087325538,41.207584660646,-4.33902334715942,26.79428045212521,41.016685485839844,-4.143461227416992,0.03742091483567242
771644211098848.jpg,41.508527958659,-4.6308341873027,41.2233203216674,-4.64498677464526,31.73562686163595,41.50787353515625,-4.630141258239746,0.09286840746127649
979438959264866.jpg,41.243048081343,-5.2982714616033,41.4413983593128,-5.2393819984929,22.596824297703865,41.26408004760742,-5.268880367279053,3.3920561585614024
3776417869323992.jpg,42.303624647924,-3.7649961567215,41.491401325312594,-5.23494036965066,151.51708383243223,42.3055305480957,-3.781090259552002,1.3403943069097326
146384290781148.jpg,41.29900017699,-4.9007172631322,41.3727638234902,-4.9872698587932,10.931384800987473,41.29895782470703,-4.9007344245910645,0.004922740275473264
4297798333781623.jpg,41.547244798971,-4.8856640665602,41.491401325312594,-5.23494036965066,29.73464885425178,41.54851150512695,-4.884037494659424,0.19535005667332264
3097218947178926.jpg,41.248379694756,-5.4020111846474,41.1408531345002,-5.06433291584362,30.67974990845512,41.24853515625,-5.401007652282715,0.08566042738627912
1869915660084977.jpg,41.136255675683,-3.690511738745,41.198212122884605,-4.2145534738128205,44.40336803814536,41.29842758178711,-4.106334209442139,39.177197887204706
817060723164602.jpg,41.241382957481,-3.8446021977384,41.18874464571461,-4.4840619153615995,53.80707336908653,41.24137496948242,-3.8446242809295654,0.0020489493462448444
2228079100995872.jpg,50.227147873046,-5.2712045236717,41.2787805941854,-4.459541849823419,996.9869933151841,41.17064666748047,-3.7573964595794678,1013.8170380355014
489362712284201.jpg,41.047141330031,-4.3780330370554,41.225643024636796,-4.236000725592279,23.139667468640397,41.0468864440918,-4.377996444702148,0.028507662165790586
1009552390545367.jpg,41.094920468798,-4.7473475055024,41.27849777844,-4.602667760853939,23.733209777235036,41.27922439575195,-4.891393184661865,23.775759676734584
214653363540573.jpg,41.228747197488,-4.6701703457126,41.391196946301,-4.902653309127141,26.5206925152773,41.22833251953125,-4.670071601867676,0.04684368416757951
170153498352130.jpg,41.251511902349,-5.3886124434456,41.204230492574,-4.76891139216304,52.09090784078766,41.25141906738281,-5.388988494873047,0.033088897903278604
1473672623648335.jpg,41.549390306778,-5.4550530620444,41.491401325312594,-5.23494036965066,19.426565038349576,41.51899337768555,-5.200771331787109,21.43359131107545
955193308626966.jpg,41.227426504676,-3.9316520714444,41.1644010374306,-4.5049243947155,48.47483250732794,41.22760009765625,-3.931640863418579,0.019325403118805394
1852532385312591.jpg,41.090966642276,-3.8864078443654,41.255270606816,-4.37723519662306,44.96098319590565,41.12146759033203,-3.908616542816162,3.868460425235924
143281484384498.jpg,41.381558775389,-4.9612933229119,41.37399945605,-4.83023432337332,10.967434401784578,41.38175582885742,-4.961275577545166,0.021961308242178897
2938747779674123.jpg,41.139944001024,-5.4845872996554,41.367250091317395,-4.665685371765781,72.9736569016653,41.14111328125,-5.48319673538208,0.17454097200810637
6281991611895974.jpg,41.029716542443,-3.8282565233981,41.362958777155804,-4.28025338493362,52.94591051383033,41.188026428222656,-3.76987361907959,18.27020023552501
180459357303007.jpg,41.165336291995,-4.9448381065923,41.2836438604456,-5.109976425883599,19.07367239675781,41.16521453857422,-4.944931983947754,0.0156538025173592
391466349288933.jpg,41.271697073481,-4.6781721323643,41.5573450810394,-4.95669301820792,39.348422567906816,41.27042770385742,-4.676353454589844,0.20742404266370637
309601773931150.jpg,41.057488506768,-4.6303879392533,41.2098119875306,-4.6869997983067995,17.58866963270314,41.05788040161133,-4.63046407699585,0.04404184645843596
1246497996313508.jpg,41.001376604188,-3.8136242220317,41.255257253952195,-4.1720772648882205,41.21046800043476,43.185733795166016,-1.824796199798584,293.1084412788717
1816798509116556.jpg,41.296743766323,-4.1064480364281,41.2283532237842,-4.304876632236059,18.245903302410685,41.29673767089844,-4.106481552124023,0.0028807999766605383
1486493068365331.jpg,41.24388928091,1.8551491242892,41.161558372251605,-4.5109768068338,532.5575678065651,41.13047790527344,-3.72607159614563,467.13258743917856
670991175281758.jpg,41.0898505,-4.1258366,41.2963699716422,-4.36999518983512,30.73611436075964,41.08958435058594,-4.12476110458374,0.09486672663558364
278939197246735.jpg,41.007258471277,-5.1092347572835,41.2836438604456,-5.109976425883599,30.732715821451226,41.009727478027344,-5.104272365570068,0.49875154268687266
1700827746991806.jpg,41.427359880605,-5.1085119273015,41.2836438604456,-5.1099764258836,15.980959802466836,41.42808532714844,-5.107425689697266,0.12127913056887016
1623004797890774.jpg,41.227998022805,-5.3197282515608,41.1757150866786,-5.285854415488499,6.467554914827228,41.227725982666016,-5.319312572479248,0.04608131962106029
196581252281294.jpg,41.413444956434,-4.9650267073894,41.276771833666395,-4.852586185474239,17.86237291390833,41.38688659667969,-4.960994243621826,2.9722464516804377
439331044055603.jpg,41.310481172798,-4.9138695919784,41.3117308501394,-4.39002647590106,43.75285831165098,41.31049728393555,-4.913874626159668,0.0018401590415277134
1383173696858771.jpg,41.508887575129,-5.1129310373387,41.4492964604652,-5.0057380774466,11.119817660268609,41.50888442993164,-5.112962245941162,0.0026221256868317134
1022990136630878.jpg,41.0121334,-3.6316445,41.491401325312594,-5.23494036965066,144.23620497064135,41.00883102416992,-3.63618540763855,0.5291609323497435
1688467598504437.jpg,41.128796977763,-3.7956216663448,41.326329638401,-4.298336742782359,47.433606863388114,41.22800827026367,-3.764509677886963,11.334919158016998
284750693310054.jpg,41.089685765213,-4.6373370647422,41.2322179441784,-4.40806527048302,24.891203225414305,41.08943557739258,-4.6372833251953125,0.028181806377830684
470883027351331.jpg,41.320021885375,-4.3124766351137,41.3502575666374,-4.82419501523436,42.856271043912365,41.3203125,-4.312582492828369,0.03350225988389931
1748263365353056.jpg,41.134381002328,-5.4886851038088,41.4477281908546,-5.23191955139172,40.91705292651283,41.13365936279297,-5.488992214202881,0.08426394212323704
4112960328765408.jpg,41.515766651367,-5.2272731459531,41.1801806088436,-4.5197972580398,69.85764930735336,41.515869140625,-5.227707862854004,0.037946157054510384
821358299718007.jpg,41.167261676849,-5.3841276370256,41.231578497747805,-4.785813318154199,50.56643059765623,41.167667388916016,-5.383393287658691,0.07624771396512403
543280830393184.jpg,41.309699126695,-4.9131547667836,41.2308152047834,-4.38834913550404,44.728961940311265,41.12092590332031,-4.264896869659424,58.14452161830964
526243871776938.jpg,41.641036693528,-5.1877087711537,41.1686899542932,-4.38474108631464,85.10814939520073,41.64165496826172,-5.188142776489258,0.07763447143340203
1472509700069850.jpg,41.6279585073,-5.1729668673005,41.2369949427262,-4.6054119436327,64.2542878961678,41.62797164916992,-5.172990798950195,0.0024681754195013117
2976223879290036.jpg,41.608061487788,-4.6666451234876,41.35854117747181,-4.82988438197664,30.898440600161777,41.59656524658203,-4.627758979797363,3.4768472336102123
1640353739507120.jpg,41.623729264824,-4.3529941827829,41.4221435669286,-5.182593400800299,72.61069775003766,41.12352752685547,-4.106387138366699,59.304267991244735
268055561721404.jpg,41.221977239293,-4.668579126578,41.2098119875306,-4.6869997983067995,2.0503310499261542,41.22175598144531,-4.6685380935668945,0.024840954767342053
467544412497277.jpg,41.412123433651,-4.3242351433887,41.3533594062362,-4.7542163231643,36.46382713201925,41.42247772216797,-4.359533309936523,3.16055499918598
1488375102197938.jpg,41.593189783316,-4.1191891461808,41.1560570350048,-4.51874896104094,58.9419336119798,41.43130111694336,-5.106855392456055,84.18395819982828
596267138017948.jpg,41.449218711615,-4.6658588219192,41.3684050601882,-4.459562117541919,19.409958974941116,41.069664001464844,-4.63308572769165,42.29337157430005
2597723030592137.jpg,41.178534495443,-3.6403923562432,41.2744872197026,-4.375314131786721,62.381111877558546,41.168846130371094,-3.7101995944976807,5.941237026346198
1382400955488688.jpg,41.504254106236,-4.7718023086979,41.262897453959404,-4.41648720036694,39.98760151973489,41.50674819946289,-4.771067142486572,0.2840071134806002
1680594512541196.jpg,41.105356010216,-4.1252408923883,41.3821994318752,-4.37037355624124,36.98216571610891,41.105262756347656,-4.125288486480713,0.011109695470169767
1639975743404229.jpg,41.419427155093,-5.1264271485001,41.287263335168404,-4.34572862055768,66.7999821740607,41.4189567565918,-5.127187252044678,0.08217655217545972
1529950054574534.jpg,51.4992983,-2.6165161,41.3350352706752,-4.35555102123544,1137.960671199268,51.01494216918945,-3.76780366897583,96.53500801897444
169646148418312.jpg,41.190396669161,-4.6610388647399,41.2771720167536,-4.81473739734668,16.071388047668087,41.27744674682617,-4.680795669555664,9.819503265610393
798163450818851.jpg,41.114212993138,-5.1835705300305,41.2391532972642,-5.1361586603944405,14.44831461562389,41.1147575378418,-5.183638095855713,0.06081459257886755
315873283230200.jpg,41.033693315838,-4.6897876073956,41.277906194806604,-4.72927298710052,27.355706981563934,41.0338020324707,-4.689889430999756,0.01480135965999518
3950663471635980.jpg,41.280195264088,-5.2497167681774,41.4413983593128,-5.2393819984929,17.945706208397542,41.28228759765625,-5.246852397918701,0.3337921165154444
774893368804395.jpg,41.10534817986,-3.8904888713539,41.2602374297354,-4.0835099003295,23.612635758472706,41.10439682006836,-3.8880362510681152,0.23112608016844216
1187702468332699.jpg,41.10840811692,-5.4917141206873,41.2857271166718,-4.75466647436308,64.74276098679967,41.10807800292969,-5.49196720123291,0.04239098194805054
984334303775854.jpg,41.168526982179,-5.3707065088844,41.277845231348195,-4.57689642521032,67.49374062276287,41.39697265625,-5.143933296203613,31.691023732023908
1435079397131801.jpg,41.411884916185,-4.3251100440274,41.1858156586076,-4.5831716126229995,33.11573710627572,41.4118537902832,-4.325228691101074,0.01048224288555205
2056047814780964.jpg,41.012562854909,-3.9791491938951,41.1316408974492,-4.388623179573121,36.790616942877364,41.01251220703125,-3.979245662689209,0.009860609931749018
1216991620116059.jpg,41.279627777945,-3.90220286735,41.238501234051796,-4.368877798555,39.27605968390874,41.27958679199219,-3.9021406173706055,0.006915833950456556
1298508767898254.jpg,41.258054615242,-3.7577640645021,41.2394248882704,-4.479359067448,60.362445027972534,41.25921630859375,-3.7569477558135986,0.14608916732643712
1049765120655593.jpg,41.000097425041,-5.1238699898462,41.377169595034005,-4.7760631778413805,51.03963302368122,41.00059127807617,-5.122898101806641,0.09832407815208932
380900886566386.jpg,41.007217702112,-3.9950365801399,41.166150649067404,-4.30428143948014,31.369411765160432,41.007293701171875,-3.994270086288452,0.06486978815798762
184450220256534.jpg,41.122833942621,-4.2681295099277,41.255270606816,-4.37723519662306,17.326771747568618,41.113155364990234,-4.6392011642456055,31.103074983380566
1320895059647898.jpg,41.2787687668,-3.6871155818352,41.3037426743912,-5.02411138779252,111.7366781357146,41.27885055541992,-3.6870217323303223,0.012008883069680598
1484099089680329.jpg,41.083412176127,-3.6942607361593,41.343156757365,-4.268361216288,56.03835202793154,41.121009826660156,-4.263598442077637,47.88733377688217
3608341122760855.jpg,41.577598786031,-4.6773303068053,41.2805139934838,-4.74406002266748,33.49950631140671,41.52021026611328,-4.638716220855713,7.14470362869939
848520649069331.jpg,41.597041864817,-4.6370801857665,41.4492964604652,-5.005738077446599,34.811252268284434,41.597023010253906,-4.63653039932251,0.04576563574030996
150972070258765.jpg,41.225414856259,-5.2070638698762,41.20161682537,-5.2610891204437396,5.2368415560020365,41.225318908691406,-5.207219123840332,0.016805226745185583
3036640789906595.jpg,43.361869361467,-1.695741590776,41.298390277341,-4.451352870669799,322.3893557950093,41.1363410949707,-3.727792263031006,298.66642514127074
753869135296465.jpg,41.163758534085,-4.9459846258904,41.2836438604456,-5.109976425883599,19.126336202829826,41.163665771484375,-4.946057319641113,0.011975985013610833
1397759754414476.jpg,41.272382551058,-3.8882968512506,41.305598444428405,-4.22791238970868,28.61451884349982,41.16478729248047,-5.416042327880859,128.3392636168138
869163426995843.jpg,41.223674074883,-5.2098402413897,41.20161682537,-5.2610891204437396,4.938924667564507,41.223758697509766,-5.2097063064575195,0.014629279087208052
1978875219550823.jpg,41.150847027769,-3.9665530193778,41.2904090486136,-4.33839165284402,34.75674843707026,41.156002044677734,-3.9882471561431885,1.9046280287678439
618829101297605.jpg,41.295026518806,-3.7541314856902,41.3319294955452,-4.3836523723258995,52.73703211367849,41.2950325012207,-3.7541465759277344,0.0014254255942041994
1552681238259893.jpg,41.546631811922,-4.8866887189061,41.2456309011884,-4.72375952448698,36.12375807089742,41.548030853271484,-4.884904384613037,0.21505906946159192
1469744556694825.jpg,41.395639465866,-4.4718029378421,41.1560570350048,-4.51874896104094,26.92767136653337,41.40068435668945,-4.320784568786621,12.609061762604652
1147788035663925.jpg,41.118477663252,-5.4896665294392,41.424495016421396,-4.985024683512941,54.18995658738896,41.11888122558594,-5.489714622497559,0.04505456414481871
171740938263031.jpg,41.345592009325,-4.5608999519137,41.2836438604456,-5.1099764258836,46.3721675991451,41.34561538696289,-4.561069488525391,0.014389379864107448
2543683652648784.jpg,51.384587168384,0.76671384188463,41.351254316761995,-5.32832762715782,1208.6659241230147,51.38299560546875,0.7679418325424194,0.196422802485298
797230992642585.jpg,41.120834737941,-3.9083292621165,41.2189438260868,-4.29133011277486,33.86369284966246,41.12693405151367,-3.9104111194610596,0.700272113951178
836622900302359.jpg,41.550902919089,-4.7870050970471,41.4266631316788,-4.91628871581082,17.51606463148282,41.551658630371094,-4.786958694458008,0.08411993090189394
3928574200563215.jpg,41.029567888923,-5.069856086013,41.2836438604456,-5.109976425883599,28.450926397671807,41.02934265136719,-5.070097923278809,0.03223015198153881
1705031306938885.jpg,41.052905891691,-3.9057721718942,41.3234953926682,-4.66045207052786,69.95253111141041,41.05297088623047,-3.9056828022003174,0.01041097876276522
511826049990520.jpg,41.324427232992,-4.6201117610126,41.267843775117605,-4.84197921601228,19.573950207077363,41.32450866699219,-4.619991779327393,0.013504690130902684
1264770548724272.jpg,41.021263749311,-5.0813373711406,41.2508188237406,-4.506923758457161,54.45755207909268,41.02149963378906,-5.080880165100098,0.04646685568874598
1824072674441412.jpg,41.651341396254,-4.7649633039164,41.149924104899796,-4.76405392074882,55.755110522489474,41.11616516113281,-5.489666938781738,84.83395838354751
1760721187705311.jpg,41.056646680878,-3.9005912608068,41.221363245068595,-4.64120024090608,64.66823201448288,41.05648422241211,-3.900827407836914,0.026802696903885884
470533067539502.jpg,41.049289004469,-5.3397547870546,41.239153297264195,-5.1361586603944405,27.135927279770964,41.04924392700195,-5.3398919105529785,0.012543762729308641
723092097312071.jpg,41.116700846419,-4.7638706604543,41.3234953926682,-4.660452070527859,24.56759068938386,41.1563835144043,-4.794207572937012,5.0916447635318836
776001299719689.jpg,41.463842838279,-4.9853874979244,41.2772247127132,-4.72424299706738,30.09108985103647,41.08651351928711,-4.740876197814941,46.66818512473424
1434832503522427.jpg,41.143650549934,-4.7845123455674,41.1710716882978,-4.5439847545903,20.366308501215048,41.14390182495117,-4.784739971160889,0.03382274004760559
3174921539417161.jpg,41.177505405911,-4.9333521764715,41.2836438604456,-5.1099764258836,18.90635959900953,41.177528381347656,-4.93343448638916,0.0073472676777878955
584051085823750.jpg,41.306339864446,-4.8991995358741,41.415387840223204,-4.95467678802368,12.979490968028404,41.306854248046875,-4.8990631103515625,0.05832095908186922
4128275584087199.jpg,41.18585302845,-3.6218012170584,41.341631324652404,-4.504333997124379,75.77100997331843,41.185977935791016,-3.621175527572632,0.0541702206332733
771984867495908.jpg,41.4135056,-4.3175620999985,41.2206817629752,-4.63617025087294,34.17203479500725,41.41340637207031,-4.318399429321289,0.07069233155188098
468817700866216.jpg,41.166158759671,-5.3892308034334,41.4221435669286,-5.1825934008003,33.290139945384155,41.16614532470703,-5.388981342315674,0.020935253920751597
327739228874686.jpg,41.431710882624,-4.3776855471746,41.2845260401958,-4.718347507391741,32.80629306049304,41.4316291809082,-4.3773980140686035,0.025634820882367428
1879459415838749.jpg,43.370512529373,-1.7803387937829,41.387189336503795,-4.897909531733499,337.90746810376277,41.303863525390625,-4.89979887008667,344.2653599349878
3889370914514878.jpg,41.011531929401,-5.3953555675566,41.3624880782636,-4.39119588540332,92.64829104397663,41.01133728027344,-5.395261287689209,0.023044301855428086
525622681773153.jpg,41.253285933591,-4.872487793948,41.284535795307605,-4.79656979678662,7.234155153106998,41.2564811706543,-4.874795913696289,0.40430453598489946
773692839952233.jpg,41.17538770082,-4.9162113398301,41.2836438604456,-5.1099764258836,20.18591463109603,41.17540740966797,-4.917277812957764,0.08928660799279352
296565779848983.jpg,41.200586515111,-4.2634156100361,41.223587333304806,-4.540980560407861,23.358533696388943,41.20030212402344,-4.263519763946533,0.03280148316643581
267845138372714.jpg,41.100089747417,-4.9946943710884,41.2836438604456,-5.1099764258836,22.57497371547028,41.09998321533203,-4.994775772094727,0.013669188740519983
1315421156418316.jpg,41.288992447993,-4.1013381184451,41.0834402658902,-4.15094017846304,23.23020445193866,41.2886848449707,-4.1011643409729,0.03715799082667196
3665921113632146.jpg,41.174714514415,-4.9373855113664,41.272053410640396,-5.129430338751701,19.368168061000116,41.17466354370117,-4.937438011169434,0.007171512136174371
1201814430339660.jpg,41.214906683899,-4.5748676923523,41.450109597923,-4.69903778338798,28.133348754795907,41.214385986328125,-4.573365211486816,0.1383722164794629
2195832220559755.jpg,41.550478805653,-4.8817869919967,41.282795519650804,-5.04408443691692,32.69727549335663,41.43501663208008,-5.097596645355225,22.088973442448587
1836724273584898.jpg,41.51332067123,-5.0081478277839,41.466199803356595,-5.260095392426559,21.629736169596818,41.5133056640625,-5.008389949798584,0.02022874020985934
1079895425833701.jpg,41.010445360186,-5.4783930935407,41.1411689534822,-5.00545769485078,42.223816634983656,41.010520935058594,-5.478332996368408,0.009800346200428287
2919592781653078.jpg,41.293264601627,-4.667566905225,41.2836438604456,-5.1099764258836,36.97943686294298,41.2933464050293,-4.667438507080078,0.014064473100016519
301553575012215.jpg,41.013494973255,-5.395539484773,41.2311574222548,-4.10628519621398,110.67075255029651,41.01361083984375,-5.395463466644287,0.014376095459125092
1502165114060356.jpg,41.0044929,-3.6373486,41.491401325312594,-5.23494036965066,144.11745438944655,41.038421630859375,-3.617110252380371,4.137145000049512
1101239007064017.jpg,41.641575000031,-5.1881440000001,41.4030109731262,-4.8407492578545,39.244265217851556,41.652801513671875,-5.192124843597412,1.2914101708370083
4380455972187250.jpg,41.517731805498,-5.1951257744975,41.4492964604652,-5.0057380774466,17.515604650149537,41.5177001953125,-5.194945335388184,0.015428581609201807
2874015699516060.jpg,41.134341124625,-5.4884359198836,41.444635532463,-4.900218115068,60.04783239681978,41.24125289916992,-3.826263904571533,139.59601755301864
1374486989584382.jpg,41.559638342199,-4.8699705948025,41.2836438604456,-5.1099764258836,36.63738853434956,41.18550491333008,-3.6223976612091064,112.10551693000184
3750444905082724.jpg,41.420339576665,-5.1187892859219,41.4413983593128,-5.2393819984929,10.32277893678523,41.419349670410156,-5.120277404785156,0.1658697879625763
156262879796756.jpg,41.227222989129,-4.2738333856307,41.3009727744504,-4.775513303710079,42.72608239825208,41.22690963745117,-4.273899078369141,0.03527358259704907
698383989923153.jpg,41.260680301031,-4.0996026208077,41.2306138013338,-4.35180654385628,21.349236187648735,41.26079559326172,-4.099546432495117,0.01365314273212871
1492355772187156.jpg,41.543944798568,-5.4189740886546,41.491401325312594,-5.23494036965066,16.398292837853788,41.54389953613281,-5.418813705444336,0.014265017816715408
466458712399257.jpg,41.515463041988,-4.6346620839826,41.3541387374892,-4.5967180832598,18.215195044307507,41.51448440551758,-4.634045124053955,0.120334516983179
1406488903040567.jpg,41.251588362399,-5.2893482343928,41.2836438604456,-5.1099764258836,15.409487706860455,41.251365661621094,-5.289619445800781,0.03357498328616895
3263236600623980.jpg,41.447717009374,-4.5028032921302,41.2980672041208,-4.87070299417516,34.91863612414965,41.44789123535156,-4.501772880554199,0.08803983503782534
24438677739104648.jpg,41.519284770424,-5.2019650243798,41.5210571803118,-5.297761462768699,7.977883648145172,41.51921463012695,-5.201702117919922,0.023236362938452954
4629078737112164.jpg,41.298922541786,-4.4076717482518,41.211941535147,-4.262692312008779,15.505611374530348,41.29936599731445,-4.407365798950195,0.055540127670735365
471666254140028.jpg,41.416358620258,-4.6820285580393,41.2098119875306,-4.6869997983067995,22.97069034436336,41.416542053222656,-4.681841850280762,0.025659819101211002
291101612754779.jpg,41.093988813668,-4.9993355028655,41.2391532972642,-5.136158660394439,19.792002964007015,41.09404754638672,-4.99929141998291,0.0075031874572435
1767162903840846.jpg,41.114343072387,-4.119832419732,41.3250374532082,-4.27678418980014,26.85526600210205,41.43926239013672,-4.021391868591309,37.05406804284325
2247044265432582.jpg,41.15449498497,-4.5673756945358,41.282995411672,-4.44852366698258,17.406457673346008,41.15453338623047,-4.567493915557861,0.010779589782899602
219974769639827.jpg,41.244326390289,-3.8424892274642,41.3055928265866,-4.4152443847180205,48.346762307217354,41.24411392211914,-3.841585874557495,0.07913652348802797
522564525787585.jpg,41.153457731972,-4.2662447369898,41.220196132965,-4.783994894732859,43.95701276998472,41.15314483642578,-4.266386032104492,0.03674855363983029
471239003980391.jpg,41.405344845589,-5.1366516318477,41.246397303171,-4.7407750638193,37.48526613961301,41.38066864013672,-5.153090953826904,3.0674672325484194
1639497069594825.jpg,41.210388106298,-3.9599218509817,41.3155340914206,-4.31542312775122,31.931684926374988,41.21695327758789,-3.9345998764038086,2.2403848273441707
939471330135032.jpg,41.226727508274,-4.7306850312623,41.2793010452078,-5.026290088836819,25.39371217026751,41.22672653198242,-4.730685234069824,0.00010987564448464278
1248866485567699.jpg,41.169740764393,-4.0019890240649,41.2508188237406,-4.506923758457161,43.18994043702594,41.16945266723633,-4.002096652984619,0.03327759391092177
2632552157132683.jpg,41.419475112521,-4.1225502643821,41.1560570350048,-4.51874896104094,44.20150021035697,43.358211517333984,-1.7383610010147095,291.20199000502356
3783907038405026.jpg,41.210471373819,-5.323761456708,41.4413983593128,-5.2393819984929,26.627066460839583,41.21123123168945,-5.323631763458252,0.08518600394709369
1731984266976741.jpg,41.628453409026,-4.2982741094016,41.4413983593128,-5.2393819984929,81.04715905974368,41.62702941894531,-4.345934867858887,3.9645157341279966
3767817060148719.jpg,41.102348119567,-3.6011006657732,41.130591505845004,-4.779431754305939,98.75964850979823,41.47699737548828,-4.594901084899902,92.89584845042958
2601753013460001.jpg,41.066701438622,-5.3201801768668,41.2504797752694,-5.116856323699101,26.59583820549123,41.06682586669922,-5.320107936859131,0.01510319337081613
1867102156797902.jpg,41.172498920994,-5.3757558202812,41.4413983593128,-5.2393819984929,31.996554783765692,41.172271728515625,-5.376003742218018,0.03269263521906191
1560092067691248.jpg,41.471782571437,-5.0593836125768,41.421889364113,-5.1918819664773395,12.35873425657566,41.4715461730957,-5.059676170349121,0.03584835673465383
645186141114752.jpg,41.447585104398,-4.5048344571762,41.2919135071668,-4.54150333129072,17.578266425488113,41.44757080078125,-4.504970073699951,0.01141464266241075
7385598651506417.jpg,41.437016221153,-4.3874516172795,41.4168486535696,-4.80220853815232,34.652536235807034,41.4371223449707,-4.387650489807129,0.020349127168690275
4075101742548624.jpg,41.594198614514,-4.5772536456323,41.2632061852674,-4.9362387990492,47.437663378583956,41.5992317199707,-4.493800163269043,6.96215351101963
1175347956828234.jpg,41.277318806495,-3.9739301854672,41.3118058372586,-4.35108591677058,31.741465654523363,41.27726745605469,-3.973824977874756,0.010483229941905732
2287038191727901.jpg,41.133523752488,-3.6907462819603,41.3624880782636,-4.39119588540332,63.854716801997434,41.301544189453125,-3.737562894821167,19.088978009657097
2985265445027807.jpg,41.432827623837,-5.1005873952851,41.263648992704404,-4.76524201267518,33.72663142691336,41.4420051574707,-5.091582298278809,1.2668524096027423
4089157887794812.jpg,41.447327886087,-5.0892577687756,41.4413983593128,-5.2393819984929,12.530449320903845,41.447017669677734,-5.089350700378418,0.035353432123814574
466960107746970.jpg,41.330130310338,-4.9169550507679,41.1992851211012,-4.65177577921818,26.512891999338628,41.33017349243164,-4.916688442230225,0.022773268052362464
876161129982291.jpg,41.591075065835,-5.1170665288933,41.2424334055968,-4.7313939456251,50.37016863180267,41.62935256958008,-5.182965278625488,6.937720482860819
473289157071570.jpg,41.077469121678,-5.2172724688359,41.2322179441784,-4.40806527048302,69.89954360838075,41.07740020751953,-5.217189311981201,0.010358827334867118
2810541255926449.jpg,41.341898080583,-5.1830597375942,41.2836438604456,-5.1099764258836,8.900400155480472,41.341468811035156,-5.183682918548584,0.07060471261626877
1129420257527134.jpg,41.24885914016,-5.2921693913731,41.4413983593128,-5.2393819984929,21.85818175374588,41.248592376708984,-5.2923502922058105,0.033295734345134505
3819340921641702.jpg,41.191138137205,-3.7146924406732,41.2452629685106,-4.213798233629619,42.17746869946828,41.191131591796875,-3.7147111892700195,0.0017294151329902432
905980746612880.jpg,41.287804720211,-4.6809962291634,41.206141283809,-4.59118354129304,11.78295275851659,41.28780746459961,-4.68100643157959,0.0009054121990808413
302494868003051.jpg,41.404000489589,-4.4281002970714,41.1560570350048,-4.51874896104094,28.591701557210552,41.00548553466797,-3.8106977939605713,68.05449028252156
609455863345864.jpg,41.596330066154,-4.6263147834348,41.4725296348984,-5.25263294532538,53.91883709111341,41.59634780883789,-4.626103401184082,0.01768808837396373
1503410777742265.jpg,41.533499911967,-4.9038740752954,41.491401325312594,-5.23494036965066,27.960549593376932,41.53404235839844,-4.903027534484863,0.09275364792024181
2925206371141755.jpg,41.630447256228,-5.1841966275113,41.415387840223204,-4.95467678802368,30.609760231719704,41.52135467529297,-4.639866352081299,46.875383930177605
624952590650135.jpg,41.033716701408,-4.6897163100964,41.1829126003116,-4.5421265631312,20.691148015790827,41.0358772277832,-4.691824436187744,0.2982959141175764
596449252779736.jpg,41.412161468802,-4.3241058167636,41.274738332530795,-4.67671911528196,33.1663804233105,41.412132263183594,-4.324214458465576,0.009624401407991813
1728566361112450.jpg,41.020078785941,-3.6266421666064,41.308882933358795,-4.50278455337678,80.0639925336996,41.020957946777344,-3.6260695457458496,0.10892403655059898
485360832889591.jpg,41.103762036409,-4.9918868886784,41.2836438604456,-5.1099764258836,22.309400184707098,41.102970123291016,-4.992510795593262,0.10240491074882838
489807352219233.jpg,41.221634292957,-4.7370333071374,41.2836438604456,-5.109976425883599,31.930411462664516,41.221309661865234,-4.737423419952393,0.048658007102123126
1321731876225063.jpg,41.186506729473,-3.7698895458858,41.30252168654879,-4.3112614745418,47.06526626890727,41.11587905883789,-3.7253992557525635,8.692090182683238
4138510479563719.jpg,41.003625599776,-5.1167278005801,41.1399294802816,-4.9538516469506195,20.39939384672279,41.00356674194336,-5.116847991943359,0.012023238178173714
1906615790289257.jpg,41.543846888714,-4.8900303822861,41.4492964604652,-5.0057380774466,14.261813355051315,41.543827056884766,-4.890054225921631,0.0029665749321007005
4025100470907678.jpg,44.086594949459,1.3075930002863,41.0966849641468,-4.56022534486902,583.9410404684146,41.60122299194336,-4.659084320068359,559.2716545174916
1118396340386658.jpg,41.503935809913,-5.028210373937,41.4492964604652,-5.0057380774466,6.357527808460201,41.50394821166992,-5.028557300567627,0.028923210843560112
220409353220519.jpg,41.289953000854,-4.8992877626115,41.3034944033754,-4.666782284560719,19.481999296077873,41.28893280029297,-4.89853572845459,0.12967973246679945
1452211825124212.jpg,41.405122948674,-5.1373813945773,41.4413983593128,-5.2393819984929,9.412744899783817,41.40614700317383,-5.136399269104004,0.14026988076005492
4022459164688178.jpg,41.504782941811,-5.047718585716,41.4492964604652,-5.0057380774466,7.092127856023162,41.50477981567383,-5.047637462615967,0.006764376632926656
517908507418032.jpg,41.243858193874,-4.8660273079616,41.2252329040312,-4.47281383250908,32.945855593566506,41.24360275268555,-4.865715503692627,0.038553816531483404
595884206838484.jpg,41.120313829582,-4.1140884244401,41.207584660646,-4.33902334715942,21.182963260066476,41.120243072509766,-4.114195346832275,0.011921491428638775
2829251250673402.jpg,41.422035399718,-5.1162698002022,41.2836438604456,-5.1099764258836,15.397400324533248,41.4225959777832,-5.115452766418457,0.09233830823038522
1004873048105811.jpg,41.246172598805,-3.7082067250789,41.15605703500479,-4.51874896104094,68.54870744258344,41.18577194213867,-5.360030174255371,138.32666169089651
1154319486393706.jpg,41.201318548306,-4.1170481839349,41.298453885459,-4.67587141236166,47.950344466890556,41.20176315307617,-4.116982936859131,0.04973824991960916
1177245740676326.jpg,41.298403869014,-4.1060773166496,41.1560570350048,-4.51874896104094,37.96822070575652,41.42119598388672,-5.117441654205322,85.50524938003221
305964712137606.jpg,41.48907153937,-4.6162345698763,41.4370169922186,-4.66466838318558,7.056312105409392,41.48906326293945,-4.616201400756836,0.0029120391996694667
543952036610234.jpg,41.252223266685,-5.288018667841,41.4413983593128,-5.2393819984929,21.42354082182731,41.252296447753906,-5.287916660308838,0.011787148842058866
1134001367250800.jpg,41.528833219068,-5.367533850868,41.286222309858196,-4.571208393097459,71.68229647899169,41.53166580200195,-5.353845596313477,1.1821580153814695
2167506627015892.jpg,41.163044883857,-4.1187829056911,41.292857180503,-4.264369652405799,18.88361386386128,41.163116455078125,-4.118833065032959,0.008998137892289926
355468359560888.jpg,41.601705342168,-5.1305653224912,41.2461099515226,-4.42591932722564,70.81786411657491,41.60374450683594,-5.134236812591553,0.38027216400531505
372050412487814.jpg,41.24576225329,-3.8483430174387,41.272896947708,-4.496348220145061,54.24984207032001,41.24573516845703,-3.848228931427002,0.010002472994264067
1129921849013402.jpg,41.320118626924,-3.6292164412412,41.246109951522605,-4.42591932722564,67.07768082218121,41.31975173950195,-3.6288628578186035,0.05036098540171726
926554918749531.jpg,41.573461083485,-4.6730610944181,41.1992851211012,-4.6517757792181795,41.64434517869104,41.573673248291016,-4.673471450805664,0.041494690621855
700807079668035.jpg,41.313424679862,-3.7563317506128,41.1282564552166,-4.23646634067516,45.1282304361949,41.31343078613281,-3.756333351135254,0.000692019818683108
327216798971468.jpg,41.180444951749,-3.9976746093579,41.1801806088436,-4.5197972580398,43.69632742042856,41.180694580078125,-3.9975521564483643,0.0295887743757738
834247450821569.jpg,41.379744006627,-4.9613735521542,41.2012147013608,-4.36438531223126,53.682929527361665,41.383155822753906,-4.961182594299316,0.37971103300849024
3986373214811592.jpg,41.409499326322,-4.3820089927593,41.2836438604456,-5.109976425883599,62.35897167083883,41.40956497192383,-4.382635593414307,0.052763535912963226
1477535196501606.jpg,41.384636366652,-4.252894268905,41.311215480722,-4.34592176773934,11.267403485614789,41.38458251953125,-4.2521209716796875,0.06479211982604276
1014432092789227.jpg,41.101039781319,-5.4889459359286,41.4413983593128,-5.2393819984929,43.212719306306404,41.1011962890625,-5.488706588745117,0.026553124370528355
1617350338632751.jpg,41.343592567574,-5.1808119132647,41.4413983593128,-5.2393819984929,11.92257467122235,41.34359359741211,-5.180811882019043,0.00011454247697391825
1105393413205284.jpg,41.377912476965,-5.1556007134852,41.4413983593128,-5.2393819984929,9.93239611753966,41.378150939941406,-5.155394077301025,0.031628235421634926
639193978929572.jpg,41.29808159295,-4.1067144398416,41.255270606816005,-4.37723519662306,23.102267443568973,41.137962341308594,-3.6906485557556152,39.09046832104613
1312897499968892.jpg,41.028696644456,-4.1413955966176,41.2508188237406,-4.506923758457161,39.33188374622763,41.0284309387207,-4.141473770141602,0.030264089058082186
1032116248855958.jpg,41.551015323429,-5.4616976403271,41.4725296348984,-5.252632945325379,19.472902891345186,41.55099868774414,-5.46165657043457,0.003886106288044166
2051619968611244.jpg,41.296404463948,-4.0147444528904,41.36309028234,-4.24611316967224,20.693150892932568,41.011592864990234,-4.146021366119385,33.522593657012244
3796718250437479.jpg,41.624752063297,-4.2728264457559,41.413939914848605,-4.68263869046474,41.39554593328363,41.62795639038086,-4.285883903503418,1.1422929312179035
316996819944884.jpg,41.300607827917,-4.3015456750783,41.22358733330479,-4.54098056040786,21.76869612145525,41.30023956298828,-4.30148458480835,0.04126596012536587
1347287945646950.jpg,41.593461141638,-4.5768961416392,41.4725296348984,-5.25263294532538,57.83161530761035,41.593509674072266,-4.577071666717529,0.015562268924319554
1222820899045890.jpg,41.12381071317,-4.7696054022935,41.232928545738595,-4.76407871492258,12.142162568305784,41.123538970947266,-4.769404888153076,0.03457046874603195
154053293285436.jpg,41.070614290366,-4.4093790216089,41.255270606816,-4.37723519662306,20.708410664482606,41.07060623168945,-4.409253120422363,0.010592256653286208
3380259912265653.jpg,41.493203119833,-4.6156764461917,41.32714313198019,-4.35774941260986,28.3484360215118,41.49403381347656,-4.61631965637207,0.10677997248577177
1287759609380888.jpg,41.11896237803,-3.9051555045331,41.1626545937778,-4.5285954499218395,52.43252934349127,41.1191291809082,-3.905745029449463,0.052751630378301974
317281319926781.jpg,41.342632565596,-4.5771056032588,41.287440790855,-4.9940772593587,35.361017310559724,41.3426628112793,-4.577043533325195,0.006177475637113944
1471061170499285.jpg,41.607101255945,-5.1408595810702,41.371240839282,-4.829449657619421,36.886776535609336,41.60692596435547,-5.140496253967285,0.03595044604506685
477700983329182.jpg,41.138714717873,-4.9651738501406,41.2836438604456,-5.109976425883599,20.159990478738802,41.13905334472656,-4.964918613433838,0.04329723638487582
1201220530345154.jpg,41.319844285056,-5.2088369708346,41.4413983593128,-5.2393819984929,13.754355142089493,41.16324996948242,-5.422786712646484,24.963951879688835
4015136205192431.jpg,41.612007115574,-4.1717388276877,41.3053846475686,-4.79825929151358,62.356262630527716,41.537811279296875,-4.766634941101074,50.16855627446264
987606236429246.jpg,41.153191631517,-4.0076590193849,41.2528308881822,-4.37874833554982,32.96336020735731,41.10256576538086,-5.496156215667725,124.79733330444957
461060881863440.jpg,41.162022789198,-4.7976627592222,41.220127612508804,-4.798235776325961,6.4611394776700575,41.52001953125,-4.934739589691162,41.419666241298685
2901219073528145.jpg,41.113072402316,-5.2108476810404,41.2836438604456,-5.1099764258836,20.759606439619304,41.113037109375,-5.211048126220703,0.017244918994162688
960521886062017.jpg,41.23587784129,-4.1092731599404,41.1616243529816,-4.21730927618332,12.242336829696962,41.132240295410156,-4.104898929595947,11.529781739070883
1745808485626808.jpg,41.610893931898,-4.7207165039563,41.3021419386184,-4.7273660912243205,34.336127203164004,41.61143493652344,-4.718262672424316,0.21268882969808076
1553482508191335.jpg,41.306740394133,-5.2282346867625,41.3194430968636,-4.91776162637036,25.969133767995434,41.309417724609375,-5.226279258728027,0.3395662756970494
156416799694905.jpg,41.343994956076,-4.5741465904717,41.2836438604456,-5.1099764258836,45.252278640409415,41.343955993652344,-4.574220180511475,0.007517337146959447
287824133061557.jpg,41.138295863557,-4.2694019822575,41.2252329040312,-4.47281383250908,19.576438275002786,41.1379280090332,-4.269370079040527,0.04099071746524702
589383072453826.jpg,41.413616387485,-4.312946429999,41.3490219340776,-4.9812305506542405,56.21720564837609,41.31464767456055,-4.3066229820251465,11.017464546279601
1163896719130379.jpg,41.304243726334,-3.6629831606461,41.238501234051796,-4.368877798554999,59.445053402559466,41.304534912109375,-3.6627604961395264,0.03734029941688678
949491466618943.jpg,41.321580834843,-4.0694968810237,41.319685718169595,-4.329122551794759,21.682440376485744,41.32172393798828,-4.069819450378418,0.03128624197567191
1401122576924876.jpg,41.491725034918,-5.0155212962462,41.3883818111156,-4.7865430504308195,22.279147546863218,41.49214553833008,-5.014225006103516,0.11765845258613764
3369211686719349.jpg,41.151056856484,-4.7903943972009,41.214728440746406,-4.69575312653806,10.623342688861445,41.097633361816406,-4.74959659576416,6.853203875927016
591335235157661.jpg,41.002247710093,-4.659393004102,41.235975704378,-4.798867758057161,28.494760046795292,41.00132751464844,-4.658466815948486,0.12849334929098433
979303106207383.jpg,41.309517223915,-4.3641420537112,41.312213803465,-4.41734763009466,4.453985243675253,41.30958938598633,-4.364288330078125,0.01461700326515303
2810401572547751.jpg,41.381186150287,-5.1530836594924,41.4221435669286,-5.1825934008003,5.176800230588165,41.28614044189453,-5.242721080780029,12.950205525963593
4144506108977563.jpg,41.627355460312,-5.1771772613964,41.2365154863602,-4.5828289684575605,65.90765435218073,41.626953125,-5.175756454467773,0.1262824099466857
1689644471624181.jpg,41.246655487104,-4.1030764761009,41.3370307511964,-4.55961955436974,39.44444515487868,41.24620819091797,-4.103174686431885,0.05041026484827322
7487783841323022.jpg,41.038732895028,-3.9178791897647,41.255270606816,-4.37723519662306,45.377724771507054,41.289405822753906,-3.676987409591675,34.40302720185157
1689229954620675.jpg,41.173931064301,-4.8328091784891,41.238344842991204,-4.952512648321919,12.311852185276578,41.173927307128906,-4.833385467529297,0.04823607183838009
2474453502738144.jpg,41.489203909122,-4.6142660132717,41.2621441236206,-4.77512938259666,28.593990017672635,41.4892578125,-4.614259243011475,0.006020251831761946
456846125403735.jpg,41.536882584379,-4.7637343912338,41.3685474426958,-4.87540655799924,20.90409877935283,41.53681945800781,-4.763545036315918,0.01725296705373992
470742020862867.jpg,41.177524674315,-4.9343239961817,41.275850341049804,-5.0135311722268,12.783451017224527,41.17755889892578,-4.9343109130859375,0.003959996477967149
1560614284144923.jpg,41.342996788655,-4.5763522065684,41.2391682882524,-4.67361435263128,14.118241228396387,41.34296417236328,-4.576415061950684,0.006378660396794624
3233946803583383.jpg,41.30831558355,-5.0068072947813,41.3685051693338,-4.72193113489456,24.70734112806736,41.30819320678711,-5.006836891174316,0.013830400308004436
2580334428934219.jpg,41.387805665677,-4.4756196723507,41.2836438604456,-5.1099764258836,54.214579056304245,41.38859939575195,-4.475325584411621,0.0916052427166416
999650844941660.jpg,41.18633360575,-3.7699012241444,41.152962286503595,-4.312376333954861,45.558364816389165,41.18488693237305,-3.797452926635742,2.311217107438584
530328274715134.jpg,41.645003788169,-5.1889632193875,41.2911556406968,-4.785644317077841,51.743575972090525,41.64964294433594,-5.190752983093262,0.5368586018852268
3833572000098092.jpg,41.627030929139,-4.2824158640689,41.4492964604652,-5.005738077446599,63.363485115244465,41.16542434692383,-5.411932468414307,107.28986979525058
931153620758670.jpg,41.16754923984,-4.6556423022338,41.2098119875306,-4.6869997983068,5.382342089789023,41.16566467285156,-4.6551995277404785,0.21280672588159302
3870301733005522.jpg,41.56654820718,-4.8606729688708,41.275850341049804,-5.0135311722268,34.74617008926393,41.566524505615234,-4.860720157623291,0.004728431863156152
949940829163377.jpg,41.246662767968,-5.2948447441288,41.2836438604456,-5.1099764258836,15.989361966252135,41.24628829956055,-5.295222282409668,0.05225039346327355
1103323806822443.jpg,41.293668947955,-5.2356498672304,41.2836438604456,-5.1099764258836,10.55918364252264,41.293601989746094,-5.235710620880127,0.009010909163156264
5606529259476141.jpg,41.007112932546,-3.9999610769209,41.18922772643741,-4.28631113220098,31.39765326569166,41.006996154785156,-3.99989914894104,0.013986264242504327
158476949558454.jpg,41.200590420363,-4.7654814772297,41.2836438604456,-5.109976425883599,30.24778615069153,41.20066833496094,-4.765316009521484,0.016331173073155843
561568759261609.jpg,41.326120424233,-5.0700430518694,41.235584899711796,-4.67203483140046,34.74828471156561,41.32602310180664,-5.0698652267456055,0.018373979874920506
1549908115573801.jpg,41.475165254633,-4.6169457833976,41.2448196380034,-4.68772259785016,26.28558658837232,41.14411163330078,-4.109816074371338,56.11808397617663
473042033763944.jpg,41.416102459476,-4.3479375522545,41.2247884097808,-4.577299527379201,28.62563616639166,41.415985107421875,-4.347716808319092,0.02256339912845283
1622186178476332.jpg,41.067327889272,-3.606897324932,41.2264584874074,-4.41274850921388,69.75717421893066,41.06740951538086,-3.6069962978363037,0.012297413122555811
824875645128036.jpg,41.163148375057,-4.2685188454419,41.2779061948066,-4.72927298710052,40.59443113917049,41.16343307495117,-4.268624305725098,0.032865108036256196
2023686354450715.jpg,42.06849625754,-4.2218014116387,41.22938364900481,-4.856428407168581,107.17328840253676,41.188106536865234,-4.660400867462158,104.4615671566235
30229049060072485.jpg,41.275531948988,-3.6022594129611,41.4492964604652,-5.0057380774466,118.71134121282262,41.27546691894531,-3.6022212505340576,0.007903054930114334
1215380225542842.jpg,41.593451080032,-4.5881137705401,41.4221435669286,-5.1825934008003,53.040673226710865,41.59291076660156,-4.590909004211426,0.24009073809183032
519646789398504.jpg,41.250581928697,-5.3822236739891,41.1560570350048,-4.51874896104094,72.99903092939005,41.25059509277344,-5.382262706756592,0.0035764131360291724
301850244928101.jpg,41.205238360373,-4.2624396587144,41.2475316643112,-4.61746186544558,30.060969975444745,41.205570220947266,-4.262539386749268,0.03783259967773204
1982015265897676.jpg,46.749205932078,8.0753484388868,41.1323343153912,-4.3882110131985,1175.1628217022237,41.19208908081055,-3.584669351577759,1117.3559312253453
2513164378992889.jpg,41.071260048947,-4.4583645000365,41.2508188237406,-4.50692375845716,20.375653496813676,41.07124328613281,-4.4580078125,0.029958832677115486
191954339336642.jpg,41.056165045565,-5.0404200593893,41.2836438604456,-5.1099764258836,25.955881888674902,41.05483627319336,-5.0418853759765625,0.19216353846679463
1406580127068033.jpg,41.504238210055,-5.0373192424066,41.4492964604652,-5.0057380774466,6.651702897918063,41.50424575805664,-5.0375542640686035,0.01958932791410966
473576785652728.jpg,41.040238586129,-4.6964466246805,41.2437072068592,-4.7257495164723,22.75735349894431,41.040672302246094,-4.6968584060668945,0.05931730027655061
328672371935122.jpg,41.338786261894,-4.5858111335581,41.2836438604456,-5.1099764258836,44.20676146867955,41.3387565612793,-4.5858845710754395,0.006963984241252217
1384083841959054.jpg,41.213216901465,-4.6666556377933,41.2098119875306,-4.6869997983067995,1.7433963245138806,41.213478088378906,-4.666693687438965,0.029216537591799454
1409062253597104.jpg,41.209493899082,-4.1364661456544,41.203554843410195,-4.147714505226681,1.149606086761788,41.21016311645508,-4.135647773742676,0.1011135835887947
791187541529058.jpg,41.110045775599,-5.2392315633773,41.2836438604456,-5.109976425883599,22.126232273938914,41.11004638671875,-5.239373207092285,0.011867049513147146
1302349784774904.jpg,41.504540504838,-5.0438016441064,41.491401325312594,-5.23494036965066,15.98544848491245,41.50428009033203,-5.043677806854248,0.030738278204239078
4538784819482867.jpg,41.513475219252,-4.6920538445787,41.3471896240906,-4.573584998534519,20.9626647157732,41.404937744140625,-4.68697452545166,12.07623671066525
1024974436250427.jpg,41.285728812593,-3.7498912759844,41.213838968561,-4.44524914149992,58.67951723019763,41.2857780456543,-3.7498223781585693,0.007944183427715499
1302262460783881.jpg,41.533957921985,-5.2825759710607,41.4636083784158,-5.2625696503292,7.997986286681749,41.533973693847656,-5.282595157623291,0.00237194352434387
1472775683650150.jpg,41.449470369021,-4.4966345876797,41.3720008026384,-4.76292184446196,23.81918170249423,41.449459075927734,-4.496673107147217,0.003447256512970366
145383384232363.jpg,41.049529799945,-5.0478456001403,41.20161682537,-5.26108912044374,24.597055173288016,41.04929733276367,-5.04810094833374,0.033566114545811765
8367329076720789.jpg,41.230498155879,-3.7000821086077,41.2098119875306,-4.6869997983067995,82.5763579553065,41.23066711425781,-3.700023889541626,0.01940789797029806
879018909319763.jpg,41.141814125833,-4.2685437269478,41.14616733607541,-4.49980231949686,19.37077726096583,41.141937255859375,-4.26869535446167,0.018672776055744304
2975012482821537.jpg,41.25172349661,-5.3856547906011,41.1560570350048,-4.51874896104094,73.30078385900087,41.25171661376953,-5.385646343231201,0.0010413655460934043
1040617577684147.jpg,41.22689340996,-4.8487988556695,41.3234953926682,-4.660452070527859,19.05586658367717,41.22665023803711,-4.848557472229004,0.03374387760377584
491024272132264.jpg,41.491912768545,-5.0148433782032,41.421889364113,-5.1918819664773395,16.68214760152408,41.49198532104492,-5.014622688293457,0.020073822848976852
873368394842675.jpg,41.003630912656,-4.0088083315002,41.3961841240332,-4.8176751372913404,80.5292185921677,41.00357437133789,-4.00892448425293,0.011598774655124164
103079025406183.jpg,41.636069958247,-5.1878294605203,41.1835230499152,-4.69763217471432,64.83344147940356,41.655860900878906,-5.193015098571777,2.24243916480257
1847023556077078.jpg,41.15903227272,-4.0144991399804,41.2508188237406,-4.50692375845716,42.4408682757519,41.15908432006836,-4.014577388763428,0.008741076487525257
506030533872269.jpg,41.23348199232,-5.1941326106771,41.2504797752694,-5.116856323699099,6.73192481666318,41.23379898071289,-5.1936187744140625,0.05557538660255618
225733458924381.jpg,41.243836911503,-4.673889325631,41.302555048372604,-4.913781695072279,21.08446030053077,41.24359130859375,-4.673832893371582,0.027714378464222606
1602111380731905.jpg,41.418245458823,-4.1237023732491,41.1560570350048,-4.51874896104094,44.03905257964482,41.19007110595703,-3.793428897857666,37.48113177029003
612826879878397.jpg,41.072709868839,-4.3975250558379,41.464399132107005,-4.79484549321996,54.768768998204386,41.16654968261719,-4.471915245056152,12.153609558850999
597000881701926.jpg,41.532553365499,-4.7305408345671,41.3440929938736,-4.64811487944238,22.053508615397934,41.53267288208008,-4.731385707855225,0.07157034270822421
2591671731136913.jpg,41.599573777655,-4.6582928963946,41.2836438604456,-5.1099764258836,51.49388926840267,41.602203369140625,-4.676789283752441,1.5655267205595609
2455922638098720.jpg,41.269205758142,-4.0956669167812,41.314455101236994,-4.3679878369174805,23.301359179142832,41.08888244628906,-4.126303195953369,20.214305852014068
864241564128604.jpg,41.110379578111,-5.2462630819756,41.2504797752694,-5.116856323699101,18.973048573255976,41.110389709472656,-5.246445655822754,0.015337316348877477
476644425442533.jpg,41.153989142498,-4.0071473080479,41.255270606816,-4.37723519662306,32.94571788154459,41.00548553466797,-3.8106977939605713,23.319618761042218
2634539503517628.jpg,41.512494692385,-4.997789604608,41.4221435669286,-5.1825934008003,18.385847720201273,41.51182174682617,-4.995257377624512,0.22372893409430059
1256738158114782.jpg,41.431628379632,-4.3773980290145,41.221363245068595,-4.64120024090608,32.12295845664433,41.43170928955078,-4.377685546875,0.02560256156827265
473137810467990.jpg,41.109591343684,-4.637415918031,41.268412386166396,-4.74548197901146,19.840655862730213,41.109275817871094,-4.637426376342773,0.03509580894163949
2182204718600661.jpg,41.241348299999,-3.7773511000023,41.2664567562694,-4.497514548935401,60.26715435268347,41.24080276489258,-3.7749252319335938,0.21170877090603737
5529412040463306.jpg,41.511385398121,-5.016757049491,41.267843775117605,-4.84197921601228,30.756175852459386,41.453861236572266,-5.085648059844971,8.593459256445604
961313438480142.jpg,41.240754723277,-3.8496894146944,41.1849167414696,-4.78591006584068,78.55863233312876,41.24073028564453,-3.849684476852417,0.0027485266951590686
4019328001662190.jpg,41.025572055707,-5.0737000937873,41.362488078263596,-4.39119588540332,68.29812523935588,41.02555465698242,-5.073687553405762,0.0022021648591898832
2398972803567750.jpg,41.406195803436,-4.8015121959151,41.302555048372604,-4.91378169507228,14.853350414472885,41.40680694580078,-4.801684379577637,0.06945662276501706
1022830358247107.jpg,41.030384138875,-5.3911830632261,41.2975302312404,-4.56539014346866,75.23953924692918,41.03029251098633,-5.391198635101318,0.01027194276627419
1002509601305498.jpg,41.144973119044,-4.1108518957406,41.1444997004686,-4.529674925321159,35.07028895475354,41.14470291137695,-4.1101861000061035,0.06333141220281559
3061902397325529.jpg,41.167886531425,-5.3688766872104,41.1982121228846,-4.2145534738128205,96.65926189607005,41.15940856933594,-4.015066623687744,113.33180834122044
4319487991435064.jpg,41.570922136742,-4.8532523221677,41.4413983593128,-5.2393819984929,35.23202550111295,41.571189880371094,-4.852878093719482,0.04307586091141556
1417739429459931.jpg,41.324820527219,-4.9020156578295,41.289254877574,-4.89194197611924,4.043243292273162,41.32481384277344,-4.902011394500732,0.0008241373367991188
3032737693616178.jpg,41.616603532808,-4.7034886074477,41.4413983593128,-5.2393819984929,48.677707181797025,41.202781677246094,-5.335137844085693,69.9442137657086
2988544024762484.jpg,41.309756021668,-5.2165315765898,41.3797844992656,-4.9626796742732795,22.576745507381723,41.309303283691406,-5.217185974121094,0.07430921339937906
1561985028077289.jpg,41.203676651742,-4.826048577254,41.2460753954388,-4.61927382961686,17.924297614090804,41.20355224609375,-4.825808048248291,0.024418882607277603
3119344488324268.jpg,41.162493056243,-5.4358555379916,41.2746424182646,-4.7342744589681605,59.99117463518767,41.16245651245117,-5.435363292694092,0.041407036881046425
966115114952558.jpg,41.071452209682,-3.7893396766651,41.2246827990724,-4.22623504931166,40.354999049252946,41.17555618286133,-3.679940700531006,14.763807685684515
202139171736429.jpg,41.153436356862,-4.7919273255124,41.2463645522076,-4.76025651927236,10.667471252672609,41.154685974121094,-4.792877674102783,0.16011940947800646
1027756314297338.jpg,41.048888987142,-3.9105569719656,41.3035120796762,-4.85597295054458,84.03901878337719,41.04301071166992,-3.9151909351348877,0.760431437844005
894343981420851.jpg,41.407146224836,-4.9624531386261,41.283391679055605,-4.84166070576546,17.059912701605217,41.24227523803711,-3.8343539237976074,95.96859382224307
502072397652552.jpg,41.268312415277,-5.2627048765539,41.4413983593128,-5.2393819984929,19.344477128790587,41.15711212158203,-5.451027870178223,20.026118173431424
894871895867560.jpg,41.246092630477,-3.7092350154629,41.2222208180732,-4.14276254604368,36.349036025281,41.246097564697266,-3.7092397212982178,0.0006751438101338642
1545337423299185.jpg,43.363739765248,-1.6898643701686,41.491401325312594,-5.23494036965066,357.7262738711252,43.361351013183594,-1.6934138536453247,0.39101136807877845
4251254831765058.jpg,41.141071161278,-3.687875450249,41.1560570350048,-4.51874896104094,69.589092954432,41.03450393676758,-3.808871030807495,15.596274366745666
1114256654142072.jpg,41.568380598959,-5.4907810100806,41.4492964604652,-5.0057380774466,42.504065919591056,41.56835174560547,-5.49062442779541,0.013415693301938859
4100256420039905.jpg,41.621130263715,-4.6941615454971,41.183523049915195,-4.69763217471432,48.66056302365189,41.61839294433594,-4.700028896331787,0.5749122432530966
1178224246500987.jpg,41.547540911416,-5.4373625700226,41.390316670961205,-4.71192568837534,62.92071662640515,41.24368667602539,-3.707102060317993,148.22737325049957
1002946187118663.jpg,41.489786334636,-5.0243798402245,41.4221435669286,-5.1825934008003,15.179504925023114,41.48989486694336,-5.023947715759277,0.037962333448433076
179148957317035.jpg,41.219613069132,-5.216338948657,41.20161682537,-5.2610891204437396,4.244694682830986,41.21947479248047,-5.216561317443848,0.02413148966775643
477777723642140.jpg,41.308210519566,-4.9120426881302,41.2308152047834,-4.388349135504041,44.60608784443496,41.12022399902344,-4.264729022979736,58.04015865515306
511056043594581.jpg,41.062931317094,-4.7025936340334,41.2779061948066,-4.7292729871005195,24.008198533645043,41.06340408325195,-4.702818870544434,0.05585798502480224
468780884421783.jpg,41.310613597566,-4.3951203661968,41.244189223239594,-4.43962694877106,8.269607299683503,41.311031341552734,-4.394690990447998,0.05868415637429348
1192792645753790.jpg,41.135904718274,-4.2167362753943,41.2517424779592,-4.61740502735016,35.91422635980558,41.13605880737305,-4.21557092666626,0.09908651468669058
2917716158439927.jpg,41.387266285175,-5.1474574756926,41.4413983593128,-5.2393819984929,9.7463998646385,41.38555145263672,-5.149177074432373,0.2386203450163267
490202483354240.jpg,41.558416282928,-4.6676821384863,41.3922929333278,-4.60863919664162,19.115797884494416,41.55812454223633,-4.667732238769531,0.032706823764208574
1812474529658963.jpg,41.54671009402,-5.3827761433759,41.491401325312594,-5.23494036965066,13.759130741038184,41.54664993286133,-5.382598400115967,0.016234168784534243
1467017634632114.jpg,41.517775523759,-5.1944842311027,41.4725296348984,-5.252632945325381,6.983313382112494,41.517696380615234,-5.194186210632324,0.026326777779903623
375912731247076.jpg,41.412593800003,-4.340422599998,41.2630020666948,-4.56685752025082,25.180755934714423,41.41294860839844,-4.3411335945129395,0.07121795091263333
877079009538951.jpg,41.26648824296,-5.26626498693,41.4413983593128,-5.2393819984929,19.578127214717476,41.2663459777832,-5.266497611999512,0.025065243905112847
916024982308098.jpg,41.631223992486,-5.1856184697276,41.1675228421896,-4.52753574014142,75.30889367719988,41.63181686401367,-5.186061382293701,0.07550528496046521
1160551971891819.jpg,41.191934076498,-4.158138594532,41.2508188237406,-4.506923758457161,29.89725832148305,41.19284439086914,-4.156955718994141,0.14157083545895396
851500695572228.jpg,41.057085281949,-5.1965873955911,41.158125760165795,-4.1709037894878005,86.66537580521498,41.05708694458008,-5.196587562561035,0.00018540546410841091
570548223892760.jpg,41.061695169986,-4.631341517105,41.3726362638276,-4.897147837951981,41.10629675445412,41.06006622314453,-4.631031513214111,0.18298595107206658
24016391431365692.jpg,41.088632311238,-3.8846042893262,41.2548164031044,-4.529768635778339,57.07481287378302,41.09445571899414,-3.885817289352417,0.6554638778752113
1842151136695825.jpg,41.299424071295,-3.9314877405393,41.2815897492398,-4.29970331747782,30.827839656569093,41.29933166503906,-3.931457281112671,0.010585477411775164
789243851725246.jpg,41.413905299748,-4.3436991778109,41.1724042757742,-4.46182306244326,28.609644874140482,41.41359329223633,-4.343121528625488,0.059363829700519385
1730043747182089.jpg,41.585468116362,-4.8343589962028,41.4413983593128,-5.2393819984929,37.33490338482343,41.58644485473633,-4.833442211151123,0.1327012005645776
312774800439978.jpg,41.41702905822,-4.965378471737,41.3139009275058,-4.81736171175978,16.85472247666791,41.416748046875,-4.96539831161499,0.031290801247967286
217656023224607.jpg,41.190709489658,-4.4480624113686,41.331764638700996,-4.4900708424581195,16.072854404129057,41.19137954711914,-4.4468994140625,0.1225623575303959
1451302356120684.jpg,41.298972091609,-4.107806348196,41.255270606816005,-4.37723519662306,23.03352243213257,41.082393646240234,-3.793109893798828,35.68434969088418
1790036415085196.jpg,41.170610017363,-3.7107111302167,41.091983731761005,-4.1998515223198405,41.88919307803936,41.1699104309082,-3.7106969356536865,0.07779953732808254
289311229562143.jpg,41.465733609789,-4.6725537179711,41.2128205465774,-4.938131954074879,35.811812450993344,41.463401794433594,-4.671563625335693,0.27209467771515106
830965030880282.jpg,41.25251546938,-5.2879736885847,41.2836438604456,-5.1099764258836,15.273950479823686,41.25459671020508,-5.283792018890381,0.4192341038104057
1106958534873960.jpg,41.521703334129,-5.2195332820463,41.4492964604652,-5.0057380774466,19.54427027793204,41.521705627441406,-5.21945333480835,0.006660663438116922
525538403959536.jpg,41.294634476244,-4.1049939565414,41.1800534800594,-4.6068418741435995,43.85447693039554,41.29487991333008,-4.105160236358643,0.03062343289719093
5844111788947480.jpg,41.484544873716,-5.036051153828,41.283844558102395,-4.7133175173585995,34.97155941432847,41.3160285949707,-5.218425750732422,24.135213878214977
800946520795221.jpg,41.030310048015,-4.6177057833217,41.2098119875306,-4.6869997983067995,20.78659215846801,41.0307731628418,-4.617980480194092,0.05641601272420173
132145865727707.jpg,41.083577098249,-3.8607533315798,41.2558863401404,-4.2764556438125805,39.72200339829899,41.08351135253906,-3.8608362674713135,0.010087768362411546
945067456592716.jpg,41.245825743913,-3.8508468532597,41.2975302312404,-4.56539014346866,59.99249203569549,41.245853424072266,-3.8508591651916504,0.003245457399264582
24203537312607372.jpg,41.138479329202,-3.6820135252011,41.2744872197026,-4.375314131786721,59.938170072524805,41.15217208862305,-3.6693930625915527,1.853366172607477
752780067573973.jpg,41.112402902784,-3.8962487028495,41.297809241976,-4.6158569696497596,63.63312144137537,41.11307144165039,-3.8968687057495117,0.09068668044330398
786585507180884.jpg,41.300734733548,-3.7367734222976,41.254029402787594,-4.44337387330542,59.27535768664609,41.30073928833008,-3.7367653846740723,0.000841027941216484
3744601568970765.jpg,41.510299028489,-5.0177962114868,41.267843775117605,-4.84197921601228,30.69125839693401,41.3109245300293,-5.224728584289551,28.09431324498754
1389000344813876.jpg,41.229790375353,-5.4829307838715,41.2161890765214,-4.609691007571881,73.04904318142636,41.22945785522461,-5.483137607574463,0.040819964461618154
4023972641258039.jpg,41.125404515022,-4.1041226792237,41.0959942904984,-4.427205151387059,27.264277066084563,41.12548065185547,-4.104072093963623,0.009467100396877197
3658204904469500.jpg,41.210671848973,-4.1350247537957,41.165236310396196,-4.2981409576324,14.554579022707197,41.21089553833008,-4.134754657745361,0.03360284788916961
971470216921783.jpg,41.459693860963,-4.9838733088458,41.220127612508804,-4.79823577632596,30.8188443405142,41.45911407470703,-4.98375129699707,0.06526613138516994
747633709937215.jpg,41.320830334675,-4.6239207407483,41.2836438604456,-5.109976425883599,40.812079066966575,41.32094955444336,-4.623805999755859,0.016357060724037364
155451413121632.jpg,41.307440712545,-4.644860288789,41.2836438604456,-5.109976425883599,38.94689629990062,41.30734634399414,-4.644999980926514,0.015692486058711534
5404068809666194.jpg,41.017404439547,-3.6280159741683,41.240212196920396,-4.56899255926308,82.61397512451468,41.0085334777832,-3.6362950801849365,1.2064526998873228
1482343189146375.jpg,41.156665354421,-4.7947392092697,41.3015185401204,-4.6373052717937995,20.80316544407749,41.15752410888672,-4.7953925132751465,0.11004382655180428
463493718046950.jpg,41.434153957589,-4.3858874528893,41.268822506772,-4.50866887209466,21.047729518457736,41.434181213378906,-4.386002063751221,0.010023652186935619
2469334573249328.jpg,41.02994873004,-3.8277408090741,41.186514438566,-4.455725829911481,55.419109881826095,41.602203369140625,-4.676789283752441,95.27304848566084
1641367646074509.jpg,41.408490611679,-5.1342701674091,41.298748686214196,-4.8757329842083,24.790824985276952,41.408023834228516,-5.134230136871338,0.0520105400308466
2878521659029024.jpg,41.474596228405,-4.9899270558418,41.2279928455696,-4.708497050592181,36.10746830303731,41.46723937988281,-4.986785888671875,0.8588891815286218
3333235190293077.jpg,41.537146507498,-4.5332888821499,41.255270606816005,-4.37723519662306,33.9386894538899,41.2055549621582,-4.116420269012451,50.69049118932295
1759858034430237.jpg,41.181267192216,-3.6938551958634,41.2219045149052,-4.2207050350733395,44.30861862821045,41.18637466430664,-3.6827001571655273,1.0926970894575625
4315029675187591.jpg,41.166105421069,-5.3884445135811,41.4010089385838,-4.98076925394206,42.92596110534872,41.16616439819336,-5.387916088104248,0.04471693019882423
1674112526118952.jpg,41.511825326996,-5.1460656108245,41.27667056224679,-4.8863085225204,33.95899277238001,41.52248001098633,-5.234820365905762,7.483915491939207
2944220435858139.jpg,41.183637984855,-5.3618046453341,41.289254877574,-4.89194197611924,41.0066539449903,41.32415771484375,-5.197856426239014,20.7841341232711
1480355949945411.jpg,41.109770686696,-3.8939313400016,41.272555019424196,-4.22155586023166,32.85088682828311,41.11016082763672,-3.8942177295684814,0.04957485084506054
3774070199504422.jpg,41.419654481732,-5.1262163610379,41.340385265556606,-4.479809299079561,54.647837250507614,41.41942596435547,-5.126427173614502,0.03089761705983518
2194951464356835.jpg,41.543172595329,-5.3281376979132,41.4636083784158,-5.2625696503292,10.39643639105215,41.543052673339844,-5.328166484832764,0.013548226252291129
704235161931587.jpg,41.142646890818,-4.1100216237771,41.1444997004686,-4.529674925321159,35.14099953552717,41.143150329589844,-4.110238552093506,0.058853309546575056
225322199394384.jpg,41.040203149949,-5.058112254966,41.2836438604456,-5.1099764258836,27.415349321262873,41.04008102416992,-5.058248043060303,0.01772301350655157
614532127147110.jpg,41.028438151809,-3.8293945934814,41.2447136156112,-4.22824530356118,41.15862346226213,41.18537521362305,-3.6054043769836426,25.62639458913731
415613487773232.jpg,41.45934550898,-4.5448925182506,41.3922929333278,-4.6086391966416205,9.156349645439937,41.45937728881836,-4.545010566711426,0.01045270083187222
5748460918616777.jpg,41.309124463949,-5.0294670010513,41.328824074185604,-4.49675957183994,44.54152854984102,41.309051513671875,-5.029337406158447,0.013526564498319944
2595551790778410.jpg,41.606747256791,-4.8069330426063,41.491401325312594,-5.23494036965066,37.85634210658622,41.60707092285156,-4.806390285491943,0.05772046291136614
1525880481448538.jpg,41.44434200789,-3.9924526078399,41.1952380889988,-4.34639065352578,40.50803927554297,41.07766342163086,-5.217678546905518,110.22915176759959
166847662043301.jpg,41.171020394742,-4.9404156203751,41.2836438604456,-5.1099764258836,18.918536108781417,41.170875549316406,-4.940530776977539,0.018769990904993195
3700322736880471.jpg,41.508053918376,-4.9872579684435,41.201250342577204,-4.41477241101326,58.71174439187708,42.305240631103516,-3.7411692142486572,135.9801180200697
883914842879549.jpg,41.308354310669,-5.0054981426742,41.3685051693338,-4.72193113489456,24.600969683368355,41.30839538574219,-5.005545139312744,0.0060224324918208665
1039517298000655.jpg,41.146960694548,-4.7869731267875,41.3666748748034,-4.93312021703024,27.31532014598314,41.12710189819336,-4.772048473358154,2.5373814536839747
488905502229891.jpg,41.316516222711,-4.3096056995837,41.37642598588,-4.800456639773861,41.51279842606827,41.316688537597656,-4.309875965118408,0.029607306178348027
548467062815855.jpg,41.036573332209,-5.3884662932301,41.2871274074538,-4.695173749057,64.37828716349989,41.0363655090332,-5.388591289520264,0.025375813917166264
290739462477998.jpg,41.116741726236,-5.2853791186102,41.24610738855141,-5.2349068859329,14.99214119966023,41.11677551269531,-5.285574436187744,0.01678772786847836
587229542950475.jpg,41.310366964951,-4.9869474995368,41.3471124510494,-4.69309595173754,24.874446303282788,41.310367584228516,-4.986947536468506,6.892957324977133e-05
702072797734621.jpg,41.4469362975,-4.5118470050179,41.283844558102395,-4.7133175173586,24.72981716877375,41.4468994140625,-4.512426853179932,0.04850306462748596
435460274291303.jpg,41.346795383294,-4.5657516263946,41.2836438604456,-5.1099764258836,45.99132732600398,41.34681701660156,-4.565594673156738,0.013320946393469776
1746532479452633.jpg,41.240988891637,-3.7051315892357,41.212851923548804,-5.00430440472436,108.69423326138495,41.133419036865234,-3.686814546585083,12.059032995435958
1597449274296324.jpg,41.12692986719,-4.2528142939367,41.2749635133174,-4.68128640083048,39.44601302552419,41.126991271972656,-4.252782344818115,0.0073335647207916745
4128355827248016.jpg,41.314982185753,-3.6242751776188,41.2775032026034,-4.59567792998248,81.25902296484009,41.318946838378906,-3.6287059783935547,0.5755662603847753
302798534647518.jpg,41.406796662877,-5.1357394760039,41.4221435669286,-5.1825934008003,4.263559020126129,41.40671157836914,-5.135992050170898,0.023091763284463253
1143733147779377.jpg,41.289268208454,-3.9194700614713,41.3860484558704,-4.4251353760368595,43.56717054840023,41.280765533447266,-4.6926727294921875,64.6123866529101
504751270567654.jpg,41.31578714159,-4.3081782877711,41.22358733330479,-4.54098056040786,21.992379554225696,41.316097259521484,-4.308595657348633,0.04903200437713522
2784099328424021.jpg,41.142553288316,-3.6786615364625,41.177707524883196,-4.04272496857224,30.727442182789936,41.06856155395508,-3.8137614727020264,13.993585374062592
817104473807620.jpg,41.044405554586,-3.9141700903737,41.2252329040312,-4.472813832509081,50.922929016050894,41.118499755859375,-3.718778371810913,18.332602938694194
854411565163739.jpg,41.247220615709,-5.294308657207,41.421889364113,-5.1918819664773395,21.221663510111597,41.2484245300293,-5.29306173324585,0.16967159057423073
498492283078262.jpg,41.246105912993,-3.7075930373353,41.1560570350048,-4.51874896104094,68.59845039848379,41.17763900756836,-4.933897018432617,102.86102436027431
2867629380115480.jpg,41.557330732891,-4.872722057487,41.267843775117605,-4.84197921601228,32.291412133773285,41.58951187133789,-4.831955432891846,4.930010767734013
307587027490256.jpg,41.287471803679,-4.681200841702,41.255270606816005,-4.37723519662306,25.654536519955368,41.187095642089844,-3.76940655708313,77.05380856721052
1902613980302487.jpg,41.138327681116,-3.6883561184768,41.255270606816005,-4.37723519662306,59.08614561875275,41.16608810424805,-5.409214019775391,144.11089298272125
1977959182998690.jpg,42.101478204045,-4.1937444254269,41.4492964604652,-5.0057380774466,98.95853538929927,42.101402282714844,-4.193968772888184,0.02034346151143711
1681215563266988.jpg,41.166576687314,-3.6539898661632,41.249138201105,-4.21512111043068,47.83045457458255,41.28151321411133,-3.9828977584838867,30.331814960478024
1680510456006542.jpg,41.162753733309,-4.1185035752267,41.254823899971996,-4.3165582077349,19.475836739506093,41.0037841796875,-5.398122310638428,108.69555162354223
726497695482453.jpg,41.0460935,-3.9128732,41.1391756742216,-4.19155798702642,25.545060913509545,41.046661376953125,-3.912416696548462,0.07384351107318911
487563118981326.jpg,41.254112545408,-5.2844783709307,41.4413983593128,-5.2393819984929,21.1627339027783,41.25437545776367,-5.283614158630371,0.0779350394049227
3841699582626470.jpg,41.622740266594,-4.2506309876648,41.4244950164214,-4.98502468351294,64.99045020279794,41.624061584472656,-4.266458511352539,1.3237813368822706
1327147892079012.jpg,41.246839844929,-3.8530217346757,41.3405545148136,-4.4790979627896,53.333229312632675,41.246803283691406,-3.8526830673217773,0.028604602356894743
3887343644711553.jpg,41.147731337932,-5.4689602670307,41.4413983593128,-5.2393819984929,37.87036990286915,41.16292190551758,-5.4275031089782715,3.860055760062306
1460166751448873.jpg,41.037471745645,-3.9209708640626,41.1727146347704,-4.33365871039712,37.70604806022279,41.03745651245117,-3.921027898788452,0.0050746639623585246
832889815726452.jpg,41.108401404585,-4.1239723154058,41.27497939706,-4.37184646680078,27.807798102546744,41.10757827758789,-4.124021053314209,0.09161858766107395
4064512440310294.jpg,41.136383638976,-5.4873118547249,41.4413983593128,-5.2393819984929,39.741662872562664,41.38325881958008,-5.150760650634766,39.305981653524434
1132445613924214.jpg,41.251094140928,-5.2899013088297,41.421889364113,-5.1918819664773395,20.679728002693135,41.25104522705078,-5.290027618408203,0.011877857197962227
6285223238241290.jpg,41.245749654982,-3.8508953245851,41.330132171899,-4.6997013744701,71.53731845179686,41.24575424194336,-3.8509106636047363,0.0013801424223966604
1985618858252069.jpg,45.408082928561,8.1977327201591,41.3551684992108,-4.79336925451462,1140.80616241369,41.12175369262695,-4.265221118927002,1114.4079287116726
1241570831062948.jpg,41.508395657892,-5.1111227640599,41.491401325312594,-5.23494036965066,10.483275567485599,41.5084114074707,-5.111330032348633,0.01734770191440755
24282181841392475.jpg,41.124533259613,-3.9101447375552,41.232086704709,-4.0305489864931605,15.63878197394776,41.12446975708008,-3.910109758377075,0.007644885024931547
1282301195497026.jpg,41.249963451994,-5.3936948297774,41.262157062689006,-5.05020668826982,28.745186126239123,41.25031280517578,-5.39260721206665,0.09887608180857753
776752799877211.jpg,41.248337319313,-5.2931261791691,41.2836438604456,-5.1099764258836,15.803123474031834,41.24846649169922,-5.292990207672119,0.018317399477135548
1497070217351715.jpg,41.471231212408,-4.5941599449153,41.32427614618361,-4.67363642085108,17.63416915373822,41.47119903564453,-4.5943427085876465,0.01564202913786821
2875073579300712.jpg,41.088318752851,-4.7421991834207,41.2934482493892,-4.6711837549865205,23.570698676597615,41.08803939819336,-4.741986274719238,0.03582295163500481
685068202831801.jpg,41.333103251018,-4.5999162410181,41.2836438604456,-5.1099764258836,42.9567445578984,41.335418701171875,-4.594112873077393,0.5486963755033837
630108000146258.jpg,41.289195350193,-3.6770397546803,41.295980128831005,-4.7417171501815405,88.95244967008814,41.28933334350586,-3.677009344100952,0.015553099236352992
1970726190392664.jpg,41.417231305909,-4.1597637738158,41.255270606816,-4.37723519662306,25.57339405928449,41.07782745361328,-4.130119800567627,37.8212737876237
2608847725952063.jpg,41.645960000572,-4.7661354978083,41.4492964604652,-5.0057380774466,29.593725043191398,41.647708892822266,-4.765199184417725,0.20945285132591845
1360381027671115.jpg,41.285147235621,-4.6878481278315,41.255270606816005,-4.37723519662306,26.171141861623934,41.285125732421875,-4.6878485679626465,0.0023913294452118147
2272613986590928.jpg,41.325750908022,-3.6469651973692,41.29514698051081,-4.493506561488959,70.78755308169627,41.32536697387695,-3.6472535133361816,0.0490122261237087
3049311415335557.jpg,41.580825683546,-4.8398347188546,41.4413983593128,-5.2393819984929,36.703666029608016,41.58123016357422,-4.839252948760986,0.06606334611067569
598757754859893.jpg,41.445599386302,-4.9775791710223,41.3381948289008,-4.7441927857230395,22.84002692367405,41.44587326049805,-4.977694511413574,0.03193481141641263
3020007338222397.jpg,41.046664595818,-5.3646704175846,41.1862039991366,-5.16307304858522,22.933731682075432,41.046669006347656,-5.364831447601318,0.013512949192174046
930161184408136.jpg,41.405322502162,-4.4044680537485,41.324979664056805,-4.7995828275568195,34.16237761167575,41.405052185058594,-4.4250168800354,1.7140744606609837
504999667532966.jpg,41.233279036357,-3.9302464722168,41.211941535147,-4.262692312008779,27.905407382422023,41.115867614746094,-4.261610984802246,30.653488730547853
471293943978669.jpg,41.166020534609,-5.4068609419584,41.345485788379,-4.8678125424348195,49.281833900487136,41.16604232788086,-5.40643835067749,0.03545723182689099
2229258550869710.jpg,41.546243313818,-3.7892169135683,41.2469680048462,-4.3173127512998,55.206889982758305,41.24079895019531,-3.7047252655029297,34.687437692059476
1995358147949477.jpg,41.517061360881,-4.9416080445841,41.4636083784158,-5.262569650329199,27.38643966811007,41.51710891723633,-4.9414873123168945,0.01135802355251055
1110296944345183.jpg,41.59412561324,-5.1151954822257,41.2917605272682,-4.400182256365101,68.42785074548168,41.59410858154297,-5.115156173706055,0.003777834526903881
311323513936612.jpg,41.126562967471,-4.6060519418725,41.2294261054562,-4.47808857530014,15.669091211763302,41.12641525268555,-4.606266975402832,0.024375766977362056
716394673980567.jpg,41.596531337801,-5.122483714724,41.3513835429812,-4.724739310397379,42.90862329634416,41.59699630737305,-5.122836589813232,0.059448844964177926
2955604431363953.jpg,41.602747148914,-4.6745933842901,41.340385265556606,-4.479809299079561,33.38342156911374,41.597023010253906,-4.636692047119141,3.215184742212495
340410961066462.jpg,41.119249108338,-5.183175795082,41.239153297264195,-5.1361586603944405,13.90127716460434,41.119014739990234,-5.183149337768555,0.02615464117806906
1617227815448775.jpg,41.172764,-4.000801,41.378871931800596,-4.75188875858958,66.81961905917028,41.17371368408203,-4.00042200088501,0.11026170968372902
606761961624627.jpg,41.239709327994,-3.8448507887306,41.195319565256206,-4.656126460252341,68.03601672411932,41.23982238769531,-3.8448729515075684,0.012707509697663575
801149467201592.jpg,41.395892928182,-4.4709037754876,41.1560570350048,-4.51874896104094,26.96659211743552,41.39589309692383,-4.4709038734436035,2.046514938205546e-05
1847969222039170.jpg,41.647357175655,-4.7312371226704,41.4413983593128,-5.2393819984929,48.09218433856991,41.61807632446289,-4.689848899841309,4.73630536485548
1238159690690113.jpg,41.119476217817,-4.7663120346759,41.225232904031195,-4.472813832509081,27.235389828530884,41.118919372558594,-4.765898704528809,0.0709414724200761
314692100113384.jpg,41.239039341309,-3.932217769402,41.139842220774796,-4.10172499206408,17.968112551340617,41.2388801574707,-3.932253837585449,0.017955519562072624
4136114229784434.jpg,41.473078089488,-5.0569453178081,41.2213632450686,-4.64120024090608,44.58502431437164,41.034912109375,-2.475851535797119,221.1912643433038
2971653116437946.jpg,41.099727062279,-4.9950851285702,41.2836438604456,-5.1099764258836,22.59752396277337,41.100040435791016,-4.994845390319824,0.04022127777678411
2804263636419041.jpg,41.309185180281,-4.898748246228,41.2960913408658,-4.841225981408241,5.020771779835746,41.31045913696289,-4.8984575271606445,0.14372359545978472
1558536342214327.jpg,41.275500172037,-3.9700302893885,41.363090282339996,-4.24611316967224,25.028962572333086,41.275543212890625,-3.970123767852783,0.009161308755134646
1001630912176444.jpg,41.031889978051,-3.619897876598,41.3452484723234,-4.73217586038116,99.38210139490354,41.03079605102539,-3.6205034255981445,0.1318182506033999
164762668924176.jpg,41.065000599647,-4.2065497076384,41.210565763762396,-4.419914050562641,24.109246303268385,41.065242767333984,-4.206833839416504,0.035951836574737585
1524095998753151.jpg,41.112992121166,-3.7196152577188,41.147308571283205,-3.89146439420374,14.890267612147126,41.113014221191406,-3.7195916175842285,0.0031561268577391197
310188235403107.jpg,41.081493854512,-4.2228490712301,41.2392734882308,-4.47663532193664,27.553315063513242,41.081912994384766,-4.2228474617004395,0.046606422648872235
2132538983824122.jpg,41.146464168506,-3.7336757078354,41.19339096524,-4.10206214131744,31.273469364886978,41.146732330322266,-3.7338995933532715,0.03522161072476725
1703191273553116.jpg,41.187411219475,-3.7783707224781,41.3350352706752,-4.355551021235439,50.96043367161137,41.176902770996094,-3.7587478160858154,2.015479104819396
319105169757235.jpg,41.070816999528,-4.449189645458,41.2508188237406,-4.50692375845716,20.59056989169173,41.0709114074707,-4.449987888336182,0.06773479139786463
1206452803117785.jpg,41.292065610552,-4.9004770955063,41.431297661956,-4.60249653423298,29.294085576704994,41.0120735168457,-4.668815612792969,36.68122885653071
1225076879039392.jpg,41.064961686794,-4.1344440240902,41.2508188237406,-4.506923758457161,37.40992463859955,41.06489562988281,-4.134427547454834,0.007473955141180877
972771700199166.jpg,41.089193139658,-5.004125056431,41.2746227944468,-4.717963862607441,31.60144283823244,41.08926773071289,-5.004044055938721,0.010717949429181422
2545218979017778.jpg,51.308542755725,-0.38635772313096,41.20957701401421,-4.538290697160541,1166.945070651608,43.274620056152344,-1.8487151861190796,900.0636464314664
183708123611195.jpg,41.398837951953,-4.9603765209287,41.2468932578722,-4.557626131290741,37.637867768987284,41.397850036621094,-4.9604387283325195,0.1099736487652908
1990983131382094.jpg,50.874993223094,8.0790640964876,41.331664434224805,-4.51696087407724,1434.5526195676678,41.38490295410156,-5.149806022644043,1462.9701345867709
181347357219310.jpg,41.437328152154,-4.383387200078,41.31258448844041,-4.72348871718846,31.586812622870763,41.437400817871094,-4.383370876312256,0.008193840270502531
306247490876154.jpg,41.046676801853,-5.3672241946363,41.180087473396604,-5.1678038532547,22.34215671990597,41.04667282104492,-5.367055416107178,0.014160758447018936
1191988484587351.jpg,41.587196461602,-4.5552941826114,41.4413983593128,-5.2393819984929,59.22039430133862,41.58729553222656,-4.55578088760376,0.04195042708584892
2939201296311514.jpg,41.601755186477,-4.6615794165221,41.4221435669286,-5.1825934008003,47.758461047697864,41.599666595458984,-4.658304691314697,0.357882985593692
1671915406766740.jpg,41.226557951549,-4.115629089261,41.295506444481404,-4.2812715725527,15.826446112606183,41.17676544189453,-4.802370548248291,57.720576454888125
1632710260262293.jpg,41.110001533741,-4.9872247495604,41.234780910546206,-5.25420922262824,26.30362264371039,41.1100959777832,-4.9871506690979,0.012198584538532715
1643152566072284.jpg,41.485915437965,-4.6806432703236,41.4931552859794,-4.77674540054018,8.045064906768578,41.487693786621094,-4.681330680847168,0.20586659545318398
463156001566466.jpg,41.076161912964,-4.6345459239223,41.2098119875306,-4.6869997983067995,15.496721015668724,41.07643127441406,-4.634634971618652,0.030867692529387723
120530604081667.jpg,41.584020233911,-5.1096617839082,41.2114112002282,-4.76191941458384,50.57617939492344,41.584190368652344,-5.110018730163574,0.035203197361311084
1296713048655641.jpg,41.512491927145,-5.1673566080762,41.4492964604652,-5.0057380774466,15.187055209553801,41.51250457763672,-5.167724609375,0.03067353248510657
500766081198969.jpg,41.338555398031,-4.5863806153792,41.274622794446806,-4.71796386260744,13.089615622711165,41.33852767944336,-4.586450576782227,0.006604225172261216
468240730912323.jpg,41.263626999206,-4.7093375991962,41.1862039991366,-5.16307304858522,38.911453655192766,41.2635383605957,-4.7094855308532715,0.015812274411512093
143345994480788.jpg,41.071432987378,-4.4621029062924,41.279863271405404,-4.7330595208397,32.42578971419157,41.071449279785156,-4.462422847747803,0.026881440021219276
176019497749003.jpg,41.333646995953,-4.5987729634872,41.2836438604456,-5.1099764258836,43.059042276724014,41.33358383178711,-4.598930835723877,0.014935783983946288
1637566203612884.jpg,50.668400463558,-4.758136445821,41.189371048002,-4.59140102426,1054.0981071151116,50.23014831542969,-5.389235496520996,66.1166424935917
1028640069132043.jpg,41.222363299217,-4.1130904429164,41.30473929868,-4.3895945608714,24.86014657085615,41.22270202636719,-4.112979888916016,0.03878306926184451
1467005551169880.jpg,41.633017406947,-3.6890634864372,41.3416759259762,-4.4732186095016,72.90929324386576,41.15633773803711,-3.740264892578125,53.17615277179271
462790888362319.jpg,41.085767223284,-4.351043423797,41.257529115880196,-4.5944896009720795,27.92814756182533,41.080108642578125,-3.7886433601379395,47.141223192214106
2569718913331866.jpg,41.459228758743,-5.0788186922765,41.4413983593128,-5.2393819984929,13.528052114089217,41.459476470947266,-5.078486919403076,0.039026525719541766
956473602534287.jpg,41.326547733688,-4.0807971340633,41.3657199977176,-4.241497554617939,14.104321102159096,41.326454162597656,-4.080570697784424,0.021581734243152618
4314826691901252.jpg,41.533025099147,-4.9044027307666,41.4221435669286,-5.1825934008003,26.251293132195187,41.53218078613281,-4.905521869659424,0.13225709535074795
2288317251622911.jpg,41.512064408828,-5.1460307268379,41.4492964604652,-5.0057380774466,13.612515294443218,41.511695861816406,-5.1475090980529785,0.12973858393628576
911882262930771.jpg,41.37966299626,-4.9614019733705,41.290183075446,-4.48040198278434,41.37377968103133,41.383140563964844,-4.9612040519714355,0.3870403108023394
1083847076546878.jpg,41.290212457081,-4.0015261948644,41.3176978101872,-4.438881037206739,36.66056553223072,41.290103912353516,-4.001290321350098,0.023109411399653567
538519867174022.jpg,41.049282569772,-4.7048247855326,41.2909013815198,-4.56186442752782,29.411111221481043,41.04928207397461,-4.704586505889893,0.019981515374241657
962395754564393.jpg,41.085064173008,-5.3095497570007,41.2504797752694,-5.116856323699099,24.463827717291792,41.08495330810547,-5.3096137046813965,0.013442280502662409
1185050941946348.jpg,41.007539490497,-4.6644758757586,41.16987061182181,-4.50766578761896,22.327610487702554,41.00804138183594,-4.664981842041016,0.07012122347719144
1214321567533082.jpg,41.196010279248,-4.0689767069798,41.3117308501394,-4.39002647590106,29.763613213987615,41.19609069824219,-4.069092750549316,0.013199769508453169
506576360379291.jpg,41.081498037017,-4.5560932728065,41.2508188237406,-4.50692375845716,19.272244773379235,41.0814208984375,-4.55648946762085,0.034297373036841154
451743128012995.jpg,41.126269676452,-4.771453915702,41.2252329040312,-4.47281383250908,27.310002150614217,41.126548767089844,-4.771660804748535,0.0355438017615136
4287447461369922.jpg,43.642281698359,1.5038210655959,41.283217654356996,-4.51482107165006,558.8713644301866,41.19007110595703,-3.793428897857666,513.117893139457
670009955081641.jpg,41.234415661662,-5.4996570766182,41.20638487261719,-4.36942615412656,94.58167663753504,41.47508239746094,-4.990156650543213,50.24555790126088
879491250269452.jpg,41.62658067245,-5.1754968262918,41.2252329040312,-4.47281383250908,73.64742993701526,41.62674331665039,-5.176002502441406,0.04575608433616858
848676632415201.jpg,41.224755774082,-4.7334577574236,41.2836438604456,-5.1099764258836,32.14910848858099,41.22100830078125,-4.73772668838501,0.5487369091862523
988770399272872.jpg,41.452477447296,-4.5264833673244,41.3381948289008,-4.74419278572304,22.164702763357788,41.45234680175781,-4.5263285636901855,0.019429015802430914
746002606079799.jpg,41.40267947877,-4.6867623507348,41.3471896240906,-4.57358499853452,11.280636550867714,41.335052490234375,-4.687803268432617,7.520279701674004
988056318630176.jpg,41.153015547188,-4.5742293851697,41.318068003384596,-4.4669601893549995,20.427654465881503,41.15291976928711,-4.5743794441223145,0.01647022645462347
400324380977981.jpg,41.115934050686,-5.1833745238387,41.2426312042612,-4.614130601035081,49.67997355587257,41.11600112915039,-5.183362007141113,0.0075321264272070945
156098603065590.jpg,41.420881208946,-4.3569204038209,41.2959568323678,-4.5555835866681,21.63056358140266,41.420982360839844,-4.357086658477783,0.01785159518659042
2018600535613108.jpg,42.575577080444,-2.0557015367567,41.121885873570804,-4.72221747585286,273.6753731012053,41.110496520996094,-3.7277469635009766,213.82191289370567
1128467220978218.jpg,41.417144833431,-4.9654518481902,41.1992851211012,-4.6517757792181795,35.683211097044975,41.416748046875,-4.965451240539551,0.04412068108408959
1477017792982717.jpg,41.150657549257,-3.6706682440414,41.211555905397006,-4.49541229196012,69.35300532594974,41.13941955566406,-3.680962085723877,1.5180530014656821
1426597828395734.jpg,41.568266808993,-5.4901662689547,41.4492964604652,-5.0057380774466,42.451516965319755,41.56825256347656,-5.489897727966309,0.022396612357346215
512069349804683.jpg,41.174463068338,-4.9376504129984,41.272053410640396,-5.129430338751699,19.36547830190919,41.17441177368164,-4.937703609466553,0.007235756489402004
948688285895850.jpg,41.369527198409,-4.6834317134149,41.3471896240906,-4.573584998534519,9.498527002331425,41.38023376464844,-4.6844987869262695,1.1938407135893947
169245891779594.jpg,41.131327651676,-4.9708212593174,41.2836438604456,-5.1099764258836,20.551606103351126,41.10563659667969,-4.9904656410217285,3.2967828653773275
1555954828647036.jpg,41.037751031825,-3.919728990378,41.290901381519795,-4.56186442752782,60.677530521216305,41.03778076171875,-3.9196109771728516,0.01043543709440276
356641592733789.jpg,41.223179301784,-4.735637700715,41.2836438604456,-5.109976425883599,32.00744910103987,41.22352600097656,-4.73527717590332,0.04894245748204869
1314115896312599.jpg,41.079959604069,-4.1293567135906,41.181894579264,-4.26876720402244,16.2728031438867,41.079750061035156,-4.129427433013916,0.02404229138749076
2874452356157245.jpg,41.103624632231,-5.4951376602743,41.4041107781826,-4.910790561872,59.18270793106016,41.152130126953125,-5.458317756652832,6.212978198441289
4330763473846037.jpg,41.110693818873,-3.7276744078634,41.125713777815804,-4.4203693253737795,58.050374703929016,41.033782958984375,-3.809230089187622,10.948878357832758
2847214402210360.jpg,41.101599149737,-5.2999668279259,41.2836438604456,-5.1099764258836,25.73867916543573,41.10171890258789,-5.299896240234375,0.014570364392115558
728480113435312.jpg,41.583498619399,-5.108547452488,41.2460753954388,-4.61927382961686,55.42902556884301,41.5843620300293,-5.109799861907959,0.1416607418514454
1661575644512888.jpg,41.546334978475,-5.4281940328613,41.4492964604652,-5.005738077446599,36.800719352606365,41.54631042480469,-5.428055763244629,0.011826332759494539
2064019103992320.jpg,41.547679894519,-5.4354839478437,41.339361941004405,-4.601398131896261,73.28026337979058,41.54777145385742,-5.436330318450928,0.07116584307557323
803801823572036.jpg,41.412991431296,-4.6856178836489,41.2098119875306,-4.6869997983067995,22.59281817183015,41.413116455078125,-4.68546199798584,0.01903299988203776
1532488128110305.jpg,41.513979035674,-5.1801347925087,41.4492964604652,-5.0057380774466,16.210788406679026,41.51403045654297,-5.180324077606201,0.01676539873594156
24527297016886914.jpg,41.547264434166,-5.3945055153661,41.4492964604652,-5.005738077446599,34.160874599918316,41.5472412109375,-5.394522190093994,0.002931534975568178
1316356266937963.jpg,41.321603449126,-3.6500968583487,41.2023134137704,-4.404453984523061,64.43317206475241,41.31746292114258,-3.653109312057495,0.5246556145553817
913281906141277.jpg,41.34290249743,-4.576373787086,41.2836438604456,-5.1099764258836,45.05077326099909,41.34286880493164,-4.576448440551758,0.007271600057249769
1395374721673417.jpg,41.260393806442,-4.099669625617,41.314455101237,-4.3679878369174805,23.210693772956787,41.198997497558594,-3.730700969696045,31.60184648608519
3064226267195618.jpg,41.64763429141,-4.7182976163209,41.2528308881822,-4.378748335549821,52.23089982771316,41.18766784667969,-5.35822057723999,73.91339796632084
983920315679929.jpg,41.327977622827,-5.1941878681618,41.4655776088486,-5.12032025549162,16.49444839786103,41.326595306396484,-5.195254325866699,0.17763956800379146
812525686030551.jpg,41.128664444168,-4.9729717256377,41.2836438604456,-5.109976425883599,20.69629642464031,41.12877655029297,-4.97288703918457,0.014342327132026494
388021073951180.jpg,41.489582216984,-4.6120899548343,41.4531800383034,-4.7505095224537595,12.222395766226361,41.48953628540039,-4.6118550300598145,0.020223260749679783
296609038625986.jpg,41.299513441944,-4.6575706669515,41.2836438604456,-5.109976425883599,37.83851707364276,41.2994270324707,-4.657707214355469,0.014914251079856406
1864358790691931.jpg,41.522632121157,-4.9278037496513,41.220127612508804,-4.79823577632596,35.33186035612844,41.51755142211914,-4.940853595733643,1.2245613615307394
833855661417484.jpg,41.243405768316,-3.8501114244721,41.199409163744,-4.8167834038951405,80.99733689794455,41.24345016479492,-3.850123167037964,0.00503334362926451
2140634026433915.jpg,41.521785777188,-5.2173880527134,41.4492964604652,-5.0057380774466,19.385382127253415,41.52178192138672,-5.217499732971191,0.00930749145240508
1249271423590906.jpg,41.167740899596,-5.3669544179327,41.1560570350048,-4.51874896104094,71.01777254558945,41.167701721191406,-5.366997718811035,0.005667086806045591
827667077885617.jpg,41.481854323265,-4.9934170745298,41.4413983593128,-5.2393819984929,20.983962824850437,41.48215103149414,-4.993458271026611,0.03317045369015209
183065543566740.jpg,41.251492212714,-5.3852034782193,41.1560570350048,-4.51874896104094,73.25982475019384,41.25149154663086,-5.385205268859863,0.0001670161109437435
1614663772663355.jpg,41.137871301475,-3.6905622328149,41.255270606816005,-4.37723519662306,58.917521873335424,41.273685455322266,-3.6962947845458984,15.109457489610197
933285670546771.jpg,41.234345582526,-5.192740923779,41.2504797752694,-5.116856323699099,6.593512176849838,41.23398208618164,-5.193326473236084,0.06349164743992698
2165819833837678.jpg,41.289393000152,-3.9997679794211,41.3176978101872,-4.438881037206739,36.814830142118275,41.16579818725586,-4.1211018562316895,17.083219746609064
1472324443962042.jpg,41.944951785139,-4.4773131578475,41.4492964604652,-5.005738077446599,70.44423861872727,41.9442138671875,-4.479348182678223,0.18724421212802492
1230890005225549.jpg,41.1408687,-4.0705758,41.3096270246202,-4.25299146135944,24.18405780681172,41.14094924926758,-4.070333003997803,0.022217191235982044
1508298226758580.jpg,41.192273995905,-4.1183773183417,41.1444997004686,-4.529674925321159,34.83511536066815,41.19356155395508,-4.118197917938232,0.14395471585223443
1475977910198801.jpg,41.547206626851,-4.8857178225616,41.4413983593128,-5.239381998492901,31.718506842402896,41.532684326171875,-4.9044389724731445,2.2439672439530254
176418924386921.jpg,41.116483788207,-4.6294798799112,41.2294261054562,-4.47808857530014,17.840445442213195,41.11629104614258,-4.6297149658203125,0.029106049197862204
856254628323781.jpg,41.236394587735,-4.4305052691468,41.20550172454939,-4.34726113693824,7.763676217868083,41.23690414428711,-4.430310249328613,0.058960071997185684
1833984760521744.jpg,41.454679387149,-4.1681753547987,41.2098119875306,-4.6869997983068,51.1656790297981,41.45207595825195,-4.166691780090332,0.31478640104045125
1292428659356580.jpg,41.177545024996,-3.7595946352214,41.18874464571461,-4.4840619153615995,60.64057300862575,41.17757034301758,-3.7596280574798584,0.003968627617203909
1496487727608190.jpg,41.157593100228,-3.7415444092501,41.2783647582286,-4.23349631435134,43.28360842524875,41.171382904052734,-3.7576351165771484,2.0409478973180093
6795861520428223.jpg,43.387951245561,-1.7911228742093,41.2408778010062,-4.779093372223139,342.53229695521156,41.18060302734375,-4.795486927032471,348.2733441272433
299659498363887.jpg,41.290874691008,-4.328960325769,41.393129448821,-4.419024970491679,13.63139393513029,41.29092788696289,-4.329005241394043,0.007005060613451905
1645331802713407.jpg,41.175309543331,-3.7169638417796,41.363090282339996,-4.24611316967224,48.90563812698548,41.42535400390625,-4.056975841522217,39.74656899625262
4188813811438364.jpg,41.544196125192,-5.3001614531402,41.491401325312594,-5.23494036965066,7.996822430253491,41.54419708251953,-5.300161838531494,0.00011117690643140726
1270292900968238.jpg,41.260806188691,-3.9304264123784,41.255270606816,-4.37723519662306,37.35399373837822,50.72834777832031,-4.32770299911499,1053.1855330094438
4164754183645499.jpg,41.250627026891,-5.3916137167661,41.2391682882524,-4.67361435263128,60.043338468990356,41.250648498535156,-5.391544818878174,0.0062350885435508265
200672601902540.jpg,41.536327782606,-4.7056365969126,41.4617955347096,-4.97642351318258,24.026092497841155,41.53630065917969,-4.7058000564575195,0.01393556684895758
274878917459894.jpg,41.61934454079,-5.1600468369562,41.2279928455696,-4.708497050592181,57.54237931023146,41.619163513183594,-5.159814357757568,0.02790436910511206
485574212686046.jpg,41.19402450904,-4.7787614532417,41.250479775269405,-5.1168563236991,28.965404100286722,41.194156646728516,-4.778435707092285,0.030964022364802193
1395078971892824.jpg,41.450131950113,-4.4885199294659,41.2475316643112,-4.61746186544558,24.967279783746513,41.450172424316406,-4.488715648651123,0.01692151480961809
1336309263909480.jpg,41.237015541497,-3.846881149415,41.249138201105,-4.2151211104306805,30.817878344548948,41.237037658691406,-3.8468432426452637,0.004011860727029974
333101431840295.jpg,41.20699973688,-4.6650585419438,41.2098119875306,-4.6869997983067995,1.8619206456571848,41.20661926269531,-4.664959907531738,0.04310394667809117
3335631180066152.jpg,41.097653360011,-4.7493357866827,41.2508188237406,-4.50692375845716,26.489957039398046,41.097923278808594,-4.749545097351074,0.034762640205754335
3493239587443382.jpg,41.009320135519,-4.666157578322,41.2255220608,-4.61379652216458,24.43742843175419,41.00925827026367,-4.666103839874268,0.008225200816957785
547021006305869.jpg,41.08516965047,-3.8602303501113,41.255270606816,-4.37723519662306,47.227601895896484,41.060909271240234,-3.8936269283294678,3.8877466439312127
706176151457180.jpg,41.000905916156,-4.0141197609929,41.280014123880406,-4.46063219221824,48.593152106851555,41.001014709472656,-4.013935565948486,0.019628424197910874
2841655709386373.jpg,41.126266099386,-4.2686118331111,41.30473929867999,-4.3895945608714,22.276496009468566,41.1260986328125,-4.268599510192871,0.018650016760686724
1176708786679632.jpg,41.441704483481,-4.4771826756833,41.2475316643112,-4.61746186544558,24.562304805275883,41.44161605834961,-4.477119445800781,0.011155944222573334
2429819540497941.jpg,41.297100431547,-5.2325121887434,41.325955354433795,-4.9349902340446805,25.055895474592894,41.26011657714844,-5.273229122161865,5.337491498434736
2940754776207819.jpg,41.472110812914,-5.0585697776171,41.2987486862142,-4.8757329842083,24.581965099595248,41.392662048339844,-5.143925666809082,11.343734094493065
534633897530322.jpg,41.446596783224,-4.9779704326066,41.2452301910674,-4.88356971764608,23.737195514463664,41.44563293457031,-4.977575778961182,0.11210941472307129
476329901632629.jpg,41.304243478849,-4.0314905001173,41.3650440643942,-4.368672124824021,28.952485103061523,41.3041877746582,-4.031373500823975,0.011570635570583788
237193942397118.jpg,41.181630053835,-3.9973242378146,41.2796538277734,-4.53149544157356,45.98083451366483,41.182151794433594,-3.9970498085021973,0.062395393986224845
2052440128231679.jpg,41.165266264307,-5.41269464491,41.477294574672996,-5.14526069322678,41.26233958329077,41.1652717590332,-5.412695407867432,0.0006143145978411468
491217725632586.jpg,41.251315453267,-4.7179127330241,41.2836438604456,-5.109976425883599,32.964615619069455,41.234066009521484,-4.722236156463623,1.9518164461880405
471114184116205.jpg,41.0215011292,-4.6779310948726,41.3332664370282,-5.00731703376392,44.29155295004816,41.01444625854492,-4.671173095703125,0.9679091675459163
372016977488425.jpg,41.241641707016,-5.4358842768817,41.2504797752694,-5.116856323699099,26.690674737615808,41.239688873291016,-5.445274829864502,0.8146431116106226
1138551877829977.jpg,41.411757343831,-4.3250890486185,41.2923912732566,-4.6286087816579595,28.601058750013085,41.41276931762695,-4.325311183929443,0.11404094220020664
4220185184711762.jpg,41.596975198263,-4.6285960152384,41.4221435669286,-5.1825934008003,50.05901718788481,41.596954345703125,-4.628759860992432,0.013820531773729928
577753803132172.jpg,41.157655722842,-4.7952735686867,41.3485444097036,-4.71639948751788,22.226393381968975,41.157806396484375,-4.79532527923584,0.01730441644363752
1765768041041421.jpg,41.137616507528,-4.0805782003816,41.0959942904984,-4.427205151387059,29.403783009534155,41.13735580444336,-4.08100700378418,0.046150616908188814
1466800417476655.jpg,41.007134380528,-3.9961526105396,41.3374482486112,-4.88220957017448,82.75929812314645,41.00710678100586,-3.9963719844818115,0.01866191505471232
2659437501025624.jpg,41.100395248665,-5.4980319728337,41.417522161016,-5.03213911205174,52.536318103850924,41.14662170410156,-5.471671104431152,5.594336406049805
222142130788111.jpg,41.237707638455,-3.8461262237889,41.2519476448546,-4.09864367662946,21.17161225020788,41.11660385131836,-5.284249305725098,121.11167153947937
1856105411520396.jpg,41.244481486899,-3.7906197811018,41.254823899971996,-4.3165582077349,43.98406209409576,41.601165771484375,-4.4775824546813965,69.66921291187087
24083375744664426.jpg,41.400526305084,-4.9602970871535,41.3965935693308,-4.92211673446204,3.2145220617312655,41.39994430541992,-4.960200309753418,0.06521688432694414
1223549531439850.jpg,41.141990240448,-5.4820245831385,41.2836438604456,-5.1099764258836,34.88016169185038,41.141395568847656,-5.482865333557129,0.0965874571460718
3071887613101662.jpg,41.540882973278,-5.0686048116968,41.332783259414995,-4.6611837232456,41.096601672106154,41.54734802246094,-5.073801040649414,0.8389280043900784
2916178315296044.jpg,41.415825868849,-4.3467328248701,41.287951204908,-4.65444679386486,29.35806924591328,41.415531158447266,-4.346222877502441,0.05368573531385796
2912562729027135.jpg,41.371302383267,-5.1613818434622,41.3904281104324,-5.132096579280441,3.2392581857123024,41.37115478515625,-5.161510467529297,0.019610159358354806
1565206377634767.jpg,41.178872446721,-5.3686684489057,41.1817115238356,-4.50580759615986,72.21314042768569,41.41376876831055,-5.127751350402832,32.974132251163205
1467296483605931.jpg,41.481217398503,-4.992230266558,41.331019193336594,-4.8018301717462,23.045403674118855,41.04726028442383,-3.9119505882263184,102.37645699544497
3048999035404860.jpg,41.109929656135,-3.728138516956,41.198525125711605,-4.4381728289296,60.25691630399347,41.10993576049805,-3.728132724761963,0.0008343979960936907
869507721855547.jpg,41.022407642808,-3.9605827196682,41.1807976644606,-4.2685944542400005,31.2451742777058,41.0224494934082,-3.960502862930298,0.008156972241171954
114191388151279.jpg,41.312669945545,-5.0363631525431,41.3119622195958,-4.633858388700121,33.617655480008196,41.32017517089844,-5.048501491546631,1.3130632541239076
1598253344286842.jpg,41.205924327044,-3.7339806705187,41.255270606816005,-4.37723519662306,54.0715416471267,41.166080474853516,-5.408820152282715,140.22277750638895
775646936301313.jpg,41.393394347498,-5.1434740400919,41.421889364113,-5.1918819664773395,5.132061869116762,41.393577575683594,-5.143447399139404,0.02049488567271346
141982161271671.jpg,41.354337632116,-4.6854455771551,41.451611093432,-4.577329475913681,14.082116238094962,41.33341598510742,-4.687521457672119,2.33282660030014
3972090652839524.jpg,41.354115044272,-5.1695424094104,41.4221435669286,-5.1825934008003,7.642378819726544,41.354732513427734,-5.169317245483398,0.07118513735500802
953111885457490.jpg,41.053415633578,-5.043636701079,41.2836438604456,-5.1099764258836,26.195534874607578,41.0536994934082,-5.043206214904785,0.047950635127060846
329614352597253.jpg,41.157333335259,-5.1985747672285,41.093354012272,-4.839382994586381,30.915583435625752,41.15744400024414,-5.198633193969727,0.013241928312936024
1572647659952727.jpg,47.840980971177,7.5765774619244,41.2356881087064,-4.0887716292367795,1178.612122467599,41.26841735839844,-3.7061126232147217,1152.6647173311785
592351869019968.jpg,41.581461963534,-5.1055243650046,41.248450635161,-4.6133994453126,55.27435727186706,41.5816650390625,-5.105791091918945,0.03165558554502532
1399404543744709.jpg,41.308037266493,-4.8988693920849,41.4492964604652,-5.005738077446599,18.061744520430683,41.30769348144531,-4.89932107925415,0.05370951572524719
2989459064631696.jpg,41.578179411848,-4.8446779444323,41.4492964604652,-5.005738077446599,19.626918113550776,41.5780143737793,-4.844939708709717,0.028475540753600703
1196654351317685.jpg,41.110020111539,-5.4909465349279,41.2522950577732,-4.59770183178186,76.40987541503051,41.11811065673828,-5.489678382873535,0.9058788332286232
1492116248490791.jpg,41.56720147352,-5.4862799600429,41.4492964604652,-5.0057380774466,42.10742399770464,41.56724166870117,-5.486381530761719,0.009559260417858878
1558797648438970.jpg,41.307470817945,-3.7467731257134,41.3348550986522,-4.195101323577259,37.563308389069945,41.30755615234375,-3.7468082904815674,0.009932957008628802
7022193781243145.jpg,41.486697499046,-4.6144197131394,41.2703131492892,-4.6391843199700595,24.14940036816011,41.48726272583008,-4.614490032196045,0.06312269945240125
1631521474274267.jpg,41.447217436649,-4.5094864479422,41.3677130783798,-4.692174155863261,17.61500905418425,41.44720458984375,-4.509650707244873,0.013764995976612843
1520644592424130.jpg,41.597226650309,-4.821733828046,41.4725296348984,-5.252632945325379,38.45284094742842,41.59727478027344,-4.821658611297607,0.008231790828177923
814930423601953.jpg,41.238290164201,-3.8458141143537,41.2064289965262,-4.28777352359118,37.13312605610807,41.007511138916016,-5.108728885650635,108.85264040141479
2024295174762896.jpg,41.057315484088,-4.1334584544482,41.1370011267084,-4.24712911153742,13.009204080746677,41.05647659301758,-4.1333465576171875,0.09375108304937473
3624095684506893.jpg,41.335495564385,-4.099455888621,41.274293246016796,-4.521890419329259,35.93638536424846,41.33534240722656,-4.099143028259277,0.03118244959950202
1087750536188479.jpg,41.301830590765,-4.9002293191416,41.368642353262,-4.9864547233339005,10.344996124724876,41.30214309692383,-4.900171279907227,0.03508568872084192
272162164605033.jpg,41.126086298413,-5.1811730365727,41.23943466136,-4.60389880470594,49.92714561420529,41.12614440917969,-5.181201457977295,0.006886188270068726
1369072903476457.jpg,41.036792541265,-5.4089012757663,41.093354012272,-4.839382994586381,48.15904161197614,41.0367546081543,-5.40902853012085,0.011476439504030439
2603710709933984.jpg,41.554820222176,-4.8762297711637,41.2836438604456,-5.1099764258836,35.904239140122804,41.59077453613281,-4.831520080566406,5.460424155689245
304074714516684.jpg,41.109928167837,-4.2526780409902,41.2492168392978,-4.89884198316682,56.25207163518751,41.10974884033203,-4.252439975738525,0.028203226647081525
669848973810351.jpg,41.198841576935,-4.7687268358115,41.214008172595996,-5.04846164679512,23.462315481885643,41.19865036010742,-4.769026279449463,0.032859662386765374
837130583569330.jpg,41.187626323122,-4.4497402721991,41.3224077378306,-4.2813998048544395,20.558211592164508,41.06367111206055,-3.8552186489105225,51.66913768445704
4215480088740413.jpg,41.568813868076,-5.4958757826705,41.4492964604652,-5.0057380774466,42.92215273472276,41.568817138671875,-5.495804786682129,0.005917450235194853
529803248382552.jpg,41.595948347128,-5.1218077084177,41.2907658274058,-4.78536227674332,44.02282035439046,41.59617233276367,-5.121922492980957,0.026672468704530026
1090115026488273.jpg,41.160019376969,-4.1176501309388,41.112902996181,-4.4975193341773805,32.240977646658656,41.16023635864258,-4.1177215576171875,0.024857182917322692
539537510763192.jpg,41.070715489377,-4.6332535500848,41.2131956638152,-4.3222992068694595,30.4799756541155,41.070960998535156,-4.633311748504639,0.027731894489744367
1020557631681410.jpg,41.396147993798,-5.1421364840618,41.4413983593128,-5.2393819984929,9.543015054207494,41.39627456665039,-5.1421051025390625,0.014315614038066067
987434235554347.jpg,41.00017418334,-3.8142925399312,41.255257253952195,-4.1720772648882205,41.26170102433208,41.16629409790039,-5.405239105224609,134.6146495496935
1428912798316626.jpg,41.108240881553,-3.8926622405707,41.2318121550142,-4.401480323908539,44.751189292465426,41.09479904174805,-3.886183500289917,1.5901934303695995
460830811656970.jpg,41.128634092312,-4.6462523885565,41.3471415909928,-4.869956705734619,30.663137389885673,41.128177642822266,-4.646115779876709,0.052028567515058334
1670159213870739.jpg,41.246602242777,-4.1030905371605,41.2809748406396,-4.18889274613768,8.126512780265562,41.24614715576172,-4.103189468383789,0.051274879728761255
2934755316772095.jpg,41.054268965474,-4.7008072535797,41.1992851211012,-4.65177577921818,16.639810263955976,41.05311584472656,-4.700582981109619,0.12959290092811365
258249239366625.jpg,41.295155972823,-4.9012060007535,41.353970035470596,-4.98901678955432,9.825338561888527,41.29544448852539,-4.901175022125244,0.03218570281034149
2862450647417650.jpg,41.508031625785,-4.9687863483987,41.3022764471164,-5.013008485964461,23.174304421812597,41.166221618652344,-5.388880252838135,51.717451363783915
497794438238341.jpg,41.402686772143,-4.3147960168449,41.236386392424,-4.4573600233514,21.993000238711186,41.402687072753906,-4.314867973327637,0.006001630495467463
1475343510097829.jpg,41.094394399333,-4.1244331974703,41.1370011267084,-4.24712911153742,11.317840161525224,41.09378433227539,-4.124477863311768,0.06793954658669575
518396665848178.jpg,41.163587835854,-4.4797384201207,41.2441892232396,-4.43962694877106,9.570089157155973,41.16379165649414,-4.4794602394104,0.03249499534953085
1774883333201573.jpg,41.558061259916,-4.8717092113897,41.4725296348984,-5.252632945325379,33.111129018548795,41.558074951171875,-4.8716912269592285,0.002134692547365723
966090724143230.jpg,41.250988820993,-5.2866149370071,41.4413983593128,-5.2393819984929,21.53657949059145,41.25114822387695,-5.286334991455078,0.029357824153357703
1802716453467173.jpg,41.371247082366,-4.1766205600853,41.365719997717605,-4.24149755461794,5.4486908545402954,41.37094497680664,-4.175835132598877,0.07364794111145538
183113893817415.jpg,41.055964967269,-5.1960369176457,41.254823899972,-4.3165582077349,76.87960735463936,41.055965423583984,-5.1960368156433105,5.145569194337961e-05
275956580888645.jpg,41.602639136152,-5.1315671244724,41.288122321554205,-4.8413821275548,42.521682010532544,41.602848052978516,-5.131969451904297,0.04072757544763611
298431768426658.jpg,41.050725963553,-4.6244671400191,41.1842260678212,-4.6528898723587195,15.034268732580138,41.0505256652832,-4.624317169189453,0.025577353800553402
1445436469546165.jpg,41.62684685148,-5.1730727664725,41.2431094582784,-4.56160356225038,66.47582214031316,41.62739944458008,-5.176910877227783,0.324873659091089
476979893583935.jpg,41.491732255219,-5.0225996287734,41.4413983593128,-5.2393819984929,18.91019934374612,41.49137496948242,-5.022717475891113,0.04092295970941597
465823291389020.jpg,41.051402248548,-5.3302422643917,41.1560570350048,-4.51874896104094,68.98151883350275,41.051422119140625,-5.330236911773682,0.002254637042745688
9712260745495118.jpg,41.248024264146,-4.1027827099365,41.4001157113738,-4.368967976207999,27.930155253981695,41.248138427734375,-4.102757930755615,0.012862336458126334
1207708196352906.jpg,41.065318136264,-5.2026978378113,41.2988742715732,-4.59510490189704,57.09597821081064,41.06538772583008,-5.202888488769531,0.017758096664687556
753657654323777.jpg,41.281004917802,-3.7529244561156,41.295980128831005,-4.7417171501815405,82.63144353952553,41.28080368041992,-3.7529213428497314,0.02237808811883462
491207533764593.jpg,41.632232126545,-5.18077669929,41.3957737210892,-4.706525410013359,47.439894972132976,41.30805206298828,-5.026113986968994,38.28123848843783
802318638080491.jpg,41.435120020082,-4.3838127352085,41.4682562625732,-4.78439290622454,33.587901344639825,41.435176849365234,-4.383917808532715,0.010800750781468891
1522399844818668.jpg,41.333177662067,-4.6875195339912,41.3684050601882,-4.459562117541919,19.4269850464048,41.33293914794922,-4.687488079071045,0.026651278371431504
1112889595898957.jpg,41.583372777091,-4.5655741354102,41.3408502849234,-4.577221679153119,26.984730918843837,41.58378601074219,-4.5636749267578125,0.1645093675534889
4140079279388835.jpg,41.236777056611,-5.3055187257196,41.4500754078958,-5.05088424133088,31.849556573247998,41.62738037109375,-4.334839344024658,91.84122235733514
655529734084355.jpg,41.248573738017,-4.1026646295115,41.2928956765586,-4.37044088676754,22.91542710718226,41.24781036376953,-4.1028289794921875,0.08598822095804376
474817653829384.jpg,41.24784003678,-4.6747897658815,41.199409163743994,-4.81678340389514,13.039562132465358,41.24858856201172,-4.6749701499938965,0.08458739203810657
455178058916232.jpg,41.534427104714,-4.7169219009796,41.3408502849234,-4.577221679153121,24.473069892552445,41.53385543823242,-4.7192277908325195,0.20218586238879943
1932009037608384.jpg,41.068082839926,-4.133516444187,41.1801806088436,-4.5197972580398,34.67340663577167,41.06850051879883,-4.133298873901367,0.04989694144046605
4168979023138627.jpg,41.140553626173,-4.9637850573573,41.2836438604456,-5.109976425883599,20.067392024697405,41.14044952392578,-4.963862895965576,0.013284698862455141
1147357639084179.jpg,41.391399495806,-4.9608404466668,41.20718685567981,-4.527001221749161,41.62984770088822,41.39099884033203,-4.960866451263428,0.044603639235342184
1164834208294824.jpg,41.151451406054,-4.0240168759181,41.207584660646,-4.33902334715942,27.091977725300445,41.15142822265625,-4.024137496948242,0.01042302569620752
471237664129241.jpg,41.167313713358,-5.3834054551807,41.480396414271794,-5.075282001156721,43.28969166928329,41.167457580566406,-5.383098602294922,0.030259894382115026
1292481845718758.jpg,41.319751261983,-3.6288627775953,41.2461099515226,-4.42591932722564,67.1021980268565,41.32011795043945,-3.629216432571411,0.05034657033427559
3442035425930945.jpg,41.587109904883,-4.6857020619083,41.339361941004405,-4.601398131896261,28.42987185418257,44.440589904785156,1.5047425031661987,594.7205897012689
805332333747908.jpg,41.071860402322,-4.4431109414212,41.2252329040312,-4.47281383250908,17.234633176131673,41.07197189331055,-4.4428205490112305,0.027318074731338272
1117249188742261.jpg,41.261645672725,-5.2714232078187,41.345229216263206,-5.0765119593145,18.74735319134117,41.26130294799805,-5.271782875061035,0.04853977399461335
174933837832290.jpg,41.009670248434,-4.6655797699994,41.3541547136924,-4.694119455488099,38.379314515032895,44.19612121582031,1.5379160642623901,618.8571133311506
3605624949650740.jpg,41.313222468476,-4.3054906361528,41.184758682475,-4.54059663929444,24.297725124577873,41.31324005126953,-4.305424690246582,0.005844504279636501
400471474414066.jpg,41.323857452271,-4.9014251834208,41.295277110925,-4.78645945253714,10.114679910468809,41.32331848144531,-4.900966167449951,0.07114039853803306
24306254182362002.jpg,41.191054962444,-3.7938122557568,41.255270606816005,-4.37723519662306,49.314227752749105,41.14152526855469,-3.6789212226867676,11.08259750859357
284746123271271.jpg,41.272389700528,-4.8863067366296,41.1436582781444,-4.465406113992981,38.00860120858885,41.272308349609375,-4.886254787445068,0.010033710299307164
898336500789271.jpg,41.625732693582,-5.172662572819,41.3960394188644,-5.0841822599150595,26.58208393220564,41.14268112182617,-3.704228162765503,133.7649230546889
1046996212495633.jpg,41.080348775854,-5.312275714463,41.2504797752694,-5.116856323699099,25.009482927585086,41.080204010009766,-5.3123602867126465,0.017588904780844867
1170006911489789.jpg,41.269882543548,-4.0952169796592,41.314455101236994,-4.3679878369174805,23.321840641874108,41.156402587890625,-4.010546684265137,14.470161126699454
2147273865706348.jpg,41.200130226054,-4.0730190956924,41.1801806088436,-4.5197972580398,37.45090531687728,41.2000732421875,-4.072932720184326,0.009611048183066918
664850042663438.jpg,41.169880689601,-4.1750599575246,41.2035548434102,-4.14771450522668,4.388265510589717,41.16975402832031,-4.175074100494385,0.014133755898152604
738044146877472.jpg,41.551072100954,-4.7869887322141,41.4266631316788,-4.91628871581082,17.531734194091506,41.5509033203125,-4.7870049476623535,0.018815997047954596
3102911489943762.jpg,41.260157959825,-4.4196567465007,41.2655023959652,-4.358881245083159,5.114523541319058,41.26027297973633,-4.419622898101807,0.01309884135350123
932278997343551.jpg,41.326384825809,-3.6354967729217,41.4112315020296,-4.85466570388492,102.17354443826862,41.32672882080078,-3.635803699493408,0.04604298973117595
338965097562033.jpg,41.167075550658,-5.3841004118996,41.4413983593128,-5.2393819984929,32.81132418336754,41.16705322265625,-5.384158134460449,0.005432321291681709
1180537959054691.jpg,41.502598184662,-4.6875857875025,41.268462225392206,-4.38387685886336,36.32898961989333,41.502376556396484,-4.687490940093994,0.02587878542969652
4005184356186745.jpg,41.127013723209,-5.1817747196166,41.1560570350048,-4.51874896104094,55.61509643016134,41.126956939697266,-5.18172550201416,0.007540622945258925
1888656254873776.jpg,41.024271840828,-4.1426937258474,41.0959942904984,-4.427205151387059,25.15220621274441,41.02470779418945,-4.142566680908203,0.04963354238943593
1859268527556874.jpg,41.34609047359,-5.176224004387,41.4413983593128,-5.2393819984929,11.835059756087176,41.250404357910156,-5.290451526641846,14.292092444991995
1806372590288305.jpg,41.074507141014,-3.712088278997,41.208775681489804,-4.6800833202473,82.42221632971143,41.27674865722656,-3.691012144088745,22.557308075278698
1491491212036946.jpg,41.589175124651,-4.8324251547941,41.4725296348984,-5.252632945325381,37.30557311907088,41.589141845703125,-4.832440376281738,0.003910988882099017
1836849597240703.jpg,41.503793672815,-5.024374251124,41.4492964604652,-5.005738077446599,6.25554604318869,41.50379180908203,-5.024374008178711,0.00020822283757686793
1443196780337006.jpg,41.511756367045,-5.1499476712764,41.4492964604652,-5.0057380774466,13.876518437392031,41.511756896972656,-5.149873733520508,0.00615670599209812
659666689986507.jpg,41.052413692144,-4.1330490615078,41.1370011267084,-4.24712911153742,13.411079592469298,41.05262756347656,-4.13267707824707,0.03922359034083933
450205844349605.jpg,41.310591389323,-4.0451163771433,41.3815328294328,-4.541935043970921,42.2167571641377,41.31037521362305,-4.044658660888672,0.04515905266301958
488234542615941.jpg,41.284888836497,-4.6878777575526,41.2049199849042,-4.374516164296301,27.667181721100032,41.284828186035156,-4.687867641448975,0.006796787776327811
465290948022119.jpg,41.575465015725,-5.0978860667999,41.2950564746124,-4.63123588128854,49.854837869220106,41.57638931274414,-5.098976135253906,0.1370583819405197
302603778034751.jpg,41.308469356752,-4.6430715449206,41.2836438604456,-5.1099764258836,39.10358895312226,41.308555603027344,-4.642930030822754,0.015221214799388382
1146671979128283.jpg,41.266454501462,-5.265716297961,41.2290400665904,-4.67284973452586,49.740003099060786,41.19258117675781,-5.3526201248168945,10.96776883441415
667854406325652.jpg,41.194726189276,-4.0657588279361,41.299779626520795,-4.270623809457399,20.73184218363957,41.19470977783203,-4.065701961517334,0.005096041105025438
4508681169146669.jpg,41.629175839153,-4.7878642917995,41.2977985682484,-4.24166831680206,58.55879229308392,41.397361755371094,-5.141581058502197,39.13844105691892
618766597076004.jpg,41.463933100222,-4.6106255039412,41.274738332530795,-4.67671911528196,21.74846140956642,41.46247100830078,-4.605367183685303,0.46735139751964605
4084445415205613.jpg,41.15416813277,-4.0073175431623,41.257900322193606,-4.37261958156876,32.66436131817845,41.15323257446289,-3.6689138412475586,28.33264391474584
972813019925161.jpg,41.051318233804,-4.6239996171649,41.1974273725976,-4.53114702610138,18.01223351649867,41.051544189453125,-4.623559951782227,0.04461514053793578
551918051057962.jpg,41.315970227107,-4.0570021812884,41.258499962902405,-4.24297046517748,16.80100030083407,41.315914154052734,-4.056881904602051,0.01182282156814916
299319985152896.jpg,41.00598031923,-5.3968109984061,41.305598444428405,-4.22791238970868,103.37618398975681,41.0059700012207,-5.396817207336426,0.0012600664858433979
310548114591998.jpg,41.4643364,-4.5889525,41.3259553544338,-4.9349902340446805,32.70984879330511,41.46404266357422,-4.5897135734558105,0.07133413691196229
2043920642741773.jpg,41.159016023021,-4.1172370140295,41.193569879444794,-4.38797527129868,22.982874526836177,41.15871047973633,-4.1171417236328125,0.03489886941049677
1809107946399305.jpg,41.342495903575,-4.9410043118513,41.299193180464606,-4.77124728933818,14.971819587264099,41.324867248535156,-4.90202522277832,3.799243421286196
1132294320600655.jpg,41.282192600046,-5.1906787018316,41.10778381708901,-4.467848732191159,63.513011984517775,41.14217758178711,-5.190629959106445,15.568960218324781
873397023391031.jpg,41.192137378446,-4.6615360973905,41.1842260678212,-4.65288987235872,1.1390088953884874,41.19228744506836,-4.661652565002441,0.019323995656895035
207191294363440.jpg,41.397444505478,-4.3187326839351,41.275850341049804,-5.0135311722267994,59.56326247909912,41.39857864379883,-4.316441059112549,0.22899998462799362
926622411515686.jpg,41.374054489592,-4.9616966184488,41.2772247127132,-4.72424299706738,22.563001117276556,41.37443161010742,-4.961702823638916,0.0419370844675847
24360833100223133.jpg,41.083715602398,-3.6935954091243,41.427280077400006,-4.4260607873399795,72.16948935800386,41.07725143432617,-3.707221508026123,1.3494621252689736
1642958743264825.jpg,41.261823698953,-3.9327631904789,41.29285718050299,-4.264369652405799,27.92496454225938,41.039024353027344,-4.136252403259277,30.067302931123717
769277293759550.jpg,41.088298186966,-3.8575934560004,41.2131680497256,-4.2989112467084,39.47310218801684,41.08820724487305,-3.8577215671539307,0.014749052683172835
1070283594852332.jpg,41.246184065991,-3.806125891289,41.289099679012004,-4.5329816489378,60.936247480852316,41.24623489379883,-3.8059027194976807,0.019495622241160717
1418734485128341.jpg,41.253514547913,-5.2862898139463,41.2836438604456,-5.1099764258836,15.11178506812548,41.253597259521484,-5.286114692687988,0.017288756468554364
322645172581028.jpg,41.410377761002,-4.3311538916017,41.2836438604456,-5.1099764258836,66.5229001688553,41.40996551513672,-4.3316473960876465,0.061604331842451523
2868225946727139.jpg,41.534699815983,-4.9025212008198,41.4413983593128,-5.2393819984929,29.915506328580815,41.180259704589844,-5.36679744720459,55.27059704342271
529579644727658.jpg,41.652136519174,-5.1916066020603,41.2868866889944,-4.9984176629746795,43.68730903956422,41.64643478393555,-5.189205646514893,0.6646483548795225
4022267597820094.jpg,41.014391839891,-3.9757267177189,41.3632017948606,-4.69107698006944,71.32662633032216,41.18487548828125,-3.683237075805664,30.984380991315966
1302412970240784.jpg,41.194483380012,-5.3471872693156,41.370863242783,-4.9726163792771,36.935885505660295,41.266395568847656,-5.263757228851318,10.612139388360182
1820892031641673.jpg,41.001854,-4.155217,41.4244950164214,-4.98502468351294,83.82391725149229,41.00381851196289,-4.152215957641602,0.33337543819208043
1550412473001536.jpg,41.503922799441,-5.0278535836551,41.4492964604652,-5.0057380774466,6.3474537644556595,41.50392150878906,-5.027801036834717,0.004378190949856314
4272856829400665.jpg,41.01423297254,-3.9759129751443,41.221807739319004,-4.5367145460359595,52.34180231663903,41.01344299316406,-3.9773929119110107,0.15209983864877244
651586242377851.jpg,41.589476857078,-4.5642194231081,41.283844558102395,-4.7133175173586,36.1862362533166,41.22226333618164,-4.844219207763672,47.03824746341838
3636917289745585.jpg,41.565190931321,-4.8618382452942,41.2987486862142,-4.8757329842083,29.649662323198264,41.287437438964844,-5.241482257843018,44.223938764949565
1524480865385819.jpg,41.59863490631,-4.8194398315009,41.4636083784158,-5.262569650329199,39.824750627667406,41.59839630126953,-4.819851875305176,0.043334376298077855
285181783268715.jpg,41.075433718529,-5.0192615634715,41.2836438604456,-5.1099764258836,24.364920341676825,41.07520294189453,-5.019509315490723,0.03301193007808294
1949678165833742.jpg,41.521093012764,-5.2109586975411,41.4725296348984,-5.252632945325381,6.419229004107999,41.52102279663086,-5.210559368133545,0.03414987998719127
453060059130979.jpg,41.25036531681,-5.3816435618263,41.1890840394482,-4.60117977237918,65.63206709620584,41.2503547668457,-5.381614685058594,0.0026840419176583606
1484431308560227.jpg,41.225408875451,1.7127533209084,41.3047566150122,-4.29977933334292,502.51328505088134,41.120235443115234,-3.714340925216675,454.32152445037593
2873422926209368.jpg,41.138854776984,-5.485321361001,41.2139425062582,-4.626453271769741,72.36583414780954,41.596988677978516,-4.640812397003174,86.95725753827406
1093186839150319.jpg,41.102449699544,-3.887547708101,41.210186119970004,-4.737916821199539,72.19392843941763,41.102577209472656,-3.8875608444213867,0.014221116287345724
321902189524845.jpg,41.289810505691,-4.3275923462424,41.198363656648596,-4.3037669284569,10.361706234704373,41.2897834777832,-4.327540397644043,0.005279242307869121
369847631114634.jpg,41.046660503778,-5.3627303668624,41.186203999136595,-5.16307304858522,22.814628510317018,41.04665756225586,-5.36286735534668,0.01149257009994977
3890604014327128.jpg,41.132900683877,-5.4503270532182,41.1801806088436,-4.5197972580398,78.08100158081191,41.397361755371094,-5.141581058502197,39.12379160352248
300224088413116.jpg,41.047153527667,-4.6993756062177,41.184758682475,-4.54059663929444,20.274199504360045,41.00587463378906,-4.66267728805542,5.526768046241482
31963914776528914.jpg,41.554090391072,-5.4669269821038,41.4492964604652,-5.0057380774466,40.13555416816154,41.55389404296875,-5.46668004989624,0.029981175318538472
3907325242684641.jpg,41.176219369627,-4.9282290604901,41.2504797752694,-5.116856323699099,17.80832931794189,41.17625045776367,-4.9283833503723145,0.013367993008962143
2533707686925200.jpg,41.566024260442,-4.860662258669,41.2836438604456,-5.1099764258836,37.656466932727646,41.43072509765625,-5.103604793548584,25.21316933802894
841672090096717.jpg,41.065816863939,-5.3206912626325,41.2504797752694,-5.116856323699101,26.698889042730737,41.06557083129883,-5.320835113525391,0.02989780369875025
1491116222326687.jpg,41.519016386906,-5.2008215908685,41.4492964604652,-5.0057380774466,18.005033927880916,41.51901626586914,-5.200821876525879,2.7326678998549042e-05
3217774451732354.jpg,41.505256424434,-5.0555758346882,41.491401325312594,-5.23494036965066,15.01711038486417,41.505245208740234,-5.055422782897949,0.012806002507182073
3832037200398175.jpg,41.187183044061,-3.6830365179852,41.2277463670424,-4.09116200020238,34.43842183115454,41.181880950927734,-3.680035352706909,0.6408312713877801
204416864831614.jpg,41.046550193485,-5.0510004070544,41.2836438604456,-5.1099764258836,26.821863929936786,41.04666519165039,-5.050872802734375,0.016674034080768497
196363202161377.jpg,41.166284394126,-5.4055628326025,41.362012752761004,-4.919157913647799,46.11390989983542,41.16617202758789,-5.407908916473389,0.19678276975445325
308598900800479.jpg,41.158351320874,-4.4863318988673,41.254823899971996,-4.3165582077349,17.79856341246282,41.158843994140625,-4.485980033874512,0.06220035567623072
496973928134298.jpg,41.601168343921,-5.1293898933668,41.247311027998606,-4.46223829419698,68.13466510184082,41.602962493896484,-5.132993698120117,0.3599882120640077
1679001096324632.jpg,41.192976759689,-4.1567706100023,41.165236310396196,-4.2981409576324,12.226968287119975,41.19284439086914,-4.156955718994141,0.021366874473004904
573343313637146.jpg,41.250481958217,-4.2884643481067,41.222420221201205,-4.68377521423464,33.20206559258683,41.25062942504883,-4.288731575012207,0.02771216312454163
3709581872677105.jpg,41.030423452954,-3.8280424391604,41.3304618260132,-4.66921834627604,77.90278105719713,41.03043746948242,-3.828016519546509,0.002675094288065275
1871193073435613.jpg,41.292398367045,-3.7523163130071,41.2469680048462,-4.3173127512997995,47.489263413095216,42.12761306762695,-4.133743762969971,98.12016630823149
9545324425543112.jpg,41.181234467421,-4.0465026442399,41.207584660646,-4.33902334715942,24.650493770218816,41.1811408996582,-4.046384334564209,0.014362528046411627
2860492557497025.jpg,41.599265299873,-4.1230931444403,41.421889364113,-5.191881966477341,91.15299089079483,41.63972854614258,-3.671710729598999,37.79047002878531
1320367178364439.jpg,41.228867176778,-5.2015283373369,41.2504797752694,-5.116856323699099,7.4765288338561815,41.228763580322266,-5.201691150665283,0.017834930810626967
3922216244500183.jpg,41.512834444004,-4.9517424590429,41.2836438604456,-5.1099764258836,28.699723050187643,41.12655258178711,-3.6940128803253174,113.47655005300551
3532628840382835.jpg,41.546338364907,-5.4269894477111,41.3637308685438,-4.650235078431001,67.84263375708599,41.54588317871094,-5.4249749183654785,0.1751244047635198
2995067474042147.jpg,41.061311338655,-5.3233073493483,41.20161682537,-5.2610891204437396,16.448491777633574,41.06119155883789,-5.323380470275879,0.014662110455548218
971158924631654.jpg,41.026130274226,-3.9490989733037,41.348078376039,-4.4806999637647795,57.10044596646412,41.02640151977539,-3.9484479427337646,0.06238776122241117
3649386298507096.jpg,41.428301536947,-5.1069708922166,41.4413983593128,-5.2393819984929,11.133943819661429,41.54556655883789,-4.888056755065918,22.41723443387286
2324150797981332.jpg,41.237125483403,-4.1084609445269,41.165236310396196,-4.2981409576324,17.768847937628355,41.237335205078125,-4.108284950256348,0.027575103097546235
2931104743883012.jpg,41.525718446214,-5.3785118718,41.4062828652324,-4.46716098073668,77.08938880245927,41.52555465698242,-5.3789262771606445,0.03901040114023008
1078420456966291.jpg,41.000119317127,-3.814332950048,41.255257253952195,-4.1720772648882205,41.26344634051345,50.79315185546875,7.8548455238342285,1411.192954287947
1481678555502763.jpg,41.48786416385,-5.0258711825587,41.2299561733716,-4.5745528154951005,47.34203204926375,41.118988037109375,-3.717616558074951,116.72409642403177
1783799903014891.jpg,41.567732010974,-4.8578415755051,41.4492964604652,-5.005738077446599,18.030479484081713,41.57804489135742,-4.844554424285889,1.5927083138893148
2040540139811125.jpg,41.290319391957,-4.1021154146108,41.2508188237406,-4.506923758457161,34.11552669882692,41.28996658325195,-4.101912975311279,0.0427212786738307
1084288325767350.jpg,41.497393801737,-4.6199978384416,41.1809753607828,-4.60554534133136,35.204808198854046,41.50947189331055,-4.630837917327881,1.618209921237146
1882423182189073.jpg,41.5426285,-5.3758046999989,41.2206817629752,-4.636170250872941,71.34095318564634,41.32304763793945,-5.200132846832275,28.47162513472857
1196210371501116.jpg,41.627022851705,-5.1728078792021,41.2665834273958,-4.71963884622944,55.07225915919274,41.07422637939453,-3.7124412059783936,136.51777490265397
373347447389508.jpg,41.247665642601,-5.2937988523722,41.2836438604456,-5.1099764258836,15.876321138618517,41.17055130004883,-5.378025054931641,11.098147863875976
951072307102154.jpg,41.136841167505,-4.0828434031661,41.1444997004686,-4.529674925321159,37.427551595007955,41.136871337890625,-4.082719802856445,0.010881035347377081
4640273732667549.jpg,41.529956019617,-4.9092550191002,41.4413983593128,-5.2393819984929,29.20898100405043,41.521060943603516,-4.931542873382568,2.1025731108376537
340997617359424.jpg,41.173951300904,-4.8251286000806,41.2424334473172,-4.73049122321608,10.984634168333129,41.19317626953125,-4.780707359313965,4.288249288711953
1613517302175680.jpg,41.252351617348,-5.2882444868545,41.2836438604456,-5.1099764258836,15.300146570537061,41.25075912475586,-5.290414333343506,0.2534975285863535
134562412036937.jpg,41.207892571872,-4.6652419564626,41.2098119875306,-4.6869997983067995,1.8325882886818072,41.1418342590332,-4.649349212646484,7.464818410256086
504875823989194.jpg,41.403141864418,-5.1385247362476,41.26857287363241,-4.886698960100359,25.806171912014968,41.40245056152344,-5.138944625854492,0.0844710743627412
8078056412290094.jpg,41.154395498705,-4.7930036654687,41.2228647154516,-4.57928951936452,19.43660094050697,41.154685974121094,-4.7932257652282715,0.0372695305988171
882801194069146.jpg,41.288920031729,-3.9987553517616,41.2100336318956,-4.364243359538319,31.789461890748562,41.166229248046875,-5.407190799713135,118.57278602061521
1158508555684306.jpg,41.226512266008,-4.1122721873863,41.255270606816005,-4.37723519662306,22.38378826370433,41.162235260009766,-4.0193328857421875,10.562011168848192
768219843854973.jpg,41.04343920293,-4.7166949757002,41.230789226241,-4.560857427423761,24.58263588536171,41.04328536987305,-4.716679096221924,0.017157217241992383
1685657311642087.jpg,41.47637393853,-5.0520209974595,41.3740513191064,-4.93301841080808,15.096322020758432,41.47826385498047,-5.048920631408691,0.33298037115484436
3950876195134254.jpg,41.293541485645,-3.9264468581263,41.3624880782636,-4.391195885403319,39.55692474977402,41.293582916259766,-3.926541805267334,0.009173091949067213
2833976256917822.jpg,41.165086741339,-5.4145372277693,41.4803964142718,-5.075282001156721,45.07622351772614,41.16489028930664,-5.4154510498046875,0.07955344144135838
2997280303891016.jpg,41.597655215401,-4.8214712488367,41.4221435669286,-5.1825934008003,35.847685942150505,41.47071075439453,-5.060998916625977,24.428399798522275
765573839524886.jpg,41.300781128602,-3.7404325671801,41.1804847259072,-4.175999594572799,38.79771902253664,41.300785064697266,-3.7403132915496826,0.009973388200858222
1432726483775453.jpg,41.176602739746,-4.9353897930255,41.1560570350048,-4.51874896104094,34.950778047056325,41.176631927490234,-4.9353346824646,0.005639877199305133
1835904637355276.jpg,41.512886678291,-5.0113554695933,41.466199803356595,-5.260095392426559,21.35890390815223,41.512847900390625,-5.011573791503906,0.018682649501272845
2857234127923540.jpg,41.549922930177,-4.7871085726422,41.4469767292864,-5.021461767517481,22.62664499430245,41.55001449584961,-4.7870988845825195,0.010213506503231166
382604056280817.jpg,41.046569401035,-5.3695320877926,41.1001904755638,-4.78866699987538,49.055415491225055,41.04658889770508,-5.369361877441406,0.0144376269498757
2584516108518159.jpg,41.557182565879,-4.7088187117153,41.3125741228598,-4.59244770435104,28.87747906789365,41.489749908447266,-4.6108832359313965,11.076815534383295
881665915745331.jpg,41.259525011771,-4.4198367758827,41.2385850129334,-4.2865226806961605,11.385944504420602,41.2593879699707,-4.4198760986328125,0.015588821346352135
809903678026473.jpg,41.157646794131,-4.7950874040618,41.2252329040312,-4.47281383250908,27.994057978451718,41.137813568115234,-4.7800211906433105,2.5406713886448875
647081184593271.jpg,41.1306386,-4.2412262,41.2303497596748,-4.58856984419314,31.111714662671613,41.13072204589844,-4.240967750549316,0.02355088460240726
514061065099986.jpg,41.048978666103,-4.1323356065615,41.1444997004686,-4.529674925321159,34.948744369986386,41.04886245727539,-4.132322788238525,0.012966463757043507
2039335003133403.jpg,41.545692899999,-5.379554,41.27722471271319,-4.72424299706738,62.27061549212864,41.54616165161133,-5.380677700042725,0.10706036552178776
1114409220646842.jpg,41.547371110363,-5.3941132426211,41.491401325312594,-5.23494036965066,14.64059429722227,41.5472297668457,-5.394603252410889,0.04370215562818274
1795295795200179.jpg,41.543624650846,-4.8903094069427,41.4492964604652,-5.0057380774466,14.227905418120983,41.5424919128418,-4.891754150390625,0.17413168403691798
1061297909420814.jpg,41.070818809272,-3.8846811958019,41.1803567888616,-4.05962688871914,19.054559323748823,41.08285140991211,-3.887094020843506,1.3531637773716683
3983945888379162.jpg,41.252698670477,-3.8659917762301,41.2282360566762,-4.60797840147968,62.09911788471016,41.25352096557617,-3.8669185638427734,0.11984561254212353
754769356718116.jpg,41.563325662828,-4.6669698682795,41.2959769254348,-4.705925049219981,29.904699373462563,41.563629150390625,-4.66693115234375,0.03389965690919005
1931658387581515.jpg,41.126652857791,-4.102220361512,41.1246835370196,-4.10908315163526,0.6151222657712146,41.12662124633789,-4.1022820472717285,0.006249021893459879
933541683857210.jpg,41.070060002152,-5.2087515445933,41.1444997004686,-4.52967492532116,57.49396904389556,41.07006072998047,-5.208751678466797,8.17052552543992e-05
831772589082961.jpg,41.062832884603,-3.8588798910637,41.2744872197026,-4.375314131786721,49.21929819254694,41.06278991699219,-3.859030246734619,0.013480849803495171
2841786392755572.jpg,41.305692507471,-5.2203261166638,41.4413983593128,-5.2393819984929,15.17334672977715,41.3466682434082,-4.568119049072266,54.65151682131175
310843717152380.jpg,41.307124013664,-4.6453622588344,41.2836438604456,-5.1099764258836,38.902772407020926,41.307037353515625,-4.645505428314209,0.015357872416359851
753778122717000.jpg,41.316719099999,-4.0586696,41.3888128857606,-4.60882659454718,46.615511130546636,41.317771911621094,-4.061014175415039,0.2281335472523984
783647522285667.jpg,41.311446822987,-3.6192146840609,41.296697409080004,-4.43488870495834,68.15399525773216,41.30998611450195,-3.6164143085479736,0.2847606410944429
4176983605699644.jpg,41.588554175733,-4.5429845175279,41.2836438604456,-5.1099764258836,58.16815141857054,41.60237121582031,-4.468787670135498,6.358411803346693
1307373127013418.jpg,41.265836135955,-4.0971267933891,41.4001157113738,-4.368967976207999,27.168082837414644,41.1392822265625,-3.681187152862549,37.535719254269864
1200748223719149.jpg,41.036140617821,-4.3669937382073,41.271944311531,-4.53128021752058,29.60889136136111,41.03621292114258,-4.367347240447998,0.030720272156583902
813822192894052.jpg,41.24351096638,-5.1780664894212,41.1667548731916,-5.03956762079886,14.390712332501188,41.24369812011719,-5.177805423736572,0.03015817455442194
2652036218431464.jpg,41.122321103195,-3.7086340895728,41.25588634014041,-4.2764556438125805,49.78147649603604,41.085418701171875,-3.8596436977386475,13.301455655814001
2192810947749945.jpg,50.218596488169,-5.2294880069474,41.0788615899976,-4.80850965653192,1016.8142068007551,41.28513717651367,1.578748345375061,1123.9511523349634
1545968455934289.jpg,41.320717740604,-3.9315177161412,41.3176978101872,-4.438881037206739,42.37227342607564,41.32231903076172,-3.931483268737793,0.17807857798964502
1350268689433378.jpg,41.214688203477,-4.1301251336856,41.165236310396196,-4.2981409576324,15.096240219977371,41.2141227722168,-4.130792140960693,0.08405860861537552
776129326598342.jpg,41.039004320907,-4.6948896499632,41.1017277877158,-4.53500088494962,15.109535823262673,41.039981842041016,-4.6958513259887695,0.1353513009747809
899679724160169.jpg,41.251563189411,-5.3883901108758,41.23943466136,-4.60389880470594,65.60223790056534,41.2515754699707,-5.388329982757568,0.005208815757781241
1109453549788214.jpg,41.164018350209,-5.3846853824501,41.4477281908546,-5.231919551391719,34.03007786668187,41.16409683227539,-5.384413242340088,0.02439533354957276
546395223016700.jpg,41.245320740999,-4.6742835194129,41.302555048372604,-4.913781695072281,21.002338761339338,41.245094299316406,-4.6742262840271,0.025629850889485082
146158414190302.jpg,41.123878221262,-5.1823065273215,41.2049199849042,-4.3745161642963,68.21785799051767,41.123958587646484,-5.182320594787598,0.009013684160528753
5565911903479473.jpg,41.469783238285,-4.5928833946706,41.294135045283994,-4.583313262427841,19.547501801868197,41.46977615356445,-4.592728614807129,0.012920131477920843
1755322368362230.jpg,41.016683378768,-4.1434513052108,41.211507480003796,-4.0611264731636405,22.73476820715167,41.01646041870117,-4.143614768981934,0.028332484952457698
931829337389112.jpg,41.251722046768,-5.289243924883,41.2836438604456,-5.1099764258836,15.397557786852285,41.25150680541992,-5.2895731925964355,0.03647635408312626
1076693067734035.jpg,41.278538983682,-3.6034221675776,41.53792216048301,-5.06535578407456,125.28559030207917,41.278507232666016,-3.6034250259399414,0.0035386225157255946
2820063235051187.jpg,41.379022707127,-3.6447754545997,41.3697767144022,-4.86314152496018,101.66652335331528,41.24773406982422,-3.70859956741333,15.541393060739017
1010198043100222.jpg,41.621057875398,-5.1624267405067,41.1675228421896,-4.5275357401414205,73.12977469452525,41.6209831237793,-5.1619086265563965,0.04386260642199286
1257469518646257.jpg,41.275848221626,-3.9707742727241,41.258499962902405,-4.24297046517748,22.831458020373738,41.27674865722656,-3.9726924896240234,0.18899955066306592
4086374438090355.jpg,41.062464293476,-5.2006026432793,41.2988742715732,-4.59510490189704,57.08629323154555,41.06246566772461,-5.2006025314331055,0.00015309692169101133
940355713396239.jpg,41.480458641431,-5.0467294763114,41.421889364113,-5.191881966477341,13.739051492276928,41.19248962402344,-3.9934587478637695,93.58523949453713
319889710476151.jpg,41.245681117415,-3.8485058023568,41.2841781835092,-4.9661535348924,93.51223767135632,41.245662689208984,-3.8485100269317627,0.0020793403211905657
306473742549698.jpg,41.432294713627,-4.4388295640937,41.42151077561199,-4.81617084153476,31.483273900871435,41.43238830566406,-4.438806533813477,0.01058258377166884
823506158545144.jpg,41.26554355996,-5.2670255486429,41.4413983593128,-5.2393819984929,19.68982277680723,41.25147247314453,-5.289212226867676,2.4264277684088187
1028954114379144.jpg,41.326774959797,-4.6157504934128,41.2836438604456,-5.1099764258836,41.560324671052015,41.32661437988281,-4.616164207458496,0.03888783433365326
374630381220606.jpg,41.327403318377,-4.61414595052,41.2836438604456,-5.1099764258836,41.70135579391209,41.33491897583008,-4.5953850746154785,1.7754547151788782
1086652569859304.jpg,41.542037508726,-5.336607423765,41.491401325312594,-5.23494036965066,10.166253996847239,41.5422248840332,-5.336489677429199,0.02302468008508363
456226355456123.jpg,41.008922662468,-5.3948524494999,41.255270606816,-4.37723519662306,89.52020962312157,41.135746002197266,-3.6935980319976807,143.30546171155453
935996254895897.jpg,41.002208136796,-4.0117758446974,41.341503697221796,-4.7593648984264,73.0671352495699,41.00275802612305,-4.010700225830078,0.10902293509225686
240499461200251.jpg,41.11509641015,-5.2728499762658,41.250479775269405,-5.1168563236991,19.925948077736912,41.1151237487793,-5.2730560302734375,0.017527423494339334
196975642274960.jpg,41.052140196769,-4.6232618109725,41.2508188237406,-4.50692375845716,24.144107575563186,41.05263900756836,-4.622775077819824,0.06886350767308337
960904721351738.jpg,41.309145594075,-3.6152074081216,41.2369052996512,-4.58311100879208,81.28640159196348,41.30759048461914,-3.6117405891418457,0.33727142496176354
2022285411909935.jpg,41.51896182424,-5.2005748403464,41.4932703014184,-5.19975188585302,2.85758883033845,41.518985748291016,-5.200680255889893,0.009170756427967153
254197199727896.jpg,41.006954745692,-4.3287513779657,41.2301350080818,-4.41630306026184,25.877558813644846,41.00715637207031,-4.329050064086914,0.03362742502696076
2932972583606740.jpg,41.608717452596,-5.1445114341674,41.4109472414744,-4.860074567161,32.31951434372399,41.608619689941406,-5.144012928009033,0.04284780563178313
4643806942302788.jpg,41.502957035272,-4.9944955103293,41.3117308501394,-4.39002647590106,54.71290188831591,41.14907455444336,-5.465463638305664,55.63313739619214
1085854926465962.jpg,41.071744825353,-4.7171912088382,41.25482465622981,-4.72666007641416,20.37297412420489,41.07160186767578,-4.71682596206665,0.034498648699984515
516750356364615.jpg,41.145219470988,-4.0578384059023,41.2508188237406,-4.506923758457161,39.36570221653703,41.14546585083008,-4.057023525238037,0.07352812098434335
171562538197197.jpg,41.073169761962,-5.3164357632621,41.2504797752694,-5.116856323699099,25.8429705189614,41.07305908203125,-5.316500186920166,0.013439790815196018
872625373318607.jpg,41.036334106532,-4.6922798455402,41.1804897307726,-4.75336998519128,16.826678802697273,41.03657531738281,-4.692509174346924,0.03300543050323381
8217696918330314.jpg,41.418934412882,-4.1224846884943,41.1560570350048,-4.51874896104094,44.16589206307212,41.298221588134766,-4.10490608215332,13.502597143138397
3215185582137892.jpg,43.293552435355,0.51678153328403,41.279019263342796,-4.43663951906222,464.87346300824464,41.1144905090332,-3.7251687049865723,425.10683598863494
848326352706922.jpg,41.294334277796,-4.3326474026026,41.2322179441784,-4.40806527048302,9.351133270829822,41.294429779052734,-4.332847595214844,0.019811367554517186
374687107241879.jpg,41.045778615575,-5.3868228647896,41.1560570350048,-4.51874896104094,73.7630587116195,41.04581069946289,-5.386952877044678,0.011471859034313307
4085896204804282.jpg,41.62870312001,-5.1819348864276,41.2911556406968,-4.78564431707784,49.99309135366471,41.62820816040039,-5.180472373962402,0.1334353546748041
472078420566929.jpg,41.113751822329,-4.9843619628006,41.2461073885514,-5.234906885932899,25.61761765452362,41.113609313964844,-4.98445987701416,0.017843417737958275
460197498542555.jpg,41.163058596136,-4.7982032480514,41.1992851211012,-4.65177577921818,12.89942490933276,41.16360092163086,-4.798447132110596,0.06366602974304335
2877417612513531.jpg,41.158379759595,-5.4491262411843,41.4413983593128,-5.2393819984929,36.01905355306032,41.252769470214844,-5.286774158477783,17.16475836656731
1124894836213340.jpg,41.541549778244,-5.0688462405432,41.335535451111994,-4.7241073286661805,36.750271362900335,41.149147033691406,-4.788738250732422,49.50368134514198
952591778890260.jpg,41.203249696107,-4.7597591089408,41.2836438604456,-5.109976425883599,30.615528202395687,41.20317459106445,-4.75993013381958,0.016566967100498774
262304505580507.jpg,41.154700619387,-4.7929584963704,41.146900987094604,-4.536299314282241,21.50693891046207,41.1521110534668,-4.790971755981445,0.3325382537810405
201394105699964.jpg,41.047463823722,-3.9117161367645,41.1644010374306,-4.5049243947155,51.374477143905814,41.04854965209961,-3.910823345184326,0.14206717723664908
515171003229050.jpg,41.065529981454,-5.2030375620313,41.369797919232,-4.437882287129019,72.39141878658938,41.065608978271484,-5.203121662139893,0.011263704876767327
1526523315374218.jpg,41.548887553395,-5.4499334751437,41.491401325312594,-5.23494036965066,19.006221108824196,41.54887771606445,-5.449786186218262,0.012305683256104321
687434949718146.jpg,41.022409463214,-3.9605163833238,41.250145565838395,-4.51752422528188,53.077381347615955,41.022491455078125,-3.960458517074585,0.01032894251156313
2871376996524662.jpg,41.201441311181,-4.4372196279081,41.1916314940826,-4.507374799868041,5.970316088720658,41.20116424560547,-4.437358379364014,0.032922709157796846
523919615680626.jpg,41.496819941922,-4.6851937306823,41.305598444428405,-4.22791238970868,43.66687740828055,41.114994049072266,-3.8471503257751465,81.86977401063378
3852603268142846.jpg,41.644422597464,-4.7205963090545,41.2283532237842,-4.30487663223606,57.80477212462139,41.16628646850586,-5.406279563903809,78.08293208277033
2868229930060598.jpg,41.060062113243,-4.2019561355468,41.2642031431708,-4.60317648722216,40.53853243020375,41.0589714050293,-4.200998783111572,0.1454377378279983
300015854957799.jpg,41.52776509317,-4.7656907311957,41.4068560384902,-4.856085268352119,15.410475223326806,41.483116149902344,-4.781341552734375,5.132949765320666
25053227447607598.jpg,41.512740551575,-5.1713923391695,41.491401325312594,-5.23494036965066,5.799718094373706,41.51277160644531,-5.171878337860107,0.04061310358050295
1712280719554109.jpg,41.418907868424,-4.126042978598,41.2369949427262,-4.605411943632699,44.84837716778804,41.418907165527344,-4.126064300537109,0.001779631551370417
296442822048589.jpg,41.341808632752,-4.7498333597595,41.3904310863822,-4.52018734151406,19.91245350343084,41.20769119262695,-4.556234836578369,22.00358365724386
499819917839046.jpg,41.234694444285,-5.4753010650177,41.2148564189788,-5.07310858660734,33.70880327960924,41.23516082763672,-5.469053745269775,0.5249689952031169
3603008689809775.jpg,41.491161802742,-5.0169273039936,41.2909013815198,-4.56186442752782,44.010438449814096,41.49121856689453,-5.01676607131958,0.014838661990002005
1392305347797719.jpg,41.034742222703,-3.6183173921406,41.480688946042804,-4.8012623304374795,110.6186707465836,41.03512191772461,-3.618098020553589,0.046055372766009864
657556720565886.jpg,41.165614048896,-4.0243906156599,41.2508188237406,-4.506923758457161,41.46283137338643,41.16508483886719,-4.0235981941223145,0.08867260948400382
209894100949307.jpg,41.489237189035,-5.0242841461916,41.4413983593128,-5.2393819984929,18.695681360210255,41.48961639404297,-5.023853302001953,0.055369591363123874
767392017310482.jpg,41.12452633506,-4.7699194767612,41.188183847187204,-4.47669592576756,25.548921347786294,41.12522888183594,-4.770366191864014,0.08661825232217545
1737217630466874.jpg,41.419629339401,-4.1224869358928,41.198212122884605,-4.2145534738128205,25.79344356264016,41.28513717651367,1.578748345375061,476.0288555228387
661989429662552.jpg,41.183954876252,-4.1674964001473,41.29285718050299,-4.264369652405799,14.568767171109641,41.25385665893555,-3.894467353820801,24.12283456521018
767295400598384.jpg,41.072371653342,-4.6336882559573,41.2098119875306,-4.6869997983067995,15.921367623530687,41.07306671142578,-4.633828163146973,0.07817171269454806
1054093559636080.jpg,41.293262994339,-4.900957048381,41.362203339861594,-4.6430711629573,22.857564281382444,41.1519775390625,-4.790818691253662,18.211615729611232
902442030781106.jpg,41.064528051218,-3.8507304710322,41.3675692710684,-4.6896561315084,77.84211342571668,41.063804626464844,-3.8387410640716553,1.0083830199329762
673020331891221.jpg,41.136589465596,-4.2117427570706,41.2517424779592,-4.61740502735016,36.277448589437604,41.13669967651367,-4.21160364151001,0.016908947456905632
2117791555264052.jpg,41.548943125935,-4.6630290086167,41.246850182217806,-4.61243187541244,33.855284428735885,41.54865264892578,-4.662827491760254,0.0363934695318965
1475979996551290.jpg,41.246119982522,-3.8509748028957,41.32714313198019,-4.35774941260986,43.290772374097415,41.24616622924805,-3.8509907722473145,0.005312895680566912
1705691186585460.jpg,41.60564738969,-4.8087211687286,41.4492964604652,-5.0057380774466,23.90047862477508,41.60566711425781,-4.808692932128906,0.0032128123724319765
1078353486028605.jpg,41.162647592409,-5.4332993064008,41.3718272308702,-5.0332380913063,40.73100183127329,41.162391662597656,-5.436769485473633,0.2918883596984562
1106834219797433.jpg,41.016921422124,-4.6735641327878,41.317691719630595,-4.7399436379756,33.90255464747607,41.01677322387695,-4.67340612411499,0.021149313054809306
4912565208968559.jpg,41.20795743317,-4.1383566962879,41.2956942420324,-4.36522349882884,21.327800262769895,41.206329345703125,-4.1403489112854,0.24606751807249963
766597263914663.jpg,41.038801110108,-4.1363723692281,41.1370011267084,-4.24712911153742,14.331531997988073,41.03877258300781,-4.1364617347717285,0.008138734557290065
1116356022191020.jpg,41.14070118213,-5.4836569373934,41.2836438604456,-5.1099764258836,35.067054383354034,41.10231018066406,-5.496693134307861,4.406335085957104
2964950977044867.jpg,41.519275180597,-5.2019282620824,41.491401325312594,-5.23494036965066,4.142898484731982,41.51922607421875,-5.201740264892578,0.016576896996707266
2835657933349645.jpg,41.480429595849,-4.6785267917834,41.2023134137704,-4.40445398452306,38.46922762967499,41.48063278198242,-4.6786041259765625,0.023493815803963265
675107130768138.jpg,41.261604159987,-3.8788466039574,41.3292824953336,-4.39097826182888,43.44153292168791,41.261436462402344,-3.878736972808838,0.02077708511556436
1100005043817623.jpg,41.201079156717,-5.3381737337565,41.4413983593128,-5.2393819984929,27.966821099604537,41.20158767700195,-5.337270259857178,0.0943968784287493
312907843539524.jpg,41.403789908264,-4.3309268734424,41.2391532972642,-5.1361586603944405,69.691398122363,41.40386199951172,-4.331992149353027,0.08920877472031521
3675809555889865.jpg,41.55278152273,-4.8784966969139,41.466199803356595,-5.26009539242656,33.20136186094751,41.552757263183594,-4.8785295486450195,0.0038405252196885963
3580561552048730.jpg,41.325917887527,-5.1958725817806,41.298748686214196,-4.8757329842083,26.908480304438275,41.3259162902832,-5.195872783660889,0.00017840365255270506
1398672334575446.jpg,41.537960094375,-5.2870840892689,41.466199803356595,-5.260095392426559,8.289872262197562,41.53793716430664,-5.28704833984375,0.0039184724864281695
767988300559904.jpg,41.174120832071,-4.6570646111485,41.2098119875306,-4.6869997983067995,4.693030943195847,41.141178131103516,-4.64912748336792,3.7228430727871973
337434634476597.jpg,41.254646624758,-4.7169854809957,41.2652070408906,-5.075827618934101,30.017876504981515,41.25478744506836,-4.716915130615234,0.0167264457530488
1174605287637553.jpg,41.299553301348,-4.1037969319598,41.1560570350048,-4.51874896104094,38.19458858318265,41.054447174072266,-4.133109092712402,27.364746568127227
548294819504788.jpg,41.091110358922,-3.8556199454844,41.278798112208804,-4.08901537150466,28.58373753278896,41.09074020385742,-3.8557636737823486,0.04288560985610382
1001928296878980.jpg,41.260106338345,-5.2730251043062,41.4413983593128,-5.2393819984929,20.353416316512735,41.26034927368164,-5.272728443145752,0.036668976065246724
3009921349227007.jpg,41.086730512926,-4.6366762657414,41.2508188237406,-4.506923758457161,21.233636087425133,41.086490631103516,-4.636647701263428,0.0267808564909854
288072556195488.jpg,41.345083316251,-4.5719375048651,41.2836438604456,-5.1099764258836,45.45240791253597,41.34503173828125,-4.572046279907227,0.01073996740438192
3937454206376003.jpg,41.245650324875,-5.2956289210321,41.4413983593128,-5.2393819984929,22.26690501688395,41.24609375,-5.295278549194336,0.057351854043652846
320317982939167.jpg,41.436529434713,-4.9737297914039,41.2189605004052,-4.941030430152741,24.346155626329416,41.43678665161133,-4.973840713500977,0.030058769457502358
847283750778706.jpg,41.442008618845,-4.3975512334159,41.4168486535696,-4.802208538152319,33.852359078000575,41.441959381103516,-4.3974223136901855,0.012060399287203531
1655866288326643.jpg,41.279890476364,-3.9794296021363,41.258499962902405,-4.24297046517748,22.153789853330075,41.279842376708984,-3.9793241024017334,0.010311380901349405
4016560801768653.jpg,43.482786590172,-5.4393509274275,41.3007797612776,-4.40393674316236,257.09066271044713,41.60025405883789,-4.663961410522461,218.75192202999926
2913697638956775.jpg,41.146319833504,-5.4731928005788,41.287951204908,-4.65444679386486,70.26943095940878,41.145751953125,-5.474692344665527,0.14054622503722253
964649387641322.jpg,41.480029691769,-4.678369193198,41.3265746789052,-4.7915259058512,19.499521422307517,41.479835510253906,-4.678284168243408,0.022724093708129178
323996975977330.jpg,41.391323044658,-4.4743233560567,41.2836438604456,-5.109976425883599,54.40365182304153,41.391212463378906,-4.474367141723633,0.012827116771430466
1936658686773607.jpg,41.209490637522,-3.7404242722331,41.270080167927595,-4.41726841506776,56.992999484021965,41.209537506103516,-3.7402737140655518,0.013630244887504467
783323752327795.jpg,41.05497117664,-5.3910507244868,41.330162208653796,-4.80524318181808,57.78400863528055,41.0550422668457,-5.391122817993164,0.00995134739625613
1447806182225163.jpg,41.059698802832,-5.1990990731011,41.280273392011,-4.4962464139229,63.73859232724611,41.05960464477539,-5.199019908905029,0.012396543499278696
2976309719358106.jpg,43.36738398989,-1.7703780860305,41.2498536830572,-4.4033691065445,319.8399894493526,41.16526412963867,-3.6551668643951416,289.83014663396693
375832813747009.jpg,41.165941019094,-5.392464570034,41.4371622511772,-4.90738158985898,50.51229187557787,41.165992736816406,-5.3912577629089355,0.10118322002969149
2309784416129551.jpg,41.169428164613,-4.0300397624871,41.172072773688,-4.2474249629214,18.197969225955745,41.169551849365234,-4.030230522155762,0.02107374297036079
1476696486867047.jpg,41.511409697466,-5.1411339381033,41.491401325312594,-5.23494036965066,8.122670985509629,41.51140594482422,-5.141085624694824,0.004044418842144961
1353386138582205.jpg,41.029504864702,-3.9405111839381,41.2779061948066,-4.7292729871005195,71.58148135236092,41.0518684387207,-3.9072036743164062,3.739925173916008
4290088834434650.jpg,42.839787810317,-2.6693567934511,41.1310721864112,-4.98950836576684,269.93190584363276,41.37452697753906,-4.491231441497803,221.65174021672635
1595235997512432.jpg,41.095953728096,-5.4977160502927,41.4413983593128,-5.2393819984929,44.063743493648424,41.09565734863281,-5.49815034866333,0.04909744024107865
411270913510014.jpg,41.043164395422,-4.6984044489829,41.270328511477,-4.74862056881948,25.606962356594067,41.04302215576172,-4.698328018188477,0.017065832846737954
749209635766554.jpg,41.396720011403,-4.4626860321295,41.2836438604456,-5.1099764258836,55.48254448051975,41.39685821533203,-4.46160364151001,0.09158361965013612
3433698333585607.jpg,41.315491294398,-5.0398879450423,41.3902732920824,-4.7921720402341395,22.286019346511257,41.315513610839844,-5.04043436050415,0.045702343091505095
5295878540446580.jpg,41.151809509607,-5.1956755059869,41.093354012272,-4.83938299458638,30.543951415515814,41.15168380737305,-5.1956095695495605,0.01502818552383
4340052909417520.jpg,41.603505019758,-4.4608289618191,41.2836438604456,-5.1099764258836,64.75073267626487,41.230628967285156,-4.723058700561523,46.87458973757543
549125460949925.jpg,41.127978592591,-4.2494504002364,41.306374146584,-4.43086946336184,24.975094449976876,41.12818908691406,-4.2488508224487305,0.055405260616942696
950470542371245.jpg,41.276209424009,-4.8886174352658,41.2800347228536,-4.5191487446841005,30.877475334271367,41.27632141113281,-4.88911771774292,0.043622274193542115
1629478777877846.jpg,41.183953680394,-3.7132372302623,41.357798411637404,-4.29565876022962,52.37314951939499,41.221702575683594,-3.6976816654205322,4.394600824156019
859661928094205.jpg,41.061102301511,-5.395947065435,41.219900354489596,-4.27001931058086,95.92444482268337,41.06120300292969,-5.395981788635254,0.011569751733392981
318835366285781.jpg,41.340756816189,-4.5809553926535,41.2391682882524,-4.67361435263128,13.694347686342049,41.340755462646484,-4.580960750579834,0.00047194622133681205
2083666598816366.jpg,41.29828176614,-4.1065048081048,41.1560570350048,-4.51874896104094,37.9300938028453,41.29828643798828,-4.106487274169922,0.001554157927323607
1166765565094697.jpg,41.133940302332,-4.2250747216602,41.3185815369976,-4.8142545651648,53.379943207452925,41.134151458740234,-4.224600315093994,0.046150247988840855
653274710070013.jpg,41.270068377799,-3.8845260710317,41.281572432907595,-4.3895185450062995,42.220394859539724,41.233299255371094,-3.7001233100891113,15.948774930749561
483322526318713.jpg,41.403932760491,-4.3327880417903,41.2153958470672,-5.2094202381438794,76.16189492753692,41.40394973754883,-4.332919597625732,0.011133425290523202
2377203522423581.jpg,41.211708325621,-4.7505528751689,41.2836438604456,-5.109976425883599,31.09552883690994,41.21126937866211,-4.75107479095459,0.06548535325634143
247546070442726.jpg,41.266918976331,-4.6783054466095,41.2098119875306,-4.6869997983067995,6.391486514917746,41.26601028442383,-4.678140163421631,0.10198189559571613
1118617775312105.jpg,41.046919198286,-5.3542276260049,41.181831612418605,-5.28112361081902,16.20349705488613,41.04700469970703,-5.354090690612793,0.014908316757108069
10018143448314674.jpg,41.069170184078,-3.8145574247473,41.2152998900446,-4.375765173197601,49.724410906908794,41.110782623291016,-3.733823776245117,8.196790984324027
853199321933365.jpg,41.188118442303,-4.4520799242299,41.2917459390912,-4.61957674752424,18.13605532215233,41.11864471435547,-4.623336315155029,16.28695245278252
698402278783559.jpg,41.242832714889,-3.8443243804009,41.195319565256206,-4.656126460252341,68.1043742346973,41.242835998535156,-3.8443520069122314,0.0023385310875035834
1322710582178479.jpg,41.297448176114,-4.1070371453273,41.257900322193606,-4.37261958156876,22.624957663392966,41.297462463378906,-4.107044219970703,0.001695044679060591
284835183768742.jpg,41.435015783058,-4.4718656448915,41.2981684755404,-4.836980657129,34.05771454910028,41.43487548828125,-4.471523284912109,0.032525618147212935
342927262219504.jpg,41.268209090683,-4.8834055509066,41.2960913408658,-4.84122598140824,4.694083802926983,41.268985748291016,-4.884005069732666,0.0998434984379197
1186394731798410.jpg,41.044289753098,-5.3964734306732,41.2193680843128,-5.156193150769719,27.999401094780183,41.04453659057617,-5.395920753479004,0.05386652771336244
1631461967389280.jpg,41.2789136771,-4.2967495773216,41.184758682475,-4.54059663929444,22.92210889942021,41.27859115600586,-4.296690464019775,0.036201311835767795
1657848591746096.jpg,41.239450245376,-3.7448753357972,41.1660773301084,-4.4303786835845,57.92729127955699,41.24488830566406,-3.844444751739502,8.347008714209034
270975538046207.jpg,41.155838350727,-4.5010507609085,41.1885623802828,-4.253257283545859,21.057144123706983,41.15583419799805,-4.500699043273926,0.02944982574706727
1541133507045355.jpg,41.581442099951,-4.8388859953732,41.4725296348984,-5.252632945325381,36.5095598458879,41.58152770996094,-4.838775634765625,0.013224140138048764
932533074765920.jpg,41.091229875234,-4.228176906155,41.210565763762396,-4.419914050562641,20.8278790583473,41.09064865112305,-4.228027820587158,0.06582574781086342
271457181342403.jpg,41.491918957519,-5.0227239349525,41.4221435669286,-5.1825934008003,15.41729755277241,41.49177932739258,-5.022773265838623,0.016060632265900158
1070196728600680.jpg,41.141379357576,-3.9114716438308,41.2602374297354,-4.0835099003295,19.540777038324485,41.12579345703125,-3.9105336666107178,1.7348524936505958
214177483586929.jpg,41.025397534903,-5.0744130771952,41.324979664056805,-4.79958282755682,40.48199709500446,41.025447845458984,-5.07435941696167,0.0071804428917720126
853552438845870.jpg,41.213255377649,-4.7480873755496,41.2836438604456,-5.109976425883599,31.250888954490986,41.21262741088867,-4.749216079711914,0.11742990298724343
472247233985213.jpg,41.239483045756,-4.4295274469263,41.2111126220792,-4.311678650372061,10.348527046471203,41.23875045776367,-4.429748058319092,0.08352251608706514
1058153412025103.jpg,41.014092682199,-3.9762567455905,41.4163197597696,-4.760921592751201,79.42323485824133,41.01456832885742,-3.975339412689209,0.09338640871599291
2241886265946539.jpg,41.647920929911,-3.7817284359358,41.421889364113,-5.191881966477341,120.03363793907293,42.768680572509766,-2.8298885822296143,147.22796080286744
831945034365988.jpg,41.063968138487,-4.2054851371325,41.34048877926,-4.7676679265068795,56.19187382839335,41.06192398071289,-4.203570365905762,0.2782739333781728
2874039746247618.jpg,41.346051913232,-4.5543522486532,41.2836438604456,-5.1099764258836,46.920393582379894,41.34602355957031,-4.554551601409912,0.016937541547101777
2579621149044699.jpg,41.085880260872,-3.6996425308565,41.1257414617644,-4.20714556137074,42.751473588860904,41.16350555419922,-4.021225452423096,28.28523779509347
1337938534725680.jpg,41.507156823836,-5.0831558008493,41.4492964604652,-5.0057380774466,9.109874783031199,41.50715255737305,-5.083089351654053,0.00555358269231584
2881203828874903.jpg,41.061718237913,-5.2002121457332,41.2322179441784,-4.40806527048302,68.98442343149652,41.06161880493164,-5.200178623199463,0.011408078483776746
648148969894125.jpg,41.601769628485,-5.1305992766957,41.3425369997752,-4.88156787005302,35.516037686120264,41.60209274291992,-5.13120698928833,0.06200171996909636
835463817066581.jpg,41.07392038806,-4.5036711418139,41.2438107957834,-4.681923937268981,24.074022781063515,41.0738525390625,-4.503419399261475,0.022410591494833192
500681834392571.jpg,41.292700045547,-3.6051908210507,41.4244517875764,-4.5347266807067,78.95134049378986,41.29243850708008,-3.6053497791290283,0.03197055001159034
436171707824514.jpg,41.244990744026,-5.1756821479942,41.180087473396604,-5.1678038532547,7.246940488598706,41.24491500854492,-5.175833225250244,0.015181105790802348
300523923099864.jpg,41.437737094481,-4.4262399300235,41.3905789629074,-4.85966925065898,36.522191959841365,41.43758773803711,-4.426536560058594,0.029786679314577253
1411797772804872.jpg,41.45023926883,-4.492152506229,41.247921477602205,-4.6177439057801,24.819498496757284,41.45022201538086,-4.4922990798950195,0.01236577208036746
3540715052883314.jpg,41.23848213825,-3.7019023587694,41.1965071912748,-4.76645615297258,89.16346631206915,41.238399505615234,-3.7017228603363037,0.01759804965397335
4197895363780931.jpg,41.521184496577,-5.2274219468288,41.4492964604652,-5.0057380774466,20.121935995622362,41.521183013916016,-5.227419853210449,0.00023991796930531375
3585062205155817.jpg,41.614035219931,-4.7934599176473,41.2444845056718,-4.582672822311,44.69218184625092,41.598304748535156,-4.820240020751953,2.831469392142664
615791003874027.jpg,41.243113945471,-3.8500311134303,41.199409163743994,-4.81678340389514,81.00226841661703,41.24305725097656,-3.8500149250030518,0.006447803315113946
795965769223607.jpg,41.283908147797,-4.2979397108541,41.247531664311204,-4.617461865445581,27.010436844869403,41.28400802612305,-4.2980570793151855,0.014816190954905328
465022504565644.jpg,41.383965439129,-4.9611353578673,41.4097581993748,-5.08815550073936,10.976392424394565,41.38368225097656,-4.961125373840332,0.03150010079166461
486712515971044.jpg,41.579811973141,-5.1034930057798,41.174897030298595,-4.67428875313768,57.529707309858445,41.577178955078125,-5.100289821624756,0.39586389584076115
5564821376926597.jpg,41.143572242919,-5.4788405378236,41.28452604019581,-4.718347507391741,65.51493475477696,41.144142150878906,-5.477733612060547,0.1122822777806277
1432909510420655.jpg,41.159505072216,-4.2670377649954,41.3259553544338,-4.9349902340446805,58.83441768322543,41.16012954711914,-4.2674665451049805,0.07816779659262554
1836510683569627.jpg,41.506896783238,-5.0795407904968,41.491401325312594,-5.23494036965066,13.05605024272478,41.50680923461914,-5.078413486480713,0.09437545967742142
1566240834783483.jpg,41.604460731149,-4.8104798718119,41.4492964604652,-5.0057380774466,23.704142444574416,41.604652404785156,-4.81019926071167,0.03160080329545433
2003212307119766.jpg,41.514607809738,-5.1821112075315,41.4725296348984,-5.252632945325381,7.50943013815609,41.51466751098633,-5.182389736175537,0.02412209137141591
178652277365414.jpg,41.100401492227,-4.7514537395506,41.1881838471872,-4.47669592576756,24.992031749418636,41.09819793701172,-4.74977970123291,0.28233564711080017
3317151921767566.jpg,41.251883018905,-3.8652083435467,41.270528759128396,-4.6028239070004995,61.689317453222046,41.3272819519043,-3.931379556655884,10.04274023282701
1188098752571669.jpg,41.525893155432,-4.6433790842528,41.3541387374892,-4.5967180832598,19.490264243735894,41.525726318359375,-4.643231391906738,0.0222558082655607
504849117229859.jpg,41.289898946409,-4.6825523969022,41.23576465310799,-4.3418603758357,29.10575391374453,43.234771728515625,-1.7017470598220825,326.97565542805484
1183294898759788.jpg,41.318746195535,-5.2134795266273,41.2836438604456,-5.1099764258836,9.486356886907439,41.320003509521484,-5.2092485427856445,0.3799914255942849
2809384462706114.jpg,41.111743298543,-4.2563743240454,41.243507741146196,-4.43459695873792,20.908263900799433,41.11177444458008,-4.256222248077393,0.013202859140525911
195609635578475.jpg,41.34713037786,-4.6896211341551,41.2952593627028,-4.566301509511019,11.803554368090323,41.34735107421875,-4.689607620239258,0.02456623026676426
1853090405464160.jpg,42.96535619775,0.29564291387801,41.232452308562,-4.7007150609554404,454.93624046987634,51.31612777709961,-0.690954327583313,931.5331516853457
1985959844878706.jpg,41.59214007291,-4.5986794212382,41.2836438604456,-5.109976425883599,54.71103063498187,41.592044830322266,-4.528405666351318,5.844083242396622
2802238313500028.jpg,41.521681041884,-5.2199309776734,41.4492964604652,-5.0057380774466,19.57344438730281,41.52168655395508,-5.219811916351318,0.009931046991530185
808366846481031.jpg,41.155751864445,-4.5066419863463,41.2131956638152,-4.3222992068694595,16.696732168111055,41.15578842163086,-4.50689697265625,0.021731342649130857
809609007434506.jpg,41.307177850383,-5.0212909115489,41.2349978130542,-4.2498520275151,64.96949769839857,41.30752944946289,-5.01909875869751,0.18723202207509565
262184338926513.jpg,41.195581669679,-3.9921064646853,41.282995411672,-4.44852366698258,39.38139848165491,41.195438385009766,-3.9922046661376953,0.017926442123740123
8164269310255838.jpg,41.443061483,-4.4085812150807,41.3922929333278,-4.60863919664162,17.611288136810327,41.44305419921875,-4.40869665145874,0.009656025303478782
298455675171454.jpg,41.016895896795,-5.4611402023014,41.2504797752694,-5.1168563236991,38.807022036735,41.01692199707031,-5.460963726043701,0.015087824677571058
171213374908841.jpg,41.111165507116,-3.8491315411985,41.2570178110276,-4.0832738912038,25.435350379368323,41.112892150878906,-3.848106622695923,0.21031987322042414
2543548495850814.jpg,41.203536170893,-3.733125063026,41.2677046147738,-4.08577878361104,30.33954288061294,41.203033447265625,-3.7332494258880615,0.056860303299679976
290755839370009.jpg,41.308209785924,-4.6435218621111,41.2836438604456,-5.1099764258836,39.064111199214615,41.30812072753906,-4.643670558929443,0.015884741587898113
2630910383869215.jpg,41.627761525813,-4.2850749920997,41.3685474426958,-4.87540655799924,56.99020324098671,41.27885055541992,-3.6870217323303223,63.161604901025804
1702618937166518.jpg,41.182968609962,-3.6807222928682,41.1449147240844,-4.207092587065199,44.26551447165465,41.1849250793457,-3.682020902633667,0.24318287710494918
134975042214085.jpg,41.42963616021,-4.8035650079997,41.302555048372604,-4.91378169507228,16.8605558062737,41.44010543823242,-4.801201343536377,1.180688948651261
471773527229290.jpg,41.150660741886,-4.0295774499486,41.1801806088436,-4.5197972580398,41.16678281031334,41.15068817138672,-4.029176712036133,0.033691222515464324
1492591061073741.jpg,41.230075027401,-4.7232145092039,41.2836438604456,-5.109976425883599,32.87431708549363,41.23489761352539,-4.722049713134766,0.5450215526193823
1531227594381417.jpg,41.093090925569,-4.228898127527,41.2845260401958,-4.718347507391741,46.15796019392502,41.09336853027344,-4.228874206542969,0.030933256425418512
818655148781470.jpg,41.126353477315,-4.6456278616545,41.2677532314012,-4.630255608054339,15.775453485007818,41.352630615234375,-3.640028476715088,87.76565937026254
24965941683012711.jpg,41.545333811559,-5.4010702777687,41.4492964604652,-5.005738077446599,34.61312946960545,41.54527282714844,-5.401233196258545,0.015159599373377792
1429794117355282.jpg,41.314669000142,-4.8979559900952,41.5119299777322,-5.20766651621364,33.88452490199616,41.32456588745117,-3.6337790489196777,105.57827569461313
1904244163386043.jpg,41.11337207622,-3.725777574685,41.255270606816,-4.37723519662306,56.754298050493254,41.167232513427734,-3.651768207550049,8.618506894496546
370373424409480.jpg,41.444340187688,-4.6645627213993,41.256469121421404,-4.44186073437866,27.963730795815128,41.12068557739258,-3.8445329666137695,77.39664386864561
491930108599267.jpg,41.215560244664,-5.2213916877775,41.239153297264195,-5.136158660394439,7.595457706976309,41.21565246582031,-5.221424579620361,0.010617181668293058
2951567288494967.jpg,41.397138348578,-4.3128334244256,41.255270606816005,-4.37723519662306,16.66643203426359,41.13848114013672,-3.682013511657715,60.05719517415523
835953340675632.jpg,41.036698818343,-4.7150294573774,41.277015265677804,-4.47416767238894,33.47663543282588,41.03526306152344,-4.714355945587158,0.16934846100965867
464512744769470.jpg,41.368058699552,-4.683510452125,41.330550006577,-4.67274940800908,4.266409674294442,41.309139251708984,-4.68381929397583,6.551594419349611
1191526051310653.jpg,41.299684086506,-5.2306900504703,41.220127612508804,-4.798235776325961,37.214690943304106,41.32840347290039,-5.193917751312256,4.430603991892853
758901778129207.jpg,41.615308347106,-5.1553787704097,41.3567296513922,-4.6380598034221805,51.803374102972114,41.61933517456055,-5.159746170043945,0.5764567662689528
1136561480177192.jpg,41.131209492941,-4.9709124055215,41.2836438604456,-5.1099764258836,20.558125384222944,41.13370895385742,-4.968955993652344,0.32263125050221997
420883140555025.jpg,41.43914344058,-4.3916431014185,41.3381948289008,-4.74419278572304,31.480029003904562,41.43882369995117,-4.390936374664307,0.06880871805510128
5421761701199191.jpg,41.266795347102,-5.2656254042982,41.346464848823004,-4.91947642389462,30.23990946319173,41.26820373535156,-5.263288974761963,0.2503150871999856
1206414174125657.jpg,41.021686103959,-4.6781407548164,41.2958164379688,-4.56470806813108,31.926875373032164,41.03607940673828,-4.692023754119873,1.9793063227609424
1741786313298714.jpg,41.128290388249,-3.7029822349441,41.2811063256584,-4.12164244783928,38.92886190475018,41.29994583129883,2.086146831512451,484.5274076397389
3324437434531398.jpg,41.032104436213,-3.9351428773936,41.3185542472824,-4.52230430440354,58.562481989168646,41.03217315673828,-3.9350438117980957,0.011288873884860355
1897883380940029.jpg,41.564378917056,-5.4808055957579,41.4492964604652,-5.0057380774466,41.57763206186292,41.56428909301758,-5.480673789978027,0.01483274438200367
1445656076642608.jpg,41.547752098382,-5.3879717918683,41.4492964604652,-5.005738077446599,33.663071286438644,41.54771423339844,-5.387477397918701,0.041357680842033395
1308458474238136.jpg,41.071205221009,-3.7896804306937,41.332346977364,-4.30087272698008,51.69367798299846,41.428409576416016,-3.9822235107421875,42.85706203114335
3903742916406471.jpg,41.4358050737,-5.0963640625225,41.4413983593128,-5.2393819984929,11.93804047239557,41.33879470825195,-5.186575889587402,13.152942906187773
2450421172023676.jpg,41.032082197976,-3.8262328657787,41.3154269416496,-4.4397924032491,60.24824014398142,41.6059455871582,-4.805576324462891,103.73386562785038
822716695020157.jpg,41.054472718431,-5.3285678786476,41.287440790855,-4.9940772593587,38.14336758173463,41.054527282714844,-5.328510761260986,0.007729770697101573
492898541834375.jpg,41.489573155318,-4.9843260971364,41.2980672041208,-4.8707029941751605,23.308544397136117,41.488399505615234,-4.984735488891602,0.13488541148765426
1056164429866215.jpg,41.112708531105,-4.1215523707932,41.310884096909,-4.35844693011342,29.63559547824131,41.11294937133789,-4.12131404876709,0.033403714180475295
1306969213714828.jpg,41.154767840867,-4.007467071317,41.255270606816005,-4.37723519662306,32.890886266569375,41.15476989746094,-4.007461071014404,0.0005519617950325452
4038339806248143.jpg,44.262913213658,1.506692572365,41.2213632450686,-4.6412002409060795,605.0798703157931,41.154659271240234,-4.008727550506592,567.706217953789
138991808271441.jpg,41.055522971197,-4.71340408344,41.2308152047834,-4.38834913550404,33.478450080633955,41.05739212036133,-3.899498224258423,68.24440877385747
283289993504110.jpg,41.066860763327,-5.2047115076923,41.2508188237406,-4.506923758457161,61.89445537290542,41.06678771972656,-5.204602241516113,0.01224251872727817
2603260979854900.jpg,41.423973136514,-4.3627190908777,41.350872560715004,-4.8290443411174,39.743088274321096,41.42420959472656,-4.362856864929199,0.02869280109277139
920712823471857.jpg,41.142030297405,-4.1997214247023,41.2954505214978,-4.62250926316958,39.262135866063055,41.141910552978516,-4.199951648712158,0.023429823108216737
420316063693832.jpg,41.48970317221,-4.6111143102009,41.279297278559795,-4.52602737628232,24.449272241066904,41.48975372314453,-4.61126184463501,0.013513182109964259
462287641768489.jpg,41.362683347845,-4.7695010443619,41.277172016753596,-4.81473739734668,10.231398014686954,41.3631477355957,-4.769994735717773,0.06606063027350143
1469917390722541.jpg,41.252769333312,-3.7071537172058,41.21433056542399,-4.51817184130968,67.95311501746137,41.25286865234375,-3.7071290016174316,0.011235386002386794
313159013638994.jpg,41.061650326987,-4.2033242748477,41.287951204908,-4.65444679386486,45.374297147890765,41.061126708984375,-4.202867031097412,0.06971119064870247
2295906950862399.jpg,41.562929986584,-5.4786789594901,41.4725296348984,-5.252632945325381,21.336234833021756,41.56296920776367,-5.478731155395508,0.006154563402544089
413123828054330.jpg,41.263605062643,-4.3015327263912,41.247531664311204,-4.61746186544558,26.470062197704568,41.26362609863281,-4.301449775695801,0.0073172379579686
751880955807902.jpg,41.431666666667,-4.444685,41.283844558102395,-4.7133175173586,27.800511351089604,41.431617736816406,-4.4451069831848145,0.0355980957679519
4069631606437650.jpg,41.223603812956,-5.3178225180522,41.308882933358795,-4.50278455337678,68.77742712777828,41.221553802490234,-5.318543910980225,0.23580029611293854
334972947968644.jpg,41.115932134448,-4.1185048861184,41.3647906738714,-4.61115495674728,49.623548492189265,41.07723617553711,-4.1303205490112305,4.415242416127848
454269302506503.jpg,41.302975901809,-3.606043861669,41.3645270845786,-4.490254982563219,74.14213688012579,41.115535736083984,-3.719444751739502,22.89967871159639
1140429979784999.jpg,41.142874600224,-5.4384025221712,41.4413983593128,-5.2393819984929,37.125948834961676,41.14311981201172,-5.438113689422607,0.03644751216910321
4553772451379510.jpg,41.589465579531,-4.5382808262529,41.3162003879134,-4.8468684260811,39.80825066625483,41.594303131103516,-4.8265228271484375,23.976750029151425
1565613777394115.jpg,41.317737332584,-4.0609530944436,41.2584999629024,-4.24297046517748,16.57309851999536,41.3176383972168,-4.060734748840332,0.021296416456864992
196687615501227.jpg,41.284035778778,-4.6881581377642,41.3024795409848,-4.95104873505756,22.05883308900972,41.283973693847656,-4.688230514526367,0.009177811100712942
990904424782909.jpg,41.481463087847,-4.9901666494712,41.405623326007195,-5.00271725918766,8.497635800986824,41.48136901855469,-4.990231037139893,0.011755083336935361
1571167320337883.jpg,41.459138859422,-4.5441346408153,41.3922929333278,-4.6086391966416205,9.174550781291787,41.4591064453125,-4.544015407562256,0.01056954833913734
1129974727428798.jpg,41.128172907756,-5.1855786855377,41.206178043701996,-4.87931527402044,27.063863510299417,41.128231048583984,-5.185693740844727,0.011604321059024807
1037042688112722.jpg,41.611818955937,-5.1524279945031,41.2950564746124,-4.63123588128854,55.92217987548282,41.61158752441406,-5.152161598205566,0.033951989459324615
1221165175636419.jpg,41.076462449622,-3.8057185611505,41.387835078392996,-4.760118903393041,86.9962104761399,41.051795959472656,-3.907278060913086,8.945426691549407
2017308668418062.jpg,41.414578352253,-5.127084478125,41.2836438604456,-5.1099764258836,14.629121292836496,41.34382247924805,-5.179948806762695,9.019717103280772
2658682634430418.jpg,41.627287108846,-4.7893784841004,41.238177046726996,-4.22026096737208,64.2110816509665,41.894344329833984,-4.523592472076416,36.98390755715105
298596305289142.jpg,41.008941626359,-4.1631172535671,41.287951204908,-4.65444679386486,51.52614833687928,41.01008224487305,-4.164668560028076,0.18174008677551937
1315199626382694.jpg,41.138173947286,-4.2085730871206,41.154833486609604,-4.42792456322074,18.460148623146814,41.13828659057617,-4.20830774307251,0.0255078807989942
979045930510845.jpg,41.447380796387,-4.4813976472336,41.207687457367,-4.37557936389894,28.079169185901108,41.44746017456055,-4.481488227844238,0.011614814476983254
3807258202702759.jpg,41.508432251981,-5.0133547230355,41.2372544566348,-4.46947413212244,54.487229797478236,41.35688400268555,-4.959153652191162,17.446687549163507
1190134824758755.jpg,41.243854243138,-4.7199693609224,41.2836438604456,-5.109976425883599,32.896883409892425,41.24401092529297,-4.719930171966553,0.017727685287682877
1248306833380176.jpg,41.26546988988,-4.0973545872689,41.3344010358188,-4.564235169424039,39.747700790470034,41.26527404785156,-4.0974440574646,0.0230248298986561
792855254768952.jpg,41.035189669901,-4.6205282196567,41.2252329040312,-4.47281383250908,24.486977746009835,41.03459548950195,-4.6201677322387695,0.07265977280085528
317331373111386.jpg,41.090430913558,-4.6375013993771,41.2508188237406,-4.50692375845716,20.91697566315857,41.09143829345703,-4.637702941894531,0.11328174708491573
516438726472816.jpg,41.429207587879,-4.6689287492822,41.3919346368102,-5.15469683093758,40.72202193597441,41.42814636230469,-4.669823169708252,0.13958967225511656
888537522939921.jpg,41.317126249208,-4.0595845593875,41.2584999629024,-4.24297046517748,16.65143216319018,41.31740188598633,-4.0601959228515625,0.059550697071012085
890143824876856.jpg,41.230376818973,-5.1991070639348,41.2836438604456,-5.109976425883599,9.518061998381683,41.23063278198242,-5.198688983917236,0.04508249760266519
2985695381706307.jpg,41.314400138694,-5.2209592666044,41.44929646046519,-5.0057380774466,23.39704297465667,41.31405258178711,-5.221314907073975,0.04874217579829725
1448400652564864.jpg,41.112294,-4.121912,41.3594711183418,-4.88956133719772,69.82633725944501,41.136173248291016,-3.6932430267333984,36.003964296461575
385442246631391.jpg,41.020129798805,-4.3361078784618,41.2098119875306,-4.6869997983068,36.17933705840113,41.019718170166016,-4.335351943969727,0.07821076432734675
1549941282584331.jpg,41.195571411044,-3.6873309098802,41.2811736653626,-4.42050500296138,62.039179841861475,41.25325012207031,-3.7639541625976562,9.06641811330098
498102127978466.jpg,41.401352364359,-5.1393067261496,41.4413983593128,-5.2393819984929,9.458181429969253,41.40149688720703,-5.13922643661499,0.01740968634198919
1275687512833870.jpg,41.587506786571,-4.5566355823983,41.4477281908546,-5.231919551391719,58.33105040917262,41.58732223510742,-4.5559515953063965,0.060473829904961446
8056696391015446.jpg,41.137961810773,-3.6906486078536,41.255270606816005,-4.37723519662306,58.90820663260698,50.72834777832031,-4.32770299911499,1067.528530408321
3889050454674778.jpg,41.418931886172,-4.1220262954045,41.198212122884605,-4.2145534738128205,25.73096980616444,41.15217208862305,-3.6693930625915527,48.06439845078449
1006886556385051.jpg,41.137978258223,-4.7801336106512,41.1573546306726,-4.721370550174821,5.371377190668003,41.13853073120117,-4.780618190765381,0.07362533526584772
760475478165595.jpg,41.076188240773,-5.3976303735718,41.2975302312404,-4.56539014346866,73.86381879005994,41.0762939453125,-5.3974928855896,0.016461131038888882
969711453767675.jpg,41.039244000687,-5.4031885813526,41.1067653951054,-4.960731544766121,37.842028467493975,41.03934860229492,-5.4030890464782715,0.014316868172756094
380701336583132.jpg,41.178885468954,-4.4589087110224,41.2325031966614,-4.3098273734064,13.823547875181411,41.179073333740234,-4.458651542663574,0.029993465502903296
669105785535197.jpg,41.10090857547,-3.8869768848361,41.3082899261122,-4.22371933283244,36.4057805360608,41.0997314453125,-3.886749744415283,0.13226740421793726
948083949323565.jpg,41.592781269984,-4.5906193124664,41.4413983593128,-5.2393819984929,56.57670614315775,41.593162536621094,-4.588807582855225,0.15651524706710956
3300878730015541.jpg,41.314935624866,-3.6240206996746,41.2098119875306,-4.6869997983068,89.61408353703452,41.314701080322266,-3.6237189769744873,0.03626534243809173
620553465494715.jpg,41.165847053457,-5.397770186554,41.437162251177206,-4.90738158985898,50.87473582527282,41.165809631347656,-5.396949768066406,0.06880185818451996
1133430588650106.jpg,41.073375373568,-3.7873681439021,41.255270606816,-4.37723519662306,53.35963281492405,41.24425506591797,-3.710615873336792,20.057995577699934
1839070526852715.jpg,41.086082492478,-4.1272493331903,41.1682454600428,-4.48922678118476,31.665015605150916,41.06901168823242,-5.207395076751709,90.55828231324313
1733590403479237.jpg,41.608161614846,-4.1449626835681,41.480396414271794,-5.075282001156721,78.71629007132815,41.59135055541992,-4.5694990158081055,35.3503266344758
502723234387586.jpg,41.069712815255,-4.5986790121525,41.2252329040312,-4.472813832509081,20.25137122932566,41.069820404052734,-4.59821891784668,0.04038289741176081
2242386225931462.jpg,41.018415680559,-3.9680112221387,41.301855568690605,-4.59969742035896,61.56138335565637,41.01757049560547,-3.969517469406128,0.15748511476001828
1482739219275256.jpg,42.006365951932,-4.5001291749914,41.299504686337,-4.843200550976141,83.60785654984797,41.22356414794922,-3.6986615657806396,109.6155421395592
311589943936016.jpg,41.157359707145,-4.7949157851801,41.2061303314414,-4.68271217593472,10.843588173541423,41.13200378417969,-4.775444507598877,3.256933664548629
918293202321864.jpg,41.215128926498,-4.837092053271,41.2469514536374,-4.57870953836628,21.895060412798884,41.21613693237305,-4.838100433349609,0.14027570238506057
1439213963105831.jpg,41.161423180128,-4.9478496202304,41.2836438604456,-5.1099764258836,19.197913210920667,41.16151428222656,-4.947778701782227,0.011741597019838243
745067278161636.jpg,41.153638377616,-4.0072778214607,41.255270606816,-4.37723519662306,32.948892299044495,41.15663528442383,-4.010910987854004,0.4511901643127521
2921965411404976.jpg,41.173868062658,-3.6407589324046,41.3294741737108,-4.63521786467212,84.91635246799514,41.174354553222656,-3.6407530307769775,0.054097537788993906
2601797916876899.jpg,51.386965447917,0.55830946125199,41.216576449015,-4.86620664828434,1204.3870343301758,41.28994369506836,-4.681771755218506,1191.8485912888582
2857324847852384.jpg,41.47433226,-4.593890035,41.255270606816005,-4.37723519662306,30.33557406543082,41.17678451538086,-4.802603244781494,37.39540795448466
6147105208663149.jpg,41.436002630925,-5.0964479602743,41.2836438604456,-5.1099764258836,16.97910518527926,41.3109245300293,-5.224728584289551,17.55023536249439
4218526124834174.jpg,41.478887141559,-4.9905895457314,41.405623326007195,-5.00271725918766,8.209045432867335,41.478904724121094,-4.990192413330078,0.033141709773761276
1164369270672338.jpg,41.148006225362,-5.468703695842,41.4056233260072,-5.00271725918766,48.342044986707506,41.147979736328125,-5.468624114990234,0.007285363544209027
1958857721244691.jpg,41.2266207818,-3.6998441770395,41.125607191238196,-4.219564420528259,44.92483734410599,41.22797775268555,-3.700279951095581,0.15522698204897595
5625004274206287.jpg,41.454820356389,-5.085961043124,41.3718272308702,-5.0332380913063,10.222235194919545,41.454856872558594,-5.085784435272217,0.01526798627799935
1654588372056751.jpg,41.62771868775,-5.1729217866925,41.1560570350048,-4.51874896104094,75.68674265204541,41.428409576416016,-3.9822235107421875,101.56496401380845
290091369387563.jpg,41.12046533957,-4.7667736180484,41.3259553544338,-4.9349902340446805,26.833332187740947,41.12031555175781,-4.766638278961182,0.020147831243304597
479329929847762.jpg,41.011877812273,-4.1673271413366,41.287951204908,-4.65444679386486,51.04742580600009,41.01560592651367,-4.172950744628906,0.6280736942383894
1506457713295362.jpg,41.646258938416,-4.6896568035365,41.1917052110256,-4.65127505169324,50.64529026542775,41.134918212890625,-4.777816295623779,57.3321307101101
2184388878639966.jpg,41.615831905125,-4.7911809865853,41.4725296348984,-5.252632945325381,41.57802940965357,41.615928649902344,-4.791116714477539,0.012011329631671135
215922963416241.jpg,41.169357504945,-4.2700388549718,41.3533594062362,-4.7542163231643,45.34835288786806,41.16967010498047,-4.270052909851074,0.034779440852580695
4136249873085382.jpg,41.06473658401,-5.2023399310705,41.280273392011,-4.4962464139229,63.77434128652632,41.06464385986328,-5.202279567718506,0.011485480458756232
1017904436184319.jpg,41.006912246033,-3.9979120383197,41.2533416906568,-4.692324643627201,64.29139022148115,41.006927490234375,-3.9977848529815674,0.010806033630120133
954989215248313.jpg,41.334573509085,-4.6877110656879,41.351338825114,-4.4226741578277995,22.204123374849264,41.35597610473633,-4.685230255126953,2.3888537396035545
2163913043950399.jpg,41.007104014361,-3.8110366454229,41.1508357846108,-4.16833278750906,33.94598169083022,50.72834777832031,-4.32770299911499,1081.6855179927009
518607342479062.jpg,41.586911672933,-5.1120425850894,41.2991931804646,-4.77124728933818,42.783858373044424,41.61268615722656,-5.153124809265137,4.4590725620765195
922559658318950.jpg,41.159883449702,-4.0060178248595,41.261830844918194,-4.20042453962422,19.823400828130822,41.30047607421875,-4.3456597328186035,32.42099708410179
1165813638195793.jpg,41.143839856806,-4.1101689744676,41.1444997004686,-4.52967492532116,35.12781407083636,41.14470672607422,-4.110911846160889,0.11472045100036572
3147601108833355.jpg,41.432338699997,-4.4387655,41.28384455810241,-4.7133175173586,28.243999695120085,41.432464599609375,-4.437926769256592,0.0713100847116709
861601256051104.jpg,41.307355350048,-4.0381907237003,41.2584999629024,-4.24297046517748,17.95276446192965,41.30977249145508,-4.043386459350586,0.5104666761678556
1631767047210739.jpg,41.273141306929,-3.6006747715251,41.2279928455696,-4.708497050592181,92.74932604413853,41.302371978759766,-3.6055750846862793,3.2759885877961277
1326146341642133.jpg,41.631731758672,-5.1863563742346,41.3481286762006,-4.72949399385146,49.4218787728757,41.63190841674805,-5.186488151550293,0.02249030778418866
1130632694014799.jpg,41.123570079312,-4.6134773830165,41.4062997807074,-4.69264491032666,32.12691135648454,41.122920989990234,-4.614460468292236,0.10949953306440689
1112499873564011.jpg,41.101348596605,-3.8871984038275,41.2602374297354,-4.0835099003295,24.125961598988223,41.094970703125,-3.886194944381714,0.7141567274348022
2085344685281038.jpg,41.098191205828,-4.1245427950653,41.1444997004686,-4.529674925321159,34.324374699222616,41.099952697753906,-4.12550163269043,0.2117070732726451
4037165616380800.jpg,43.891103576763,1.3174377383272,41.2469514536374,-4.57870953836628,565.1023981968049,41.05615234375,-5.19598388671875,620.001393368407
1191289897960209.jpg,41.370775635015,-4.496407956613,41.2836438604456,-5.1099764258836,52.1420449726142,41.37091064453125,-4.496298313140869,0.017580703028120665
751966585481234.jpg,41.053043997902,-5.0438575572813,41.2836438604456,-5.1099764258836,26.23201793279475,41.05150604248047,-5.045523166656494,0.22079902816829566
947232692754166.jpg,41.117398603532,-5.4896473312289,41.26857287363241,-4.886698960100361,53.177526629401186,41.12842559814453,-5.490140914916992,1.2268426960908718
2862490987338463.jpg,41.290913073792,-4.6711624426152,41.2836438604456,-5.1099764258836,36.67311766029501,41.291908264160156,-4.669586181640625,0.17201374440996786
1204659669982799.jpg,41.331681486609,-5.191760107448,41.4413983593128,-5.2393819984929,12.830545368885574,41.35687255859375,-5.168402671813965,3.4129604034094165
395855382065854.jpg,41.333036896264,-4.6000777019989,41.2836438604456,-5.1099764258836,42.942446649361564,41.333168029785156,-4.599748611450195,0.031106482250794616
812741671092622.jpg,41.249561728854,-3.767319194087,41.2248610259922,-4.3872337844497205,51.90808615664042,41.24699401855469,-3.769850969314575,0.3554169603713845
2823186367994922.jpg,41.121133879452,-5.4639895194213,41.4413983593128,-5.2393819984929,40.25478674197473,41.122108459472656,-5.462825298309326,0.14578753300922967
2832769886985716.jpg,41.549473116084,-4.8827296742818,41.4413983593128,-5.2393819984929,32.04294045330705,41.55086898803711,-4.8808183670043945,0.22223499127764235
4168364779850184.jpg,41.317498096132,-4.6285957436947,41.2836438604456,-5.1099764258836,40.38839201111849,41.31711959838867,-4.629195690155029,0.06543513496358935
1343394062701441.jpg,41.364325007601,-5.1664526975013,41.2836438604456,-5.1099764258836,10.13540883711524,41.36288833618164,-5.167055130004883,0.16747518192718835
2311288586001130.jpg,41.504024908252,-5.0315013119732,41.4492964604652,-5.0057380774466,6.452936206552646,41.50404739379883,-5.033534526824951,0.16933419454668544
1477761980240799.jpg,41.246449572185,-3.8049705992846,41.289099679012,-4.5329816489378,61.03008326741156,41.24641418457031,-3.8051271438598633,0.013666688436171266
198116942151093.jpg,41.349981518484,-4.5338709076863,41.2836438604456,-5.1099764258836,48.67564754552138,41.349884033203125,-4.5341973304748535,0.029324466831106327
529586804722865.jpg,41.260678458657,-5.2726924819985,41.4413983593128,-5.2393819984929,20.286584065930498,41.261627197265625,-5.27168607711792,0.1349283722632679
937098200197887.jpg,41.402687472849,-4.3148681326188,41.1560570350048,-4.51874896104094,32.28519878950347,41.402687072753906,-4.314795970916748,0.006018818136512926
763146461229222.jpg,41.080242331311,-4.7357080642978,41.3533594062362,-4.7542163231643,30.40866471468208,41.07419204711914,-4.72249698638916,1.2957161580253187
1535234027154704.jpg,41.418664712018,-4.1230317302001,41.1560570350048,-4.51874896104094,44.11183219115068,41.15385437011719,-4.009835720062256,30.927253183522765
396265118926776.jpg,41.257075510531,-5.2756850082065,41.4413983593128,-5.2393819984929,20.718575604992527,41.25705337524414,-5.275815486907959,0.011181212242635288
1174075387517618.jpg,41.068273169616,-4.13350908313,41.1370011267084,-4.24712911153742,12.208020923868519,41.06747055053711,-4.133754253387451,0.0915833055742573
4108012956193696.jpg,41.50407557816,-5.0341241197555,41.4725296348984,-5.252632945325381,18.53564784175486,41.50408172607422,-5.034201622009277,0.006490091029425089
240188634555374.jpg,41.366045735403,-4.6838225142569,41.350601235964795,-4.618055288734119,5.751445290136491,41.36635971069336,-4.683779239654541,0.03509874150120887
1964073464426931.jpg,41.172636794296,-3.7574859666944,41.1085564893508,-4.66414903900326,76.25778826562146,41.172828674316406,-3.757410764694214,0.022245171830884508
217785816490819.jpg,41.118129243153,-4.9810081433973,41.2836438604456,-5.1099764258836,21.334107163002653,41.11800765991211,-4.981100559234619,0.015579084447733439
2871756586405153.jpg,41.143375889303,-5.4799776194732,41.4413983593128,-5.2393819984929,38.758351619852874,41.143463134765625,-5.4796671867370605,0.027745975964576883
1731450054291872.jpg,41.382427781654,-4.9615468581652,41.3666748748034,-4.93312021703024,2.9486293787559474,41.38210678100586,-4.961565017700195,0.035725783910149064
1214548235641744.jpg,41.316856368834,-4.3886928833968,41.1801806088436,-4.5197972580398,18.737790569164364,41.316856384277344,-4.388692855834961,2.871807266687395e-06
554877442442237.jpg,41.170511031887,-4.481122781916,41.277172016753596,-4.814737397346681,30.317671145870587,41.1702766418457,-4.480292797088623,0.07419984664727475
2379376055584497.jpg,41.49351548865,-4.6159969319982,41.421510775612,-4.81617084153476,18.50337446000364,41.49383544921875,-4.616312026977539,0.04421001151947043
4053217224738789.jpg,41.314475556542,-5.209690250124,41.4413983593128,-5.2393819984929,14.328958447975563,41.31452560424805,-5.209627628326416,0.007636969811630638
565650606545668.jpg,41.184805805313,-4.0511021562739,41.207584660646,-4.33902334715942,24.22302541292347,41.184814453125,-4.051102638244629,0.000962438324919928
728554602406666.jpg,41.249161788605,-4.2865877155041,41.298748686214196,-4.8757329842083,49.54262040791375,41.248680114746094,-4.285947322845459,0.07572964892083955
453747762355841.jpg,41.159678388953,-4.9491912806233,41.239153297264195,-5.1361586603944405,17.96637062123493,41.15985107421875,-4.949059963226318,0.022126020197071057
942081176551070.jpg,41.378548307024,-4.4853672982668,41.2836438604456,-5.1099764258836,53.20976004530929,41.37721252441406,-4.487314224243164,0.22011446289550582
1824496558499139.jpg,41.384198803925,-4.136041132967,41.2098119875306,-4.6869997983067995,49.94515545635352,41.38351821899414,-4.134943008422852,0.11882986713028607
796535472049815.jpg,41.308395156983,-5.0055452795307,41.3685051693338,-4.72193113489456,24.603515394799565,41.308353424072266,-5.005497932434082,0.006097040290892592
988391323000885.jpg,41.260271532942,-3.9292451699481,41.255270606816005,-4.37723519662306,37.451944037114195,41.58723449707031,-4.833099842071533,83.67244628759421
333877678073501.jpg,41.070887113804,-4.5936978986823,41.2508188237406,-4.50692375845716,21.28542531114909,41.07094192504883,-4.5934224128723145,0.023884542749893198
159701769439305.jpg,41.130533807024,-4.9715174939722,41.2836438604456,-5.1099764258836,20.591633352657762,41.13064956665039,-4.971428871154785,0.014858610431091343
2173083342868516.jpg,41.441544347947,-5.0916990190441,41.4413983593128,-5.2393819984929,12.31016802683551,41.389713287353516,-5.145688056945801,7.31332959025916
933960113837213.jpg,41.362282197817,-5.1672719444913,41.2836438604456,-5.1099764258836,9.967602842507624,41.362422943115234,-5.167220592498779,0.016226355658843457
1724240244449503.jpg,41.508123777256,-4.967683498673,41.4413983593128,-5.2393819984929,23.820835483624336,41.29484176635742,-5.234207630157471,32.505511088155124
1156672462260339.jpg,41.033796404015,-4.6898391316511,41.2023134137704,-4.40445398452306,30.375026828640184,41.003173828125,-4.6602606773376465,4.213371201354875
3914499721919254.jpg,41.620254391524,-4.6927697746616,41.4413983593128,-5.2393819984929,49.65668676973471,41.64063262939453,-3.6121034622192383,89.8444538366436
4560358287314387.jpg,41.619585767805,-4.6920052844013,41.2452301910674,-4.883569717646081,44.58478254605668,41.36981964111328,-5.162622928619385,48.038116921730996
5229222753776108.jpg,41.555486288854,-4.8752574546203,41.4413983593128,-5.2393819984929,32.87158047920447,41.555145263671875,-4.8757171630859375,0.05386232410933649
319675536436015.jpg,41.07254908776,-5.2112959423997,41.280273392011,-4.4962464139229,64.14842318383096,41.072547912597656,-5.211296081542969,0.0001311916338161722
202544988217836.jpg,41.104752289305,-5.2987125053978,41.2504797752694,-5.116856323699099,22.23122019005792,41.10488510131836,-5.298566818237305,0.01915972841049572
801686650452791.jpg,41.303530228603,-4.6509919940142,41.2836438604456,-5.1099764258836,38.40950194511839,41.29515838623047,-3.930516242980957,60.19384097540477
1147550799045943.jpg,41.072186347696,-4.4786075814963,41.277015265677804,-4.47416767238894,22.778967839245368,41.15576171875,-4.516260623931885,9.81390879681009
536377824880323.jpg,41.44717783247,-4.4812104227542,41.2206817629752,-4.63617025087294,28.314109441637992,41.447181701660156,-4.481211185455322,0.0004349053448812784
3568384653373822.jpg,41.154671895553,-3.6672604347636,41.2152998900446,-4.375765173197601,59.67231181526506,41.313072204589844,-5.222403049468994,131.2287283817553
1166105820575837.jpg,41.166526885274,-4.6552754379405,41.2098119875306,-4.6869997983067995,5.49664901298596,41.16632080078125,-4.6552252769470215,0.023297056483918728
150014843758395.jpg,41.021391327171,-5.4517299616878,41.1067653951054,-4.960731544766119,42.24483319907324,41.021209716796875,-5.4519782066345215,0.02900903363536959
498502162787801.jpg,41.181543200091,-4.8078383126233,41.352225045096,-4.87752952153802,19.852661557370183,41.4725456237793,-4.989744663238525,35.74578086211067
391573722207635.jpg,41.029662332238,-5.43566023592,41.1408531345002,-5.06433291584362,33.48736975622666,41.02951431274414,-5.436001777648926,0.03304057887472502
812277633042561.jpg,41.168597136585,-4.655729431411,41.3206423943218,-4.665345807236619,16.925767771668756,41.169010162353516,-4.655884742736816,0.04773089666208963
775593879806282.jpg,41.20943155511,-4.2659309658228,41.235975704378,-4.798867758057161,44.670085219556306,41.209842681884766,-4.266415596008301,0.061101644290273226
2325994844492455.jpg,41.543122037554,-5.4148961414015,41.491401325312594,-5.23494036965066,16.048587165687113,41.54314422607422,-5.415088653564453,0.01621060264726121
628316825235230.jpg,41.298220939575,-4.3011086638265,41.32663683652721,-4.94002022407782,53.45577161685802,41.298500061035156,-4.301179885864258,0.03160203746853333
223918943064000.jpg,41.088766873498,-4.4156415812439,41.3880024235448,-4.7930834062765,45.86012482735305,41.088287353515625,-4.415045261383057,0.07307957774095149
776270970583210.jpg,41.493684745064,-4.6160390634924,41.3204497215012,-4.63374999145468,19.31940415996359,41.493289947509766,-4.61572265625,0.05120204136584944
24827749096843068.jpg,41.522833480746,-4.9270404642796,41.4492964604652,-5.0057380774466,10.480221389974794,41.52122497558594,-4.93109130859375,0.3817338840801367
132181409125478.jpg,41.595883376716,-5.1217353411851,41.376425985880005,-4.800456639773861,36.217073192175434,41.11307144165039,-3.7195346355438232,128.761014679144
3923425901248304.jpg,41.247468501062,-4.1029040543437,41.4001157113738,-4.368967976207999,27.95963980449157,41.24781036376953,-4.1028289794921875,0.03852808668056219
3993464227401092.jpg,41.15993601045,-4.9489931910351,41.2836438604456,-5.109976425883599,19.248414246113004,41.1600227355957,-4.948925495147705,0.01118536841001144
4836257466442727.jpg,41.557969673864,-4.8719688109687,41.4413983593128,-5.2393819984929,33.23060982692756,41.555145263671875,-4.8757171630859375,0.4426164056353054
800612153917883.jpg,41.596685534444,-4.6292001530544,41.4492964604652,-5.005738077446599,35.37267161646449,41.596710205078125,-4.630023956298828,0.06855876498838115
811251534806649.jpg,41.276858787289,-3.7543522396665,41.21383896856101,-4.44524914149992,58.18696305011935,41.27665328979492,-3.7542526721954346,0.02431801982095789
24411977811793904.jpg,41.539649093771,-5.3570210103307,41.485071493770796,-5.24240281675184,11.309722573249667,41.539710998535156,-5.356570720672607,0.038104079568172515
1205226278318234.jpg,41.030438258652,-3.827996041616,41.263745205344605,-4.4217671493515,56.07903200894111,41.47699737548828,-4.594851493835449,81.08712088449381
1144180443553014.jpg,41.105408859434,-4.7552408198147,41.2004730437646,-4.55784910517456,19.618018582662405,41.105140686035156,-4.755037784576416,0.034330645903714346
562789631527921.jpg,41.439615766702,-4.9750289936276,41.35854117747179,-4.82988438197664,15.094312978181506,41.439456939697266,-4.974826812744141,0.02441183650181238
199043085379527.jpg,41.173452682367,-4.9385386227679,41.2836438604456,-5.1099764258836,18.859454630014906,41.17339324951172,-4.938584327697754,0.007635969323138087
2896838663928832.jpg,41.11725511085,-5.4893656692437,41.4413983593128,-5.2393819984929,41.658956754945805,41.118629455566406,-5.489413738250732,0.15287320150678663
678925718153794.jpg,41.178648923328,-4.0431468161169,41.2508188237406,-4.506923758457161,39.61432252788566,41.178707122802734,-4.043231964111328,0.009626157680601165
7772726239427506.jpg,41.005130029349,-4.0058371366984,41.2508188237406,-4.506923758457161,50.07755468515397,41.005001068115234,-4.006128311157227,0.028330622584499244
294449062171470.jpg,41.029069429955,-4.6169370604992,41.2098119875306,-4.6869997983067995,20.937064908527645,41.028846740722656,-4.6167826652526855,0.02794430614724322
2893706284087573.jpg,41.148877591677,-5.4660166377889,41.2836438604456,-5.1099764258836,33.338291650499784,41.14845275878906,-5.467235088348389,0.11242722917581816
889985968516610.jpg,41.256412015882,-4.6760191890754,41.2098119875306,-4.6869997983068,5.262415204655166,41.27744674682617,-4.680795669555664,2.3727798005059992
955383628635235.jpg,41.593163062205,-4.6146848521586,41.4413983593128,-5.2393819984929,54.67999894274525,41.593055725097656,-4.614160537719727,0.045206154445620865
1473424259860950.jpg,41.116948733457,-3.7209615034036,41.1560570350048,-4.51874896104094,66.95251658382315,41.117218017578125,-3.721442699432373,0.05021442584253016
2614586285353396.jpg,41.617831459055,-4.7903630084935,41.4413983593128,-5.2393819984929,42.212968539675884,41.622100830078125,-4.693082809448242,8.100399730263042
1507549986480673.jpg,41.418838275953,-4.1244550599285,41.15605703500479,-4.51874896104094,44.03553716783998,41.5073356628418,-4.985884666442871,72.45185888480117
1936279096802353.jpg,41.038421493449,-3.6171101423005,41.491401325312594,-5.23494036965066,144.2945339360184,41.04266357421875,-3.61651349067688,0.474344689695067
1379592820082127.jpg,41.311716988877,-4.0475768136636,41.365719997717605,-4.24149755461794,17.2676199741285,41.31325912475586,-4.050975799560547,0.3316561436153079
529686458203136.jpg,41.114155947296,-5.184310965064,41.239153297264195,-5.136158660394439,14.47154964079309,41.11415481567383,-5.184359073638916,0.0040322291147426425
453318429101334.jpg,41.449617461515,-4.6660552549538,41.31542694164959,-4.439792403249099,24.062381018355445,41.44982147216797,-4.666152000427246,0.024075350447417737
262048385649351.jpg,41.37522211067,-4.9616183589642,41.3533594062362,-4.7542163231643,17.478486308389485,41.37550735473633,-4.9616312980651855,0.03173606268919767
2821095131348555.jpg,41.26411146518,-5.2692188874444,41.4153878402232,-4.95467678802368,31.18536480246398,41.2418327331543,-5.299842834472656,3.562426096363019
481405223313409.jpg,41.26239298987,-5.2703040293764,41.4153878402232,-4.95467678802368,31.365211615986954,41.31050109863281,-5.224786758422852,6.563522597008568
1573445583438479.jpg,41.448452212705,-4.5213031155239,41.4068983163026,-4.6585033243836795,12.336765121757287,41.44846725463867,-4.5213494300842285,0.004206933640687761
2289315948110654.jpg,41.418827074709,-4.1244598337473,41.22826784583761,-4.8180370095721,61.672363692649974,41.414424896240234,-5.127276420593262,83.62303655871219
1291812387930007.jpg,41.41908325366,-4.8040392866864,41.3645056474098,-4.84644331528426,7.024406337232198,41.41749572753906,-4.803859710693359,0.17715880513438995
479123643409831.jpg,41.043524875302,-4.6986192821054,41.2452301910674,-4.883569717646081,27.25596777555241,41.012882232666016,-4.669606685638428,4.187193589806761
1004123890159382.jpg,41.633852262929,-5.1875066014829,41.2475316643112,-4.61746186544558,64.05549074173506,41.65617752075195,-5.193103790283203,2.5256469758209157
2967747113546646.jpg,41.442618682379,-5.0910408362723,41.434115092537795,-4.8725925467244,18.23422146536521,41.3901481628418,-5.145328998565674,7.384726638992252
1175901764324869.jpg,41.153888704591,-4.0098048271656,41.20638487261721,-4.369426154126559,30.65757440283419,41.21657943725586,-3.6959340572357178,27.175105974539722
3239150909644780.jpg,41.566820301251,-4.8596122373906,41.3021419386184,-4.72736609122432,31.427989227611235,41.418880462646484,-4.1253662109375,63.32842791253182
1121965786395005.jpg,41.037612985849,-4.1373009312439,41.2023134137704,-4.40445398452306,28.917075534974447,41.25324249267578,-3.8912642002105713,31.61205790213312
3998845253542004.jpg,41.542372722679,-5.2939654040292,41.3259553544338,-4.93499023404468,38.40120515244858,41.54269790649414,-5.294774055480957,0.07639888120385535
1218674071896059.jpg,41.175633198907,-4.925353387874,41.250479775269405,-5.1168563236991,18.051817144689522,41.17565155029297,-4.925535678863525,0.015392855476392107
2109127369604231.jpg,41.175888692627,-4.1208403283598,41.2098119875306,-4.6869997983067995,47.52260347046427,41.176631927490234,-4.120813369750977,0.08267474056226823
501401237655684.jpg,41.165801803251,-5.3961777436848,41.4413983593128,-5.2393819984929,33.32649486006256,41.165870666503906,-5.397793769836426,0.13549147447434048
1048813680150812.jpg,41.240442175669,-3.7734623328103,41.2856295610126,-4.311811841791259,45.2770435839537,41.24079895019531,-3.7749812602996826,0.13305364001002162
1106996267597566.jpg,41.209625193509,-3.739563390811,41.308817332463796,-4.283696708557939,46.801685872641194,43.48878860473633,-3.825568914413452,253.5298998038829
317013213697684.jpg,41.152686931402,-5.1961428156158,41.093354012272,-4.83938299458638,30.602889175210972,41.152435302734375,-5.196009635925293,0.03011984265493478
802329173732080.jpg,41.049760100742,-5.0475911998856,41.2836438604456,-5.1099764258836,26.525798143723595,41.05010223388672,-5.047212600708008,0.04955033526033387
3417279185040646.jpg,41.142816500082,-4.6496351470237,41.2098119875306,-4.6869997983067995,8.079326013373132,41.14326477050781,-4.649727821350098,0.05044587310159878
3199868806821027.jpg,41.523536369869,-5.2381900009423,41.4492964604652,-5.005738077446599,21.048977057074186,41.52334976196289,-5.238376140594482,0.025897603211475363
845547199369858.jpg,41.055697402087,-5.196121347469,41.279301564369995,-4.39042991104866,71.87832445351478,41.05569839477539,-5.1961212158203125,0.00011093249027422066
456364248761564.jpg,41.209684237888,-5.2191425133845,41.20161682537,-5.2610891204437396,3.621992371060483,41.20982360839844,-5.21919584274292,0.016126614984462502
384990916088358.jpg,41.002802364919,-4.3225260763447,41.2301350080818,-4.41630306026184,26.470796051387964,41.002418518066406,-4.322096824645996,0.05585045815472434
2146516909189436.jpg,41.186146223626,-3.7689312185668,41.1842260678212,-4.65288987235872,73.97288084739505,41.27043914794922,-3.884333372116089,13.453333384107891
910537452851124.jpg,41.062062917978,-4.3960642722054,41.1916314940826,-4.507374799868041,17.1608142460814,41.06230545043945,-4.396355152130127,0.036359960040737785
2049302428861968.jpg,41.420887718404,-4.1230381604578,41.1560570350048,-4.51874896104094,44.27502683571931,41.46991729736328,-4.593193531036377,39.56493256656131
812155199703337.jpg,41.174188299748,-4.8430729003095,41.1815857895948,-5.06506771555804,18.597602705286242,41.174190521240234,-4.843296527862549,0.018718743255960717
1118683575270544.jpg,41.0558856458,-4.6299104372199,41.2543072832762,-4.636256015238421,22.069874624913513,41.12183380126953,-4.644529819488525,7.434747994633305
1574347839434847.jpg,41.620733266828,-4.6921696410399,41.3021419386184,-4.7273660912243205,35.54693916136934,41.03512191772461,-3.618098020553589,110.83083564535156
1146899153949365.jpg,41.075093450614,-3.7104441825354,41.1560903551622,-4.706846132265319,83.95512539812708,41.075103759765625,-3.710618019104004,0.014616728961638136
140245791410218.jpg,41.180953143435,-4.658750446883,41.2098119875306,-4.6869997983067995,3.98549907831164,41.18109893798828,-4.658787727355957,0.01650910741944502
24650629657922255.jpg,41.505075780006,-5.05299001142,41.491401325312594,-5.23494036965066,15.229345538876542,41.50520706176758,-5.054885387420654,0.15850815525962264
1057294694799605.jpg,41.204470220201,-5.3325867825191,41.2836438604456,-5.1099764258836,20.58919133788378,41.204280853271484,-5.33291482925415,0.03459134256214602
1225537045479756.jpg,41.26737816209,-3.9483207004932,41.2508188237406,-4.506923758457161,46.729353443840644,41.267120361328125,-3.9472830295562744,0.09134195009762554
3309212126025724.jpg,41.614355948576,-4.713007078119,41.352225045096,-4.87752952153802,32.208839749471565,41.56616973876953,-4.667108058929443,6.5787076430229945
1503057243559934.jpg,41.110318,-3.7219684,41.255270606816005,-4.37723519662306,57.15662987866602,41.10310363769531,-3.7312729358673096,1.118595080209408
2670153313284412.jpg,41.538959224019,-4.8966382835405,41.2836438604456,-5.1099764258836,33.50375496729086,41.43531036376953,-5.09728479385376,20.301742105279416
1750411675162537.jpg,41.507799125216,-4.9698182851398,41.297614325073994,-4.99904618258202,23.498273648191272,41.246097564697266,-3.8509252071380615,97.78758275279833
756451421736244.jpg,41.095271241006,-4.9984764384737,41.2391532972642,-5.1361586603944405,19.717756581571418,41.09519958496094,-4.998531341552734,0.00920070537359596
489477045633081.jpg,41.251426459644,-5.3851038049496,41.1560570350048,-4.51874896104094,73.25055138241575,41.25143814086914,-5.385119915008545,0.0018710824864612377
842479811057158.jpg,41.244987598739,-3.8450834727437,41.2115074800038,-4.06112647316364,18.446928801909962,41.24498748779297,-3.8450839519500732,4.192140897804251e-05
511906776597414.jpg,41.079729728781,-3.8705080943304,41.2819241063288,-4.1878602588319,34.79741064027998,41.07944869995117,-3.871217727661133,0.06718938580259073
1606048282919959.jpg,41.46138836395,-4.9845856912557,41.295277110925,-4.786459452537141,24.787873974788337,41.46138381958008,-4.9846906661987305,0.008762114682819792
2259117667843231.jpg,41.44913919852,-3.6782755107515,41.2845260401958,-4.718347507391741,88.70362180334665,41.27604675292969,-3.6918749809265137,19.280436184675143
1358034514596827.jpg,41.23824293958,-4.4299210756903,41.2872969867488,-4.50989242670294,8.6274498491307,41.23875045776367,-4.429748058319092,0.05825827060489043
1020981395225505.jpg,41.603172331805,-5.1334742891282,41.293933879399404,-4.5233591111266,61.38525890632989,41.605613708496094,-5.137794017791748,0.45021780381283644
4145180688876877.jpg,41.200277022541,-4.7660864320624,41.2504797752694,-5.116856323699099,29.86206442794455,41.20020294189453,-4.766239166259766,0.0152033736782556
947189209426555.jpg,41.342935310703,-4.576477374428,41.210347018314,-4.76418058749356,21.526776332115745,41.34296417236328,-4.576415061950684,0.006112260644567414
3510744765817446.jpg,41.137296264822,-4.9662404911744,41.2836438604456,-5.1099764258836,20.233221483282062,41.137413024902344,-4.966139793395996,0.015481460093883726
1391214058642784.jpg,41.277333168214,-3.6888857205343,41.295980128831005,-4.7417171501815405,87.99201111672227,41.27866744995117,-3.687250852584839,0.2016845482357134
711046803187105.jpg,41.24233300295,-4.6354681090465,41.393872439456594,-4.4325021336572,23.900885940767587,41.2440185546875,-4.6378984451293945,0.2764380018958726
458453932109563.jpg,41.359122125044,-4.9615148274742,41.4590036959874,-5.0464468179996995,13.172706883824375,41.37962341308594,-4.961423873901367,2.279651854859162
4064671110314178.jpg,41.498766888492,-4.6859762278625,41.4512201252442,-4.5543865330401,12.171274482870212,41.49922561645508,-4.686160087585449,0.05325691321360594
2269746940109646.jpg,41.5432682686,-5.3770558071746,41.4492964604652,-5.0057380774466,32.64273091571595,41.54085159301758,-5.375704765319824,0.29129829747560887
1110699714484727.jpg,41.614027185846,-4.792982433451,41.4492964604652,-5.0057380774466,25.478443565154286,41.614173889160156,-4.7927775382995605,0.023584869519022337
335134524697882.jpg,41.011521567194,-5.1006690652161,41.2836438604456,-5.1099764258836,30.268652550749824,41.011070251464844,-5.10157585144043,0.09114418974242566
500451824433855.jpg,41.398710653076,-5.1408980204191,41.4413983593128,-5.2393819984929,9.485016522611806,41.39873504638672,-5.14096736907959,0.0063887624611330155
2026432557509715.jpg,41.493801224281,-4.9984126788715,41.3797844992656,-4.96267967427328,13.023313284319123,41.49396896362305,-4.9984869956970215,0.019651987726777558
4146936938729875.jpg,41.612481177688,-4.4077418607048,41.4056233260072,-5.00271725918766,54.621685680778484,41.39401626586914,-5.14299201965332,65.87121000472025
2971959363042144.jpg,41.131253409224,-3.8098790119062,41.255270606816005,-4.37723519662306,49.43482234839258,41.39883804321289,-5.140888690948486,115.15668413031294
5775143429243971.jpg,41.025920963993,-3.9495618046058,41.245428778115,-4.680045788548581,65.86497916851833,41.02693557739258,-3.9476473331451416,0.19626503870192785
2745870505724919.jpg,41.507756890677,-4.969439894619,41.3088380075112,-4.6857745779763,32.386657225197744,41.11933517456055,-3.7166619300842285,113.1936192237551
171911984850775.jpg,41.329967323286,-4.9181921870752,41.4371622511772,-4.90738158985898,11.953606692539797,41.330142974853516,-4.916882038116455,0.11112506595544303
1607465390016346.jpg,41.547894149783,-5.3871825374328,41.4134203617646,-4.90134228172002,43.14666631988453,41.39973831176758,-5.140436172485352,26.343928979555702
1035203760621514.jpg,41.432936146491,-5.1003968363284,41.26857287363241,-4.886698960100361,25.538384617156566,41.43342208862305,-5.099709987640381,0.07872985062233599
1545713669444555.jpg,43.471520083182,-0.82505392156215,41.0966849641468,-4.5602253448690195,405.0746512477105,45.827850341796875,1.1402266025543213,304.63946931587924
972126043521340.jpg,41.416805536639,-5.1238226191898,41.2836438604456,-5.1099764258836,14.85194211922,41.418880462646484,-5.120874404907227,0.3371483031562026
221676782691679.jpg,41.043660613641,-5.386931892567,41.2790982017744,-4.46592988261012,81.42370110078562,41.04334259033203,-5.386927127838135,0.035364836099612516
822856686653650.jpg,41.063888020297,-3.8436609632759,41.231462936129404,-4.461606312465781,54.99432411035167,41.0643424987793,-3.8466708660125732,0.25735530894041236
135965498555519.jpg,41.305510309642,-4.9108524196045,41.2308152047834,-4.388349135504041,44.45229281016885,41.15481185913086,-5.454607963562012,48.46135242219946
1261777315216404.jpg,41.113886565164,-3.8976032521134,41.3669668032124,-4.4887418436364594,56.87638853830044,41.11784362792969,-3.901102066040039,0.5286910246344
1484970815979564.jpg,41.547814399998,-5.3887996071529,41.491401325312594,-5.23494036965066,14.262978570328448,41.547813415527344,-5.388840675354004,0.0034193892910969197
884292149352997.jpg,41.312147178769,-4.9459378478441,41.279863271405404,-4.7330595208397,18.142939425429255,41.31215286254883,-4.945920944213867,0.0015468176710222395
575427066769554.jpg,41.165534889718,-5.4113845349378,41.477294574672996,-5.14526069322678,41.178052532844355,41.16581726074219,-5.396698474884033,1.2297501721644477
1796615694580099.jpg,41.526302498312,-5.2655106470326,41.4636083784158,-5.2625696503292,6.975569990087834,41.526329040527344,-5.265520095825195,0.003054378223545339
4170798386304722.jpg,41.559946743932,-4.8693201900477,41.4221435669286,-5.1825934008003,30.259524590188605,41.56107711791992,-4.867635726928711,0.18825716926497382
1459711518406304.jpg,41.069070068,-3.883928281111,41.186619915019996,-4.33726167949726,40.1565708200091,41.082984924316406,-3.8870911598205566,1.5698113239945954
1172736613243457.jpg,41.075629179235,-5.2154076294351,41.2322179441784,-4.40806527048302,69.7999044961001,41.07563018798828,-5.215407848358154,0.00011365945237230166
377407416898081.jpg,41.381348207678,-4.481404390681,41.2836438604456,-5.109976425883599,53.59525107463201,41.381507873535156,-4.48117208480835,0.026284236196642812
4089382097944475.jpg,41.521582718194,-5.2315062662291,41.491401325312594,-5.23494036965066,3.3681791075856466,41.52162170410156,-5.231749534606934,0.020711406338414944
197165092132063.jpg,41.137077918844,-4.5942252218603,41.280273392011,-4.4962464139229,17.908334483926417,41.13749694824219,-4.59379768371582,0.058761637314193226
1638618403253213.jpg,41.135747731206,-3.6935980875401,41.2434165616234,-4.719562830364341,86.68094948786947,41.19614791870117,-4.534945964813232,70.74697596057592
2122807568212124.jpg,41.513064695787,-5.1756884731935,41.4725296348984,-5.252632945325379,7.834955719866474,41.51304626464844,-5.175514221191406,0.014652827391521264
6876364665797370.jpg,41.442153521756,-4.4156921351071,41.3922929333278,-4.6086391966416205,17.017632375838165,41.4421272277832,-4.415827751159668,0.01167618467839455
1083437612732601.jpg,41.288970014654,-3.9987897430111,41.2552572539522,-4.1720772648882205,14.959371994191756,41.289161682128906,-3.999197244644165,0.04016744607248509
1592680901065487.jpg,41.289706281465,-5.2385811176918,41.4413983593128,-5.2393819984929,16.867521883656377,41.289798736572266,-5.23854398727417,0.010738407031351633
983229812445673.jpg,41.124327368505,-4.9762740477035,41.1067653951054,-4.960731544766121,2.3470692255512646,41.12443923950195,-4.976186275482178,0.01444961998574801
200134121944042.jpg,41.170559016815,-4.2700940061242,41.3533594062362,-4.7542163231643,45.2837804642049,41.16999053955078,-4.270068168640137,0.0632487725860838
2234796663527173.jpg,41.080624357687,-3.7896045189886,41.1449147240844,-4.2070925870652,35.6986015854115,41.15020751953125,-5.4625115394592285,140.35527750920923
526370802493317.jpg,41.56805622105,-4.5936885114128,41.3347147813336,-4.7443801836286,28.826087606986118,41.56830596923828,-4.59323263168335,0.047006088306214035
1505425253904992.jpg,41.15377663794,-3.6680524950018,41.2819241063288,-4.1878602588319005,45.753106786962505,41.15361022949219,-3.668196439743042,0.0220823703737834
1946396386214312.jpg,41.5058221198,-5.0632273853631,41.4492964604652,-5.0057380774466,7.902146257643255,41.505863189697266,-5.064199924468994,0.08111448054448493
3565805783526009.jpg,41.243453264893,-5.3624751468252,41.234516938746204,-5.254360798801,9.094414460312523,41.24336624145508,-5.362411022186279,0.011062577639433833
1535647707266320.jpg,41.07850484028,-3.8019655818687,41.2558863401404,-4.2764556438125805,44.34571217184505,41.07927703857422,-3.8003220558166504,0.16232787534413623
138141581594122.jpg,41.24061096598,-3.9320676850389,41.1611583284804,-4.4340311944262405,42.915223998307994,41.24079895019531,-3.9321227073669434,0.021403178220142153
1350928566061157.jpg,41.298205167943,-4.1071304978313,41.2283532237842,-4.304876632236061,18.26241671503534,43.36814880371094,-1.7828919887542725,299.10155802602134
409473335274061.jpg,41.411145926694,-4.3288564103754,41.4451896829294,-4.738152589614979,34.33329192573909,41.4111328125,-4.328986167907715,0.01091884462735116
1294801315763879.jpg,41.291354572566,-3.7594308370006,41.2586849056142,-4.271238255873881,42.92503397225049,41.40251922607422,-4.316854476928711,48.14556157328923
886768598926926.jpg,41.001941276203,-5.3989486146861,41.2569437811446,-4.664699672853681,67.71877469521266,41.00209426879883,-5.398916721343994,0.01722124545756746
1463127231547210.jpg,41.116650060308,-3.8994502131272,41.279079709406396,-4.610953271359,62.209032260107556,41.11814498901367,-3.9021730422973633,0.282237273367332
1076551364137747.jpg,41.031095390657,-3.8272310934092,41.230331781202,-4.2102882658655005,38.98808041155165,41.03110885620117,-3.8272321224212646,0.0014997859682960332
493791581951275.jpg,41.05792864943,-4.3910159722227,41.2131956638152,-4.32229920686946,18.198760135110014,41.057804107666016,-4.39077091217041,0.024778455362696804
1498187061203197.jpg,41.62364525829,-4.788192929126,41.4492964604652,-5.005738077446599,26.527448961035855,41.62358093261719,-4.788239479064941,0.00813217266287943
498078192050419.jpg,41.14647406559,-5.1928766325132,41.093354012272,-4.83938299458638,30.194455079258372,41.14622497558594,-5.192747116088867,0.029744989393818904
796666809452594.jpg,41.04445630154,-4.6989604212273,41.261009762480406,-4.89844258097038,29.30484291824779,41.04519271850586,-4.698960781097412,0.08188583605979656
1511591446529376.jpg,41.518643804421,-5.1990907041653,41.491401325312594,-5.23494036965066,4.253047066394609,41.518653869628906,-5.199138641357422,0.004145020413973733
4145536938800602.jpg,41.622049326914,-4.7895368353111,41.4413983593128,-5.2393819984929,42.492483380698715,41.6234245300293,-4.788726806640625,0.16708285401171172
292563272348032.jpg,41.394359354733,-4.4731251786175,41.2836438604456,-5.109976425883599,54.57519443875487,41.394439697265625,-4.473084449768066,0.009557885930190657
1883345582599555.jpg,41.505982556248,-5.0664519070152,41.491401325312594,-5.23494036965066,14.125374213757723,41.50598907470703,-5.066588878631592,0.01142895930617303
4128138640540418.jpg,41.014336316837,-4.3386170281778,41.2322179441784,-4.40806527048302,24.915918022703153,41.014163970947266,-4.338382244110107,0.027482735769993404
740526865614033.jpg,41.24629735298,-3.8055018857804,41.169348164349,-4.270425780194739,39.82308949345926,41.246253967285156,-3.805718183517456,0.01871612585376887
324103125889923.jpg,41.311907599674,-4.637550423494,41.2836438604456,-5.1099764258836,39.59116930223142,41.31180953979492,-4.637702941894531,0.01676792553984721
1453185955329212.jpg,41.147038794293,-4.787043676235,41.3234953926682,-4.660452070527859,22.29439644577002,41.14168930053711,-4.782959461212158,0.6861422115360256
369858681110511.jpg,41.399785639189,-4.9603036697752,41.324336894783,-4.813242281668501,14.866695461383536,41.400001525878906,-4.960293292999268,0.024021102524728718
4271790819537104.jpg,41.201839608726,-4.544763827185,41.2628974539594,-4.41648720036694,12.694944991957845,41.37525177001953,-4.781566143035889,27.62731686085441
1418918866170280.jpg,41.430881257873,-4.4519647843288,41.4612171778044,-4.84679575107634,33.081328210508985,41.43086242675781,-4.4520978927612305,0.011292929756656144
199341785342738.jpg,41.078994394276,-4.5319138049391,41.1878147043622,-4.48561579088396,12.70633872837867,41.07888412475586,-4.5298542976379395,0.17306134583936908
3927892880634250.jpg,41.123406953707,-4.6448799573459,41.2098119875306,-4.6869997983067995,10.234290213554466,41.12314224243164,-4.644845962524414,0.029571963640216935
522316558776775.jpg,41.293918165931,-4.6665464465401,41.181831612418605,-5.28112361081902,52.87833491831293,41.294002532958984,-4.666417598724365,0.014278713418097824
1164710160674510.jpg,41.230133914951,-5.3142252245829,41.4413983593128,-5.2393819984929,24.30840747763353,41.230255126953125,-5.314112186431885,0.01646265106592567
2543139745992843.jpg,51.307735874564,-0.74525035416052,41.1417575150216,-4.571703773034381,1167.6797166461167,41.15940856933594,-4.015066623687744,1155.819385238429
970403550367769.jpg,41.120025701005,-5.1832015953643,41.287440790855,-4.9940772593587,24.431205187762888,41.11994934082031,-5.183207035064697,0.008503083153161983
1334623120254485.jpg,41.288281147106,-5.2406048230141,41.4492964604652,-5.0057380774466,26.54595506205349,41.28824234008789,-5.240645408630371,0.005488110033967003
315859519939188.jpg,41.393086780214,-5.1437416132623,41.2836438604456,-5.1099764258836,12.491728332945621,41.39323425292969,-5.143657684326172,0.017830236354773755
5624799684229257.jpg,41.591210336955,-4.5690134606584,41.3265930911868,-5.029042572516261,48.32577521461329,41.59130096435547,-4.569316387176514,0.02713295394626856
1489365515541847.jpg,41.511107514796,-5.1317185411436,41.4492964604652,-5.0057380774466,12.54517427659154,41.51106643676758,-5.131411075592041,0.026005648725754865
171978445921205.jpg,41.06434447277,-3.8462896011445,41.291053044506796,-4.5844681017947995,66.7254171366693,41.06364822387695,-3.845134735107422,0.1239688068984986
1314645853350832.jpg,41.525309480857,-5.2445992919101,41.491401325312594,-5.23494036965066,3.855244976189043,41.52533721923828,-5.24473762512207,0.011921793018917767
1060736759182268.jpg,41.035618597745,-4.6919139468699,41.2437072068592,-4.7257495164723,23.31123900468104,41.03538513183594,-4.691692352294922,0.031927714476644144
990040091805114.jpg,41.591805594571,-4.6084812387792,41.4221435669286,-5.182593400800299,51.39455418217294,41.59223175048828,-4.610836029052734,0.20147991935687454
1076706707790417.jpg,41.136024635769,-4.7789284675036,41.2443794309776,-4.751656256750819,12.26271768862599,41.14759063720703,-4.787861347198486,1.4878017003507047
1572065936973149.jpg,41.432184341623,-4.4404763029988,41.35087256071499,-4.8290443411174,33.65145955291857,41.43217086791992,-4.4407782554626465,0.025217486644662303
594682798751538.jpg,41.330176976915,-5.0803456174159,41.255270606816,-4.37723519662306,59.329518623755064,41.17060852050781,-3.7107112407684326,115.86709947142735
3392829457695453.jpg,41.227030299497,-3.8063620417461,41.249138201105,-4.21512111043068,34.267064703447595,41.22591781616211,-3.803661823272705,0.25748342119243856
526844798343435.jpg,41.000673299256,-4.600679925653,41.2508188237406,-4.50692375845716,28.902219791797343,41.00093078613281,-4.600728988647461,0.028925764059282648
1597130204203901.jpg,41.145715411305,-4.7860310690932,41.2508188237406,-4.50692375845716,26.11326495944673,41.1459846496582,-4.7862348556518555,0.03445946850700897
128596922616805.jpg,41.06634202428,-5.2040280781631,41.2394248882704,-4.479359067448,63.651953426862484,41.06624984741211,-5.204078197479248,0.01107741854224094
1072570715043557.jpg,41.503976098501,-5.0293801018116,41.4492964604652,-5.0057380774466,6.3911655263779155,41.50398635864258,-5.02970027923584,0.02668715845075268
2922279521390133.jpg,41.139955816441,-4.6489617800242,41.2098119875306,-4.6869997983067995,8.394766747936698,41.14558792114258,-4.650301456451416,0.6362296283456457
2502347906603604.jpg,41.489026592501,-4.6168357094535,41.2322179441784,-4.40806527048302,33.45177496800771,41.57406234741211,-4.674029350280762,10.586417647643069
1407789659570169.jpg,41.06189553444,-5.3961736207098,41.2023134137704,-4.404453984523061,84.51229839514944,41.06178283691406,-5.396145343780518,0.012753680163099875
1503649744328374.jpg,41.513217698158,-5.002264319953,41.4636083784158,-5.262569650329199,22.372835140806142,41.51323318481445,-5.002408504486084,0.012128122489217472
278864823893228.jpg,41.002227935655,-4.6008688678263,41.295980128831005,-4.74171715018154,34.7274981487107,41.00238800048828,-4.600971698760986,0.019779965337604982
464510448799316.jpg,41.338181532898,-4.5870840417173,41.287440790855,-4.9940772593587,34.45724569865155,41.335105895996094,-4.594908714294434,0.7373845777511115
1205992216525851.jpg,41.261076912264,-5.271888082873,41.362012752761004,-4.919157913647799,31.526182347035704,41.271114349365234,-5.259056568145752,1.5478621032676467
2958647784455908.jpg,41.165808851655,-5.4092167424491,41.480396414271794,-5.075282001156721,44.73540643144818,41.325260162353516,-3.6329331398010254,149.56074660897784
1309665104122212.jpg,41.542804447531,-5.3764936197603,41.419993224376,-5.28639260233638,15.582762850781133,41.542850494384766,-5.376453876495361,0.006095624631552461
1946002975551160.jpg,41.60311371539,-4.8128058995296,41.4221435669286,-5.182593400800299,36.78245545637113,41.60321044921875,-4.81266450881958,0.015934481717521643
244085840839600.jpg,41.175041999763,-4.8928971108969,41.177356773763606,-4.96988150888272,6.448358663168114,41.17500305175781,-4.890910625457764,0.16631855620541613
10041384625962992.jpg,41.518153942601,-5.196950045137,41.491401325312594,-5.23494036965066,4.3425288566673785,41.518150329589844,-5.196963310241699,0.00117521130758861
502738061009708.jpg,41.166396808702,-5.3869559480267,41.35326349197,-4.8117716668505,52.3764190923021,41.16626739501953,-5.387531757354736,0.05030196200068142
1456614569042179.jpg,41.274402532415,-4.0926085161352,41.4299097927776,-4.42144517228568,32.44054022832097,41.27448654174805,-4.09266471862793,0.010455717439584854
1949744782207945.jpg,41.226817388712,-4.8495221291462,41.2252329040312,-4.47281383250908,31.505126528983446,41.003875732421875,-4.6612548828125,29.381763246531115
760787467919694.jpg,41.07700315074,-5.3964936403246,41.234235391541596,-4.5018491296536,76.91395576097283,41.07710647583008,-5.3963518142700195,0.016532671579077566
499722864493023.jpg,41.101987450132,-4.7526929912922,41.191426661776795,-4.56644747233304,18.496112073356592,41.10221862792969,-4.752865314483643,0.029483391211101963
1853336485189651.jpg,41.157123409834,-3.7428766941225,41.3934801222794,-4.40765928274858,61.457573178370424,41.134605407714844,-3.72896671295166,2.7615330518580503
1305322920989888.jpg,41.508042778281,-5.0994460030919,41.4492964604652,-5.0057380774466,10.179066984809701,41.50806427001953,-5.09957218170166,0.01077520597797844
338288231001450.jpg,41.071447279798,-4.4130946905306,41.229434550853796,-4.3523347339082,18.28916719075943,41.07141876220703,-4.412912368774414,0.015609312102042368
2184231612086674.jpg,41.512212640503,-5.1594607934457,41.4492964604652,-5.005738077446599,14.592223284300067,41.51222610473633,-5.159830093383789,0.030785949017909656
1266559264565795.jpg,41.31015055927,-4.0441958215459,41.2699164770654,-4.240259333017301,16.98094699198121,41.310203552246094,-4.044305324554443,0.01087994822168226
198545728576620.jpg,41.033286743556,-4.689360387382,41.1638816349836,-4.58749114457788,16.84451770598852,41.033145904541016,-4.689242362976074,0.018527168641065957
1609544815921500.jpg,41.496719115836,-4.6852114787606,41.3471896240906,-4.573584998534519,19.054738676089148,41.50503921508789,-4.688543796539307,0.9658781559786396
522647112098428.jpg,41.187526284838,-4.2680972860107,41.1816568428762,-4.6105753313645,28.667486407954105,41.18782424926758,-4.267991542816162,0.034293391061974696
2950770551803041.jpg,41.405722274274,-5.1366182885096,41.2836438604456,-5.1099764258836,13.755487890242577,41.40531921386719,-5.136925220489502,0.05161360853006524
992794666250461.jpg,41.2649467786,-4.0976031920616,41.3176978101872,-4.438881037206739,29.11010038224051,41.26480484008789,-4.097672462463379,0.01681128217773345
1434967464050793.jpg,41.488359960812,-4.6141856459119,41.3903537821208,-4.855101965110459,22.84863778643897,41.48826599121094,-4.614180088043213,0.01045919328202867
4054722754648886.jpg,41.207591994466,-5.3270292207608,41.4413983593128,-5.2393819984929,27.008664650571745,41.23917007446289,-5.302236557006836,4.077856161603954
458985040036206.jpg,41.45805679654,-4.5401954736213,41.398444195968196,-4.769930524925199,20.268106646987583,41.45809555053711,-4.540330410003662,0.012042208411686278
707886461176902.jpg,41.041729624675,-3.915936505715,41.171203199298205,-4.42550409547192,45.055657921379265,41.04110336303711,-3.9163239002227783,0.07684338756859846
828148234470279.jpg,41.401853057958,-5.1390310352122,41.3551642550928,-4.7054740078091,36.54491093079153,41.416648864746094,-5.123762130737305,2.0804399355077208
1482436189369971.jpg,41.45824658658,-4.5408887277366,41.46121717780439,-4.84679575107634,25.493921499052682,41.458309173583984,-4.541116237640381,0.020196177279240723
4190676070989068.jpg,41.054401930852,-5.3904801549358,41.3405650324404,-4.6754595762297395,67.75992114749288,41.05429458618164,-5.3903727531433105,0.014952433110823275
709844114262186.jpg,41.308219709777,-5.0281039230491,41.2617463459898,-4.3228123647865,59.157305128498635,41.30831527709961,-5.028214454650879,0.014076919990263257
811826979446761.jpg,41.076852864014,-5.2166236687566,41.2322179441784,-4.40806527048302,69.86411891526481,41.07685470581055,-5.216623306274414,0.00020704005147634692
1078512529868275.jpg,41.543800761831,-4.6597075369703,41.2747383325308,-4.67671911528196,29.951995081936413,41.544010162353516,-4.659866809844971,0.026792898899092664
2970702213219513.jpg,41.23211358758,-5.3117436771993,41.4413983593128,-5.2393819984929,24.0428220224185,41.231292724609375,-5.312738418579102,0.12349461987911209
489639512090285.jpg,41.399550790275,-4.4430584025812,41.2754212534144,-4.53208119312868,15.676465008427744,41.399574279785156,-4.442917823791504,0.01201293675829913
370732184380672.jpg,41.166366786684,-5.4030142769068,41.4413983593128,-5.2393819984929,33.49764687102009,41.166324615478516,-5.404135227203369,0.09394929985199693
2918021558485152.jpg,41.519663250531,-4.9350963857277,41.2432627126088,-4.83023521134242,31.955292472466326,41.03133010864258,-4.6871514320373535,58.119102642270015
2022831764740611.jpg,41.023779732029,-3.8090036615653,41.2100336318956,-4.364243359538319,50.91523282012416,41.141876220703125,-3.7092597484588623,15.566995225844936
2617135811912264.jpg,41.566162835842,-4.8599385128807,41.4413983593128,-5.2393819984929,34.50957455006494,41.49177551269531,-5.0225396156311035,15.862653653259173
493863018535684.jpg,41.304090045979,-4.3531086712138,41.2508188237406,-4.506923758457161,14.152882838754213,41.30397415161133,-4.35287618637085,0.023306674981550306
557917359987902.jpg,41.105958388834,-4.1249104540943,41.3821994318752,-4.3703735562412405,36.941718401752496,41.10671615600586,-4.124475002288818,0.0918194435573783
1670892323593379.jpg,41.525230038222,-5.2442159591459,41.491401325312594,-5.23494036965066,3.84005896894927,41.52520751953125,-5.244109630584717,0.00919895032232774
663741189457776.jpg,41.175388163172,-4.1731614199916,41.165236310396196,-4.2981409576324,10.521847476878197,41.17549133300781,-4.1731462478637695,0.011542029011042804
2039837286518732.jpg,41.294799858439,-4.105105761291,41.2383429015824,-4.56584118487954,39.01636985362393,41.294673919677734,-4.105020523071289,0.01571035029888777
498763451437336.jpg,41.205125745065,-4.4349299985506,41.2508188237406,-4.506923758457161,7.878102300612505,41.2053337097168,-4.434782028198242,0.026229471357435263
1095011030985514.jpg,41.404876146853,-4.4228131748677,41.2836438604456,-5.1099764258836,58.92687654458508,41.40486145019531,-4.422640323638916,0.014508518405574817
3916415858454160.jpg,41.040131660421,-4.6959951613018,41.399786103431396,-5.118557198056299,53.370723145452,41.03913879394531,-4.695032596588135,0.13676924316834646
371452997510758.jpg,41.112616611479,-4.7608730248369,41.2993028366806,-4.71366745875528,21.130855477465396,41.11273956298828,-4.7609758377075195,0.01615861214172842
1537129397263182.jpg,51.018359183082,-4.4968723222236,41.365911746642,-5.0298676407451195,1074.0791013359851,51.01153564453125,-4.525051593780518,2.112251072629778
2578585202438239.jpg,41.646927974103,-4.739935470553,41.2784374725884,-4.37731121248816,50.911025985078574,41.10771942138672,-4.988967418670654,63.45560180669352
466480149328656.jpg,41.098194356969,-4.7497525433625,41.2508188237406,-4.50692375845716,26.478021649554854,41.097923278808594,-4.749545097351074,0.03479564814687649
3852301904868739.jpg,41.511244464395,-4.99359417503,41.3738966978292,-4.98330095927952,15.296455818156154,41.34664535522461,-4.567749977111816,39.94318372167443
1107752141517767.jpg,41.082354019506,-3.8869618292939,41.367487773397,-4.4196299048617,54.67895261877186,41.0823974609375,-3.8869986534118652,0.005732306358792121
1303711124537711.jpg,41.506996941104,-5.0809838121882,41.491401325312594,-5.23494036965066,12.93841276564633,41.506988525390625,-5.0808844566345215,0.00832619831917058
641065525282914.jpg,41.101137734241,-3.8870872594214,41.1539489615036,-4.471381171468759,49.289832272466214,41.10645294189453,-3.891305446624756,0.6886388697057578
214448123445207.jpg,41.17431570893,-4.6572190332719,41.2098119875306,-4.6869997983067995,4.667807775411744,41.17401123046875,-4.6571855545043945,0.03397221869951586
370248634405958.jpg,41.275846773699,-4.8883410006912,41.4022197282758,-4.6142731837744,26.85144252459894,41.27033996582031,-5.1832733154296875,24.655444944819386
1075081541329360.jpg,41.223422491266,-4.1125041856552,41.3596962395414,-4.461219190220439,32.83925016441358,41.636051177978516,-4.775940418243408,71.86387821704879
1011517770560566.jpg,41.154346886264,-4.0073226512782,41.257900322193606,-4.37261958156876,32.656908895982575,41.12112808227539,-3.7117974758148193,25.02265722506448
772852661007037.jpg,41.137459246167,-4.2640220122085,41.350257566637396,-4.82419501523436,52.47307739707272,41.13764953613281,-4.264332294464111,0.03350978596479613
296322002028383.jpg,41.392073337241,-4.9607730171761,41.3340457682812,-4.849818793859419,11.28613075885962,41.392425537109375,-4.960736274719238,0.03928259345615112
1098336777321823.jpg,41.003996837795,-5.3980076656884,41.2569437811446,-4.66469967285368,67.55085568576727,41.0038948059082,-5.398060321807861,0.012175509668611523
454112010319877.jpg,41.423095856825,-4.3607152970297,41.2984884267084,-4.71356787618146,32.54539271932139,41.422767639160156,-4.3600873947143555,0.06381929689256792
1496917014654687.jpg,41.595451653993,-4.824909655485,41.491401325312594,-5.23494036965066,36.03246912225351,41.597320556640625,-4.821496963500977,0.3517391652039276
4090891367634648.jpg,41.421714996121,-5.1229594744002,41.3199997593636,-4.61946136096046,43.510504257202264,41.41755294799805,-5.129786968231201,0.7336785501514456
142519735286070.jpg,41.012954474375,-3.9783821109705,41.2213632450686,-4.64120024090608,60.16637223383483,41.01179885864258,-3.9805643558502197,0.22369008866598636
496192181533830.jpg,41.338297446217,-4.5870442352878,41.2391682882524,-4.67361435263128,13.183921597554166,41.33834457397461,-4.5869245529174805,0.011282797959435242
2771874713112746.jpg,41.369378287872,-5.1633178108394,41.2836438604456,-5.1099764258836,10.522453106889317,41.3696174621582,-5.163125991821289,0.031040483188987607
987847720006061.jpg,41.10430553344,-4.1257301521901,41.181894579264,-4.26876720402244,14.761286319233633,41.10389709472656,-4.12584114074707,0.046358609483977374
1365860383801149.jpg,41.095935070801,-4.9979341864615,41.2836438604456,-5.1099764258836,22.881218203501348,41.0958251953125,-4.99802303314209,0.014307336258892437
2102334860126515.jpg,41.639309095035,-4.7730559795548,41.27619914587719,-4.5242508654106,45.38848508170362,41.223941802978516,-3.69868803024292,100.77397271838784
1153085282788872.jpg,41.174362613416,-4.1211499923419,41.2098119875306,-4.6869997983067995,47.51110212212302,41.17451477050781,-4.12109375,0.017561744064702327
2815778592007882.jpg,41.18771159275,-4.8107429982857,41.2911556406968,-4.78564431707784,11.69233021654546,41.142337799072266,-4.783591270446777,5.533649970005216
4118207301533749.jpg,41.050792600208,-5.046451099517,41.20161682537,-5.2610891204437396,24.585879815546576,41.0509033203125,-5.046327590942383,0.016088417621098288
169717408403453.jpg,41.059857972393,-3.8755799716922,41.3585411774718,-4.82988438197664,86.46282450333632,41.05980682373047,-3.875011920928955,0.04796583470269495
197017952137408.jpg,41.122201033563,-4.9778957517456,41.2347809105462,-5.25420922262824,26.296119679510443,41.12229537963867,-4.9778242111206055,0.01208169782811228
1397192578035956.jpg,41.260914221242,-3.7064945192288,41.3838978649598,-4.6770630619875,82.19539336637595,41.260826110839844,-3.706439971923828,0.010806391802186274
720661353561791.jpg,41.133455342001,-4.2587628953423,41.231408255169995,-4.56637404767042,27.952444712094504,41.1342658996582,-4.259913444519043,0.13194007530323815
9580196042037570.jpg,41.123100154483,-4.2639974232527,41.1560570350048,-4.51874896104094,21.645839100284196,41.17555618286133,-3.679940700531006,49.24928514738341
183436297178918.jpg,41.360585568747,-4.7675535014029,41.3651831929354,-4.750624133409,1.5025086620863182,41.36215591430664,-4.768969535827637,0.21084737374060894
2962317617346973.jpg,41.010863150938,-3.6332770746934,41.314800852595404,-4.65134953054432,91.68081020380862,41.293094635009766,-3.6048028469085693,31.473131743256875
180773757281759.jpg,41.435873482386,-4.6667638291812,41.288096458461794,-4.51857600103728,20.566080764187518,41.11594009399414,-3.846714496612549,77.21272248738694
1478018423200305.jpg,41.290766479779,-3.6758688597573,41.332167949112396,-4.70614096421348,86.17300600750154,41.290687561035156,-3.675947904586792,0.010982758625463806
1491660818933817.jpg,41.677695749634,-4.741126266475,41.4492964604652,-5.005738077446599,33.61055272995375,41.678104400634766,-4.740489959716797,0.0696955531105184
844910204257225.jpg,41.123142608078,-4.7687587779586,41.2023134137704,-4.40445398452306,31.741979793112293,41.12680435180664,-4.7715229988098145,0.4683936511531799
4035041910085259.jpg,41.090759276076,-4.1243208476039,41.2441892232396,-4.43962694877106,31.42704069867245,41.1190185546875,-4.115909099578857,3.220357587240031
2928824894052661.jpg,41.348627869555,-5.1732704707168,41.221363245068595,-4.64120024090608,46.65543326923812,41.25701904296875,-4.299511432647705,73.69490772970708
1738033723750423.jpg,41.01026608828,-5.1034311808418,41.2508188237406,-4.506923758457161,56.66924877376579,41.00827407836914,-5.107460021972656,0.4041561843616972
2905413909667898.jpg,41.294904427641,-3.7538009690967,41.205562975225995,-4.137157577352,33.55314400429522,41.2949104309082,-3.7538135051727295,0.0012419532048036715
926472941825634.jpg,41.309493332972,-4.9947113799341,41.3471124510494,-4.69309595173754,25.530048766339974,41.309303283691406,-4.995678424835205,0.08349086381650109
317471016511941.jpg,41.279271885397,-4.2968453336873,41.2993028366806,-4.71366745875528,34.896808905802374,41.279029846191406,-4.296781063079834,0.027444167538853502
685482486353486.jpg,41.059832171357,-3.8740700103831,41.311178557949006,-4.93967028268114,93.44933632368085,41.05992126464844,-3.873729705810547,0.03020328820981488
472039647434529.jpg,41.039067861396,-4.3744065795166,41.1580080346054,-4.487661901659619,16.278139564769116,41.03898239135742,-4.374098777770996,0.027509215710616944
1593787041507836.jpg,41.420473571318,-4.1237789483346,41.1499246292938,-4.35663487484856,35.82705437640483,41.42048263549805,-4.1238203048706055,0.003592675305905049
250842426843048.jpg,41.114162128477,-3.8475288881323,41.1338312493008,-4.3235367738009005,39.93117010546848,41.113067626953125,-3.848026990890503,0.1286580705446007
923161011856089.jpg,41.175572702432,-4.9236135820666,41.136378295845205,-4.75309081390732,14.926742576712897,41.17557144165039,-4.923434257507324,0.01500939228121841
293803728949553.jpg,41.250057884825,-5.3934079474485,41.272053410640396,-5.1294303387517,22.200126007534262,41.25008010864258,-5.393337249755859,0.006406188236903379
2191467861374129.jpg,41.521935045362,-5.233379362389,41.491401325312594,-5.23494036965066,3.3976821795211936,41.52194595336914,-5.233426570892334,0.00411310098052916
465766124663611.jpg,41.47002529611,-4.5932744285986,41.20868767011181,-4.70401155122362,30.494589173435777,41.469905853271484,-4.593180179595947,0.015429242845893525
1151990855317358.jpg,41.068273914794,-4.6030797855573,41.282995411672,-4.448523666982579,27.154970007769407,41.06834030151367,-4.602930545806885,0.014526593001571022
1095466048799702.jpg,41.262458681688,-3.9341959482386,41.3624880782636,-4.39119588540332,39.75654871552583,41.296165466308594,-4.014233589172363,7.666796426637034
1634336774482143.jpg,41.519404437508,-4.9359177432046,41.491401325312594,-5.23494036965066,25.094471133708137,41.51946258544922,-4.935750484466553,0.015353029642626269
7190051447738919.jpg,41.258576628269,-4.3007338013108,41.2235873333048,-4.54098056040786,20.460855868481932,41.258575439453125,-4.30073356628418,0.00013364218008054716
2819638388244862.jpg,41.264965411135,-4.097590231007,41.3176978101872,-4.438881037206739,29.110739664559546,41.267757415771484,-4.096291542053223,0.3288848409708923
2266500413789225.jpg,41.512970035726,-5.0108375854408,41.466199803356595,-5.260095392426559,21.402986654208547,41.512977600097656,-5.010794639587402,0.0036734115266511443
517802669321512.jpg,41.346595136475,-4.5646187820888,41.2836438604456,-5.1099764258836,46.08151347952175,41.3465690612793,-4.564511299133301,0.009429208255339345
489062077051505.jpg,41.130072280923,-4.7741289265824,41.2508188237406,-4.50692375845716,26.080416124172825,41.13034439086914,-4.774341583251953,0.03511020109427792
2435940140087719.jpg,41.011201018683,-4.146235111539,41.40675515211699,-4.56394289775194,56.17406780938704,41.133419036865234,-3.686814546585083,40.83959058449819
796150854629979.jpg,41.078480417868,-5.2189721038448,41.280273392011,-4.4962464139229,64.5132951701554,41.07841873168945,-5.218842506408691,0.012847175189584588
1242541209511870.jpg,41.079718499003,-5.21956009858,41.2322179441784,-4.40806527048302,70.02307070706647,41.07959747314453,-5.21949577331543,0.014497345962541246
210379144017770.jpg,41.220007493562,-4.7389265913473,41.2836438604456,-5.109976425883599,31.816009506289728,41.22600173950195,-4.73165225982666,0.9024419272615275
2176191909198098.jpg,41.47861542324,-5.0475438393575,41.4413983593128,-5.2393819984929,16.51311806854967,41.47670364379883,-5.051046848297119,0.3610483848172231
1409029043105580.jpg,41.053055283347,-4.7003089203269,41.3054795581348,-4.90930745684824,33.07226427444304,41.055145263671875,-4.701035499572754,0.2402484368373992
2187115848286042.jpg,41.453001300392,-4.5255655365231,41.4657284613236,-4.847892926870161,26.897526081443715,41.4530029296875,-4.5255656242370605,0.00018131681378696205
509978783359222.jpg,41.040975926561,-5.0571471723116,41.2836438604456,-5.1099764258836,27.343454702033974,41.04133987426758,-5.0567498207092285,0.052424210850113985
3073902202755617.jpg,41.118372108065,-3.7239993327651,41.1560570350048,-4.51874896104094,66.68780045108447,41.18771743774414,-4.449686050415039,61.24506967639808
601419287508123.jpg,41.022744080271,-4.6128505702956,41.2098119875306,-4.6869997983068,21.708652601691007,41.023109436035156,-4.613162040710449,0.04830317812734064
1661525417550585.jpg,41.501343817274,-4.6240502673157,41.3254712559232,-4.68992908329478,20.3131332637852,41.510414123535156,-4.63130521774292,1.17567012731222
652101687979132.jpg,41.226541956052,-4.112192641323,41.255270606816005,-4.37723519662306,22.389894849546366,41.06766891479492,-3.817427396774292,30.352124423823696
776797188187493.jpg,41.245943127475,-3.8491838047362,41.167244442211995,-4.287584029757721,37.704450651486944,41.246124267578125,-3.849958896636963,0.06786030967337972
180051624115190.jpg,41.62512633613,-5.1709231707672,41.434115092537795,-4.8725925467244,32.677549184115,41.6254997253418,-5.17153263092041,0.06549819822733167
776469163241400.jpg,41.079177299709,-5.0152125000786,41.181831612418605,-5.28112361081902,25.025785735071683,41.07941818237305,-5.014952182769775,0.03454739860825205
1959066658197005.jpg,41.511082728668,-5.1334065781703,41.493169029998796,-5.233474222899181,8.568122304121411,41.51110076904297,-5.133636951446533,0.01928682210143257
886245342226096.jpg,41.319852554516,-3.6290353819052,41.3095943997548,-4.798131328583759,97.64636038496137,41.13832473754883,-4.108094215393066,44.86010342208294
319176449556777.jpg,41.073143979229,-4.4368987457463,41.2322179441784,-4.40806527048302,17.852194807162764,41.073123931884766,-4.43727970123291,0.032011946853397366
2244832149311355.jpg,41.144465398674,-3.9347917410425,41.1031621323702,-4.27527911453684,28.887324036393075,41.144405364990234,-3.9345407485961914,0.022051691660530302
3110305755798852.jpg,41.003645296044,-4.1528350080921,41.272026306223,-4.74697984768654,58.01922852192379,41.00361251831055,-4.1528706550598145,0.0047150809778075025
478522884965209.jpg,41.063979743797,-3.8444164908235,41.280444015303,-4.473568364137461,57.90009665194357,41.06377029418945,-3.8424630165100098,0.1654240146718683
1806263632869111.jpg,41.435615138981,-5.0968279403521,41.4803964142718,-5.075282001156721,5.293277430712447,41.117061614990234,-5.489311695098877,48.27452548540826
587121517820251.jpg,41.050028655389,-4.1324602588647,41.207584660646,-4.33902334715942,24.622109735674833,41.05034255981445,-4.132504463195801,0.03510085484985967
1373713979652603.jpg,41.160190001531,-4.0058619007367,41.268822506772,-4.50866887209466,43.7580855796865,41.16065216064453,-4.005618095397949,0.05529452059248805
1545523765971647.jpg,41.282192911571,-3.6044740375297,41.2515833765088,-4.6789699992633,89.86936814026133,41.28337097167969,-3.6046576499938965,0.131889722879717
878398872940374.jpg,41.3355380018,-4.687850398259,41.351338825114,-4.4226741578277995,22.206808246166318,41.335304260253906,-4.6878437995910645,0.02599671250248046
1436141173956233.jpg,41.187217027031,-3.776929416419,41.3302076140106,-4.26764387776106,43.992337150847206,41.18720626831055,-3.7768635749816895,0.005638063682187182
2997693207168344.jpg,41.317636590544,-5.2157721515091,41.4413983593128,-5.2393819984929,13.901952900554852,41.146759033203125,-5.471335411071777,28.59632859054886
994125438932611.jpg,41.08112852281,-4.1289635303777,41.24590319366,-4.188596894753699,18.989984661873844,41.08091354370117,-4.12903356552124,0.024614780821040468
485217819343459.jpg,41.166568330851,-5.3858637541518,41.4725296348984,-5.252632945325381,35.79449948950852,41.16641616821289,-5.386575698852539,0.0619504429110559
520291179153942.jpg,41.124353956767,-4.6110039442304,41.2362449252088,-4.16631461367614,39.240574530782176,41.124305725097656,-4.6112565994262695,0.021831740897264338
4261941380485156.jpg,42.839855143542,-2.6677347559735,41.221378988657,-4.21462948967792,220.69768512833153,41.1315803527832,-3.699408769607544,208.2082533887497
3124512844484753.jpg,41.642683949559,-4.7690941603703,41.4221435669286,-5.1825934008003,42.26153121298026,41.32566452026367,-5.196470737457275,50.10012510900963
597790609934944.jpg,41.105655934563,-3.8907152719185,41.272555019424196,-4.22155586023166,33.329101474189876,41.10902786254883,-3.893305778503418,0.43322923984251677
332936058346214.jpg,41.168201569588,-5.3816239966764,41.4413983593128,-5.2393819984929,32.619002945288905,41.16815185546875,-5.381499290466309,0.011811956095706453
1463163341334845.jpg,41.206197968743,-4.0779756768102,41.1801806088436,-4.5197972580398,37.08170832991377,41.2062873840332,-4.078062057495117,0.012291201342524274
757358215272837.jpg,41.431541400002,-4.3770293999975,41.299302836680596,-4.71366745875528,31.708887625430542,41.43303680419922,-4.379814624786377,0.28559501921831526
4645661328784524.jpg,41.35049731384,-4.9498453814419,41.3397469065794,-4.797324328415,12.788286315182576,41.350223541259766,-4.949289321899414,0.055507871767026346
2659150264472401.jpg,41.410864236478,-4.2550411723378,41.3176978101872,-4.438881037206739,18.512322786720926,41.507808685302734,-4.630336284637451,33.07986217336469
1421032209197581.jpg,41.541920111029,-5.2933454023124,41.4636083784158,-5.262569650329199,9.077190892991604,41.5418586730957,-5.293233871459961,0.011525252055119152
306197227575873.jpg,41.393230281511,-4.6857744945388,41.2508188237406,-4.50692375845716,21.76767141758471,41.39346694946289,-4.6857733726501465,0.02631644194951389
512096633280508.jpg,41.317023623463,-4.6293454448892,41.2836438604456,-5.109976425883599,40.321292911316064,41.31711959838867,-4.629195690155029,0.016441069863022937
533856895794624.jpg,41.315609734609,-4.8982871168346,41.2893507918402,-4.83438663243304,6.084248872960581,41.589595794677734,-5.113884449005127,35.36974560684259
2240267546421639.jpg,41.080007286973,-3.7048821331994,41.348747161561,-4.19312052353218,50.6043752931963,41.189754486083984,-3.7935211658477783,14.283806557121869
955609959601615.jpg,41.064205924997,-3.809508085915,41.091983731761005,-4.1998515223198405,32.86417206363804,41.06420135498047,-3.8097002506256104,0.016118732219466806
1395553014143887.jpg,41.455348794537,-4.9818489743286,41.2850728985126,-4.61011210720116,36.34199775403475,41.20693588256836,-4.828856945037842,30.433077797398614
652196760885111.jpg,41.154749300354,-4.0075641868723,41.1560570350048,-4.51874896104094,42.79744628343433,41.154747009277344,-4.007570266723633,0.0005692123034265868
4016329741829776.jpg,41.200054512772,-5.3404461632512,41.421889364113,-5.1918819664773395,27.612066911401627,41.20032501220703,-5.33996057510376,0.05054905327294731
801810885859789.jpg,41.294895779463,-3.7537868753603,41.3319294955452,-4.3836523723258995,52.76691149389686,41.29490280151367,-3.753800868988037,0.0014058476762557185
4007902742786941.jpg,41.154017900813,-4.0071062433085,41.255270606816005,-4.37723519662306,32.94784711651756,41.17763900756836,-4.933897018432617,77.62424329974486
1210118026105650.jpg,41.144734025129,-4.9605736798663,41.2836438604456,-5.1099764258836,19.868479610696895,41.144622802734375,-4.960654258728027,0.014088216483822882
931854347357784.jpg,41.176086771382,-4.936009534206,41.275850341049804,-5.0135311722268,12.848800266406757,41.17613220214844,-4.93596076965332,0.006494373694930267
4315949355081840.jpg,41.362505742187,-5.1673411723829,41.4221435669286,-5.1825934008003,6.752374904050721,41.36202621459961,-5.167333602905273,0.05332477698381096
181421937182160.jpg,41.346202553688,-4.552822957529,41.2836438604456,-5.1099764258836,47.04913543330481,41.34626007080078,-4.552452564239502,0.031574040889539905
497136886267106.jpg,41.380143073119,-4.9616175078919,41.3490219340776,-4.9812305506542405,3.828082903081671,41.30832290649414,-4.8989715576171875,9.546016850394833
3695519853912315.jpg,41.50609292862,-4.9831287432176,41.4725296348984,-5.252632945325379,22.75614490932727,41.506107330322266,-4.983314037322998,0.01551273196256374
3993953780681117.jpg,41.519581221286,-4.9357952946773,41.2987486862142,-4.8757329842083,25.061135358200907,41.516788482666016,-4.942808628082275,0.6613481316853318
401415876042247.jpg,41.459209718618,-4.5443935453677,41.3661245140852,-4.63237757210212,12.687366634525713,41.45917892456055,-4.544276237487793,0.010357913641471215
160607176068832.jpg,41.205626600448,-4.7561521991594,41.2504797752694,-5.1168563236991,30.574772626823755,41.20551300048828,-4.756269454956055,0.015993247254869013
510309573435019.jpg,41.287457450365,-4.6812014310761,41.287440790855,-4.9940772593587,26.141648174261487,41.28745651245117,-4.681201457977295,0.00010431547688448415
761608296462858.jpg,41.111468527681,-3.8952628113629,41.2315481832142,-4.4016319000813,44.437039096895376,41.11811828613281,-3.9020779132843018,0.9341823865240654
510371773335743.jpg,41.155811098434,-4.5072471334506,41.1611583284804,-4.4340311944262405,6.158245965561399,41.15578842163086,-4.50689697265625,0.029424124217162267
1066135377130265.jpg,41.488556819639,-4.9849825132028,41.2987486862142,-4.8757329842083,22.989158496097172,41.49094772338867,-4.984145641326904,0.2748426892279061
139918651457137.jpg,41.299400589168,-3.6039191506031,41.4546208814422,-4.7001349591818,93.07962664217118,41.40871810913086,-3.9580492973327637,31.960154753405636
972387851774433.jpg,41.161404930535,-4.0183594929247,41.2508188237406,-4.506923758457161,42.06360967370771,41.16084671020508,-4.017542839050293,0.09234018258938402
451411853922084.jpg,41.431158739912,-4.4486537778885,41.42151077561199,-4.81617084153476,30.660390202338913,41.431175231933594,-4.448523044586182,0.011052243231947985
4200013003590502.jpg,41.507925151976,-5.0961132665644,41.4492964604652,-5.005738077446599,9.959167831156611,41.50798797607422,-5.096432685852051,0.027500065327643475
1162026660929710.jpg,41.30093005498,-4.9076970295736,41.233259085098396,-4.45672105326444,38.435781485370505,41.300960540771484,-4.90772819519043,0.0042742333691092125
219560679602081.jpg,41.599959328212,-5.1263921242117,41.1817115238356,-4.50580759615986,69.59108320527235,41.60011291503906,-5.126708507537842,0.03136487020477031
299918388338895.jpg,41.057306642783,-4.7207113792029,41.254823899971996,-4.3165582077349,40.33909096006204,41.253334045410156,-3.891953945159912,72.72796398122026
975608241341028.jpg,41.003194492755,-4.0097712179237,41.287951204908,-4.65444679386486,62.58225977476583,41.003257751464844,-4.009644985198975,0.012715647753408978
2119419124930806.jpg,41.244624965432,-3.8445036813583,41.4062997807074,-4.69264491032666,73.06898610060654,41.244625091552734,-3.8445026874542236,8.427305080017209e-05
2828141030760158.jpg,41.377841817994,-5.1559530809772,41.4413983593128,-5.2393819984929,9.917346223853128,41.38315200805664,-5.151327133178711,0.7054182747462214
111350857669009.jpg,41.30373900543,-4.6830992903246,41.2508188237406,-4.506923758457161,15.854703102705876,41.30359649658203,-4.683074951171875,0.01597615343101947
2004641756607132.jpg,41.185793184404,-3.6214480192098,41.3472217288484,-4.42909330436856,69.84823829484523,41.18418502807617,-3.6109414100646973,0.8972339555250268
3952950384977610.jpg,41.298387598311,-4.1060818157566,41.1560570350048,-4.51874896104094,37.967128409790185,41.4187126159668,-4.122623443603516,13.450572382845836
826822904596642.jpg,41.19019130015,-4.7853793000505,41.2504797752694,-5.1168563236991,28.52327089924761,41.19010543823242,-4.785522937774658,0.015349744337087462
1858240247675295.jpg,41.414664703851,-5.1263807775719,41.4451896829294,-4.738152589614979,32.544090247087624,41.414302825927734,-5.126978397369385,0.06405272866915376
1567007963690521.jpg,41.142434696912,-5.4813604032493,41.4221435669286,-5.1825934008003,39.88212654065539,41.31593322753906,-5.218988418579102,29.21668358454327
2976832269260077.jpg,41.653687494572,-4.7272280000147,41.255270606816005,-4.37723519662306,53.041641398017326,41.19170379638672,-3.993598699569702,79.87821534656368
170479471660222.jpg,41.141410144819,-4.2670876309298,41.229711357939195,-4.379850678223519,13.618033424417991,41.110435485839844,-4.253207206726074,3.6351560486326235
3896860827057754.jpg,41.512823735413,-5.0117529987782,41.4413983593128,-5.2393819984929,20.559610432889407,41.63113784790039,-4.777833461761475,23.48908346761195
798141530810160.jpg,41.276261405974,-4.8892142388128,41.437162251177206,-4.90738158985898,17.955497893430863,41.276920318603516,-4.88970422744751,0.08393329739437401
940121694870353.jpg,41.145023378584,-4.189993747247,41.2094795541478,-4.1792198087407995,7.2236995788809635,41.14511489868164,-4.189820766448975,0.017702095974442136
2863224933985914.jpg,41.172275865879,-5.2047493252938,41.093354012272,-4.83938299458638,31.83313678485638,41.17216110229492,-5.204704284667969,0.013306337626465525
136809851769101.jpg,41.045512313855,-5.3936475005831,41.093354012272,-4.83938299458638,46.76823136817708,41.04555892944336,-5.393526077270508,0.011426152014173182
455543032185405.jpg,41.17151005152,-4.6565582150974,41.2098119875306,-4.6869997983067995,4.962600150983478,41.17082977294922,-4.656377792358398,0.07713626444697341
954815915266910.jpg,41.430422110216,-4.374760203685,41.298748686214196,-4.8757329842083,44.297708663023144,41.430545806884766,-4.3751654624938965,0.03647863973093822
656050203472663.jpg,41.1245313,-4.2589863,41.269016330329194,-4.309556469687,16.61381985772128,41.12528610229492,-4.256426811218262,0.23022805034829025
542154543453735.jpg,41.247479326407,-4.4236674436115,41.2765183256282,-4.54822162515322,10.900158672031282,41.24732208251953,-4.4239349365234375,0.028387353153498593
1543839162839735.jpg,48.369594338722,7.4678387796501,41.3825007394392,-4.768738691667659,1235.7017543572904,48.382659912109375,7.478730201721191,1.6606697166985767
1553515251921994.jpg,41.206550274056,-3.6945770225377,41.1388400520266,-4.2560298576409,47.59260669936326,41.20665740966797,-3.69466233253479,0.0138870725397745
1461481640918289.jpg,41.180660261743,-5.3658038525878,41.4413983593128,-5.2393819984929,30.855686686714918,41.323158264160156,-5.199378967285156,21.086312103909904
3075114756108612.jpg,41.588189705142,-4.817987180291,41.364425116902204,-4.6435594083423,28.814178750859593,41.496463775634766,-4.9999613761901855,18.259166773945694
2918406941764972.jpg,41.396323512738,-4.9604775703425,41.29761432507401,-4.9990461825820205,11.438416625840391,41.39677047729492,-4.960454940795898,0.049736023393100556
428132649862054.jpg,41.453588309729,-4.5278293840335,41.392292933327795,-4.6086391966416205,9.583988486873462,41.45358657836914,-4.527829647064209,0.00019376241411409574
1472078860794686.jpg,41.510491516166,-5.1248493521809,41.4492964604652,-5.0057380774466,12.031697313653096,41.51048278808594,-5.1248250007629395,0.002247956563479832
1796620267611336.jpg,41.54709562167,-5.4324212787177,41.491401325312594,-5.23494036965066,17.56899658279786,41.54706954956055,-5.432247638702393,0.014738182068315075
1017721409181249.jpg,41.252292215114,-5.2843354662185,41.4413983593128,-5.2393819984929,21.35985796642646,41.25230407714844,-5.2843475341796875,0.001660585753059234
2011406905676918.jpg,41.000872189646,-3.6384495647969,41.230216933805806,-4.60827737009396,85.15281353975793,41.164188385009766,-3.6726181507110596,18.38435878738931
24514810448205244.jpg,41.515149173697,-5.1839493721125,41.4492964604652,-5.0057380774466,16.553194123570112,41.51520538330078,-5.184134483337402,0.01663157590126865
3866394650139708.jpg,41.289934855411,-4.8993339561938,41.3047678768704,-4.990575624329681,7.79874876644511,41.2901725769043,-4.899511814117432,0.030323979512947085
295506135285565.jpg,41.130946408611,-4.7748165713626,41.2711244124742,-4.675221246606879,17.674481783170325,41.132015228271484,-4.775609970092773,0.13616220692016096
831526964585818.jpg,41.059841750118,-3.8716142017396,41.22358733330479,-4.54098056040786,58.93509518522581,41.06004333496094,-3.870473623275757,0.09822198393759031
498688214618180.jpg,41.11506364319,-5.1835562786773,41.1514550350722,-4.9946468039274805,16.330450123334792,41.11499786376953,-5.183573246002197,0.007451170268853363
182312613753793.jpg,41.237765240683,-4.7214130143969,41.2836438604456,-5.109976425883599,32.877052568186244,41.2379035949707,-4.72137975692749,0.015633609767637644
375825863652622.jpg,41.00830690701,-4.6045121285633,41.302555048372604,-4.913781695072281,41.724642385084806,41.00850296020508,-4.604617595672607,0.023527892118942757
1446053742454283.jpg,41.035139366287,-5.3893449555838,41.2975302312404,-4.56539014346866,74.88832140942067,41.03410339355469,-5.389909267425537,0.12453993359853062
970582583777072.jpg,41.258827050079,-5.2746131778358,41.4097581993748,-5.08815550073936,22.891480675941786,41.25777053833008,-5.276223659515381,0.17867263443863166
514731915044281.jpg,41.222628029604,-4.1035778550749,41.207584660646,-4.33902334715942,19.76483925753284,41.222511291503906,-4.103399276733398,0.01978810076753684
2149025802176620.jpg,41.212675084343,-4.8345082476243,41.251059425213406,-4.75473736720174,7.9193467903514705,41.158607482910156,-4.795769214630127,6.830368501530019
213042477296724.jpg,41.076280999918,-5.0183884002552,41.2504797752694,-5.1168563236991,21.050959182797882,41.076168060302734,-5.018513202667236,0.016344712216286805
4667683196592666.jpg,41.345683504502,-4.5561991913097,41.2836438604456,-5.1099764258836,46.76191231328011,41.34565734863281,-4.556384086608887,0.015706361232689807
3008078142650574.jpg,41.648028573681,-5.1897145694626,41.3842378006292,-4.75641914687994,46.49555631702294,41.64736557006836,-5.189535617828369,0.075207157477743
416669840918809.jpg,41.5383644,-4.6545373498499,41.1677434785022,-4.68275931139002,41.27843567304117,41.5396614074707,-4.6561384201049805,0.19635935674601437
494701258319829.jpg,41.036260153006,-5.4119641269545,41.214008172595996,-5.04846164679512,36.29964672865844,41.036251068115234,-5.412111759185791,0.012423599983979267
1060460328036669.jpg,41.2849500569,-5.2435458514693,41.4413983593128,-5.2393819984929,17.399727863768685,41.28666687011719,-5.242101669311523,0.22584078311836556
596126203361991.jpg,41.121607706353,-4.7676143942713,41.2448743189628,-4.58295486264552,20.6562341298622,41.152870178222656,-4.791493892669678,4.010399911627141
31645089708415394.jpg,41.506305175656,-4.9848654300251,41.4725296348984,-5.252632945325381,22.617331853082586,41.50636672973633,-4.9851603507995605,0.02549456985459974
756244340390167.jpg,41.204427110028,-4.8262280643539,41.2460753954388,-4.61927382961686,17.91693461384635,41.20417022705078,-4.826022624969482,0.03333611264558833
586811406055275.jpg,41.30607956667,-4.3026374780124,41.223587333304806,-4.540980560407861,21.93148739906245,41.3057861328125,-4.302584648132324,0.03292541191322723
1647688945917564.jpg,41.167026733759,-3.6534858176431,41.255270606816,-4.37723519662306,61.33178380586601,41.13213348388672,-4.104875564575195,37.993066478510606
1413887863029362.jpg,41.564288133582,-5.4806736890413,41.4492964604652,-5.0057380774466,41.5641012325284,41.56438064575195,-5.480805397033691,0.015029711608364313
808607991597246.jpg,41.266857028111,-3.7535563081099,41.203237067989,-4.51493525341606,64.05803647219619,41.26652526855469,-3.753462076187134,0.037721341177166794
1052623069617173.jpg,41.117299282379,-4.7643368006678,41.303512079676196,-4.8559729505445794,22.079281541711413,41.14278030395508,-4.783783435821533,3.2681354099146205
3716911151956555.jpg,41.244200237191,-3.7074146735839,41.1706721750808,-4.1692452133155,39.490113247621565,41.244075775146484,-3.707340955734253,0.015149945814072774
1622644571516173.jpg,41.117585462143,-3.7246839257524,41.1760565324004,-4.59182523132446,72.8982586710313,41.40353012084961,-3.9561922550201416,37.221284047817
1828789644725709.jpg,41.532112599493,-4.9052300511184,41.4725296348984,-5.252632945325379,29.679607221172,41.53213119506836,-4.9052042961120605,0.0029785002617219187
505976007492024.jpg,41.116235238524,-4.2619830437611,41.281572432907595,-4.3895185450062995,21.256829309868248,41.11614227294922,-4.2618889808654785,0.012998125425728617
235231691984960.jpg,41.118359866332,-4.4363953857293,41.2801805758004,-5.06586955311476,55.654235278134344,41.117767333984375,-4.436187267303467,0.06815413051137209
1083456325510524.jpg,41.591017307557,-4.6004701241118,41.350257566637396,-4.82419501523436,32.62143870049402,41.166961669921875,-5.384458541870117,80.63551882350686
1111932822550964.jpg,41.361923516214,-5.1701181814039,41.485071493770796,-5.24240281675184,14.961097009730466,41.36213684082031,-5.169929504394531,0.02847136657172812
762278809740226.jpg,41.220884082266,-4.1000382609488,41.2508188237406,-4.50692375845716,34.1857098141375,41.22227096557617,-4.102833271026611,0.2800516247998927
1523828491826595.jpg,51.425589746202,-2.572616752301,41.263306435409405,-4.86820641296062,1143.4966711837483,41.12674331665039,-5.490233421325684,1166.6754963746785
3964184616996366.jpg,41.206258815452,-5.3290943517051,41.480396414271794,-5.07528200115672,37.1234148744479,41.53491973876953,-4.90157413482666,51.07110427401612
771456487092969.jpg,41.243823017795,-3.840379537811,41.2184991418576,-4.369370805634079,44.32629060438155,41.24399948120117,-3.840998888015747,0.05537592894952561
304490384449713.jpg,41.42718622096,-4.9680386811246,41.347413972153,-4.79527197438934,16.9238614089961,41.42697525024414,-4.9678473472595215,0.028368861459141567
1529343268053086.jpg,41.6010724044,-4.1171769133419,41.28158974923981,-4.29970331747782,38.64577886220694,41.2462272644043,-3.801642417907715,47.42354306185655
890502355128022.jpg,41.270324453572,-4.2971138769869,41.3502575666374,-4.824195015234361,44.91189916780985,41.27021408081055,-4.297082424163818,0.012551244263815967
923163602953477.jpg,41.306827480399,-4.899399467225,41.3521237736764,-4.911251858584181,5.133026446885727,41.42213439941406,-4.155571460723877,63.38558787430669
2573900462915735.jpg,41.217896072244,-4.6677780595715,41.2098119875306,-4.6869997983068,1.842061403304239,41.218021392822266,-4.667800426483154,0.014060031847355997
1963295644424988.jpg,41.562706224526,-4.8652353259403,41.466199803356595,-5.260095392426559,34.58359993552651,41.562721252441406,-4.865211486816406,0.0025934940151383827
3030772017191786.jpg,41.526222497971,-5.2553539583127,41.2997476396168,-4.8683382152412396,40.93628047105372,41.52629470825195,-5.252328872680664,0.2519551616751701
1323690164737538.jpg,41.430418736076,-5.1040455214297,41.2836438604456,-5.1099764258836,16.32812685342238,41.43072509765625,-5.103604793548584,0.0501053208232562
1123812112948786.jpg,41.196122375834,-4.8180512813539,41.2023134137704,-4.40445398452306,34.61073011544838,41.11195755004883,-4.760171890258789,10.53886429112794
1511366966961078.jpg,41.236308330778,-3.7639805365115,41.1626545937778,-4.5285954499218395,64.49370354369718,41.23414611816406,-3.766319513320923,0.30993299991038875
991258561790460.jpg,41.364693841473,-5.1675496802959,41.4413983593128,-5.2393819984929,10.423065451267547,41.364784240722656,-5.167757511138916,0.02004657499571572
694370029594230.jpg,41.242079911143,-4.1041552243643,41.21849914185759,-4.36937080563408,22.333362622509874,41.246055603027344,-4.103209018707275,0.4490995124366378
1224598208876811.jpg,41.246864294806,-3.7084308081969,41.2627160796034,-4.17404649398256,38.96282015961131,41.06370544433594,-4.205214500427246,46.31029719634536
1019138473515152.jpg,41.150878927498,-4.027947325411,41.257600606073005,-4.560975498950801,46.14466415758339,41.15027618408203,-4.031962871551514,0.3428282501217514
861858547876892.jpg,41.220387068353,-4.7384966987908,41.2836438604456,-5.1099764258836,31.84161065665873,41.22047805786133,-4.738387584686279,0.013625413009682128
1104961631768893.jpg,41.132851640519,-3.9117692594572,41.3212856611448,-4.43230309720896,48.31225801879454,41.144596099853516,-3.910470485687256,1.31044561097904
1417855165253310.jpg,41.105394214781,-5.4935866122548,41.4413983593128,-5.2393819984929,42.9793266714073,41.295562744140625,-5.233537673950195,30.339722575039694
504259012753764.jpg,41.0327537,-4.1401569,41.2350165096522,-4.40284788254432,31.461592489912867,41.033546447753906,-4.1399455070495605,0.08991514248354017
789641800196493.jpg,41.148655557732,-3.9528301049802,41.2098119875306,-4.6869997983068,61.818563157735696,41.148685455322266,-3.9524362087249756,0.03314818067511973
256533016159552.jpg,41.250948689345,-5.3833632530548,41.1560570350048,-4.51874896104094,73.09905005045836,41.4081916809082,-4.373755931854248,86.0946460625732
466732566351085.jpg,41.098682591229,-4.7504098941097,41.2228647154516,-4.57928951936452,19.896905848287485,41.09841537475586,-4.750205993652344,0.034275211491840527
3631418967084269.jpg,41.165734484847,-5.4099162275592,41.4413983593128,-5.2393819984929,33.80077762061416,41.16583251953125,-5.409128665924072,0.06682073349368121
1555748904958154.jpg,41.239704866549,-3.7533655553224,41.2023134137704,-4.404453984523061,54.61400481751753,41.2397346496582,-3.7538952827453613,0.04441622481109123
1113653790400004.jpg,41.195382560983,-3.7271139764643,41.191237253721404,-4.00966854532452,23.646747800501327,41.195274353027344,-3.7270114421844482,0.014777498151642159
2588254208137879.jpg,41.634376336257,-4.7742382304826,41.4413983593128,-5.2393819984929,44.26353116118001,41.63078689575195,-4.789062976837158,1.2951108207879591
346927923992883.jpg,41.401585128363,-5.1394648279657,41.4413983593128,-5.2393819984929,9.434367270294118,41.401641845703125,-5.139430522918701,0.006925391305127486
606732531551065.jpg,41.202931,-3.986103,41.4054202297,-4.837098539653679,74.5651349001864,41.203311920166016,-3.985692024230957,0.05455476457894961
2640924112872874.jpg,41.579564322162,-4.8420218357308,41.2987486862142,-4.8757329842083,31.351465121696645,41.580284118652344,-4.840928077697754,0.12117187417567148
1758340418345089.jpg,41.419736142702,-4.1223936069147,41.1982121228846,-4.21455347381282,25.80710192953106,41.104129791259766,-3.73128342628479,47.96119756462922
1298896477916453.jpg,41.25765898245,-3.9148882549756,41.314455101237,-4.3679878369174805,38.381660496909376,41.300537109375,-4.023618698120117,10.26088439176704
509921637094095.jpg,41.286942505085,-4.6823252208439,41.320340904231195,-4.98734893771596,25.748481360379763,41.22721862792969,-4.728851795196533,7.696033272555297
479682956481788.jpg,41.016977497185,-5.460609808814,41.1411689534822,-5.00545769485078,40.57280819821398,41.0169563293457,-5.460783004760742,0.014720240791029234
594067852867093.jpg,41.16560146673,-4.0033264531595,41.334995701035396,-4.5832492207966595,52.01205811471082,41.16508102416992,-4.003957748413086,0.07836841102360106
1213655650456235.jpg,41.521708110631,-5.2321396527308,41.4725296348984,-5.252632945325381,5.728559251240594,41.52178192138672,-5.232572078704834,0.03692408440625077
1956912875136081.jpg,41.022267152758,-3.6252010771943,41.318840128142796,-4.6838578209409,94.54867550463132,41.021446228027344,-3.6257588863372803,0.10257858934930393
1130281247469351.jpg,41.287795895563,-4.4121202229955,41.2004861975772,-4.68809474618952,25.0329821048583,41.28800964355469,-4.41206169128418,0.024265608559318072
2074597336250425.jpg,41.051691695429,-4.1959449712992,41.350257566637396,-4.82419501523436,62.168010293623794,41.05133819580078,-4.196211338043213,0.04521023280488056
1433778024524519.jpg,41.50778950623,-5.0923753952845,41.4636083784158,-5.262569650329199,15.0039913411025,41.50779342651367,-5.092426300048828,0.004261198061000243
2603355953295670.jpg,41.591086307831,-4.6040068595664,41.2987486862142,-4.8757329842083,39.618497399704225,41.16477966308594,-5.382204055786133,80.39223919480199
1356515928397090.jpg,41.309325881344,-4.3035054588623,41.2315784977478,-4.7858133181542,41.225272106627756,41.30872344970703,-4.3032732009887695,0.06973980279766961
125888846740313.jpg,41.571716662166,-4.6701836120148,41.3259553544338,-4.9349902340446805,35.12681001005675,41.57188034057617,-4.6706061363220215,0.039581396675404
1613589346028310.jpg,41.1323031,-4.0916253,41.2390434906826,-4.16109722573744,13.216318750263014,41.13213348388672,-4.091973304748535,0.034715952984183764
24060356016898063.jpg,41.230054871895,-4.1112298369296,41.254823899971996,-4.3165582077349,17.3871155611101,41.23025894165039,-4.111179351806641,0.023080931342778055
1682662025857565.jpg,41.061361157539,-3.8646764453557,41.211714237866396,-4.2984489056355795,39.9890772999016,41.06146240234375,-3.8642799854278564,0.03509455936528325
1750100218512821.jpg,41.335363858435,-5.1892756946008,41.4413983593128,-5.2393819984929,12.509539631323271,41.36524200439453,-5.165734767913818,3.859915813811591
24967607212824213.jpg,41.092052213426,-3.7053162480165,41.191079868498996,-4.210625026342799,43.72343600270868,41.10739517211914,-3.713198661804199,1.8294491128839543
1450408185942145.jpg,41.220590987474,-4.0995364554462,41.207584660646,-4.33902334715942,20.08442186799825,41.220375061035156,-4.098684787750244,0.07516985965152187
1783265335582900.jpg,41.213522352924,-4.0852281908832,41.257210792782004,-4.56069345861628,40.05380167692127,41.21393966674805,-4.085951328277588,0.0762371355577192
797382994247380.jpg,41.174060199082,-4.8354553572703,41.1408531345002,-5.06433291584362,19.51394310627188,41.174072265625,-4.836326599121094,0.07293342475400216
4142798822449532.jpg,41.613062359164,-4.779957947352,41.265155785135,-4.48756004920228,45.723508826704105,41.650978088378906,-4.7043867111206055,7.564558757675174
1148731442261932.jpg,41.343823020782,-5.1799489876829,41.2836438604456,-5.1099764258836,8.884292393094801,41.343994140625,-5.179642677307129,0.031873575820209
1385411485177320.jpg,41.386462166886,-5.1481399447914,41.2836438604456,-5.1099764258836,11.86858791497837,41.38524627685547,-5.149117946624756,0.15791270994413523
818492362109950.jpg,41.248652898155,-5.2928863258804,41.4725296348984,-5.25263294532538,25.11962136692802,41.248538970947266,-5.292949676513672,0.0137306951979028
2162205180588442.jpg,41.586480467103,-4.8334866472085,41.4221435669286,-5.1825934008003,34.337719069557394,41.61220932006836,-4.796719551086426,4.187089567751897
213789303623162.jpg,41.214441972256,-5.2209739013743,41.1862039991366,-5.16307304858522,5.772841721825597,41.21432113647461,-5.2209272384643555,0.013991771752940349
1065472495735483.jpg,41.273390852719,-3.8892376895752,41.3176978101872,-4.43888103720674,46.182024008824996,41.18803405761719,-3.7696526050567627,13.78733962449277
3755557364682045.jpg,41.011770782999,-3.980624478217,41.2239771465958,-4.54126260074238,52.55879475701298,41.0117301940918,-3.9807021617889404,0.007928080519867963
1215764636812678.jpg,41.272868114838,-3.9644006171127,41.2508188237406,-4.50692375845716,45.41328735543714,41.27296447753906,-3.964601993560791,0.01995089401283641
1092951704563273.jpg,41.073285721983,-4.4252272296269,41.2508188237406,-4.50692375845716,20.891894998317635,41.073341369628906,-4.425878047943115,0.05490558370739537
1635286753334890.jpg,41.047106285622,-5.3528271541389,41.234780910546206,-5.25420922262824,22.443081307237673,41.047119140625,-5.353046894073486,0.0184827173908057
3726223200838600.jpg,41.187354945912,-4.6603984310906,41.1842260678212,-4.6528898723587195,0.7182294496246457,41.1859245300293,-4.660028457641602,0.16204016120151926
112659087559634.jpg,41.491206119279,-5.0226873438747,41.4413983593128,-5.2393819984929,18.886049194436062,41.4911994934082,-5.02268648147583,0.000740256471999483
222791055956759.jpg,41.237149472337,-4.4303151095312,41.20550172454939,-4.34726113693824,7.786952442645694,41.23762130737305,-4.430027008056641,0.057731978228932064
890562598209535.jpg,41.297898872131,-4.6822671523543,41.2098119875306,-4.6869997983068,9.802801490077751,41.29861068725586,-4.682347297668457,0.07943289933424535
263665998779083.jpg,41.114317701286,-5.2669682008924,41.2461073885514,-5.234906885932899,14.897967339018557,41.11429214477539,-5.266779899597168,0.01602870618103634
1578508206045521.jpg,41.19722365073,-4.8191254719091,41.289254877574,-4.89194197611924,11.9074800128492,41.195735931396484,-4.817631244659424,0.2073553660249869
395353331493850.jpg,41.081449280774,-5.0127212208629,41.24610738855141,-5.234906885932899,26.09906157501306,41.081214904785156,-5.0129780769348145,0.033803594425092245
2205692656500630.jpg,41.170709122544,-4.0326022314491,41.2508188237406,-4.506923758457161,40.66502317869042,41.17068862915039,-4.032567024230957,0.0037251971081004205
1176102804536790.jpg,41.273751323765,-3.7541116029073,41.1256071912382,-4.219564420528259,42.282879531413656,41.2734260559082,-3.7541000843048096,0.03618094324314538
904319976811336.jpg,41.196969762316,-4.7726710689814,41.2836438604456,-5.1099764258836,29.804413071412743,41.197776794433594,-4.770790100097656,0.18116407770972104
812675929372839.jpg,41.343772370281,-4.5747661723178,41.239153297264195,-5.1361586603944405,48.324067234883024,41.34375,-4.5748114585876465,0.004525468326385888
6179446785414453.jpg,41.539628454868,-4.8955462154364,41.3682629556208,-5.09869149999964,25.48951608343304,41.37403106689453,-5.159074783325195,28.65933711988724
968790351065382.jpg,41.293076502805,-3.9253641379589,41.339460721669,-4.49579537251202,47.91838089314476,41.29303741455078,-3.9252712726593018,0.008893004414468622
189503506352961.jpg,41.285600382466,-4.89615968988,41.347209340008206,-5.09397753407654,17.884933536854557,41.32094192504883,-3.6303040981292725,105.81222885243766
24305500662421193.jpg,41.613609577835,-5.153847634699,41.251059425213406,-4.75473736720174,52.27094469329242,41.61454772949219,-5.15471076965332,0.126613543580187
1465559021013295.jpg,41.316464954411,-4.0581026571599,41.4080683479674,-4.28237994414496,21.309517316441955,41.31630325317383,-4.057744026184082,0.03493388262285062
1053489550291965.jpg,41.143451612724,-4.7845398852687,41.2684123861664,-4.74548197901146,14.274014864021442,41.25227737426758,-4.871664524078369,14.126847405001092
1190657622431657.jpg,41.158247341377,-4.178656132375,41.1494567389832,-4.2832680943081005,8.812873759708355,41.15788269042969,-4.178778648376465,0.041824502448073814
2818231378438870.jpg,41.508756833242,-5.1130389011064,41.363464585210394,-4.78341995627388,31.87527829641669,41.508907318115234,-5.114425182342529,0.11664036488404982
2970172786553190.jpg,41.529114040299,-4.9114788362816,41.220127612508804,-4.798235776325961,35.633388854750606,41.52946853637695,-4.910627365112305,0.08110211972119058
311967107154843.jpg,41.288276240775,-4.4119894946877,41.244189223239594,-4.4396269487710605,5.4192154016102485,41.28854751586914,-4.411914825439453,0.03080281969936152
184905043493763.jpg,41.40494083895,-5.1369983387629,41.327760203290396,-4.88624791868948,22.617042410274966,41.402896881103516,-5.138304233551025,0.252027606736886
1423382271982572.jpg,41.153186920467,-4.0095725622735,41.362488078263596,-4.391195885403319,39.48745370090518,41.15316390991211,-4.009572505950928,0.002558661308522327
393306665067875.jpg,41.112447935778,-5.2987100340592,41.2504797752694,-5.116856323699099,21.614661499313485,41.1123046875,-5.29871129989624,0.015928834778457114
1423844132058751.jpg,41.547711101404,-5.438231764645,41.491401325312594,-5.23494036965066,18.046062803281995,41.547733306884766,-5.438483238220215,0.021072457534620635
1475285280337730.jpg,41.22907694596,-3.7796239254633,41.2517424779592,-4.61740502735016,70.09447848144774,41.22915267944336,-3.781947135925293,0.19446668385264523
2100295186774481.jpg,41.609368375913,-4.6685349805398,41.2836438604456,-5.1099764258836,51.629116655402385,41.61054992675781,-4.72236967086792,4.477664329774288
524233328954633.jpg,41.051210725095,-5.3303504733396,41.1560570350048,-4.51874896104094,68.9941484095345,41.05122756958008,-5.330334663391113,0.002294730551231133
1211340071023644.jpg,41.271281507312,-3.8841334534708,41.2203328111376,-4.472532236154819,49.5187854056712,50.72834777832031,-4.32770299911499,1052.1304611773248
1590595924473361.jpg,41.402523782417,-4.4299779706971,41.275850341049804,-5.0135311722268,50.71403265862493,41.40258026123047,-4.42991304397583,0.008292472622003753
1113946034205917.jpg,41.610375269955,-4.8000403292062,41.4725296348984,-5.252632945325381,40.66691501492444,41.61058044433594,-4.799622058868408,0.041590051972281515
2249194085502753.jpg,41.541281691483,-5.3433839969869,41.4725296348984,-5.252632945325381,10.749494492048397,41.541282653808594,-5.343378067016602,0.0005050004827227446
1391712918185465.jpg,41.022109924733,-3.9611712177028,41.315417609998,-4.52491682685854,57.361915803286095,41.0220832824707,-3.9612250328063965,0.00539984356366034
508890880474271.jpg,41.395953678195,-4.3125474655593,41.255270606816005,-4.37723519662306,16.549597639517728,41.398441314697266,-4.321220874786377,0.7745449867586433
2983458568544537.jpg,41.236545966072,-4.8586299680349,41.3597253211574,-4.88027277152068,13.81573511734589,41.23706817626953,-4.859157562255859,0.07292481858410996
1084435405299913.jpg,41.275837365897,-5.2547350951819,41.35854117747179,-4.82988438197664,36.65365013860598,41.27708053588867,-5.25341272354126,0.17697565101202511
1016945253196219.jpg,41.185281687891,-4.0517167222988,41.207584660646,-4.33902334715942,24.166313015868234,41.185359954833984,-4.051813125610352,0.011866870587401058
1916957172046047.jpg,41.197668302042,-3.6915374774908,41.332167949112396,-4.70614096421348,86.11041534376912,41.2304801940918,-3.699899196624756,3.71495240553264
948825735851671.jpg,41.135215600338,-5.4879804603764,41.389799631654405,-5.01716749056348,48.476782921773236,41.1341438293457,-5.488543510437012,0.12816527411646383
1844070999862000.jpg,41.56743474575,-5.4869061622105,41.4492964604652,-5.0057380774466,42.16498375350128,41.56746292114258,-5.486985683441162,0.007319974874651965
501688460972685.jpg,41.166122934946,-4.6551793167233,41.1984855095254,-4.70630213500214,5.590502569520265,41.16566467285156,-4.655044078826904,0.052198766751971076
960255455472130.jpg,41.00781424712,-3.9911205586185,41.265401664571,-4.302964675067161,38.760911010331974,41.007850646972656,-3.9909157752990723,0.017653598826718464
522566375817342.jpg,41.21616893156,-5.2215191903245,41.239153297264195,-5.136158660394439,7.582353718025762,41.21623229980469,-5.221502304077148,0.007186396005834794
4036880499709162.jpg,41.428030915894,-4.3705425057683,41.3081187883588,-4.7761068885530396,36.37592961296548,41.42754364013672,-4.369615077972412,0.09441660026176371
1176581114136121.jpg,41.182302849734,-4.0478690266038,41.207584660646,-4.33902334715942,24.52288066523603,41.182228088378906,-4.047774791717529,0.011458648800964534
949264899174832.jpg,41.164460100679,-5.4174276182296,41.4413983593128,-5.2393819984929,34.19756850934271,41.52532958984375,-4.92160701751709,57.648356230414535
1878512892560597.jpg,41.472797212608,-4.616779537759,41.444635532463,-4.900218115068,23.826489816542107,41.472713470458984,-4.616762161254883,0.009423571755544912
24400348846226936.jpg,41.256359725854,-4.874774968167,41.2510594252134,-4.754737367201741,10.051958262659117,41.1960563659668,-4.817872047424316,8.22249973302163
820012035276108.jpg,41.108836556297,-5.298647373047,41.185413693839806,-4.76321956507896,45.63396524664253,41.108985900878906,-5.298644065856934,0.01660867123093045
609980642164486.jpg,41.283098221965,-4.8942208565476,41.3053782867152,-4.9430297938944,4.7712998231593575,41.20243453979492,-4.8242878913879395,10.706938006702277
1368585003513604.jpg,41.01026660779,-4.665601137976,41.4022197282758,-4.614273183774399,43.79420944191747,41.01025390625,-4.6655683517456055,0.003092354890529037
1480018606208703.jpg,50.1827181,-5.4286162,41.305113291164204,-4.30645665162274,990.9459415750649,41.48865509033203,-4.985019207000732,967.3414353198656
797085092979155.jpg,41.104782310019,-3.8889571390146,41.2790797094064,-4.610953271359,63.44548198435126,41.109100341796875,-3.893369674682617,0.6059819487947614
522041715818719.jpg,41.300221127917,-4.6564436133055,41.2836438604456,-5.109976425883599,37.93611394071174,41.30030059814453,-4.656313896179199,0.01398242454108553
962772124261628.jpg,41.596984558952,-4.6423175919645,41.2836438604456,-5.1099764258836,52.28364510508803,41.59707260131836,-4.643989086151123,0.13933774712668331
410764618275981.jpg,41.57252742538,-4.6716977444709,41.2206817629752,-4.636170250872941,39.235525955561094,41.57263946533203,-4.671853065490723,0.017948579213275362
616439497981688.jpg,41.262539467757,-4.0987135158073,41.2708175525912,-4.38101642507964,23.612653056139628,41.262420654296875,-4.098769664764404,0.014020293751052664
350747561421211.jpg,41.101408485981,-4.75219481455,41.248450635161,-4.6133994453125995,20.05695957108429,41.12115478515625,-4.767288684844971,2.5337906620976143
3072946036269069.jpg,41.162977019171,-5.4250400938817,41.22517822307181,-4.57758156771372,71.24502370014552,41.060508728027344,-4.133761405944824,108.77736880838597
1584172775779478.jpg,41.630409177522,-5.1841304440313,41.2809038067748,-4.744342063002,53.41914953191341,41.63020706176758,-5.184372901916504,0.03018549042283268
4190313484333519.jpg,41.404945333017,-4.4143893641085,41.2836438604456,-5.109976425883599,59.61336968984483,41.40494155883789,-4.414480686187744,0.007628015569537331
1152619005214668.jpg,41.243064135231,-5.1787880853866,41.1800874733966,-5.1678038532547,7.0627083954834315,41.243133544921875,-5.178628444671631,0.015418277365231645
763295747666052.jpg,41.113751797127,-5.2015504978678,41.0743430121042,-4.97733761352904,19.29327249301177,41.113746643066406,-5.2017436027526855,0.0161874874441018
3272805619525837.jpg,41.607071116471,-4.8063901138139,41.491401325312594,-5.23494036965066,37.910971965071056,41.607177734375,-4.806209087371826,0.01915934099453343
166953331982821.jpg,41.077631938396,-4.7302446087102,41.2469514536374,-4.57870953836628,22.702283085406403,41.07758712768555,-4.7301411628723145,0.01000062984752076
754236845285237.jpg,41.114852601814,-5.2709900109761,41.093354012272,-4.83938299458638,36.24202794788819,41.11490249633789,-5.271363258361816,0.03175660549913707
1020844306399820.jpg,41.06107957301,-3.8806317688744,41.3566283799726,-4.67178214046834,73.89223137921799,41.06093978881836,-3.880270481109619,0.034046252257407615
142602348687827.jpg,41.323216660237,-5.0554707239141,41.3265746789052,-4.7915259058512,22.043830282705223,41.32303237915039,-5.054692268371582,0.0681596872388933
6305955149449229.jpg,41.109040064293,-3.7290119092039,41.1112839729988,-4.791903587768999,89.04828872159833,41.1042366027832,-3.7311155796051025,0.5624501528953341
5271648892910318.jpg,41.60213020632,-4.4701663620904,41.3440929938736,-4.64811487944238,32.29637837163451,41.32575225830078,-3.646965265274048,75.1636349302777
971800250731043.jpg,41.460479336408,-4.5489597111377,41.4451896829294,-4.738152589614979,15.858857594646349,41.460514068603516,-4.5490875244140625,0.011329373583146621
875837726328503.jpg,41.251713819944,-5.3856397593713,41.2061475315072,-4.6700834739156605,60.05429198466497,41.251712799072266,-5.385639667510986,0.00011377521837594462
972504380735842.jpg,41.203692,-3.985274,41.4056233260072,-5.002717259187659,87.90333566241637,41.153663635253906,-4.007420539855957,5.86355487491454
4260831957573857.jpg,41.074269791621,-3.7126696302308,41.19003190338161,-4.86122489810614,97.04979035713635,41.27725601196289,-3.603494882583618,24.350453048365225
1888253588340521.jpg,41.829316117364,-4.5739898630086,41.1250659779076,-4.2165586346823805,83.77923376203125,41.43926239013672,-4.021391868591309,63.1679273298691
1496968127986678.jpg,41.461989045293,-4.1724039738861,41.2098119875306,-4.6869997983067995,51.30474308634112,41.46718978881836,-4.175413608551025,0.6303308773238082
295874245369762.jpg,41.316463210596,-4.6303291981253,41.24610738855141,-5.234906885932899,51.12099053994603,41.31637954711914,-4.630464553833008,0.014640110259947476
1783300378912073.jpg,41.234355321342,-4.1102419185063,41.1410595250916,-4.13401582977368,10.56305016180709,41.23457336425781,-4.110125541687012,0.026125373043658726
1435168686818334.jpg,41.164365026436,-4.0041298800711,41.2508188237406,-4.506923758457161,43.145741974565716,41.16481018066406,-4.003953456878662,0.05165506124850095
1943769519133323.jpg,43.380180396164,-1.7324576554174,41.1594677880352,-4.6374493932073,343.62841622513554,41.008907318115234,-4.147363185882568,330.2716969303738
250101376895230.jpg,41.206918888533,-4.263259004315,41.220127612508804,-4.79823577632596,44.77345849776813,41.206764221191406,-4.263237953186035,0.017288152160923713
133365078785708.jpg,41.022546452737,-5.4500696728592,41.093354012272,-4.83938299458638,51.80535351404824,41.02288055419922,-5.449548721313477,0.057359515518734146
2015456628592499.jpg,41.212140290031,-3.9488750485956,41.2301350080818,-4.41630306026184,39.145725080986516,41.20878982543945,-3.9731335639953613,2.0631728853940188
3756560484442717.jpg,41.270107420562,-5.2601429538258,41.366578717239605,-4.81548735423698,38.65292219029852,41.31113052368164,-5.22412109375,5.464926563096307
1658220371520416.jpg,41.158828828386,-3.765026091453,41.3457864727426,-4.263745601233699,46.58726629610799,41.22814178466797,-4.11176872253418,30.019246292016124
782904975932089.jpg,41.285456233273,-4.4127371767474,41.21849914185759,-4.369370805634079,8.281032598367394,41.28573226928711,-4.412665843963623,0.031267137944110415
680545707996998.jpg,41.108567785055,-4.123948128733,41.3184918336782,-4.32920308347776,28.976659295003767,41.10880661010742,-4.123935699462891,0.02657654330002595
137584605023202.jpg,41.142134741132,-4.9626486695312,41.2836438604456,-5.1099764258836,19.986663870353965,41.142433166503906,-4.96242094039917,0.03827257681012232
1109237262909873.jpg,41.627588941976,-5.1778013599952,41.434115092537795,-4.8725925467244,33.29068076189287,41.62774658203125,-5.178338527679443,0.04796476156427683
493840985365447.jpg,41.259530692863,-4.7141087335792,41.2836438604456,-5.1099764258836,33.192350632572335,41.259033203125,-4.714437484741211,0.0617678363825867
4040107492714284.jpg,41.382284569438,2.0694339767255,41.254823899971996,-4.3165582077349,533.3808611652468,41.406517028808594,-4.362140655517578,536.3780187144096
1941281289718515.jpg,41.212092082948,-3.6954566537862,41.2098119875306,-4.6869997983067995,82.94323492434988,41.21833419799805,-3.6962952613830566,0.6976270096917642
3465010250482950.jpg,41.229661573407,-3.809032027152,41.255270606816005,-4.37723519662306,47.592880687324794,41.19511413574219,-4.067245006561279,21.938171072739703
1081456282379037.jpg,41.207129176047,-5.3280646100896,41.4413983593128,-5.2393819984929,27.081727540712404,41.4311637878418,-5.102960586547852,31.208682553215226
1227280084389309.jpg,41.17467829112,-4.9375244001739,41.1603022604452,-5.18783834362998,21.01372774914197,41.174739837646484,-4.937459468841553,0.008739001683041297
771729793486349.jpg,41.055320306068,-4.1983079958133,41.2642031431708,-4.60317648722216,41.088671240668326,41.05479431152344,-4.197943210601807,0.06600311155600046
786056522075831.jpg,41.080312854622,-3.8689499214263,41.363090282339996,-4.24611316967224,44.53935406598102,41.11191177368164,-3.8485934734344482,3.9058256813576793
1543796660152346.jpg,41.585573653822,-4.8343016341515,41.4492964604652,-5.005738077446599,20.817130511587585,41.58412551879883,-4.835916042327881,0.20966171779601397
3036048650050361.jpg,41.26199289456,-5.2709526423911,41.4413983593128,-5.2393819984929,20.122277622830385,41.26262283325195,-5.2703118324279785,0.08817789027302901
1185157389591210.jpg,41.203149228842,-4.1168132351825,41.165236310396196,-4.2981409576324,15.749112205797799,41.20973205566406,-4.115795135498047,0.7369153867651647
296523725359130.jpg,41.502408856931,-4.6874755223195,41.382408575431796,-4.549716716099719,17.603991724270823,41.502159118652344,-4.687352180480957,0.02960839709275403
958134624995953.jpg,41.12748099393,-4.6459318969373,41.273921401201804,-4.42734479223176,24.486611992611113,41.127010345458984,-4.645829200744629,0.05303589231718084
106237201717679.jpg,41.019058037927,-3.9669597834105,41.2078252621188,-4.586836955903999,56.01181463596739,41.022361755371094,-3.960953950881958,0.6235511500565134
3606115853016521.jpg,41.121468257715,-4.1123137739218,41.181894579264,-4.26876720402244,14.722012440571133,41.1191520690918,-4.115777969360352,0.3879918676797852
1950657875095747.jpg,41.255874355606,-5.2798489189301,41.4413983593128,-5.2393819984929,20.90405959992414,41.25631332397461,-5.27909517288208,0.07970264305519073
1021051836555382.jpg,41.190771441369,-4.1594683204907,41.2508188237406,-4.506923758457161,29.817687978930405,41.190650939941406,-4.15961217880249,0.018012227149911252
494768851734869.jpg,41.067396299999,-5.2055229000012,41.1444997004686,-4.52967492532116,57.27102249200176,41.06734085083008,-5.205447196960449,0.008848355834426832
2600151263649851.jpg,41.164751298774,-4.0231029587983,41.2508188237406,-4.506923758457161,41.58993631020102,41.164676666259766,-4.022989749908447,0.012596710389073604
499519964572072.jpg,41.037780449794,-4.6937037491578,41.2206817629752,-4.636170250872941,20.900765801850234,41.03676986694336,-4.692737579345703,0.13854264245756406
529964831363811.jpg,41.173687008926,-4.9383598233321,41.239153297264195,-5.1361586603944405,18.077602691292658,41.17362976074219,-4.938406467437744,0.007467511820390433
1067825678858410.jpg,41.59416581093,-5.1153668797714,41.1551424912288,-4.44680100653836,74.12901316204454,41.47699737548828,-4.594901084899902,45.237262989858365
4229050510480001.jpg,41.374999675998,-5.1586449977459,41.4413983593128,-5.2393819984929,9.992446408661959,41.37556457519531,-5.158150672912598,0.07514566250223105
1135484530804271.jpg,41.21181171845,-4.2689703627426,41.2475316643112,-4.61746186544558,29.412615687718105,41.21169662475586,-4.269155979156494,0.02012125074012194
425423776503676.jpg,41.506303944147,-4.6289117600148,41.2510594252134,-4.75473736720174,30.26131524466105,41.50600814819336,-4.628605842590332,0.0416024492737715
267801185086840.jpg,41.112278742501,-4.9853988747272,41.2836438604456,-5.1099764258836,21.719358629524436,41.11233139038086,-4.985358715057373,0.006752102224404112
180807823925470.jpg,41.239774929388,-4.4294091063853,41.3347253275194,-4.419445764756601,10.59077052676527,41.23875045776367,-4.429748058319092,0.11738864967884662
470463074451100.jpg,41.304526094981,-4.0320505788582,41.3848573034948,-4.8122551394309,65.74051046953113,41.30418395996094,-4.031369686126709,0.06842642175373326
1216135832149759.jpg,41.236266158416,-4.6720521298804,41.4649201022916,-4.7257335544452,25.81699029042183,41.23579788208008,-4.671960830688477,0.05262663532546097
490484975602187.jpg,41.053123748042,-4.6272047898102,41.3685051693338,-4.72193113489456,35.95288676942937,41.05290985107422,-4.626949310302734,0.03200963501440891
919279338648010.jpg,41.155709220693,-4.9521660386096,41.2836438604456,-5.109976425883599,19.40588646958747,41.155921936035156,-4.95200777053833,0.02711145384168313
1916391482096633.jpg,41.557615805496,-4.6679666538332,41.42403341630121,-4.92090433086512,25.777450457072543,41.510108947753906,-4.631435871124268,6.095150430086194
2988381124676846.jpg,41.059960590314,-3.611256689769,41.491401325312594,-5.23494036965066,143.91619819541222,41.05888748168945,-3.61189341545105,0.13072226254887778
2687500034873514.jpg,41.607498365399,-4.4298610585596,41.30473929867999,-4.3895945608714,33.83209977005479,41.59130096435547,-4.569316387176514,11.7350415685576
956244893228509.jpg,41.280170061277,-3.9800239419549,41.258499962902405,-4.24297046517748,22.107725057562973,41.279842376708984,-3.9793241024017334,0.06890271605043473
244379850814142.jpg,41.115195998052,-5.2736120895304,41.2504797752694,-5.1168563236991,19.9594373564782,41.11517333984375,-5.2734270095825195,0.01570808261058254
226005208931911.jpg,41.077872418089,-5.2180113656348,41.2508188237406,-4.50692375845716,62.554458747143315,41.07780456542969,-5.217904567718506,0.011707312162107167
4942009765912568.jpg,41.142924991468,-5.1910185936944,41.218313807216,-4.75649124343622,37.319019095863275,41.14280700683594,-5.1909565925598145,0.014109251198114403
1207008206401166.jpg,41.366338500302,-5.1650591092879,41.4413983593128,-5.2393819984929,10.396410657072229,41.365394592285156,-5.165567874908447,0.11322009886835298
3667394633520089.jpg,43.368328604673,-1.7804633133962,41.254823899972,-4.3165582077349,314.1623355639647,41.5920295715332,-4.8304667472839355,318.6684178269233
809775336350978.jpg,41.036253942052,-3.9255784113138,41.1817115238356,-4.50580759615986,51.23214105973746,41.01797866821289,-3.968930244445801,4.165842081680081
1240832939762648.jpg,41.164011200623,-4.4672987401754,41.3095943997548,-4.79813132858376,32.05181688630126,41.16313934326172,-4.466068267822266,0.14145124782500873
3232921690218773.jpg,41.080042819252,-3.7017072293633,41.1628446848112,-4.15961318024782,39.44603928664926,41.08086013793945,-3.7001163959503174,0.16136571188409665
752837792732325.jpg,41.307402113543,-5.0227336574138,41.281572432907595,-4.3895185450062995,52.97900133185744,41.30729675292969,-5.022425174713135,0.02830511317337145
1553219869419896.jpg,41.541636237016,-5.2927487093091,41.4636083784158,-5.262569650329199,9.032964668267152,41.54159927368164,-5.292672634124756,0.007548561151037912
1480987462753754.jpg,41.182682012858,-3.6870216329196,41.2953472173148,-4.28623281388172,51.64530659938324,41.627288818359375,-4.789378643035889,104.38693118096514
30789866123991109.jpg,41.116643229922,-3.7200974292851,41.387222806840995,-4.926456631654061,105.24088294459689,41.60065841674805,-4.659603595733643,95.10500869524479
3953706388032528.jpg,41.606935610804,-4.7253931923967,41.375713653503595,-4.61968607654904,27.17644144013497,41.43179702758789,-4.377380847930908,34.91040348909142
1627989804828171.jpg,41.511795015698,-5.1502480207091,41.491401325312594,-5.23494036965066,7.408597113411117,41.511810302734375,-5.150694370269775,0.03720410298724541
6762862427075986.jpg,41.185786610174,-3.6187117598176,41.2376368807722,-4.5019733225922005,74.10889133299644,41.18601608276367,-3.6155943870544434,0.2621152182695187
2678005345836044.jpg,41.243494110275,-4.6738663978847,41.2593025302846,-4.6957964262570595,2.539883691678475,41.242794036865234,-4.673714637756348,0.07887194671948121
1817470858461775.jpg,43.722423158068,0.47056413243236,41.419993224376,-5.28639260233638,536.2805377599893,43.6909065246582,0.4770113229751587,3.5425999792453253
1083429947002345.jpg,41.275745623287,-3.6023864956539,41.4492964604652,-5.0057380774466,118.69682255701142,41.27577590942383,-3.6024043560028076,0.0036835949375436812
1919887545460203.jpg,41.142411084872,-3.7119167871109,41.3934801222794,-4.40765928274858,64.50286673541365,41.375370025634766,-4.683930397033691,85.2788244526171
174891324532490.jpg,41.013966000682,-3.9764109987391,41.221807739319004,-4.5367145460359595,52.31755424558573,41.01423263549805,-3.9759130477905273,0.05123005227186031
5551186604954469.jpg,41.238693250022,-3.6787941840067,41.2441892232396,-4.43962694877106,63.61727065489184,41.02235794067383,-4.143037796020508,45.72158383416743
2076972279776051.jpg,41.155684021598,-3.6698745514818,41.36309028234,-4.24611316967224,53.403463051509235,41.15562438964844,-3.669854164123535,0.006846932008613532
935366971327394.jpg,41.01158943667,-3.9809686071314,41.1739612011688,-4.319310448951,33.61404445119405,41.01177215576172,-3.9806244373321533,0.035308810927822766
1985145701638336.jpg,45.282805449097,1.9708984165266,41.149010085517794,-4.2846869203459805,683.9127749825847,41.47699737548828,-4.594901084899902,678.3326707197499
2659217771037157.jpg,41.151005662508,-4.5386171209977,41.3988423668968,-4.66401804951156,29.4834740071281,41.17637634277344,-4.462352752685547,6.979702513075208
297887405336229.jpg,41.442638773789,-4.9762443842568,41.324336894783,-4.8132422816685,18.920392340703,41.442420959472656,-4.976158618927002,0.0252528699856558
331023159164078.jpg,41.54394265196,-4.6145389343112,41.358810527877196,-4.63679896215364,20.669180234873767,41.551795959472656,-4.608631610870361,1.0021133187936073
521908815488086.jpg,41.011328599892,-5.1012588995723,41.214008172595996,-5.04846164679512,22.966887470657376,41.011085510253906,-5.101744174957275,0.04887268711452118
1611768352355943.jpg,41.166218211552,-5.4076375632554,41.4413983593128,-5.2393819984929,33.67209422620418,41.16619873046875,-5.407862663269043,0.01896675705926168
166474702047068.jpg,41.249082181146,-5.3973984932148,41.3408360620182,-5.231609631937,17.20260075817675,41.24811935424805,-5.403759479522705,0.5424645799192009
1424180138704702.jpg,41.364693569482,-4.9621831473272,41.1835230499152,-4.69763217471432,29.91011462484822,41.43806076049805,-4.974210262298584,8.219502952312768
929689332043839.jpg,41.264833580977,-4.3012743730701,41.221753058359596,-4.6414822812406005,28.84509205491813,41.26445388793945,-4.301407337188721,0.043658117168200464
24420269037582965.jpg,41.546059739984,-4.8871899901804,41.491401325312594,-5.23494036965066,29.58332746009985,41.54603576660156,-4.887222766876221,0.003813977457201268
419658473870597.jpg,41.312436398445,-4.3047851725727,41.1816568428762,-4.6105753313645,29.41191945496432,41.31269454956055,-4.304969787597656,0.03258424812068143
2824687851114335.jpg,41.063672514722,-3.8552186904286,41.2103760091166,-4.25430822577242,37.190293457444,41.06394958496094,-3.8445656299591064,0.8936686636817819
1363735258794022.jpg,41.284968685784,-3.7514678066912,41.3116158979376,-4.27847932061924,44.125514811096345,41.28498077392578,-3.7514069080352783,0.0052629856759283285
487513009114390.jpg,41.154697371853,-4.6525226748599,41.2098119875306,-4.6869997983067995,6.773702826668983,41.15557861328125,-4.6527299880981445,0.09951488137388072
187871603191841.jpg,41.292270433688,-4.3076884156053,41.2746624944812,-4.53182890048908,18.83077321548207,41.29230880737305,-4.307381629943848,0.025983657920176248
1617510061776208.jpg,41.14819409277,-5.4669354769369,41.4413983593128,-5.2393819984929,37.7404862256673,41.14773178100586,-5.468960285186768,0.17716190329561965
1191127458007431.jpg,41.181097127219,-4.6587876917081,41.2098119875306,-4.6869997983067995,3.9707647325192754,41.18095397949219,-4.658750534057617,0.01621821860785792
871898443360156.jpg,41.146460309126,-4.7866068118302,41.2064751744154,-4.608269389230601,16.349811866245016,41.146724700927734,-4.786877155303955,0.03710419236021778
322445126057019.jpg,41.045709010781,-5.378278209793,41.1067653951054,-4.960731544766119,35.652254028234765,41.04574203491211,-5.3781232833862305,0.013501348155947274
3949424008484572.jpg,41.530851860414,-4.9072765564437,41.2836438604456,-5.1099764258836,32.270469938020334,41.231327056884766,-4.111202716827393,74.30102230972993
1221219731673794.jpg,41.119140068833,-5.4895078407666,41.4109472414744,-4.860074567161,61.81029550168963,41.11676788330078,-5.489403247833252,0.26392047290841325
8674366279353727.jpg,41.53752790547,-5.2864821522776,41.4636083784158,-5.262569650329199,8.457276983058957,41.53753662109375,-5.286468505859375,0.001493082961677351
221335776942315.jpg,41.311362320153,-4.9825813828242,41.3685051693338,-4.72193113489456,22.66922696226978,41.311256408691406,-4.982782363891602,0.02050552359379066
1616207075424777.jpg,41.24473741353,-3.7917403838436,41.3422381541018,-4.758273041100419,81.47318290345929,41.44990158081055,-4.487316131591797,62.38458785996795
1490319431977201.jpg,41.27207198422,-3.8884267199099,41.3799915075344,-4.37482044615894,42.351129069229714,41.234161376953125,-5.482573509216309,133.33032402209022
569418804042443.jpg,41.338756440007,-4.5858847986053,41.3203409042312,-4.987348937715959,33.584269151811036,41.33878707885742,-4.585811138153076,0.007030336020970585
2101851110255517.jpg,41.147298892165,-4.0518961610815,41.2098119875306,-4.6869997983067995,53.60564214604898,41.147300720214844,-4.051896095275879,0.00020334453525435088
1432562543778999.jpg,41.145354900704,-4.7858101331547,41.284535795307605,-4.7965697967866205,15.50235635633975,41.144596099853516,-4.785221099853516,0.09773350515420827
1905914039912876.jpg,43.617206237464,0.34508960363651,41.419993224376,-5.28639260233638,522.0542112358097,41.474971771240234,-4.990133762359619,497.62225003840655
2777859655859866.jpg,41.398585308992,-4.3102959143022,41.2354445198982,-4.31052901640326,18.140438521835005,41.17613220214844,-4.93596076965332,57.83273121061437
4094716277252857.jpg,41.355142644254,-5.1691652617486,41.4413983593128,-5.2393819984929,11.238039497416404,41.353736877441406,-5.16969633102417,0.1624776009688266
1536680503907378.jpg,41.320308663777,-4.8995433963071,41.350927241674405,-4.72427660591276,15.02406651952416,41.321388244628906,-4.900104522705078,0.12886571344017492
1057661826438143.jpg,41.595529918685,-5.1190935947524,41.2695761229514,-4.63775590437602,54.07272500566272,41.595458984375,-5.119059085845947,0.008393341300541063
372562054178967.jpg,41.113746511553,-5.2017438050906,41.093354012272,-4.83938299458638,30.445985659478165,41.11375045776367,-5.201550483703613,0.0162014199994977
1866962213887093.jpg,41.326617049626,-3.7602847028651,41.363090282339996,-4.24611316967224,40.75883321310773,41.16697692871094,-3.755523443222046,17.75563420039413
1174755512976935.jpg,41.037214177786,-5.3880949117413,41.2679558023222,-4.35820045402074,89.96379394761031,41.037723541259766,-5.387875556945801,0.05955176236870076
597530245568746.jpg,41.3153640654,-4.9671139763404,41.416936021630605,-4.851518000517,14.85327799050596,41.315364837646484,-4.9671101570129395,0.00033033510735608893
2929774310576667.jpg,41.255097228012,-4.8738207014971,41.199285121101205,-4.65177577921818,19.5791909625797,41.25541687011719,-4.874042510986328,0.040088390133943184
2937065649953807.jpg,41.334281969624,-4.5971722508972,41.2836438604456,-5.1099764258836,43.20056539942008,41.334346771240234,-4.597003936767578,0.015792659969523407
5812444392131251.jpg,41.535662957687,-4.7115620887262,41.2909013815198,-4.56186442752782,29.942632855265533,41.541934967041016,-4.682982921600342,2.4787816288591484
389963995494453.jpg,41.225319778938,-4.4337016217352,41.33472532751939,-4.419445764756601,12.223527583747302,41.17710494995117,-4.461353302001953,5.839082613506292
1721021234751899.jpg,41.472341657648,-4.5951937864808,41.2173391244708,-4.76930399707776,31.86312390435791,41.11388397216797,-3.719996929168701,83.27649315116027
2850376988536244.jpg,41.324665109901,-5.1976608163604,41.1992851211012,-4.6517757792181795,47.71035116367051,41.325260162353516,-5.196932315826416,0.08988178158397127
9870564699710739.jpg,41.280706729767,-3.9037331405934,41.2098119875306,-4.6869997983067995,65.95898683557532,41.280643463134766,-3.90364670753479,0.010082380161848628
238717257592734.jpg,41.076067232423,-5.2156407588671,41.2322179441784,-4.40806527048302,69.80645589299246,41.07609176635742,-5.215729713439941,0.007939814339329512
1214439252959018.jpg,41.299591468609,-4.0215982044445,41.2584999629024,-4.24297046517748,19.054593730601006,41.22684097290039,-4.112095832824707,11.075016126349643
3694998380764828.jpg,41.145059026066,-4.7858560007415,41.2508188237406,-4.50692375845716,26.133034590601078,41.11305236816406,-4.761416912078857,4.105623125798208
166363251982017.jpg,41.237853354539,-5.1871703374519,41.239153297264195,-5.136158660394439,4.2678144318689695,41.237770080566406,-5.187294960021973,0.013940141045901716
2848081988789299.jpg,41.19264777162,-5.3524830664101,41.4413983593128,-5.2393819984929,29.228140121050163,41.19369888305664,-5.351069927215576,0.1662580877019342
1547266750039083.jpg,41.150719794891,-3.7975800379262,41.348578311464806,-4.1937222964165795,39.75968881425594,41.1107292175293,-4.123181343078613,27.63031041001013
901041134011890.jpg,41.206146808263,-4.7554134333529,41.2504797752694,-5.116856323699099,30.626246331358818,41.206241607666016,-4.755279541015625,0.015381146622442474
1929449871245480.jpg,41.602592373437,-4.8133156653689,41.4725296348984,-5.252632945325381,39.321290851397066,41.602535247802734,-4.8134050369262695,0.009775977792360096
480972696560162.jpg,41.037027624558,-3.9224804592622,41.2170622628478,-4.60896359999758,60.88347331276161,41.036659240722656,-3.923865556716919,0.12318239038190014
1406334713247915.jpg,41.024576427078,-3.8083736613986,41.1508357846108,-4.16833278750906,33.274313140174804,41.001922607421875,-3.813311815261841,2.5528367886892633
1113469493878968.jpg,41.175515549595,-4.0391068513046,41.2322179441784,-4.40806527048302,31.504316864284878,41.17536544799805,-4.038915634155273,0.023123715301004794
301766431675854.jpg,41.177539882303,-4.9332907870319,41.2836438604456,-5.1099764258836,18.907975142011225,41.17755889892578,-4.933361053466797,0.006249446627852669
753737956695697.jpg,41.168227490668,-4.2701847686678,41.2463645522076,-4.76025651927236,41.90763252747231,41.16794204711914,-4.270175933837891,0.03174848858469234
194585685819306.jpg,41.401139575057,-5.1396671305178,41.4413983593128,-5.2393819984929,9.442885894843567,41.401283264160156,-5.139585494995117,0.01736786113528961
1297413138429161.jpg,41.161754591129,-4.0186522556936,41.17659135158139,-4.07859700592428,5.281882372070602,41.16413116455078,-4.022212028503418,0.3982919531213372
1682797769070895.jpg,41.11527453284,-3.7283165774587,41.2004730437646,-4.55784910517456,70.09017308323654,41.24773406982422,-3.70859956741333,14.820970376351793
986295746625492.jpg,41.320929116068,-4.068045388559,41.340850284923405,-4.57722167915312,42.572391885669084,41.32085037231445,-4.067868709564209,0.017156924231685466
315025180077683.jpg,41.043978452821,-4.3777016406939,41.24224011148,-4.548434969252001,26.275639844197478,41.04423141479492,-4.37775993347168,0.028549749900016252
962346079440085.jpg,41.167302446995,-4.1218193743276,41.255270606816005,-4.37723519662306,23.4982665381984,41.2891960144043,-3.677039861679077,39.588742195514165
460640203517028.jpg,41.08045124929,-4.735902059159,41.4134203617646,-4.90134228172002,39.523696259454944,41.22665023803711,-4.848557472229004,18.7946392625174
1045059444445455.jpg,41.135348423833,-4.7781948435525,41.2508188237406,-4.50692375845716,26.07808613001087,41.135658264160156,-4.778409004211426,0.03884151089640442
1656163224587772.jpg,41.62102867923,-4.7898831690161,41.2836438604456,-5.1099764258836,46.033313726784286,41.395992279052734,-5.142271995544434,38.56370207727212
672276001215849.jpg,41.039427974782,-3.9174751949694,41.198363656648596,-4.3037669284569,36.870459313871095,41.039390563964844,-3.9174869060516357,0.004274276132099117
543114724202726.jpg,41.035480469051,-3.9288034290644,41.3507023695736,-4.97886577172032,94.59508079232751,50.41363525390625,7.9480085372924805,1388.5145233325263
1055830899706067.jpg,41.240823468962,-4.1050590520839,41.36309028234,-4.24611316967224,17.99087552250418,41.24074935913086,-4.105127334594727,0.010025164831313386
410366592165213.jpg,41.6282556318,-5.1735110163325,41.3624880782636,-4.39119588540332,71.54411477145267,41.62822723388672,-5.173457622528076,0.005446592742548111
769029473985149.jpg,41.0338617816,-5.0651342102657,41.2391532972642,-5.1361586603944405,23.589566533591817,41.03366470336914,-5.065336227416992,0.027701012738505306
954497991993464.jpg,41.592190706637,-4.6112269644782,41.320610208967196,-4.77496697254358,33.13818094367535,41.59231948852539,-4.611987113952637,0.06481667218349418
3718876924906451.jpg,41.194293427301,-4.7783329218869,41.2836438604456,-5.109976425883599,29.456416163973724,41.1942138671875,-4.778511047363281,0.017331957598069287
1479547499902330.jpg,47.889231141543,7.6120339480758,41.419993224376,-5.28639260233638,1245.73638839977,47.784610748291016,7.581005573272705,11.86154089710285
1287319236004332.jpg,41.18487266825,-4.2689801019869,41.221363245068595,-4.64120024090608,31.40342272772521,41.184749603271484,-4.269172191619873,0.02111062088901157
1468745084138323.jpg,41.188118729246,-3.7807761472947,41.3085537172918,-4.4592456327695995,58.28126815828137,41.256309509277344,-3.9075539112091064,13.03541927702849
2860261214173100.jpg,41.623614037278,-4.7882162835173,41.4725296348984,-5.252632945325379,42.14131067237079,41.62361526489258,-4.7882161140441895,0.0001372294385412508
221260699425495.jpg,41.349569351817,-4.5351838981314,41.2836438604456,-5.1099764258836,48.56047321278586,41.349464416503906,-4.535522937774658,0.030611788582808788
963365328946185.jpg,41.07204970283,-4.1320930623713,41.1801806088436,-4.5197972580398,34.628155029604116,41.069969177246094,-4.132814884185791,0.23912641451546265
469275764160196.jpg,41.185576552531,-4.4555208522663,41.311494412418604,-4.438612914619,14.072600316461568,41.18803787231445,-4.451257705688477,0.44963595736999623
459273188478510.jpg,41.174579401199,-4.2703310529202,41.3015269249168,-4.6134477782570595,31.974630995939293,41.174198150634766,-4.270259380340576,0.04281545392437192
1712278613051589.jpg,41.088881527776,-4.126303419848,41.406832715407596,-4.43941547956484,43.990768037311135,41.08909606933594,-4.126221656799316,0.024820539502333407
374411247300492.jpg,41.061364928295,-3.8812758067655,41.166150649067404,-4.304281439480141,37.30355583343216,41.06110763549805,-3.880676746368408,0.05780309128499862
2167872630262654.jpg,41.646201643169,-4.7057871683714,41.1982121228846,-4.2145534738128205,64.4908078766123,41.26858901977539,-5.262650012969971,62.582215380027435
2849031722062922.jpg,41.353613245795,-5.1683546696602,41.4413983593128,-5.2393819984929,11.418494565331137,41.354061126708984,-5.168674945831299,0.056523330438168075
1047016192886801.jpg,41.072940395112,-3.6049576574967,41.2406650759672,-4.440649370856219,72.40680510970779,41.074581146240234,-3.604336738586426,0.18972250434778104
223550339157112.jpg,41.521106805172,-4.6947494086034,41.302555048372604,-4.91378169507228,30.400971462312413,41.52068328857422,-4.694633960723877,0.04806370840372432
1508371009807802.jpg,41.651960864474,-4.7163042116078,41.23943466136,-4.60389880470594,46.81782397796007,41.15960693359375,-5.447350025177002,81.94211362894752
1082872170672494.jpg,41.190364000034,-3.7934044747723,41.143633337891394,-4.14003045143334,29.47657773163714,43.38994216918945,-0.6319734454154968,356.9426298312237
2911291379086868.jpg,41.369525300745,-4.4974852344653,41.2836438604456,-5.1099764258836,52.02844474960403,41.369606018066406,-4.497417449951172,0.010609076547604217
547483422905905.jpg,41.180955358941,-4.4560791633772,41.352698709883,-4.63574804018116,24.293872973037647,41.180816650390625,-4.456268787384033,0.022129850043146927
181182800548536.jpg,41.064159096315,-5.2019918792192,41.280273392011,-4.4962464139229,63.771756277400826,41.06425857543945,-5.2020440101623535,0.011893703925978017
832782298349004.jpg,41.038704934591,-3.9178643788512,41.2308152047834,-4.388349135504041,44.82014647596926,41.04801559448242,-3.9113237857818604,1.1716319338418424
1274230167766268.jpg,41.043007686663,-3.8219453260596,41.2377236911756,-4.1302706254480395,33.69607094085885,41.29903793334961,-5.231165885925293,121.33968524954945
1969285987180602.jpg,41.097071962044,-3.8862234820324,41.227284916686,-4.439248734315839,48.506687247872165,41.09622573852539,-3.8862833976745605,0.09422961425322013
1706916353348607.jpg,41.331319042247,-4.929084967608,41.2991931804646,-4.77124728933818,13.657606614695295,41.33306884765625,-4.9327545166015625,0.3629499239830817
612255566769379.jpg,41.396880315295,-4.9605022290395,41.2071868556798,-4.527001221749161,41.90733798149274,41.39655303955078,-4.960520267486572,0.03642249439488292
1472466483678238.jpg,41.44773078989,-4.5033388008967,41.361362679964195,-4.75671076528644,23.21180567331973,41.44771194458008,-4.503467082977295,0.01089537362411519
2549316241936835.jpg,41.190787356134,-3.685687949685,41.2787981122088,-4.08901537150466,35.117449712832624,41.191078186035156,-3.6858456134796143,0.034926302188687634
3048743468693612.jpg,41.120186216737,-5.4895344433945,41.2833589280922,-4.8611421612185195,55.61554935590462,41.59321975708008,-4.615031719207764,89.96654685594697
657188665264939.jpg,41.18571615322,-4.5196972590547,41.471762567695,-4.74791021738316,37.078283473003644,41.000823974609375,-4.297920227050781,27.714286843941643
496768508137714.jpg,41.028497941205,-5.0709811808187,41.2836438604456,-5.1099764258836,28.55815253943922,41.02840805053711,-5.071084022521973,0.013203345224140342
827348374855164.jpg,41.367999427279,-5.1640222829437,41.4413983593128,-5.2393819984929,10.301219473579605,41.36705780029297,-5.164590835571289,0.11495244612109218
2519978625011281.jpg,41.268903020211,-4.0956344869263,41.314455101237,-4.3679878369174805,23.311347430183968,41.22260284423828,-3.6982970237731934,33.616419022204475
1422679898068318.jpg,41.304981879903,-5.2286571549311,41.4413983593128,-5.2393819984929,15.195195955879868,41.30115509033203,-5.230010509490967,0.44028072332848184
1379150040880717.jpg,41.53683718843,-5.285703598328,41.4636083784158,-5.262569650329199,8.367488180730076,41.53681182861328,-5.285676002502441,0.0036369459107151994
248642140371108.jpg,41.221620028287,-4.8435662899933,41.3502575666374,-4.82419501523436,14.39512508407702,41.14922332763672,-4.788691520690918,9.267807919645056
1964461620375584.jpg,43.260501502234,-1.733859779355,41.205899174220995,-4.7704319934129,338.6234681739687,41.2982063293457,-4.107130527496338,292.7745712163241
3382678498709170.jpg,41.245216549056,-3.8506666731563,41.235039252327596,-4.49205089513286,53.64013462759499,41.24527359008789,-3.8506855964660645,0.006537017979936367
3661004957457892.jpg,41.116291573107,-4.6297147597298,41.1916314940826,-4.507374799868041,13.232334403190931,41.116485595703125,-4.629479885101318,0.02919912465415708
3256020937957834.jpg,41.404516540803,-5.1372597807374,41.386369645924,-4.70359495963284,36.23008552579135,41.40372848510742,-5.137917518615723,0.10338265598090089
989932036079656.jpg,41.073990118125,-3.7864284284279,41.255270606816005,-4.37723519662306,53.40638242423713,41.59385681152344,-4.827548980712891,104.39139867024055
750275714560134.jpg,41.274625378911,-3.8917113718343,41.2975302312404,-4.56539014346866,56.34640188329027,41.27461624145508,-3.89168643951416,0.002318107360100404
150697193688853.jpg,41.111065001289,-4.9863211990238,41.2836438604456,-5.1099764258836,21.80117907962826,41.110931396484375,-4.986423969268799,0.0171708125760878
500470077663134.jpg,41.446256366709,-4.9778475151436,41.372763823490196,-4.9872698587932,8.209690282912243,41.446563720703125,-4.977982997894287,0.035993472270941955
162811432434412.jpg,41.25174198033,-5.3857691890801,41.1560570350048,-4.51874896104094,73.31054109553072,41.25174331665039,-5.385725498199463,0.00365551522063854
1345005959207424.jpg,41.319826987563,-5.2100286144633,41.491401325312594,-5.23494036965066,19.1909946656985,41.31998825073242,-5.209064483642578,0.0824883875701716
1390931804870531.jpg,41.489453967248,-4.6110277721866,41.3577943707372,-4.59017513639256,14.742760298514998,41.489070892333984,-4.61623477935791,0.43579855859801164
1013645306967235.jpg,41.137258862813,-4.0811860068,41.1444997004686,-4.529674925321159,37.56516283526398,41.13732147216797,-4.081084251403809,0.011003773179361085
1560556461249755.jpg,41.195976797311,-3.7277176883369,41.211507480003796,-4.06112647316364,27.94634908111093,41.19582748413086,-3.7275643348693848,0.02098313132367148
1958141518063085.jpg,41.295396856607,-3.9310458121611,41.255270606816005,-4.37723519662306,37.55327099231672,41.16617202758789,-4.025383949279785,16.392361573929662
1516584732292474.jpg,41.649688517009,-4.7109264525765,41.2283532237842,-4.30487663223606,57.79793470647174,41.28858947753906,-4.674929141998291,40.264243925164415
1522551672061772.jpg,41.20726434766,-3.7344952969523,41.255270606816,-4.37723519662306,54.01325137135871,41.12112808227539,-3.7117974758148193,9.764560381301981
218853383047377.jpg,41.287457356744,-4.6812014428827,41.287440790855,-4.9940772593587,26.141647205807473,41.28745651245117,-4.681200981140137,0.00010149909024690858
555829845802402.jpg,41.404817353091,-4.3433658175449,41.2836438604456,-5.1099764258836,65.39949004531363,41.40504837036133,-4.346055030822754,0.22575259406642112
1543622156805389.jpg,43.022507853519,-2.9125986845174,41.4492964604652,-5.005738077446599,245.53692782774436,43.246402740478516,-2.9347026348114014,24.960501693601522
921250398450166.jpg,41.045985230169,-4.6771509335198,41.1941846636474,-4.46025382581212,24.528797671408206,41.0734748840332,-4.427394390106201,21.162444768144766
320483029594821.jpg,41.050841478117,-5.3879418494114,41.3416759259762,-4.4732186095016,83.08583622060735,41.050968170166016,-5.387991428375244,0.014688171374765333
126483602961229.jpg,41.002236346981,-4.0120196909269,41.2448743189628,-4.58295486264552,54.908423900559605,41.0025520324707,-4.011300563812256,0.0698135986418639
1028979677508309.jpg,41.163078287399,-5.4283076465287,41.4413983593128,-5.2393819984929,34.73939057070375,41.163028717041016,-5.426839828491211,0.12299745328731267
1692722534758390.jpg,41.512263019544,-5.1606260572897,41.4492964604652,-5.0057380774466,14.680152056647865,41.51226043701172,-5.160589694976807,0.003041270517907078
3471126763146046.jpg,41.185150940914,-3.606134058324,41.3088829333588,-4.50278455337678,76.21582123136099,41.185821533203125,-3.6045262813568115,0.1538254032134687
517601679603456.jpg,41.411581950815,-4.6866025335089,41.2098119875306,-4.6869997983068,22.43582080225575,41.4117317199707,-4.686461448669434,0.020390440088709882
1498712134903573.jpg,41.594072887049,-5.1152106497084,41.1560570350048,-4.51874896104094,69.6354983742072,41.29244613647461,-4.103383541107178,90.76227622249627
1596013808448865.jpg,41.568626676285,-5.4999690276502,41.4492964604652,-5.0057380774466,43.24003376897709,41.56865310668945,-5.499819755554199,0.01276123617244049
3200246420260310.jpg,41.163132600133,-5.4260576528109,41.2836438604456,-5.1099764258836,29.63772848340243,41.163082122802734,-5.426848411560059,0.06643342162736902
2882149535339364.jpg,41.373550865217,-5.1596954272853,41.2836438604456,-5.1099764258836,10.824941454172313,41.2930793762207,-5.236269950866699,10.997460818635192
5975761415856028.jpg,41.182972930526,-3.6325751913093,41.2290400665904,-4.67284973452586,87.17639012964645,41.1677131652832,-3.6459813117980957,2.034241070375421
3900469010001704.jpg,42.175333720279,-4.0601246760595,41.2987486862142,-4.8757329842083,118.66037581263987,41.2173957824707,-3.6960251331329346,110.72414688401605
1403949170372520.jpg,41.327426528806,-5.1304823559972,41.3471124510494,-4.69309595173754,36.58246563551345,41.32764434814453,-5.129580497741699,0.07910560653445807
309259950546756.jpg,41.171418343488,-4.8024413243152,41.1677434785022,-4.68275931139002,10.02614434254133,41.164676666259766,-4.799135208129883,0.7990905904213883
3591933974245975.jpg,41.114313698776,-4.7620869595293,41.2779061948066,-4.72927298710052,18.396681670497234,41.11461639404297,-4.762336254119873,0.039610995947346093
1104347237953629.jpg,41.542047401909,-5.337874885674,41.4636083784158,-5.2625696503292,10.742484883043877,41.542076110839844,-5.337732791900635,0.01224917975128387
530459771451370.jpg,41.480563212044,-4.6786332458713,41.2098119875306,-4.6869997983067995,30.11426281937816,41.48035430908203,-4.678555488586426,0.02411520722942787
381595179755297.jpg,41.256171806113,-5.2798951896017,41.2836438604456,-5.1099764258836,14.52584378424132,41.25611877441406,-5.280027389526367,0.012525852605482786
1622640448549716.jpg,41.434306506778,-4.4708643294461,41.437162251177206,-4.90738158985898,36.390589910872485,41.43437957763672,-4.470968723297119,0.011906091425274493
1152658265147869.jpg,41.094937847311,-5.3038335948557,41.132043868695405,-4.75905634375218,45.82488037838834,41.09480667114258,-5.3039116859436035,0.015986817717323618
463198366059948.jpg,41.491491992908,-4.6150871023221,41.398444195968196,-4.7699305249252,16.541521071320762,41.491485595703125,-4.615032196044922,0.004628191538411847
355918186149244.jpg,41.21647261232,-5.2213016230524,41.15582742179019,-4.87659624169368,29.623499412966662,41.21652603149414,-5.221235275268555,0.008128998649444876
307830864049360.jpg,41.535569883236,-4.7117715125179,41.30473929868,-4.3895945608714,37.15472691710193,41.53561019897461,-4.711704254150391,0.007171911582624252
24578557588447893.jpg,41.2914956105,-3.6749836328225,41.309055786030996,-4.60618530044552,77.81337019921261,41.294490814208984,-3.6735777854919434,0.3531548863724041
628221199999836.jpg,41.206328438557,-4.14034893,41.209864781799396,-4.36484513242272,18.784199341245984,41.20795822143555,-4.138356685638428,0.24620791157908425
1613384892850364.jpg,41.523667904916,-4.6413252423556,41.350482747423996,-4.82876230078288,24.798825625134363,41.52366638183594,-4.641299247741699,0.002170659028393152
588302430933178.jpg,41.202018951876,-4.0743366669596,41.207584660646,-4.33902334715942,22.15195053577667,41.201927185058594,-4.074167251586914,0.017464661958648837
1271971231079917.jpg,41.269524578427,-3.7527857270703,41.203237067989,-4.51493525341606,64.1541868178567,41.26836013793945,-3.7533740997314453,0.13850319287590282
493193152096099.jpg,41.402241004382,-5.1388165189558,41.307692744369,-5.2014424193638,11.741052286958492,41.40214157104492,-5.138895034790039,0.012850326686982237
5372959702745961.jpg,41.386029245895,-4.9610434399866,41.1553941330782,-4.587599541823321,40.39512642867198,41.386131286621094,-4.9607954025268555,0.023599493400491174
218662139735452.jpg,41.366530678335,-4.5017088349421,41.2836438604456,-5.1099764258836,51.6224558114284,41.3660774230957,-4.502430438995361,0.07852689309889119
3279075582419564.jpg,41.518087871782,-4.6370154947877,41.324336894783,-4.8132422816685,26.078014716566436,41.518089294433594,-4.637014865875244,0.00016663221431109762
1112261509280666.jpg,41.146279371948,-4.9593815413987,41.2836438604456,-5.109976425883599,19.798389525680882,41.14619064331055,-4.959452152252197,0.01150212622056155
1893943291032029.jpg,41.118041599179,-3.7240138444576,41.1560570350048,-4.51874896104094,66.68907425267786,41.41900634765625,-4.122148513793945,47.19287054215868
1452059748469910.jpg,41.396771322487,-4.9604547375101,41.309065210312994,-4.9866237244102605,9.994094063071524,41.397010803222656,-4.960442066192627,0.02665001048087447
167868295218204.jpg,41.378187148892,-4.6842027476653,41.4141712578728,-4.68350931138514,4.00166841676021,41.37795639038086,-4.684214115142822,0.025676699237056837
400799414892936.jpg,41.564290033322,-4.7121385553168,41.411379419150606,-4.75353261620226,17.34895974111345,41.50021743774414,-4.622546672821045,10.31375219384931
476287283696828.jpg,41.154188573846,-4.5304426979569,41.33472532751939,-4.4194457647566,22.11602600892914,41.154136657714844,-4.530786037445068,0.02931944331432137
309760573942864.jpg,41.409192191145,-5.133240781223,41.2836438604456,-5.1099764258836,14.094770478175633,41.40907669067383,-5.133390426635742,0.017907918623582764
1370166876685676.jpg,41.243967553889,-4.2823261776903,41.2224202212012,-4.68377521423464,33.65544390748189,41.244476318359375,-4.282644271850586,0.06251162044489668
6641247175931768.jpg,41.186004741607,-3.6210599098857,41.2558863401404,-4.2764556438125805,55.36382519651365,41.18585205078125,-3.621840476989746,0.06749048655844309
1653682298613557.jpg,41.148085758378,-4.0462426242343,41.1444997004686,-4.52967492532116,40.48131291664216,41.14810562133789,-4.046115875244141,0.010840213205340812
1128014727716997.jpg,41.06479618739,-4.6320205637485,41.316995558386395,-4.28093361128552,40.61364681742492,41.127010345458984,-4.645829200744629,7.014005672440317
1420791929212152.jpg,41.594098768165,-5.1152206131793,41.1560570350048,-4.51874896104094,69.63809829624049,41.294471740722656,-4.104879856109619,90.56389659608178
1173600079768704.jpg,41.596922290992,-4.6389295932617,41.4221435669286,-5.1825934008003,49.26493239996267,41.59682083129883,-4.6385979652404785,0.02979515094881765
275570490918475.jpg,41.025916245638,-5.0738476206721,41.2836438604456,-5.1099764258836,28.817190633877885,41.160377502441406,-4.948651313781738,18.265214693711403
1849344208810608.jpg,41.654971847664,-4.7144321697767,41.1560570350048,-4.51874896104094,57.82750453073713,41.16779327392578,-5.368621349334717,76.88173520166687
1266081993794638.jpg,41.0725638203,-4.4193808191828,41.2131956638152,-4.32229920686946,17.6244083463327,41.07260513305664,-4.419613838195801,0.020066277761187575
311850003808207.jpg,41.394570687024,-5.1426978792763,41.299138499505204,-4.876015024542821,24.661567410540883,41.3941535949707,-5.1429362297058105,0.050460563895195105
4248229688530517.jpg,43.39549020235,1.6863851788456,41.491401325312594,-5.23494036965066,605.8821102262343,41.307010650634766,-3.610556125640869,493.2205979066445
489199909037368.jpg,41.067977857083,-5.2063493771608,41.1444997004686,-4.52967492532116,57.32960741827225,41.06810760498047,-5.2062153816223145,0.018284792234466694
31104042245909794.jpg,41.541357511903,-5.3430212903627,41.491401325312594,-5.23494036965066,10.575130849957903,41.54136657714844,-5.3429856300354,0.0031344053322721163
4067235676871905.jpg,41.166976432542,-3.7555234993838,41.2787981122088,-4.08901537150466,30.537716168388787,41.32661819458008,-3.760284662246704,17.75581645764289
1030837614917040.jpg,41.631209872532,-5.1831852491563,41.31855424728241,-4.52230430440354,65.11658909925143,41.631465911865234,-5.18289041519165,0.03756327148487924
1018189383637248.jpg,41.167754950459,-5.3685080249036,41.1560570350048,-4.51874896104094,71.14782792922817,41.483985900878906,-4.988133430480957,47.384724561287655
797456529339004.jpg,41.148606267039,-3.9537013100441,41.1887446457146,-4.4840619153616,44.617423411632444,41.14855194091797,-3.9539682865142822,0.02315587980483439
3936212876469168.jpg,41.005649319132,-5.3970373954739,41.2792793020046,-4.30544426885392,96.33811303269171,41.00560760498047,-5.397070407867432,0.005402643460990168
309707817338274.jpg,41.023481023257,-4.6799434743996,41.221910103385405,-4.5329648407155005,25.266670852120942,41.024169921875,-4.680542469024658,0.09161261584969146
769640006011877.jpg,41.221712083864,-4.8436282783247,41.350257566637396,-4.82419501523436,14.38553749434045,41.149147033691406,-4.788738250732422,9.284704022298987
1507110656536176.jpg,41.122430938013,-3.7083393416782,41.3781757315678,-4.4684158557111,69.61550183228216,41.04833984375,-3.8164350986480713,12.245425721414398
24198736513143046.jpg,41.51596506478,-5.1868633336051,41.5210571803118,-5.297761462768699,9.250309199164764,41.51594161987305,-5.18684720993042,0.0029323002783773994
375700493767415.jpg,41.092616900535,-5.3051638991244,41.198608266323205,-5.009956964675659,27.38478711498242,41.09274673461914,-5.305088520050049,0.01575839620794255
767771889193816.jpg,41.063143671438,-3.8884066119834,41.2393861710564,-4.6396138145308,65.87841112930796,41.09537124633789,-3.886251211166382,3.5880939806490413
1753009242007894.jpg,41.546034337344,-4.8872227372084,41.491401325312594,-5.23494036965066,29.58008457459295,41.546058654785156,-4.887189865112305,0.0038464569381736827
1209439966848841.jpg,41.628291435866,-5.1808167790667,41.2252329040312,-4.47281383250908,74.1150092738572,41.628231048583984,-5.180628299713135,0.017043892138689197
197583655958656.jpg,41.623081133067,-5.1652867394897,41.3848573034948,-4.8122551394309,39.57221263713855,41.600799560546875,-5.128841400146484,3.9139362186065605
1091838952918884.jpg,41.030381008656,-3.8281120030301,41.1513281157726,-4.54789778661718,61.801819770629876,41.03040313720703,-3.8280680179595947,0.004434751186901138
1595020084025197.jpg,41.342480990017,-4.5774075962595,41.3203409042312,-4.98734893771596,34.31706000618698,41.34251403808594,-4.577346324920654,0.0062982503077380165
1843194719180470.jpg,41.226312717004,-5.316496932405,41.3077485722186,-4.626097751750501,58.40888546874016,41.22658920288086,-5.316342830657959,0.03333578950345851
1153969195118329.jpg,41.289798864416,-4.324367636112,41.255270606816005,-4.37723519662306,5.853342437238157,41.28987121582031,-4.324345111846924,0.008262282860035578
1879823178850844.jpg,41.610750917919,-4.1650649145212,41.4056233260072,-5.002717259187659,73.38524506045515,41.637916564941406,-3.6397998332977295,43.76433129201536
480775736362696.jpg,41.199547859739,-4.4383987627746,41.3822568537116,-4.6287671360343,25.801550515616857,41.199398040771484,-4.438490390777588,0.01833834501863625
1698560490677549.jpg,41.500974805762,-4.6235866414454,41.290811605186605,-4.681918382561681,23.87024641052524,41.50089645385742,-4.623507976531982,0.0109005509966513
2829751283906921.jpg,41.402377976781,-4.4301092973824,41.2746227944468,-4.717963862607441,27.916837277554094,41.40235137939453,-4.430140972137451,0.003965619759554004
1741044299987611.jpg,41.284240388974,-3.9887215872002,41.2584999629024,-4.24297046517748,21.44034593613486,41.28434753417969,-3.988956928253174,0.022991969042933005
2693962587434690.jpg,41.009131109535,-3.9853201355807,41.2320146863636,-4.52686557300272,51.69165132129398,41.00936508178711,-3.9850950241088867,0.032150299823973424
1972437497037402.jpg,41.568785961103,-4.8564630368563,41.491401325312594,-5.23494036965066,32.65889263606996,41.56847381591797,-4.856866359710693,0.048275512307098964
2895671544017993.jpg,41.116860400302,-4.9818835005395,41.2836438604456,-5.109976425883599,21.419255782661974,41.116973876953125,-4.98179817199707,0.014502039729861202
597658699989064.jpg,41.259478122275,-4.1001486683996,41.258499962902405,-4.24297046517748,11.938863672442304,41.25918197631836,-4.100243091583252,0.03386259352210023
487987390912848.jpg,41.045929020268,-4.1319687096655,41.2098119875306,-4.6869997983067995,49.931618621405036,41.0460319519043,-4.131979465484619,0.01148096310180382
2031489760568900.jpg,41.166178437883,-5.4079568392111,41.3088829333588,-4.50278455337678,77.33263567736623,41.16614532470703,-5.408329486846924,0.031410130928205986
1096553124757810.jpg,41.461695683576,-4.5533302060008,41.3368069597224,-4.56314142377574,13.91108386414075,41.46162033081055,-4.553069591522217,0.023277159029718993
1520022972333489.jpg,41.798731382145,-4.5936335639095,41.4492964604652,-5.0057380774466,51.798489749720275,41.783782958984375,-4.611352920532227,2.218304016171826
2975339599457256.jpg,41.122623991454,-5.4900324543164,41.4244950164214,-4.985024683512941,53.9245283633788,41.123504638671875,-5.490088939666748,0.09803773954636254
177052040977411.jpg,41.035389903507,-5.4206855869674,41.1363782958452,-4.75309081390732,57.06698954749668,41.03547668457031,-5.420411109924316,0.024962238726901707
1843770306204057.jpg,43.367137254093,-1.6852782450813,41.4636083784158,-5.262569650329199,361.9415117216841,43.3669548034668,-1.6855356693267822,0.02906199630188141
678803471319749.jpg,41.076573548211,-4.1305943651688,41.2508188237406,-4.506923758457161,36.98418490215699,41.076683044433594,-4.130557537078857,0.012560677077816561
1611513055726227.jpg,41.449711858641,-5.088404622834,41.4413983593128,-5.2393819984929,12.617878825096277,41.442283630371094,-5.091121196746826,0.8564539682710848
945361660738977.jpg,41.280792936032,-4.0965156372808,41.209864781799396,-4.36484513242272,23.78010084169304,41.27723693847656,-4.094456195831299,0.43123621664572387
1095785902650261.jpg,41.070620082363,-3.8125412474607,41.284580721155194,-4.613579772187101,71.13757389803294,41.07946014404297,-3.8000435829162598,1.4365623924582194
1116582379612864.jpg,41.473105193682,-4.6168304502559,41.4451896829294,-4.738152589614979,10.575871873540207,41.47320556640625,-4.616840362548828,0.011191449413021332
556124749108616.jpg,41.28998774621,-4.6823779567687,41.2832710606408,-4.37433126300858,25.749317851119837,41.15766143798828,-4.486884117126465,21.995991076959072
2963778950520080.jpg,41.625020355204,-4.7869151367721,41.324336894783,-4.8132422816685,33.50634321017369,41.624027252197266,-4.787899494171143,0.1374364710636373
1366286633809401.jpg,41.266559058998,-5.2634853308526,41.4413983593128,-5.2393819984929,19.545062127859534,41.26634216308594,-5.263415336608887,0.024817097356202227
1763832750823473.jpg,41.214918397918,-3.7518018313733,41.3605969771112,-4.29044137229092,47.83102215976595,41.16868209838867,-3.6740708351135254,8.29074265868523
5491410634267715.jpg,41.165944983467,-5.3984859537666,41.3665787172396,-4.81548735423698,53.59118645818878,41.16584777832031,-5.397216320037842,0.10682710032343605
1544139230074523.jpg,42.90399749295,-2.7091255099578,41.491401325312594,-5.23494036965066,260.67941070839555,41.918174743652344,-4.508636951446533,183.95518570511456
1466035688040006.jpg,41.511724567984,-5.1459200110873,41.4492964604652,-5.0057380774466,13.585276180639962,41.511722564697266,-5.145915508270264,0.0004361080477752954
1338691707470717.jpg,41.118341115753,-4.2640930521283,41.254823899972,-4.3165582077349,15.798489356054846,41.11830520629883,-4.2640557289123535,0.005071373939376891
5477778835659935.jpg,41.313655464089,-5.2084781630607,41.3471124510494,-4.69309595173754,43.193740547794064,41.313655853271484,-5.2064208984375,0.1718212380313872
2190745061308329.jpg,41.148429555295,-3.6727288965958,41.20679860778581,-3.9801220419321206,26.532803352091836,41.1517333984375,-3.6698408126831055,0.4398131632576024
3948814615196206.jpg,41.366564214799,-5.1649779252662,41.2836438604456,-5.1099764258836,10.300915824771202,41.36711883544922,-5.164480686187744,0.0743314156556458
1474803966887895.jpg,41.579342973278,-4.8427291071718,41.491401325312594,-5.23494036965066,34.07859818747637,41.57938003540039,-4.842679023742676,0.005859848439709023
3542235242668888.jpg,41.154001924083,-4.5729477001555,41.165061277551004,-4.20482769988168,30.842195751223162,41.15403747558594,-4.572794437408447,0.013426824590008003
307213894215663.jpg,41.310536207715,-4.3662161786697,41.3468691486596,-4.607900905911021,20.581085769361398,41.31059646606445,-4.36633825302124,0.012200613415371302
512211886806998.jpg,41.369606456227,-4.4974174374483,41.2836438604456,-5.1099764258836,52.03563534467212,41.36952590942383,-4.497485160827637,0.010590317163234834
1089052691620663.jpg,41.051098820973,-5.3309619626357,41.2916862865058,-4.78686756414392,52.817395336988525,41.05110549926758,-5.330918788909912,0.0036956980050027264
7391907357554586.jpg,41.004131707709,-4.0079332379058,41.207584660646,-4.33902334715942,35.795554564135266,41.00408172607422,-4.008031845092773,0.009967791709626212
3606303336260523.jpg,41.48916286508,-4.6820611552712,41.3678988195102,-4.94425989827662,25.68415826761809,41.48898696899414,-4.682023048400879,0.0198146301412708
4635575979797681.jpg,41.174116219419,-4.4926068218588,41.2658455387484,-4.834039734042021,30.32402957685536,41.17387008666992,-4.491810321807861,0.07206473230997594
984117078791485.jpg,41.366477522368,-5.1653948600216,41.3437223720486,-4.87492263631154,24.376261049096186,41.39833450317383,-5.141149520874023,4.079205596376673
1311737600078495.jpg,41.288477420234,-4.1010176939414,41.193108761899,-4.5616456660895,39.94747609595111,41.28859329223633,-4.1011223793029785,0.015572747252445753
1144230124216365.jpg,41.508072471511,-5.103761305568,41.4492964604652,-5.0057380774466,10.459380302243732,41.50807189941406,-5.103761672973633,7.058862569731695e-05
1234788740969751.jpg,41.285433314588,-3.9912847093864,41.179526390684394,-4.37524289087788,34.19927127912288,41.28528594970703,-3.990969657897949,0.031007685616834115
3100044370249234.jpg,41.513537327833,-5.0121266023464,41.4413983593128,-5.2393819984929,20.561634281689553,41.16421890258789,-5.3839521408081055,49.72288320165916
185873197157177.jpg,41.643514658636,-5.1887001803083,41.357829456448606,-4.70810110743968,51.09818394853715,41.64198684692383,-5.1881890296936035,0.1751141998954215
1652679608248441.jpg,41.22804362009,-4.6700156354635,41.391196946301,-4.90265330912714,26.583560776949177,41.22833251953125,-4.670071601867676,0.03246332180957541
2177795282631779.jpg,41.192088384409,-3.584669434688,41.3445920134708,-4.43370891942286,72.95816305870525,41.24575424194336,-3.8485424518585205,22.86296242425129
736081507067144.jpg,41.405665108758,-4.3530460843403,41.2836438604456,-5.1099764258836,64.6282614618032,41.4056510925293,-4.352890491485596,0.013069900903605538
1149918528854815.jpg,41.213243888949,-3.9419785141603,41.1837085702768,-4.49245256125244,46.173196596845735,41.213661193847656,-3.9392809867858887,0.2303632785005903
949193686803783.jpg,41.273211951876,-4.2965685227305,41.28452604019581,-4.71834750739174,35.26787459356672,41.27292251586914,-4.29664421081543,0.03279951230846298
1811157529475164.jpg,41.085681309796,-3.8867728684467,41.2610464352026,-4.51856111573504,56.36046899378402,41.08832550048828,-3.8848190307617188,0.3365440612989311
557076875280305.jpg,41.065742919222,-5.2033328365421,41.3144355526362,-4.3464703017162805,76.84746492851079,41.0656852722168,-5.203230381011963,0.010717645334810995
4019644624917818.jpg,41.54454821856,-5.3019635187966,41.4492964604652,-5.0057380774466,26.8482754478126,41.54456329345703,-5.302043914794922,0.006897558274797615
1082937988863160.jpg,41.175135298268,-4.8982631577437,41.206770597718005,-4.70214328435172,16.78336030277238,41.175140380859375,-4.898478031158447,0.01799302959485249
1823258611905073.jpg,41.132049119399,-3.911865086287,41.2424988134156,-4.39172267587618,41.99105508367555,41.13523483276367,-3.9119489192962646,0.35430473520235234
1309448773067694.jpg,41.239449795438,-4.2782991577419,41.298748686214196,-4.8757329842083,50.36471041656361,41.23918914794922,-4.278946399688721,0.06139085489293259
3697582150569908.jpg,41.401766782267,-4.2929910472955,41.4168486535696,-4.802208538152319,42.500045272311255,41.4019889831543,-4.29299259185791,0.024707947211289234
24295178303496453.jpg,41.082278498173,-3.696973255005,41.343156757365,-4.268361216288,55.90969221588142,41.11140060424805,-3.7275002002716064,4.126712388778999
1553751052669637.jpg,41.580550691296,-4.8402407059215,41.466199803356595,-5.260095392426559,37.19380627532851,41.57284164428711,-4.850340843200684,1.2002684900811424
513049149896455.jpg,41.154141618994,-4.5726525892942,41.165061277551004,-4.2048276998816805,30.81686111772055,41.15403747558594,-4.572794437408447,0.01658737267854295
2604253826585562.jpg,41.13347940463,-3.6952021134821,41.2942186802398,-4.22741581369686,47.97194744872784,41.113014221191406,-3.7195916175842285,3.0581103714734508
141704261309749.jpg,41.395827907922,-5.1422115480897,41.4413983593128,-5.2393819984929,9.556538435869307,41.395809173583984,-5.14255428314209,0.028664667055001734
2279731819110372.jpg,51.330334919528,-1.5633409697791,41.248223657329,-4.1431731559281,1138.277366107892,41.1682243347168,-5.369733810424805,1166.846967915303
1205158106574167.jpg,41.057789877181,-4.2001031213929,41.287951204908,-4.65444679386486,45.83809602294409,41.05807876586914,-4.200382709503174,0.039767182158021726
218771153057800.jpg,41.346668677107,-4.5681192470995,41.272053410640396,-5.1294303387517,47.61176415864689,41.34666061401367,-4.5681843757629395,0.005510174234161039
1152403416947034.jpg,41.074008011796,-3.8079336524977,41.1663217657136,-4.4912167731700805,58.149370932828546,41.110782623291016,-3.733823776245117,7.435876817951638
630932869548111.jpg,41.004864652027,-4.1506734113901,41.2023134137704,-4.40445398452306,30.56435109178909,41.00460433959961,-4.151036262512207,0.04201109807490299
1295543668762266.jpg,41.052970430025,-3.6148817483741,41.308882933358795,-4.50278455337678,79.56960756819545,41.27120590209961,-3.7027716636657715,25.35754025232519
527488961994201.jpg,41.177404336486,-4.934367340626,41.2061475315072,-4.6700834739156605,22.34377424723367,41.177364349365234,-4.934382438659668,0.0046224311205398305
252209229844684.jpg,41.304081108172,-4.910490513137,41.2118309472818,-4.24977601165,56.17387242548487,41.30413818359375,-4.910521507263184,0.006854259662769873
4088948971144581.jpg,41.581272308338,-4.8392119810317,41.4413983593128,-5.2393819984929,36.771546034099146,41.58236312866211,-4.837802886962891,0.1686660981939657
4182844121992839.jpg,41.044602828639,-3.6161198132496,41.3148008525954,-4.65134953054432,91.69991035506742,41.04423141479492,-3.616183042526245,0.04163835751638194
2499051323791489.jpg,51.313860009077,-1.3341673449511,41.2064751744154,-4.608269389230601,1151.4219259268325,41.0532112121582,-4.709757328033447,1169.8202661926907
484546099358093.jpg,41.409017289107,-4.3701650950373,41.2836438604456,-5.1099764258836,63.31122557584805,41.40901184082031,-4.369996547698975,0.014069387404200969
1723125684540235.jpg,41.37575040799,-4.4895492935053,41.2836438604456,-5.109976425883599,52.80743145693514,41.375579833984375,-4.4897966384887695,0.028030155701014095
2720237674881504.jpg,41.313832752958,-4.6344923341379,41.2836438604456,-5.1099764258836,39.862710044469125,41.31373596191406,-4.634636402130127,0.016143558641294534
169684454962401.jpg,41.165632409379,-5.4117855903374,41.2836438604456,-5.1099764258836,28.448453209777178,41.166080474853516,-5.408820152282715,0.25318251371731354
584195006063925.jpg,41.018967155531,-4.3342190666952,41.2098119875306,-4.6869997983067995,36.383480008912606,41.019309997558594,-4.334722518920898,0.05689732354850617
3044865252452738.jpg,41.397888504954,-4.2930209739966,41.3324210005624,-4.66531166974272,31.910282800143804,41.396240234375,-4.292483806610107,0.18867676736982655
461943251778680.jpg,41.10058315113,-4.427120543959,41.5573450810394,-4.95669301820792,67.34147462631746,41.101097106933594,-4.4275031089782715,0.06552559871248205
3948893111891735.jpg,41.230041227353,-5.3143115457209,41.2836438604456,-5.1099764258836,18.090844654383595,41.40013122558594,-5.14024019241333,23.854972131360213
283908083407805.jpg,41.036026558442,-5.4143466582768,41.093354012272,-4.83938299458638,48.62306142600501,41.0360107421875,-5.414492607116699,0.01236700144310852
1498623293966607.jpg,41.116730942397,-3.724921828897,41.2685332546432,-4.661121177961279,80.13319691084058,41.48102569580078,-4.991612434387207,113.30401695701383
664546785955407.jpg,41.144630491312,-4.1910335763955,41.292857180503,-4.2643696524058,17.586433279939797,41.144657135009766,-4.190943717956543,0.008086587504887527
423199100369406.jpg,41.307590910645,-4.3030500857424,41.221363245068595,-4.64120024090608,29.84537898566737,41.307308197021484,-4.302948474884033,0.03256188024730945
608270205201487.jpg,41.318217282377,-4.0620011969445,41.2584999629024,-4.24297046517748,16.51411350149786,41.31834030151367,-4.062267303466797,0.026095965274682473
1621183571423907.jpg,41.518894102675,-4.9370408141002,41.2836438604456,-5.1099764258836,29.871819340835074,41.52259826660156,-4.9276862144470215,0.8810115879223589
1584368238964862.jpg,41.220844704555,-4.2755238925319,41.1869827707112,-4.44037695879622,14.296306353635424,41.22066879272461,-4.275746822357178,0.0270234324948543
764566908653124.jpg,41.28567514655,-4.2982512244899,41.3521237736764,-4.911251858584181,51.72359292714543,41.28607177734375,-4.298168182373047,0.04464580241591408
1682282799293839.jpg,41.140821614208,-3.6869695174453,41.327115420008,-4.37240917072396,60.94554456667888,41.133541107177734,-3.6907763481140137,0.8700662780201204
1269962551360321.jpg,41.111305816434,-4.1227529507647,41.216130953278004,-4.47584649248952,31.773054079454223,41.111209869384766,-4.122826099395752,0.01230362888729931
536326177359442.jpg,41.073811190996,-5.2130681657775,41.280273392011,-4.4962464139229,64.23599280035945,41.07381057739258,-5.21306848526001,7.329728799043423e-05
2863556767306055.jpg,41.183063906612,-4.8082914842902,41.3195696735978,-4.76368443038128,15.63011981146797,41.18316650390625,-4.808356285095215,0.012631609242522423
1420593722531981.jpg,41.155855041363,-4.00015328085,41.3282801569366,-4.30653266748784,31.996988747545387,41.15576171875,-3.9998159408569336,0.030088556364465616
2951932055079024.jpg,41.112603590738,-5.2131962446418,41.2461073885514,-5.234906885932899,14.955729039275521,41.1125602722168,-5.21340799331665,0.01838185767296979
872715070313171.jpg,41.115456606512,-3.8469396865719,41.3232333788834,-4.177396735202921,36.023826003056264,41.1156120300293,-3.8468692302703857,0.01826240291040882
512597706408706.jpg,41.569094553431,-4.5920760645586,41.3440929938736,-4.64811487944238,25.451152610046083,41.56940841674805,-4.591549873352051,0.05598396649312919
2900608466933173.jpg,41.298839984281,-5.2310908780423,41.28452604019579,-4.71834750739174,42.86787730109309,41.01933288574219,-5.393055438995361,33.908737653036496
1238324099961789.jpg,41.176495944115,-4.8105201849919,41.2836438604456,-5.1099764258836,27.732141115276146,41.174373626708984,-4.858469486236572,4.020102828270674
421482006964229.jpg,41.225699144989,-4.2745845306498,41.1657364021118,-4.45483057568088,16.489371018390404,41.22576904296875,-4.274474143981934,0.012067952650157601
922629695246071.jpg,41.177089715858,-4.9317035562808,41.2836438604456,-5.1099764258836,19.043022354642968,41.17705535888672,-4.931562900543213,0.012376424508034865
1396587484038575.jpg,41.166127091938,-5.3989526630038,41.42120908461381,-5.075733042567601,39.16225330285837,41.16541290283203,-5.412634372711182,1.1480249065622854
484133869598329.jpg,41.009620922581,-4.6657277246999,41.3130191669602,-4.625721302269421,33.902174231032085,41.009620666503906,-4.665727138519287,5.6832756263013185e-05
2968953663335716.jpg,41.484149300669,-4.9942637189059,41.318068003384596,-4.4669601893549995,47.70064177013,41.484291076660156,-4.994322299957275,0.016502747500625286
4177608155639963.jpg,41.162801519532,-5.4338739766597,41.2836438604456,-5.1099764258836,30.238657531579836,41.16629409790039,-5.405239105224609,2.4282820451097016
2254315014989553.jpg,41.159592396745,-3.7873982762718,41.125713777815804,-4.4203693253737795,53.13730444435041,41.30808639526367,-3.749051094055176,16.820268129298732
229495138975447.jpg,41.286398625375,-4.6842676592277,41.3203409042312,-4.987348937715959,25.59688458065661,41.2863655090332,-4.68434476852417,0.007420888584100139
218265719760593.jpg,41.358521987266,-4.9611000134552,41.350445291312795,-5.01433728088474,4.533399521250142,41.359500885009766,-4.961745738983154,0.12145962851028265
584128309960258.jpg,41.583767368117,-4.5635271689567,41.3403875078404,-4.80139026355304,33.544725185582,41.586631774902344,-4.552923202514648,0.9376879887668297
963050127658964.jpg,41.1714753075,-5.3679480281779,41.4413983593128,-5.2393819984929,31.877398164518443,41.44108200073242,-5.092369079589844,37.796741676615035
3570707736477971.jpg,41.049253428594,-4.194223121299,41.2213632450686,-4.64120024090608,42.04149906184021,41.04859924316406,-4.194047451019287,0.07421875665456229
503359667521145.jpg,41.395892800374,-4.4709037599034,41.1560570350048,-4.51874896104094,26.966578256589422,41.39589309692383,-4.4709038734436035,3.430796262133918e-05
1802913183938682.jpg,41.139586825997,-3.6894645282981,41.1560570350048,-4.51874896104094,69.46101983118334,41.13608169555664,-3.691103935241699,0.4132262423388859
3855264694561003.jpg,41.072723445914,-4.7190383147549,41.3259553544338,-4.9349902340446805,33.456241223865725,41.072837829589844,-4.719315052032471,0.026456032271853922
1124592012774832.jpg,41.076414122184,-4.1306010040114,41.1850241521152,-4.19033374762178,13.072077686293305,41.07592010498047,-4.130771160125732,0.056753674202362096
189656706393374.jpg,41.060058942933,-5.1992054882396,41.280273392011,-4.4962464139229,63.731267792853956,41.06005859375,-5.19920539855957,3.954872634061122e-05
217420156547498.jpg,41.392829726347,-5.1435898695669,41.2836438604456,-5.1099764258836,12.461026292661309,41.39313507080078,-5.143450736999512,0.03588162518765789
3289601601302230.jpg,41.0292821,-3.6216438,41.491401325312594,-5.23494036965066,144.30705247251316,41.02592086791992,-3.623525619506836,0.4057203614502876
2017208392358254.jpg,41.858488788335,-4.5518373721841,41.4492964604652,-5.005738077446599,59.09610887677869,42.142608642578125,-4.1013078689575195,48.826850339150596
3014771908761034.jpg,41.070450104992,-4.4071505501353,41.255270606816005,-4.37723519662306,20.70312046231888,41.05442810058594,-3.903761863708496,42.241799193587916
135474575292162.jpg,41.40209305081,-4.3205623675558,41.320340904231195,-4.98734893771596,56.38631054580343,41.40215301513672,-4.320687294006348,0.01237038922466148
231176438778316.jpg,41.549034877637,-4.6588548537326,41.290901381519795,-4.56186442752782,29.820709742846965,41.493404388427734,-5.010412693023682,29.91469128222478
1156590454808877.jpg,41.421649539828,-4.9651449709773,41.2198299132542,-4.632288056138959,35.725051182423734,41.18495559692383,-4.809326648712158,29.361731087194325
2956292268025950.jpg,43.358331646682,-1.7110272120082,41.2993028366806,-4.71366745875528,336.62655796546215,43.35835266113281,-1.704451322555542,0.5316457029303819
649924135963906.jpg,41.068224462371,-5.3193016632933,41.2504797752694,-5.116856323699101,26.418567902173162,41.068363189697266,-5.319220066070557,0.016874458951572732
309009670761517.jpg,41.075288310552,-5.2143066864789,41.2098119875306,-4.6869997983068,46.620467666400046,41.075286865234375,-5.214308261871338,0.00020800727637118978
369188251191415.jpg,41.053341243976,-5.3296613723922,41.15605703500479,-4.51874896104094,68.89648771291553,41.05335998535156,-5.329631328582764,0.0032694578587318507
1250996789227893.jpg,41.020006158496,-3.9650922553535,41.2448743189628,-4.58295486264552,57.47086966367496,41.019893646240234,-3.9653146266937256,0.022462324561651616
340207644528772.jpg,41.346883872836,-4.7546219134385,41.262897453959404,-4.41648720036694,29.748412911211066,41.28755187988281,1.726335883140564,541.1695360619
371261237648474.jpg,41.46968071137,-4.9878331201147,41.1682976289686,-4.520693785937,51.429452092358304,41.42774200439453,-4.968371868133545,4.93740554475504
971401997002314.jpg,41.297486348581,-4.6606582306171,41.2836438604456,-5.1099764258836,37.57151581697391,41.332454681396484,-4.601555824279785,6.283619015539557
157500182978419.jpg,41.535360587856,-4.7598357791421,41.366014458757604,-4.82272090718566,19.546196412568648,41.53544235229492,-4.760048866271973,0.019930723655390267
4981007338790107.jpg,41.001584008847,-3.6377966488264,41.3406305645212,-4.880202673127661,110.61301327808155,41.01381301879883,-3.630574941635132,1.4887145505362132
1660633754325373.jpg,43.389991940827,-1.7044145114135,41.174069066858394,-4.998729373208039,366.2230723612558,41.531036376953125,-5.278176307678223,358.65781838087366
3891409370974199.jpg,41.506305026134,-4.9848491517092,41.4413983593128,-5.2393819984929,22.400586828100604,41.16581726074219,-5.396516799926758,51.13439404394319
290890386073711.jpg,41.07864955717,-4.5293103453583,41.1878147043622,-4.48561579088396,12.678217694309918,41.15708923339844,-4.489616870880127,9.334412582321454
384960633312254.jpg,41.407997569147,-4.8020346526183,41.302555048372604,-4.913781695072281,14.982059252414555,41.40860366821289,-4.802210330963135,0.06896928894590415
216733646917848.jpg,41.313222682926,-4.9099093960681,41.359226775585604,-4.5474909876895,30.6877677871485,41.31318664550781,-4.909981727600098,0.007249316273359386
2158896104597664.jpg,41.286878381953,-3.6787709732236,41.295980128831005,-4.7417171501815405,88.8119598854681,41.2869873046875,-3.678748846054077,0.012251949577192984
1035893114937712.jpg,41.376219423768,-4.9618000476473,41.4258712066562,-5.08969534595004,12.011447877865667,41.375492095947266,-4.961808204650879,0.08087802753507756
3486814634942729.jpg,41.313102858254,-4.3052187495327,41.221363245068595,-4.64120024090608,29.876336776580356,41.313724517822266,-4.305794715881348,0.08421614551790911
1876643705823526.jpg,41.618884882553,-4.7032860856388,41.30473929868,-4.3895945608714,43.628859312313885,41.252079010009766,-3.707353115081787,92.50079666381697
1673967449459988.jpg,41.212179049154,-4.7498957110968,41.2836438604456,-5.1099764258836,31.13511950663774,41.21208953857422,-4.750035285949707,0.015342029739765808
512926403396703.jpg,41.165690021613,-5.3934215552981,41.2826799580324,-4.7198774312284995,57.813440455446255,41.16570281982422,-5.3924560546875,0.08083319082380146
506075858614857.jpg,41.267944836861,-4.8832011499846,41.2960913408658,-4.84122598140824,4.700790689800406,41.26820755004883,-4.883405685424805,0.03384653223869916
269473431541947.jpg,41.228942873251,-4.7236512618398,41.2836438604456,-5.109976425883599,32.86175644726299,41.22903823852539,-4.72360372543335,0.011324802143676965
1914718102434755.jpg,41.532654855748,-5.2810657909547,41.4636083784158,-5.2625696503292,7.830623395300658,41.53265380859375,-5.281065940856934,0.00011710488267852158
132616162697202.jpg,41.490281166693,-4.6119234377471,41.283844558102395,-4.7133175173586,24.463640718714547,41.490421295166016,-4.612239837646484,0.030615433144818478
561458839059297.jpg,41.596035553513,-5.1221140371092,41.2987486862142,-4.8757329842083,38.915886787192164,41.59617233276367,-5.122203350067139,0.016925660188264326
341776252180387.jpg,41.398538269791,-5.1410446479324,41.357945018067,-5.0323081131281,10.133408408881232,41.3978271484375,-5.141584396362305,0.0909913930310074
1423740267974062.jpg,41.410907526176,-4.3319729032069,41.2779061948066,-4.72927298710052,36.31436904264302,41.41090393066406,-4.332531929016113,0.04662141853588364
3077327809095599.jpg,41.568584319573,-5.4918758507995,41.491401325312594,-5.23494036965066,23.045384160552356,41.56854248046875,-5.4915771484375,0.025281347692521966
1265305298663566.jpg,41.175087300188,-4.0385633740328,41.1686899542932,-4.38474108631464,28.984009699184163,41.17499542236328,-4.03838586807251,0.018030356969353616
2624454304523297.jpg,41.624353285372,-4.270441155297,41.4787606503372,-5.02414809640452,64.77423642449847,41.626739501953125,-4.34825325012207,6.473059296023787
233571118528971.jpg,41.144839475998,-4.9604874195914,41.2836438604456,-5.1099764258836,19.863900226066573,41.14494705200195,-4.960403919219971,0.013855470244268317
1308114067063097.jpg,41.130845760132,-4.2409176314811,41.323092820516806,-4.81535174095862,52.58139946694918,41.130802154541016,-4.241190433502197,0.023356835099875538
329081985224220.jpg,41.401992066613,-5.1392176364697,41.3361092489306,-4.943804152587781,17.876887205575976,41.40245056152344,-5.138944625854492,0.05583634806956743
3052433755063322.jpg,41.117736161337,-3.7205855544397,41.255270606816,-4.37723519662306,57.038007878021936,41.13932800292969,-3.8195784091949463,8.631865599477363
1914091489384631.jpg,41.080050043695,-3.7044778424874,41.2507317786172,-4.037401752525279,33.71739070219032,41.10881423950195,-3.717179536819458,3.370891594638816
1992651421497722.jpg,41.932159926994,-4.495668017138,41.491401325312594,-5.23494036965066,78.53379745663955,42.103328704833984,-4.188553333282471,31.71663657869776
9768272843237525.jpg,41.014868564721,-4.1445197009197,41.1801806088436,-4.5197972580398,36.42496128545153,41.01479721069336,-4.144577503204346,0.009298973607127134
736092887578831.jpg,41.51546024896,-4.6347861085511,41.274738332530795,-4.67671911528196,26.994630328560547,41.51534652709961,-4.635059356689453,0.02602879900050937
177273107630176.jpg,41.599914755877,-5.1261649865522,41.1663217657136,-4.49121677317008,71.62889849519485,41.599544525146484,-5.125514984130859,0.06794158991821878
3813374165440669.jpg,41.175544313118,-4.9241395070925,41.2836438604456,-5.109976425883599,19.646996399819763,41.175079345703125,-4.898349761962891,2.159124639776108
3388447718130693.jpg,41.198010147442,-3.7298266666868,41.2811383777644,-4.18795270616116,39.40521972677076,41.19597625732422,-3.727717638015747,0.28685445744215887
185988680075096.jpg,41.129920609542,-4.6465035021697,41.199409163743994,-4.8167834038951405,16.213652582478026,41.146461486816406,-4.650471210479736,1.869033721707657
861502026058185.jpg,41.317793705518,-4.0610768542573,41.3176978101872,-4.438881037206739,31.55192527211941,41.31809997558594,-4.061748027801514,0.0655869033582722
4171077172931679.jpg,41.583699270521,-4.8364967065812,41.2845927555316,-4.877979672736801,33.43843134235358,41.58403396606445,-4.8362884521484375,0.041049723050796606
2256898721109622.jpg,41.071154288129,-4.4904888913229,41.2301350080818,-4.41630306026184,18.737341228506303,41.07113265991211,-4.489668846130371,0.06878581188549668
794474247864788.jpg,41.490019614355,-5.0238010383607,41.3682629556208,-5.09869149999964,14.909083995828658,41.30561065673828,-4.110739707946777,78.87138347053154
217358234526224.jpg,41.164273842816,-4.0044140108215,41.2930652106068,-4.652843991753299,56.0859432450898,41.163848876953125,-4.004432678222656,0.047279878960019055
2985190891757801.jpg,41.568151663492,-4.8575809254987,41.4413983593128,-5.2393819984929,34.77801534444768,41.56433868408203,-4.863331317901611,0.6392431208824597
2986326828359777.jpg,41.131842836353,-5.4893862898629,41.2911556406968,-4.78564431707784,61.47545758361999,41.411800384521484,-5.1303582191467285,43.236104528264725
2456688497865396.jpg,51.343428517123,-0.7055926477373,41.3259553544338,-4.9349902340446805,1159.7458089910085,41.470924377441406,-4.593851566314697,1137.1072333812756
395462001510897.jpg,41.184560165867,-4.2691276511827,41.350257566637396,-4.82419501523436,49.91639871987473,41.184234619140625,-4.269249439239502,0.03760652451262023
2833350876978580.jpg,41.201117004138,-4.663637879636,41.2098119875306,-4.6869997983068,2.1804759620248433,41.20085525512695,-4.663565158843994,0.02973426314870097
2549578898520889.jpg,41.60766375227,-4.432618194458,41.3117308501394,-4.39002647590106,33.097092388440416,41.62417221069336,-4.268824577331543,13.739477066692894
824876098426368.jpg,41.113600341503,-5.2986559147383,41.2504797752694,-5.1168563236991,21.52056126593319,41.11351013183594,-5.298662185668945,0.010044604968097198
1898219187272975.jpg,41.108258726156,-3.7300081611598,41.111283972998805,-4.791903587768999,88.96564058666492,41.109222412109375,-3.7286486625671387,0.15638398156967245
314353006732517.jpg,41.095171553202,-4.9984375612346,41.272053410640396,-5.129430338751701,22.516981815697832,41.09503173828125,-4.998545169830322,0.017972610593521208
1360849671095041.jpg,41.539816252358,-4.6176329281337,41.4315687109946,-4.8707215244424,24.276010205677803,41.54033279418945,-4.617486476898193,0.05871592057755004
1301289798334566.jpg,41.155364036275,-3.981477578775,41.2134069112054,-4.40769057241668,36.246689654425666,41.155372619628906,-3.981672763824463,0.016369082099658604
1755059231926955.jpg,41.419104365486,-4.12598322281,41.292152224586,-5.04356530066062,77.87612173134656,41.18869400024414,-3.783973217010498,38.374132628196385
457814695507225.jpg,41.470973753938,-4.5938713638676,41.1709784366848,-4.2201373984554795,45.68192812691939,41.403465270996094,-3.956442356109619,53.664046443016574
401741304128158.jpg,41.405878492685,-5.1365617804074,41.4413983593128,-5.2393819984929,9.439029440615235,41.40598678588867,-5.136457920074463,0.014833493672192109
1983893712416821.jpg,49.800076162605,8.0584727098619,41.4492964604652,-5.005738077446599,1372.7740464493495,41.47038269042969,-4.593574047088623,1347.7674602057439
217849366534879.jpg,41.139731276141,-4.0739373735105,41.2508188237406,-4.50692375845716,38.2761903273784,41.137535095214844,-4.08052921295166,0.6036249530764473
348780197787914.jpg,41.412709513184,-4.322092686459,41.442087843330604,-4.80813128168504,40.654081580625636,41.412837982177734,-4.321596145629883,0.04380244287397241
488534018937871.jpg,41.065628325904,-5.3965101683302,41.2975302312404,-4.56539014346866,74.18067427130181,41.06525802612305,-5.396568775177002,0.041467573911600046
1780093065944868.jpg,41.306527926681,-3.9317929708691,41.2728043576316,-4.417242944721719,40.73226652877907,41.306453704833984,-3.9317941665649414,0.008253697127337825
831375627464766.jpg,41.302311264853,-4.3494794480995,41.2508188237406,-4.506923758457161,14.34897713303659,41.302425384521484,-4.349714756011963,0.02339632948213429
3017914361820594.jpg,41.384653296009,-4.9610705869037,41.149269175674206,-4.429823627426801,51.54122281107125,41.386268615722656,-4.961031913757324,0.17964433223042375
2881819788812387.jpg,41.283343439958,-4.4133004207831,41.2441892232396,-4.43962694877106,4.87823119059395,41.28388977050781,-4.413144111633301,0.06213734029496672
2556454741376672.jpg,41.592854068492,-5.11395085383,41.1560570350048,-4.51874896104094,69.46591837208467,41.592891693115234,-5.113959789276123,0.004249145100430165
550795562668109.jpg,41.350963601282,-4.7584198189858,41.367487773397,-4.4196299048617,28.33531352873016,41.3412971496582,-4.749343395233154,1.3150671161194902
307985504111336.jpg,41.206448799826,-5.2178984012937,41.20161682537,-5.2610891204437396,3.653045241694329,41.20631790161133,-5.21784782409668,0.015157726785880132
774828696567245.jpg,41.196786878832,-4.7733166628225,41.214008172595996,-5.04846164679512,23.097535684905072,41.19664764404297,-4.773723125457764,0.03736659292253066
313723073640163.jpg,41.267505778845,-4.4175919953581,41.2772247127132,-4.72424299706738,25.65024530424068,41.26776123046875,-4.417480945587158,0.029882821488006996
296250558635640.jpg,41.400678627497,-4.4352396124029,41.2720534106404,-5.1294303387517,59.696558334057215,41.40066146850586,-4.435366630554199,0.010764730236768296
458044238830410.jpg,41.251716379717,-5.3856454498784,41.2061475315072,-4.67008347391566,60.054789015064195,41.25171661376953,-5.385644435882568,8.867378998823693e-05
1999879943739705.jpg,41.616112541891,-4.1944430658426,41.318068003384596,-4.466960189355,40.173647389919864,41.56257247924805,-4.667115688323975,39.75806226676423
699984389066072.jpg,41.148274525005,-4.0476990640256,41.2098119875306,-4.6869997983067995,53.939692829083704,41.14797592163086,-4.048088550567627,0.046540305958686495
4098667396860053.jpg,41.40811119751,-4.3321986571944,41.2874233863342,-4.6075273600688,26.61428209963586,41.111629486083984,-4.255761623382568,33.58068379446423
492741101777997.jpg,41.342543075394,-4.5772848535242,41.3203409042312,-4.98734893771596,34.327761690729254,41.34257507324219,-4.577226161956787,0.006055281824771891
2373812756323623.jpg,41.253794152046,-4.1014585387695,41.305608124172,-4.25793466946128,14.288629563612357,41.24660110473633,-4.103090763092041,0.8113867944126973
311538867211175.jpg,41.310869527393,-4.6393142113189,41.2836438604456,-5.1099764258836,39.43557339954472,41.31095886230469,-4.639161586761475,0.016161008261299254
1036524833544476.jpg,41.605778375413,-4.6644564968511,41.377447277140405,-4.955865366498879,35.12444382329948,41.603267669677734,-4.663028717041016,0.3033695869682904
274393937702697.jpg,41.011697645054,-5.100317010464,41.2836438604456,-5.109976425883599,30.24985385945201,41.011962890625,-5.099787712097168,0.05331230888876945
321519289405101.jpg,41.133886438421,-4.9689466472239,41.2836438604456,-5.109976425883599,20.407887874501572,41.13398742675781,-4.968869209289551,0.012967616991371073
3069319163343985.jpg,41.497136164302,-5.0218014825908,41.220127612508804,-4.79823577632596,36.01279601711263,41.60251235961914,-4.8134026527404785,20.929488220513967
5457913427560845.jpg,41.556249429244,-4.6051714245436,41.4133686060024,-4.80239593605788,22.854298513504958,41.555728912353516,-4.605551242828369,0.06594519285783565
2392380580950236.jpg,41.017891620645,-3.8082751129059,41.150835784610805,-4.16833278750906,33.60349326805549,41.59987258911133,-4.66436243057251,96.4395972531261
1535062374516879.jpg,41.552755688652,-4.8785296326483,41.466199803356595,-5.26009539242656,33.19791036285559,41.55278015136719,-4.8784966468811035,0.0038643408971510817
1679732365701963.jpg,41.393849152734,-5.143342505961,41.4413983593128,-5.2393819984929,9.596266188972953,41.39371871948242,-5.143412113189697,0.01562261729352018
1807087506735184.jpg,41.29059657436,-4.1022811508766,41.1684231096698,-4.44105817011258,31.419612485737687,41.2904052734375,-4.1021647453308105,0.02338955681023634
976267031282501.jpg,41.154612507469,-4.0086840621057,41.255270606816005,-4.37723519662306,32.801074504687506,41.154624938964844,-4.008695602416992,0.0016865118244263906
233636228265229.jpg,41.490915001527,-5.0178627161717,41.4056233260072,-5.002717259187659,9.567640347817186,41.491065979003906,-5.017411708831787,0.04114577881185368
761665977857336.jpg,41.304852699472,-3.6072805829353,41.460354507537396,-4.77553818311384,98.9897585887279,41.29967498779297,-3.7438907623291016,11.426088700725268
290044649504470.jpg,41.203671099236,-4.6642780637302,41.2098119875306,-4.6869997983067995,2.0197400221043185,41.20766830444336,-4.6653733253479,0.45381506402500027
1246598113363644.jpg,41.593985714854,-5.1150119083742,41.1560570350048,-4.51874896104094,69.61689103824224,41.31782531738281,-3.627002716064453,127.7494947596458
1996413730768861.jpg,41.167268234006,-4.0268451905788,41.2508188237406,-4.506923758457161,41.2206168412021,41.16712951660156,-4.026636600494385,0.023297750433767063
1219085679932159.jpg,41.021718054251,-4.1430607058011,41.1370011267084,-4.2471291115374195,15.505245073015468,41.02178192138672,-4.1430158615112305,0.008036631655266658
800925777473698.jpg,41.603492429692,-5.1327206250311,41.329680498918805,-4.83223457508408,39.41898543648773,41.601898193359375,-5.129175662994385,0.34395661336530575
1109792319523432.jpg,41.315280250029,-5.2199256970648,41.287951204908,-4.65444679386486,47.33466697084694,41.316078186035156,-5.218911170959473,0.12268466562725987
5333652560053909.jpg,41.401818293257,-4.3190365321038,41.26959649491359,-4.26301960540828,15.428344550014693,43.358211517333984,-1.7383610010147095,303.7070751262567
474234063803288.jpg,41.150472781017,-4.5494820175175,41.216438372765396,-4.39319240715872,14.995632231025468,41.150455474853516,-4.549827575683594,0.02899682336659067
1311745820626258.jpg,41.594110182002,-5.1151559740004,41.305598444428405,-4.227912389708679,80.60552508267271,41.59412384033203,-5.115195274353027,0.003603821947172138
1802125214032196.jpg,41.088251209607,-3.6984165474721,41.1257414617644,-4.20714556137074,42.82640911194179,41.033782958984375,-3.809230089187622,11.090630247601737
1300319174884452.jpg,41.095371200498,-3.8862512341581,41.231112820931,-4.13740058383676,25.88118104334152,41.09542465209961,-3.8862619400024414,0.006010873061549638
1439316293240326.jpg,41.2548828,-3.8999590999987,41.257600606073,-4.5609754989508,55.256894744531635,41.25503921508789,-3.9005074501037598,0.049027708763314776
1136596496807531.jpg,41.177829799694,-4.4603697632804,41.3471124510494,-4.693095951737541,27.068673397867073,41.17729568481445,-4.46109676361084,0.08502590363240778
4092636697462535.jpg,41.221036267666,-5.3188848504128,41.4221435669286,-5.1825934008003,25.091907809422178,41.21892166137695,-5.319796562194824,0.24718931319752122
1216829059788796.jpg,41.081359901315,-4.1288259762884,41.2441892232396,-4.43962694877106,31.697739082682336,41.082218170166016,-4.128555774688721,0.09808546550992606
1083406066850183.jpg,41.558991422934,-5.4734229937343,41.491401325312594,-5.23494036965066,21.228081324601597,41.55910873413086,-5.4735918045043945,0.019168715531410516
469600700964608.jpg,41.174032249677,-4.9380740674627,41.2391532972642,-5.136158660394439,18.08404101037518,41.173919677734375,-4.938172340393066,0.014978006976159615
1704235799782086.jpg,41.027513599378,-5.4401542004895,41.1667548731916,-5.03956762079886,36.96619986828297,41.02766418457031,-5.439838886260986,0.031304586715295936
1550580462520866.jpg,41.373554141101,-5.1599367295136,41.426816158860596,-4.9815127244268,16.01720066795221,41.36655044555664,-5.166006565093994,0.9290010214717158
4348894645130333.jpg,41.607187044494,-4.8041552221286,41.2574370871452,-4.476786883036439,47.510999981505755,41.11314392089844,-3.7232003211975098,105.62451755170657
319464630609524.jpg,41.626938875604,-5.1739474378791,41.3184142061046,-4.598863389213579,58.92859737925524,41.626949310302734,-5.174047946929932,0.008434164621055234
3776033049173859.jpg,41.532570179069,-5.0572845345616,41.4160693223166,-4.95970677805682,15.293879805098156,41.582862854003906,-5.107461452484131,6.978855604719579
1554331998867270.jpg,41.169613192693,-3.7570088439586,41.171133933917204,-4.01437769383624,21.54309302012936,41.101707458496094,-5.4880266189575195,145.16149970169823
503091851038640.jpg,41.101629435155,-4.9936263724978,41.1667548731916,-5.03956762079886,8.200272588784292,41.10152053833008,-4.993709564208984,0.01397185146524635
1591651511358479.jpg,41.233816220912,-3.700089901148,41.2261565582498,-4.58329510140208,73.86384356750446,41.077392578125,-4.72967004776001,87.93473447221206
1824396098102626.jpg,41.284092185698,-4.0984700161605,41.3176978101872,-4.438881037206739,28.68089430840168,41.28399658203125,-4.098415851593018,0.011553951084207436
499648167820377.jpg,41.165397498203,-4.799294727473,41.220127612508804,-4.79823577632596,6.086356058042898,41.16633224487305,-4.799927711486816,0.11666556711977759
917213019098825.jpg,41.154967601573,-4.5668740002725,41.2294345508538,-4.3523347339082,19.7691784833557,41.15487289428711,-4.571492671966553,0.3868292896301005
1462440908356136.jpg,41.507334738169,-5.0860254384636,41.4725296348984,-5.252632945325381,14.406798890429672,41.50726318359375,-5.084953308105469,0.08963088100564252
1390591138035121.jpg,41.4133072,-4.3418422,41.28508019066221,-4.55628198193872,22.88467903476326,41.41294860839844,-4.3411335945129395,0.07128634944942748
1678602629377302.jpg,41.198209485671,-3.700378286722,41.1887446457146,-4.4840619153616,65.58142942787642,41.20326232910156,-3.699615478515625,0.5654634946657713
949279265825400.jpg,41.598797388465,-4.6560797421694,41.44929646046519,-5.0057380774466,33.52112613320574,41.59965515136719,-4.658271312713623,0.20568531909731275
3464837256985574.jpg,41.079769280707,-4.1294244438905,41.1801806088436,-4.5197972580398,34.54917857840603,41.080078125,-4.129317283630371,0.035497084580044795
660562724769600.jpg,41.435084956054,-4.6669209584434,41.33130365542941,-4.5973514026418005,12.917398982141485,41.11648178100586,-3.8464677333831787,77.17478604842319
1113736265793055.jpg,41.151373391208,-4.7904326638406,41.1645692900082,-4.59762522950766,16.208085939061554,41.15150833129883,-4.790523529052734,0.016823168920931966
1176650469429650.jpg,41.489300007013,-5.0242133731806,41.2836438604456,-5.1099764258836,23.96108532544534,41.48922348022461,-5.0243988037109375,0.0176341948995177
1326952255702864.jpg,41.512251412372,-5.1603612716227,41.4492964604652,-5.0057380774466,14.66015303576325,41.51224136352539,-5.160168170928955,0.01611717900304598
997543378493582.jpg,41.247703401086,-4.1029190480887,41.353404303874,-4.3105015911965,20.948493694007453,41.24726867675781,-4.10300874710083,0.048917383045713185
1080538989836277.jpg,41.025100399559,-4.1899773373222,41.231462936129404,-4.461606312465781,32.313001251892956,41.02471160888672,-4.189890384674072,0.04384260160163853
1444583595877936.jpg,41.103960390271,-4.754201512917,41.1645692900082,-4.597625229507661,14.743533382058802,41.10355758666992,-4.753885269165039,0.05204062276134633
566684615871334.jpg,41.126620760115,-4.1022821650208,41.238501234051796,-4.368877798555,25.544640087051263,41.12657928466797,-4.102348327636719,0.007209678625974675
1279861207145352.jpg,41.284999094502,-3.6009224224592,41.4492964604652,-5.005738077446599,118.64638596524131,41.285003662109375,-3.6008777618408203,0.0037660659386445842
653204110628225.jpg,41.088535424538,-4.126424680638,41.3088173324638,-4.28369670855794,27.804850542629726,41.01215362548828,-4.145735263824463,8.646256559825215
1843405109854683.jpg,41.129419222423,-3.7242362295817,41.2317689292878,-4.39776973468254,57.5049614034555,41.12919235229492,-3.7242860794067383,0.025569980005363313
823954788551581.jpg,41.64287299,-5.1882455,41.287732508263204,-4.84110008722028,48.950348048890014,41.622215270996094,-5.163494110107422,3.0834905069761884
2383907245086047.jpg,41.118240444586,-3.8456225666711,41.2545440543996,-4.14911962902368,29.575876455225128,41.118534088134766,-3.84551739692688,0.033819330931379996
1410565870032392.jpg,41.271530538706,-3.7536511763827,41.132182110779794,-4.391628965419,55.57817278862818,41.27123260498047,-3.7534945011138916,0.035622490859048936
316859369830506.jpg,41.407237328507,-4.3329499618246,41.2836438604456,-5.1099764258836,66.30465526703355,41.407535552978516,-4.332788467407227,0.03579183097228418
1546352246186881.jpg,41.179920136207,-3.6334929773045,41.3176978101872,-4.438881037206739,69.05291902131162,41.29149627685547,-3.6749837398529053,12.882665708271006
1275405282854948.jpg,41.404413067385,-4.4271619055529,41.1560570350048,-4.51874896104094,28.65677682263625,41.40440368652344,-4.427156925201416,0.0011227659448069707
1882126325923546.jpg,41.182926455371,-4.0486691961776,41.207584660646,-4.33902334715942,24.448383584545642,41.18278503417969,-4.048489570617676,0.021754412120726537
654127317567145.jpg,41.182653873432,-4.168553871339,41.1597308974106,-4.290133167997899,10.49073635523616,41.18492126464844,-3.6820290088653564,40.715775767866056
184647150198600.jpg,41.05863813824,-4.6306140748418,41.3902732920824,-4.7921720402341395,39.273567965321654,41.17043685913086,-4.656229496002197,12.615302559641595
2249642732217892.jpg,41.185983141765,-3.6282655202493,41.283469031913604,-4.45829007028464,70.24801348833277,41.18598556518555,-3.628221273422241,0.003712483849043146
287782953074258.jpg,41.069266215762,-4.4051864709281,41.1474375784282,-4.30319929183904,12.188791719205652,41.06934356689453,-4.40539026260376,0.019127133219537296
952678675534067.jpg,41.405839385417,-5.1365270235634,41.2836438604456,-5.1099764258836,13.767109926108251,41.4058837890625,-5.136485576629639,0.006027221763097428
2714810308909583.jpg,41.13411878055,-4.105679019843,41.1242294741862,-4.478216997482041,31.221338369930905,41.13397979736328,-4.105612754821777,0.016420458046142488
3007123086183979.jpg,41.29405300424,-4.3019852060929,41.378644896297,-4.54793545458522,22.586251238063277,41.29337692260742,-4.302356719970703,0.08133215445698834
2208102439320019.jpg,41.434998188059,-4.6669420613955,41.3068259910314,-4.52347969932804,18.612766467717393,41.1213264465332,-3.844245195388794,77.08954154294811
1212422787315765.jpg,41.508657805481,-5.1173326561899,41.4492964604652,-5.0057380774466,11.40158375359764,41.50865936279297,-5.117287635803223,0.003752797224187636
3113268128891311.jpg,41.411675859391,-5.1308992426709,41.4413983593128,-5.2393819984929,9.6296118464665,41.41183090209961,-5.132210731506348,0.11072002369266717
4030086297059062.jpg,43.364717047058,-1.6607413964728,41.1510641439726,-4.548049362789939,342.0846308570026,41.41463088989258,-5.12684440612793,357.78561552995285
3700916880156012.jpg,41.042186916665,-3.8095046970509,41.1449147240844,-4.207092587065199,35.221799505137305,41.068450927734375,-3.8133959770202637,2.9385949934082074
1424525351247509.jpg,41.296608988703,-4.4094588221452,41.268822506772,-4.50866887209466,8.846947416873489,41.2967529296875,-4.4093475341796875,0.018509794716365394
1377144343416131.jpg,41.204646359247,-4.1165588632413,41.1916314940826,-4.507374799868041,32.730417765226576,41.20371627807617,-4.116695880889893,0.10405362103215611
2843500552584338.jpg,41.404894758429,-4.4227428501784,41.1560570350048,-4.51874896104094,28.809026543334284,41.4050178527832,-4.42413854598999,0.11720604234779923
1576190979249964.jpg,41.548581001386,-4.661739720568,41.383937200817805,-4.88999738098902,26.398790126986622,41.48342514038086,-4.993938446044922,28.59182376235985
248150387066627.jpg,41.083331906702,-4.2240117630406,41.2251782230718,-4.57758156771372,33.54175712883285,41.0840950012207,-4.224493980407715,0.09398601042735906
382797337801847.jpg,41.159760175511,-4.2672790220438,41.244429824712405,-4.68744055751564,36.39050715080097,41.15941619873047,-4.266901016235352,0.0496424092777148
317823903075602.jpg,41.401032634006,-4.4325325381779,41.272053410640396,-5.129430338751699,59.925267234206274,41.40101623535156,-4.432649612426758,0.009933631648723986
1520300235794925.jpg,41.540755119987,-5.3757167828581,41.4492964604652,-5.0057380774466,32.449001604355374,41.54082489013672,-5.375705242156982,0.007817319140330143
196632228955277.jpg,41.046644231134,-5.3591851958027,41.239153297264195,-5.13615866039444,28.40773748824269,41.0466423034668,-5.359525203704834,0.02851402515175998
323802035901565.jpg,41.005935560225,-4.0033828789346,41.2809038067748,-4.744342063002,69.16977050523619,41.00623321533203,-4.002255439758301,0.10022834807447326
811641654080057.jpg,41.00869047619,-3.9867245999977,41.345736225832,-4.669027357129201,68.304206042656,41.008445739746094,-3.9868457317352295,0.02904960581248726
1081641606241921.jpg,41.064477338487,-3.8068540182824,41.3624880782636,-4.39119588540332,59.05237167542638,41.191768646240234,-3.686488628387451,17.37740288075439
4114773712125717.jpg,41.504246543258,-5.0375540678632,41.4725296348984,-5.252632945325381,18.258831913529683,41.50423812866211,-5.037319183349609,0.019582284934604018
943569717465458.jpg,41.526958706072,-4.6443516877989,41.220127612508804,-4.79823577632596,36.454333671975284,41.52695846557617,-4.644351482391357,3.174135859322649e-05
1990883881724828.jpg,41.567940588799,-5.48862247182,41.491401325312594,-5.23494036965066,22.767515265122213,41.56795120239258,-5.488664627075195,0.0037002591948757375
323406992466083.jpg,41.177401073066,-4.9327684752649,41.2170484889822,-5.0450247889143,10.375489966140536,41.17737579345703,-4.9326677322387695,0.008887774160117481
1411847139893726.jpg,41.305840014071,-3.6616760811895,41.203237067989,-4.51493525341606,72.23452147511469,41.274024963378906,-3.6957058906555176,4.538588961224834
390502982087641.jpg,41.192735806942,-4.781209419256,41.2504797752694,-5.1168563236991,28.797446981480626,41.19261932373047,-4.781336784362793,0.016773138885707934
1942144619297324.jpg,41.148500355998,-5.46698095377,41.2836438604456,-5.1099764258836,33.42927455683831,41.14812469482422,-5.468107223510742,0.10314069653817713
3469156843227460.jpg,41.176693958855,-3.7584908819094,41.2098119875306,-4.6869997983068,77.77830215098608,41.18448257446289,-3.7675015926361084,1.1483555705983792
1049281819786471.jpg,41.249574607177,-3.8628558112404,41.281750659827395,-4.55051728014436,57.58634448975258,41.24953079223633,-3.862783432006836,0.007768590056529823
808111520118469.jpg,41.025710365354,-4.6148859194507,41.2098119875306,-4.6869997983067995,21.343893169400246,41.026058197021484,-4.61510705947876,0.04289580202416094
1540047323151627.jpg,41.311235510511,-4.941982411584,41.2935483437382,-4.76530327446532,14.889123731181122,41.31132125854492,-4.942612171173096,0.053456185629748604
1112471946997506.jpg,41.292571077813,-3.7496953145429,41.3116158979376,-4.27847932061924,44.22215025110231,41.2925910949707,-3.749772310256958,0.006806900639181773
1974624739959197.jpg,41.532553380506,-4.9046491140079,41.491401325312594,-5.23494036965066,27.879660239024535,41.53225326538086,-4.905134201049805,0.052383340520418445
2810500719265682.jpg,41.154205058416,-4.7925718593587,41.1424911660408,-4.608200767819761,15.492372496291292,41.154056549072266,-4.792459011077881,0.019025260820652347
1846629932850252.jpg,41.1978539,-4.0707791,41.2508188237406,-4.506923758457161,36.94869887970403,41.19697952270508,-4.070003032684326,0.1169150293314141
4331496013527419.jpg,41.36437066077,-5.166156831966,41.4413983593128,-5.2393819984929,10.519517882694338,41.365386962890625,-5.1657490730285645,0.11801989790845943
303423954613067.jpg,41.185718929309,-4.7958655894978,41.2836438604456,-5.109976425883599,28.43360414745307,41.18567657470703,-4.796009540557861,0.012934171464638858
2975032662804858.jpg,41.112272377,-3.7266086917779,41.1560570350048,-4.51874896104094,66.5189932631555,41.47699737548828,-4.594900608062744,83.10680366057397
1102471306898869.jpg,41.290219660463,-4.6815818960489,41.26208379553181,-4.26432849669046,35.00877778753104,51.334266662597656,-0.7754254341125488,1156.0048430414965
298487255324986.jpg,41.273860580664,-4.2962781223824,41.2224202212012,-4.68377521423464,32.8970327793363,41.27429962158203,-4.2963128089904785,0.048905107479900664
1192514082163959.jpg,41.177042661275,-3.7589336948002,41.203237067989,-4.51493525341606,63.32700543118978,41.180789947509766,-3.7638776302337646,0.5872171970203249
1143238423848572.jpg,41.300686754138,-4.0239377582701,41.2584999629024,-4.24297046517748,18.89457346176212,41.260807037353516,-3.9304263591766357,8.98453236204784
364759592385626.jpg,41.523360185267,-4.6412835117399,41.274738332530795,-4.67671911528196,27.803039678891125,41.50407409667969,-4.627001762390137,2.4521385013411026
771636914857580.jpg,41.547570512423,-4.6621389338787,41.376425985880005,-4.80045663977386,22.248628486907226,41.435909271240234,-5.09657096862793,38.25505837643857
2269025070235457.jpg,41.185560141856,-3.6290450665367,41.2411688061368,-4.28777156110132,55.4466386626592,41.18583679199219,-3.622744083404541,0.5281817477842634
364319985053895.jpg,41.061395371597,-5.199969624102,41.2233837581758,-4.33296291822826,74.80235612191073,41.061397552490234,-5.199970245361328,0.0002480351104798656
763585016276558.jpg,41.148772193309,-3.9510076271761,41.1355845153714,-4.25867304577392,25.80515429799455,41.146358489990234,-3.941192150115967,0.8645802092876554
324565592361969.jpg,41.065286369652,-5.2027796942906,41.2618308449182,-4.20042453962422,86.70730039827143,41.065372467041016,-5.2028608322143555,0.011744164040165353
1350167039871107.jpg,41.507138647835,-5.0828589822867,41.4725296348984,-5.252632945325381,14.655299035749392,41.50711441040039,-5.082540512084961,0.026655898719352283
1500645387748465.jpg,41.507597159439,-5.0897781395383,41.491401325312594,-5.23494036965066,12.222614506574969,41.50761795043945,-5.090212345123291,0.036230261109973315
301265688258649.jpg,41.401960730574,-5.1391990112308,41.4221435669286,-5.1825934008003,4.258193961857485,41.402225494384766,-5.1390275955200195,0.032728321887709994
496456303025340.jpg,41.16875381762,-4.801323242363,41.371342110701605,-4.79572732057326,22.531644610124072,41.1630744934082,-4.798475742340088,0.6749982396543514
302093984973290.jpg,41.140169117557,-4.9641466621667,41.2836438604456,-5.1099764258836,20.082943072889254,41.1402587890625,-4.964079856872559,0.01143319330998504
1929053900604703.jpg,41.564926233588,-4.8623975818531,41.4221435669286,-5.1825934008003,31.03678030698278,41.56175994873047,-4.866913795471191,0.5149166023824786
1984764395630780.jpg,41.543314648047,-5.3246457598258,41.491401325312594,-5.23494036965066,9.439424443916122,41.54331588745117,-5.32451057434082,0.011251568304981804
174270714561903.jpg,41.395795974296,-4.686035520337,41.2508188237406,-4.50692375845716,21.990705628052524,41.396034240722656,-4.686050891876221,0.02652502617322981
479080953289367.jpg,41.269151377807,-4.8840651232571,41.2991384995052,-4.876015024542819,3.401584450923447,41.26995086669922,-4.8846049308776855,0.09969151974195385
2973674122863178.jpg,41.145358031961,-5.4750530933563,41.294076162312,-4.81222270826138,57.85242838003419,41.11616516113281,-5.489666938781738,3.4691825284713174
523819524147199.jpg,41.244643674714,-3.8436292302277,41.248450635161,-4.6133994453126,64.35796712828315,41.24460220336914,-3.843452215194702,0.015501595235958671
3996665400413510.jpg,41.233053765086,-3.9302804044528,41.211941535147,-4.262692312008779,27.900508626415444,41.23292541503906,-3.9302992820739746,0.014358911857464149
3610981775672645.jpg,41.085482200764,-5.0081896254115,41.2836438604456,-5.1099764258836,23.623673249034155,41.08539962768555,-5.008276462554932,0.011716300189684777
5765132786830951.jpg,41.360220263941,-5.1714712421933,41.2705364771924,-4.257638818077299,76.9689816870743,41.35893249511719,-5.172572135925293,0.17013660171289094
268124408346429.jpg,41.243105637975,-4.7200983073586,41.2836438604456,-5.1099764258836,32.89769097597132,41.243228912353516,-4.720066547393799,0.013962324105954615
985752855584286.jpg,41.287810711373,-4.68104162312,41.219608574442205,-4.53719262448614,14.216836471780594,41.287811279296875,-4.681041717529297,6.36410009726922e-05
305211825360668.jpg,41.245284555303,-3.8464959009977,41.1942758740026,-4.418851012262719,48.206202680206985,41.245174407958984,-3.84602689743042,0.04108021619221761
406633774254987.jpg,41.48258196932,-4.7816031320407,41.302555048372604,-4.913781695072281,22.853832741107556,41.48099136352539,-4.782365798950195,0.18793205927206477
484651442595044.jpg,41.075366424449,-5.2145375094696,41.2517424779592,-4.61740502735016,53.696298251738504,41.07536697387695,-5.214537620544434,6.17990093922386e-05
1142393879587398.jpg,41.157101874104,-5.4016653109642,41.287263335168404,-4.34572862055768,89.49220804495245,41.38451385498047,-5.150330543518066,32.87319264794766
1885270162318383.jpg,41.131998033915,-3.6892902945098,41.3117308501394,-4.39002647590106,61.92094836102746,41.59681701660156,-4.50979471206665,85.79064834755982
1527703654392539.jpg,51.437419639455,-2.5794197177259,41.3815933196528,-4.527142942277339,1127.9741882399596,41.10533142089844,-3.731128454208374,1152.2416425375745
2602511513388227.jpg,41.651366126648,-4.7326287857754,41.421889364113,-5.1918819664773395,45.95911436594487,41.13713073730469,-3.692432165145874,103.91433409212193
639605679043102.jpg,41.241399042369,-4.1046430774093,41.305608124172,-4.25793466946128,14.665919291235312,41.241302490234375,-4.104706764221191,0.011984128079183339
3723722511261331.jpg,41.240835369254,-3.8276826194054,41.2453376973436,-4.318161803844,41.01177863441158,41.22214889526367,-3.697974681854248,11.043979935781092
2827498467515445.jpg,41.596995609856,-4.6318167179385,41.491401325312594,-5.23494036965066,51.54879071247284,41.59660339355469,-4.631847858428955,0.043689271435707486
681452334487203.jpg,41.077005920297,-4.1303948417755,41.228406786598,-4.18170557001302,17.37449475314369,41.07713317871094,-4.130352020263672,0.014598628359559954
4219488708090834.jpg,41.505967213717,-4.9809694476205,41.4056233260072,-5.00271725918766,11.303970080085499,41.505985260009766,-4.980007648468018,0.08011644892968152
947514890308828.jpg,41.052502697156,-4.1966601844484,41.210565763762396,-4.419914050562641,25.66171012092157,41.05293273925781,-4.196847915649414,0.05034294702955071
2960864690794618.jpg,41.156266289061,-4.0059722450551,41.255270606816,-4.37723519662306,32.95215534106762,41.156009674072266,-4.006137371063232,0.0317068059947249
8712235422234110.jpg,41.570138236143,-4.8543732300895,41.4636083784158,-5.262569650329199,35.990930626817274,41.57015609741211,-4.8543477058410645,0.0029074335820599567
460871028543362.jpg,41.274688580244,-3.6017193264841,41.354089695500406,-4.747387545515379,96.09004802821289,41.72618865966797,-5.20419979095459,142.58187055852002
1304296073815880.jpg,41.144018803674,-4.0614070282339,41.2796538277734,-4.53149544157356,42.115712787827,41.14344024658203,-4.062534809112549,0.1142669996089691
4066403800062064.jpg,41.592421867302,-4.6110170537523,41.4413983593128,-5.2393819984929,54.94558404569528,41.59245681762695,-4.611176490783691,0.013816775621442996
294288855667635.jpg,41.161146140766,-4.9479974560579,41.2836438604456,-5.1099764258836,19.211031921355993,41.161075592041016,-4.948052406311035,0.00909394717850321
1535192317371584.jpg,41.165943362242,-3.654481076682,41.255270606816,-4.37723519662306,61.26951208321232,41.14865493774414,-3.9528300762176514,25.051420320799398
2968022590143779.jpg,41.072032562495,-5.2109292953983,41.2508188237406,-4.506923758457161,62.19759242463197,41.07207107543945,-5.210914611816406,0.004455831319428729
1368130354637309.jpg,41.006342203106,-4.1488720480395,41.2874233863342,-4.6075273600688,49.51511949040529,41.00625991821289,-4.148943901062012,0.010957601457544774
1357654004812855.jpg,41.070963786819,-4.132462514561,41.334995701035396,-4.5832492207966595,47.7935916995,41.07598876953125,-4.130904674530029,0.5738097671807468
2832768386972469.jpg,41.604959887275,-4.8097800607472,41.308947136661,-4.79865145867872,32.92817856880713,41.26936721801758,-3.7050862312316895,99.3606502590658
906888896555357.jpg,41.101129189433,-4.6393997930145,41.2282360566762,-4.60797840147968,14.376303724437681,41.10148620605469,-4.639429569244385,0.03977676199160034
1490753978600404.jpg,41.338974648482,-4.9379253967433,41.32349539266821,-4.660452070527859,23.23195657402324,41.33609390258789,-4.935453414916992,0.3810530103535674
1045178533858001.jpg,41.575621759102,-5.0979598821845,41.32349539266821,-4.660452070527859,45.99551926461048,41.57611846923828,-5.099064826965332,0.10723036254904961
1660216834817131.jpg,41.459586302559,-4.5457673138827,41.3922929333278,-4.6086391966416205,9.13611720340015,41.45962142944336,-4.545894145965576,0.011267816436675668
1952330994916084.jpg,41.608196514424,-4.7977783207799,41.4413983593128,-5.2393819984929,41.17627223112978,41.609195709228516,-4.797464370727539,0.11413025507782795
446416744428276.jpg,41.465317079644,-4.5677145273579,41.4612171778044,-4.84679575107634,23.259541860012725,41.46541976928711,-4.568136692047119,0.036983564664315884
1486217325895590.jpg,51.38520444398,0.59889226855456,41.181454298847804,-5.05504147230306,1214.036001672427,51.385074615478516,0.5988544225692749,0.014673221750056115
207003731236036.jpg,41.04574049503,-5.3781232142493,41.1067653951054,-4.960731544766119,35.638824784158366,41.0457649230957,-5.377935886383057,0.01594271396151225
1503509076707621.jpg,41.27744576307,-4.6807957364591,41.302555048372604,-4.913781695072281,19.665082901443864,41.2777099609375,-4.6808695793151855,0.030018544348924762
1818269488576450.jpg,41.202055089818,-3.6923510182172,41.307073626265996,-4.74495373807516,88.76316381917053,41.21186065673828,-3.6952877044677734,1.1176637092839479
1494837501653577.jpg,41.527551688275,-4.9153207138984,41.4492964604652,-5.0057380774466,11.508178687721227,41.52758026123047,-4.915240287780762,0.007410666266082818
1305094014118993.jpg,41.298718388085,-4.1051040103498,41.1560570350048,-4.51874896104094,38.056711463434404,41.47654724121094,-4.597023010253906,45.553384335103516
1282084413366623.jpg,41.312156621436,-3.7547241204373,41.195406939095,-4.34578888064138,51.087452281858994,41.31132507324219,-3.7536985874176025,0.12604061342588244
791910888431056.jpg,41.411118049778,-4.686637323829,41.302555048372604,-4.913781695072281,22.475401617423607,41.41133499145508,-4.686635494232178,0.024123296393848127
188819399748108.jpg,41.010408017506,-4.6658391802812,41.2530375927862,-4.76972115959544,28.3473310890077,41.010562896728516,-4.666168689727783,0.03257301530855475
1710109269922641.jpg,41.153447953902,-4.0076721969453,41.2787805941854,-4.459541849823419,40.28365062209403,41.599666595458984,-4.660444736480713,73.67768273843383
747522728269749.jpg,41.169058713571,-4.0296804813822,41.165236310396196,-4.2981409576324,22.47595162349384,41.160606384277344,-4.016916275024414,1.4230231300616396
349556038249326.jpg,41.115692074878,-4.7630975171997,41.1675228421896,-4.52753574014142,20.550475653842653,41.11397933959961,-4.761781215667725,0.22006811142346544
493803158719447.jpg,41.120048521379,-4.2646610897259,41.255270606816,-4.37723519662306,17.743243330152126,41.12004470825195,-4.264656066894531,0.0005973308499782476
1238110520198594.jpg,41.245059100001,-3.846127399998,41.3365114977244,-4.76677515834742,77.58769918963684,41.245059967041016,-3.846127510070801,9.684868504169867e-05
1462587267416156.jpg,41.285407493196,-5.2433969918609,41.4477281908546,-5.231919551391719,18.07463390379475,41.28575134277344,-5.243095397949219,0.04579182448206032
1284342609121575.jpg,41.076955552668,-3.8052020602924,41.1650180930476,-4.2537215909157,38.82558347412437,41.07725524902344,-3.8047759532928467,0.048849149527785005
1518832765652088.jpg,41.125755075701,-3.7108475572293,41.3436777275496,-4.19924927751324,47.487942008093924,41.307010650634766,-3.610556125640869,21.830779571909375
176652824358722.jpg,41.115759830676,-4.6304369436571,41.1801806088436,-4.5197972580398,11.710417514235482,41.1156005859375,-4.630732536315918,0.03044219402227774
1303954461138932.jpg,41.50597994092,-5.0664058982221,41.491401325312594,-5.23494036965066,14.129147499746672,41.5059814453125,-5.0664520263671875,0.0038448413983886843
2524392704534743.jpg,41.336050264774,-4.5927097069987,41.2836438604456,-5.1099764258836,43.59541196188126,41.33592224121094,-4.5930352210998535,0.030679988013506465
969878600434501.jpg,41.143757935002,-5.4790383084838,41.4413983593128,-5.2393819984929,38.68132660181041,41.143375396728516,-5.479977607727051,0.08941912069806929
1487774258445473.jpg,41.340108789086,-4.3034097412229,41.197897251922804,-4.47072441727088,21.109170747410783,41.38261413574219,-5.151787281036377,70.96127844362269
1274776253865113.jpg,41.404718216076,-4.32622029227,41.30473929868,-4.3895945608714,12.311426124987802,41.2122688293457,-3.695401668548584,56.86928614083574
218246314414959.jpg,41.303676120406,-3.6064411777526,41.377447277140405,-4.955865366498879,112.95348071216604,41.310638427734375,-3.6176321506500244,1.2137179095800628
316893876611279.jpg,41.402738827749,-4.429692585633,41.189084039448204,-4.60117977237918,27.74265713850209,41.40235137939453,-4.430140972137451,0.05704979737333853
1795068331122059.jpg,41.134240367113,-3.6939479380598,41.2987653735486,-4.3936627914789,61.31908009658703,41.394371032714844,-5.143033504486084,124.52248237045892
2331353143666885.jpg,41.070535410081,-4.3950139198109,41.4649201022916,-4.7257335544452,51.83768310125467,41.07401657104492,-4.39903450012207,0.5132545013314204
165710842149701.jpg,41.491002038442,-5.0231580420525,41.2836438604456,-5.1099764258836,24.167984900565884,41.49150848388672,-5.02288293838501,0.06079740878650973
2960017030896996.jpg,41.074629054431,-4.2164712805257,41.287951204908,-4.65444679386486,43.65925992116631,41.07411193847656,-4.2159423828125,0.072607930196102
871799433376836.jpg,41.396285075168,-4.4692917099206,41.1890840394482,-4.60117977237918,25.538991091010768,41.39628219604492,-4.469356060028076,0.005377194493711898
742818873059331.jpg,41.236566447083,-5.1891991555076,41.1757150866786,-5.285854415488499,10.543483040064611,41.23647689819336,-5.189286708831787,0.012359086494404477
5389886534415985.jpg,43.365234781127,-1.6579578112671,41.1799122927476,-4.73705226258878,350.99433421682375,41.15306854248047,-4.533784866333008,341.3070021495725
1118019635276326.jpg,41.049406644362,-5.3388795616087,41.2836438604456,-5.1099764258836,32.334689241730025,41.04940414428711,-5.339001178741455,0.010202228917003208
310487813934024.jpg,41.607909459929,-5.1426263212529,41.4341150925378,-4.8725925467244,29.645528620752703,41.60808181762695,-5.142988681793213,0.03570640118615523
4020168291555409.jpg,41.133890672839,-3.7310244892682,41.255270606816005,-4.37723519662306,55.72844767181344,42.127586364746094,-4.133790493011475,115.45283531626278
2156349044880805.jpg,41.138832010875,-3.6893132002698,41.1560570350048,-4.51874896104094,69.47634890327782,41.16688537597656,-5.368564128875732,140.62762491677626
3911861738890600.jpg,42.477268189021,-2.4517726956644,41.3408386512696,-4.804077313918681,232.06289117773198,41.4187126159668,-4.120139122009277,181.35520549782404
1287038628497449.jpg,41.614605480443,-5.1550759132159,41.2660441975868,-4.8519576658669,46.26676574782839,41.615211486816406,-5.155622482299805,0.08127286456226533
3702885136655323.jpg,41.214407368168,-3.7500212551104,41.3348550986522,-4.19510132357726,39.53278291212798,41.195472717285156,-3.68664813041687,5.704456894410233
3947897695318416.jpg,41.481561021804,-5.0453086128579,41.4413983593128,-5.2393819984929,16.77734725640685,41.13066864013672,-3.72619891166687,116.88659445306975
1832163051515613.jpg,41.132462465738,-3.690066208034,41.2787805941854,-4.459541849823419,66.39641082878862,41.12301254272461,-3.72224497795105,2.892790872532336
1629801071144337.jpg,41.530034690246,-4.9095420325679,41.1816568428762,-4.6105753313645,46.07908154053035,41.543766021728516,-4.890141487121582,2.2223248195756167
621965282535422.jpg,41.384233803697,-4.4774035743153,41.2836438604456,-5.109976425883599,53.98682117450526,41.38441467285156,-4.477227210998535,0.024919397567889114
2329351644186718.jpg,41.538374654961,-5.2879302016938,41.491401325312594,-5.23494036965066,6.837204262300136,41.538429260253906,-5.288111686706543,0.016279796947411253
1530574644162213.jpg,41.644560071265,-4.7143342835091,41.22260653526,-4.5101967992972805,49.910012717446826,41.3079719543457,-5.026392936706543,45.57027593886791
892806307950863.jpg,41.122487738684,-5.182444140065,41.287440790855,-4.9940772593587,24.181717796211235,41.12255859375,-5.182431697845459,0.007947357009576266
1232846680500506.jpg,41.346206020619,-4.563373675969,41.2836438604456,-5.1099764258836,46.17789373718697,41.346248626708984,-4.563528060913086,0.013730869473358399
173328488752379.jpg,41.324893921806,-5.1425207595768,41.345911374573404,-4.6567769847662,40.62265388838036,41.32508087158203,-5.141725540161133,0.06958236652247557
1309690397192674.jpg,41.110628749093,-3.8945920892358,41.3669668032124,-4.4887418436364594,57.275803516511886,41.11814498901367,-3.9021730422973633,1.0496873742467911
1270632014289331.jpg,41.191915697272,-3.7943007033032,41.1560570350048,-4.51874896104094,60.76562722580004,41.19189453125,-3.7942774295806885,0.003054783539444095
1209022712881098.jpg,41.27177606679,-4.8859407715624,41.184758682475,-4.54059663929444,30.45837311197172,41.27196502685547,-4.886077880859375,0.023932793165222167
564557718954710.jpg,41.325292727589,-5.0684720355993,41.2569437811446,-4.66469967285368,34.57990739677327,41.32541275024414,-5.068747043609619,0.026560769635387855
1297912791968162.jpg,41.539613816425,-5.3666627571384,41.485071493770796,-5.24240281675184,11.992923116980768,41.539615631103516,-5.366714000701904,0.004269727068478672
4003157533250543.jpg,41.409171344018,-4.2929595221686,41.2270220702644,-4.12106541879324,24.82553217202274,41.062313079833984,-3.883341073989868,51.582326941269876
270072354799059.jpg,41.547710594858,-4.6634978585771,41.290901381519795,-4.56186442752782,29.78685008366262,41.54774475097656,-4.663462162017822,0.004821751824541501
799681904286819.jpg,41.39319852754,-5.143768042916,41.4477281908546,-5.231919551391721,9.528461967708791,41.39365768432617,-5.143070697784424,0.07739834447684299
351040603258440.jpg,41.173967701993,-4.8306365817941,41.214008172595996,-5.04846164679512,18.761873110147352,41.17395782470703,-4.830053806304932,0.048789504215293905
1053928743533469.jpg,41.024132887828,-3.6241900617529,41.345502675139,-4.722887294704121,98.64275455988472,41.02424240112305,-3.6241304874420166,0.013162960658994693
3612878632319538.jpg,41.282123298348,-4.2975786209205,41.2222793518498,-4.54290332187532,21.561176501671117,41.28236389160156,-4.297670364379883,0.027829439827602054
370695534363250.jpg,41.105492109114,-5.2986646577069,41.185413693839806,-4.76321956507896,45.70735712745187,41.10575866699219,-5.298666954040527,0.029640508156017906
654255470843125.jpg,41.153173964763,-4.0106996344412,41.254823899972,-4.3165582077349,27.973233197585575,41.15318298339844,-4.010805606842041,0.008928984278512974
505820143929134.jpg,41.177436096429,-4.817046010616,41.185413693839806,-4.763219565078961,4.591163557508166,41.177215576171875,-4.817549705505371,0.048768864923488156
772644810121639.jpg,41.250276891961,-4.7182138315581,41.2836438604456,-5.109976425883599,32.952661973306505,41.24760437011719,-4.718941688537598,0.3033369354904457
1311067940433127.jpg,41.521066152889,-5.2107523541916,41.4725296348984,-5.252632945325381,6.426028838326683,41.52102279663086,-5.210559368133545,0.016774381793775547
310844307103012.jpg,41.001694938802,-5.1203457578583,41.2836438604456,-5.109976425883599,31.363311607113957,41.001625061035156,-5.120491981506348,0.01452395647885684
744783989554574.jpg,41.116596536886,-4.7638406302389,41.2993028366806,-4.71366745875528,20.745046834538353,41.11674118041992,-4.763960838317871,0.018975967814795113
938343256728842.jpg,41.232961186749,-5.1949709220618,41.2836438604456,-5.109976425883599,9.068484042562831,41.232749938964844,-5.195306301116943,0.036582840904900125
985273053225153.jpg,41.25176210735,-4.1019463401942,41.3742467952816,-4.45696158830428,32.62927613151941,41.2542839050293,-4.101343154907227,0.28490877811496534
767173303937743.jpg,41.61408929265,-5.1543336131766,41.32540819016741,-4.81855431203616,42.580463351787664,41.61372756958008,-5.153903961181641,0.05379217470030086
5732533230119943.jpg,41.347304930005,-5.1746613243405,41.272053410640396,-5.129430338751701,9.180901625250494,41.3506965637207,-5.171419620513916,0.4641681845005945
314806950019376.jpg,41.315515844034,-4.3077072508251,41.2885053553744,-4.492381268411839,15.716242261626595,41.31571960449219,-4.307962417602539,0.031104524849250408
4605782789437979.jpg,41.39248312589,-5.1438493222646,41.4803964142718,-5.075282001156721,11.323958387725908,41.39183807373047,-5.144218444824219,0.0780565364716988
3434739243338508.jpg,41.416144848654,-4.3473430973965,41.2984884267084,-4.713567876181459,33.248422663349025,41.41608810424805,-4.347239971160889,0.0106659820916857
1378506879201013.jpg,41.253520517997,-5.286155995871,41.4221435669286,-5.1825934008003,20.64754742926414,41.19976806640625,-5.340939998626709,7.530988035680697
3772378112889239.jpg,41.207693367741,-4.7536585257002,41.2504797752694,-5.116856323699099,30.743665750224245,41.20781707763672,-4.7535624504089355,0.01593176308636389
25087770680825269.jpg,41.000963970218,-5.1221631288661,41.2258678680966,-4.71445408833512,42.33238230324213,41.00123596191406,-5.12162446975708,0.0543880263290693
2090434397800722.jpg,41.488448408615,-5.0256671751811,41.4413983593128,-5.2393819984929,18.560423576422817,41.38963317871094,-5.146015644073486,14.878601834918092
735087597162967.jpg,41.124891793221,-4.6453450543107,41.302555048372604,-4.913781695072279,29.9073384459003,41.15678024291992,-4.65284538269043,3.6010306467381508
970065787603833.jpg,41.241533560094,-3.8444903236507,41.196507191274804,-4.76645615297258,77.27558783098438,41.241485595703125,-3.8445098400115967,0.005577443609169585
474730483627872.jpg,41.035365775256,-5.0633319294855,41.2836438604456,-5.109976425883599,27.882059790784805,41.035484313964844,-5.063199996948242,0.017210123263749776
592648699967006.jpg,41.31176492551,-4.0476810483119,41.258499962902405,-4.24297046517748,17.3592105637143,41.31340789794922,-4.051305770874023,0.3535911387364142
3281533905325743.jpg,41.118679169975,-3.7242900339131,41.1982121228846,-4.2145534738128205,41.985680282395435,41.1131706237793,-3.7249197959899902,0.6147901481451638
853557246156417.jpg,41.031996329628,-4.6880989788808,41.2508188237406,-4.50692375845716,28.674350226199216,41.03017044067383,-4.686323642730713,0.2517874135845237
1755711611274070.jpg,41.529131023331,-4.9114578204063,41.2836438604456,-5.1099764258836,31.925524023661726,41.52815628051758,-4.9139628410339355,0.23501217293981497
363866196472043.jpg,41.499215623218,-4.6206060810923,41.465150945849,-4.47437210222642,12.757036992361282,41.49898910522461,-4.620051383972168,0.05261630138515937
580099686677563.jpg,41.3261452,-4.0798092,41.3613312706676,-4.91412792361466,69.7590546015102,41.294734954833984,-4.01115083694458,6.714466838075591
151504003607902.jpg,41.259245712285,-4.714302893608,41.2836438604456,-5.1099764258836,33.178825133816105,41.25934982299805,-4.714235305786133,0.012881581516267188
662370793008551.jpg,41.129586146525,-4.24418855425,41.2339446833496,-4.30926061830302,12.818434169783632,41.129634857177734,-4.244431495666504,0.02105603715810763
1697674784136392.jpg,41.4188774,-4.1085411,41.2098119875306,-4.6869997983068,53.61389288086133,41.41913986206055,-4.118619918823242,0.8409202680831497
276597997495514.jpg,41.231818400653,-5.1967916966757,41.2836438604456,-5.109976425883599,9.266744720371811,41.23167037963867,-5.1970319747924805,0.025973743960820708
3671907256451971.jpg,41.133402761213,-3.730324015394,41.1982121228846,-4.2145534738128205,41.16965034446872,41.11933517456055,-3.7166619300842285,1.938124692607748
2610935585705955.jpg,41.253719550103,-5.2818094979291,41.4413983593128,-5.2393819984929,21.16732595408849,41.253597259521484,-5.281979560852051,0.019672816305783745
482140422842717.jpg,41.060487620179,-5.1993425747637,41.280273392011,-4.4962464139229,63.723388029566095,41.05900192260742,-5.198599338531494,0.17656432465009098
1423880768665587.jpg,41.297910628718,-3.9300438542991,41.255270606816005,-4.37723519662306,37.66985637767261,41.256629943847656,-4.875002861022949,79.09922330659263
1928090294008968.jpg,41.20042800735,-4.7657936716344,41.2836438604456,-5.109976425883599,30.22848807950189,41.20050811767578,-4.765640735626221,0.015590657478519027
126870569411269.jpg,41.2152374708,-4.6671097865551,41.2098119875306,-4.6869997983067995,1.7697732725638922,41.21487045288086,-4.666944980621338,0.043075899152815414
989676442962281.jpg,41.627354771844,-5.1728944907667,41.303544442981405,-4.59685978188904,60.00163751288968,41.12290954589844,-3.7022101879119873,134.92391904779674
772534280127624.jpg,41.20624280617,-4.7552793414596,41.2836438604456,-5.109976425883599,30.87888506429197,41.206146240234375,-4.75541353225708,0.015534459311700836
1803149590328304.jpg,41.130203844818,-3.7258159567697,41.191079868498996,-4.210625026342799,41.14636072018593,41.16066360473633,-3.754030466079712,4.129539898958989
1033670270976987.jpg,41.245803668357,-3.849393424822,41.2372500556848,-4.5865316892957,61.640473169477964,41.245792388916016,-3.8493449687957764,0.004240926422066532
1137802590057167.jpg,41.183952721523,-5.3569584274562,41.4413983593128,-5.2393819984929,30.264133032779476,41.184814453125,-5.356388568878174,0.1070312756695848
966502337500396.jpg,41.066425269837,-4.2078796371789,41.315157873127596,-4.71370404370124,50.560826257478666,41.06603240966797,-4.207672119140625,0.04702090647539055
3696331910473193.jpg,41.216232513534,-5.2215022483595,41.2836438604456,-5.109976425883599,11.963172136997148,41.21616744995117,-5.2215189933776855,0.007369070844949115
953169472182273.jpg,41.597048813861,-4.6385498352272,41.4413983593128,-5.2393819984929,52.93189501051359,41.59701156616211,-4.6380934715271,0.03817435230237229
494268875321407.jpg,41.491395443698,-5.0229379830023,41.4221435669286,-5.1825934008003,15.372690319767589,41.491294860839844,-5.022946834564209,0.011208576797481908
594912314806975.jpg,41.211507184283,-4.4308984832022,41.2322179441784,-4.40806527048302,2.9917272878947703,41.211280822753906,-4.431041717529297,0.027876509290701845
2886469341626548.jpg,41.320302444552,-5.2071289699114,41.2205174257998,-4.79851781666048,35.90681874174189,41.56031036376953,-4.868770599365234,38.829351571109875
926987974526970.jpg,41.166608126041,-4.9438100246188,41.2836438604456,-5.1099764258836,19.038980227186396,41.16661834716797,-4.943775177001953,0.0031305947278230423
1500415393633500.jpg,41.593714309828,-4.5218716934179,41.42403341630121,-4.9209043308651195,38.21009786577599,41.59705352783203,-4.636543273925781,9.54300464995809
3068295100132397.jpg,41.239136474162,-3.7031275007326,41.1884222528866,-5.01435172084704,109.82393084384087,41.240116119384766,-3.704016923904419,0.13189665764631298
1352500071789721.jpg,41.107315055732,-4.7567265340863,41.2711244124742,-4.675221246606879,19.44976588200149,41.107566833496094,-4.75693416595459,0.03296088629827502
507579137361160.jpg,41.326244777832,-4.3137548477133,41.238199792614196,-4.69864807755894,33.61854587666926,41.3260383605957,-4.313841342926025,0.024062126918657112
1736105610350199.jpg,41.074513137015,-3.712048243853,41.162844684811205,-4.15961318024782,38.75705691737802,41.582862854003906,-5.107461452484131,129.50213651754282
2847736665434421.jpg,41.616216219011,-4.7909407102925,41.4725296348984,-5.252632945325381,41.61278307548859,41.616600036621094,-4.790735244750977,0.04596955796018684
2116542295154944.jpg,41.528114090158,-5.2720416129935,41.220127612508804,-4.79823577632596,52.30525585608316,41.527957916259766,-5.271426677703857,0.05405508849047408
1836766017160935.jpg,41.09080395437,-4.1242997980688,41.218186561218,-4.269337235243279,18.656858698945832,41.09075927734375,-4.124320983886719,0.005275592727080193
986187975713031.jpg,41.413612043838,-4.3124735112286,41.3533594062362,-4.7542163231643,37.45846992834528,41.15380859375,-4.009908199310303,38.38907638035596
468413617788758.jpg,41.402002439236,-4.9605168539725,41.2704693808284,-4.8894924611788,15.782184575797812,41.3983039855957,-4.960408687591553,0.4113482313345996
1983723405360266.jpg,51.21684802409,7.9579143263877,41.1363691556322,-4.36166855912902,1464.398665421375,41.121673583984375,-3.7297110557556152,1435.169424199428
1173445199773527.jpg,41.4113235863,-4.326621493643,41.2836438604456,-5.1099764258836,66.91447653461638,41.411251068115234,-4.326984882354736,0.031358934282874416
3895828760471062.jpg,41.422237128882,-5.1160040477222,41.421889364113,-5.1918819664773395,6.326835743093776,41.42237091064453,-5.115960597991943,0.015310648000695244
731870446278976.jpg,41.298770370805,-3.7462098971235,41.409406100094806,-4.42963080607762,58.35470174667184,41.29197311401367,-3.7589223384857178,1.303524275261975
273108827873155.jpg,41.175227844489,-4.9369382641934,41.16030226044521,-5.18783834362998,21.06728714950694,41.175193786621094,-4.936973571777344,0.0048035986806077525
505489620866693.jpg,41.35994689584,-4.9615580070597,41.2189605004052,-4.941030430152741,15.770509121102268,41.45216369628906,-4.980368614196777,10.373357006397331
2987090441567957.jpg,41.239130815325,-5.4478725561244,41.2461073885514,-5.234906885932899,17.82299200280885,41.237606048583984,-5.455262660980225,0.6407663609816976
2905341186384691.jpg,41.604215097146,-5.1348792552281,41.3077485722186,-4.626097751750501,53.707384623914145,41.604286193847656,-5.135010242462158,0.013457835211455035
3561948210712953.jpg,41.215841596842,-3.6957630980473,41.2098119875306,-4.6869997983068,82.91754799880032,41.23478698730469,-3.7002670764923096,2.140042521210451
1609539022805828.jpg,41.329818758975,-5.118010439823,41.3217192041606,-4.690581841571399,35.70321362920843,41.330806732177734,-5.113624572753906,0.3823336669402718
1951041052356797.jpg,41.434417247181,-4.157646225727,41.2098119875306,-4.6869997983068,50.77262453433013,41.432952880859375,-4.156466007232666,0.19024744752276673
1991505251005511.jpg,41.694063086526,-4.7225993101764,41.2836438604456,-5.1099764258836,55.890911244098156,41.601070404052734,-4.815890312194824,12.923181607862825
993387918919059.jpg,41.184836861156,-3.7975021253278,41.2326329677942,-4.08548293222706,24.669882424117358,41.18488693237305,-3.797452926635742,0.006924578999602258
751662811072380.jpg,41.216264576145,-4.0899787205316,41.1910084284952,-4.149373081398979,5.707642957488545,41.27779769897461,-4.094685077667236,6.853475469161144
1474639510642514.jpg,41.542357225099,-5.3748930242899,41.4636083784158,-5.2625696503292,12.812907549178387,41.54230880737305,-5.37477970123291,0.010859848600858762
1081178279796256.jpg,41.165531643232,-5.4129919148661,41.247531664311204,-4.617461865445581,67.17261892688609,41.16554260253906,-5.412174224853516,0.06845866440743437
758094294862402.jpg,41.311402154001,-4.3690713306023,41.339460721669,-4.49579537251202,11.032344908550645,41.31145095825195,-4.369304180145264,0.020191040731488592
1500155674671277.jpg,41.141892461492,-3.7161935269557,41.230162931105795,-4.2108900387499,42.54508587805539,41.01789093017578,-3.8082752227783203,15.801503085621713
153790253304212.jpg,41.346228981635,-4.5695947072264,41.2836438604456,-5.1099764258836,45.66470826998435,41.346275329589844,-4.5694899559021,0.010150089876726146
1721923935420326.jpg,41.194765209311,-4.0658698354481,41.3117308501394,-4.39002647590106,30.05789673390747,41.19475173950195,-4.065818786621094,0.004526319706265341
551131572714508.jpg,41.21084375859,-4.4313171093089,41.318068003384596,-4.4669601893549995,12.28935207378385,41.210601806640625,-4.431469917297363,0.029786061016938325
314887333381164.jpg,41.547317360761,-4.7066483895886,41.4311241053072,-4.753494868189561,13.496473579509978,41.073150634765625,-4.398036479949951,58.68839637076205
3038828666356895.jpg,41.015607237049,-4.172950938673,41.287951204908,-4.65444679386486,50.42093996915682,41.01008224487305,-4.164668560028076,0.9275462700076896
516062562921660.jpg,41.020315744772,-5.3927991823097,41.339460721669,-4.49579537251202,83.03523460648687,41.020206451416016,-5.392816066741943,0.012235140052660584
4759904000702941.jpg,41.345711001932,-4.5560164575339,41.2836438604456,-5.1099764258836,46.77744821799454,41.34579086303711,-4.555468559265137,0.04659161056479692
2519476848403061.jpg,41.048360931324,-3.6155027417708,41.3566283799726,-4.6717821404683395,94.7842617442882,41.04460144042969,-3.616119861602783,0.4212275369772582
957492235006124.jpg,41.592119779028,-4.5725104674113,41.28452604019581,-4.718347507391741,36.2990958300007,41.59198760986328,-4.572080135345459,0.03868726924836468
1035021340361206.jpg,41.011095478163,-4.606142632822,41.2508188237406,-4.506923758457161,27.92126430083655,41.01076126098633,-4.605972766876221,0.03980262304285172
952261562208969.jpg,41.436043212317,-4.9735131341389,41.2569437811446,-4.664699672853681,32.57534583674478,41.43678665161133,-4.973840713500977,0.0870602365952288
2351794898585283.jpg,41.293374607224,-3.7536420744356,41.3348550986522,-4.195101323577259,37.157436004428114,41.293418884277344,-3.7538204193115234,0.015692213956568335
925271451597715.jpg,41.009490755375,-5.3949098472334,41.255270606816005,-4.37723519662306,89.50512749520037,41.009422302246094,-5.39491081237793,0.007612071440594619
189765263007393.jpg,41.530806581208,-4.6984897085021,41.260468791121994,-4.68938326512938,30.069786583458615,41.53065490722656,-4.69823694229126,0.026965520061591003
1908556846379788.jpg,41.521607484934,-5.2142550307285,41.491401325312594,-5.23494036965066,3.7747007400256836,41.52166748046875,-5.21491813659668,0.05560667881556281
1362178835328439.jpg,41.53951810776,-5.358080333873,41.4636083784158,-5.2625696503292,11.597927259970504,41.53952407836914,-5.358034610748291,0.003862978170104604
300074278455891.jpg,41.174965366126,-3.9998664486761,41.1801806088436,-4.5197972580398,43.51856772611408,41.17523193359375,-3.9997572898864746,0.031017032673924083
2771196499756711.jpg,41.603538603027,-4.811846194772,41.4492964604652,-5.0057380774466,23.551598537037393,41.60360336303711,-4.811748027801514,0.010884702358259862
4531378173539409.jpg,41.506845876128,-4.9800149497179,41.3009727744504,-4.775513303710079,28.54745297146792,41.50662612915039,-4.976930618286133,0.25799634843557656
924872339376766.jpg,41.12845370384,-4.2547981887572,41.350257566637396,-4.82419501523436,53.618645248945555,41.12871170043945,-4.2549309730529785,0.030768223111291536
3973203592756859.jpg,41.272578880855,-5.2578089612123,41.4413983593128,-5.2393819984929,18.834767616496652,41.32759094238281,-5.194805145263672,8.069631677259622
211023567300415.jpg,41.154672592797,-4.5719299873764,41.234861025407795,-4.331052159994799,22.0388685173822,41.15461349487305,-4.5720109939575195,0.009443509477937137
382414666328110.jpg,41.141150535782,-4.963397073861,41.2836438604456,-5.109976425883599,20.034618795911705,41.1528434753418,-4.954437255859375,1.5011161403143818
1108628572953355.jpg,41.295425799881,-5.2336933003282,41.35212377367641,-4.911251858584181,27.65410793639457,41.28102493286133,-5.248099327087402,2.003233843650617
885906452138453.jpg,41.572226845599,-4.7123310294705,41.347189624090596,-4.573584998534519,27.564993262856333,41.47699737548828,-4.594901084899902,14.411624996539729
1413142206580685.jpg,41.237163253358,-4.8591971937095,41.322361031528,-4.783765268901581,11.378920664076565,41.16567611694336,-5.411604881286621,46.89456534508399
1861284670971176.jpg,41.574122992122,-4.6742130788323,41.2076341667414,-4.70933201311648,40.85686638112996,41.57394790649414,-4.673943042755127,0.02972556882942335
4103775799841132.jpg,41.248478283405,-3.7688219059991,41.2199003544896,-4.270019310580859,42.03086598555813,41.254669189453125,-3.761923313140869,0.8980477195711816
1992264217589302.jpg,45.309323829062,1.68062601665,41.2523890444824,-4.79971422218284,691.4697984015772,41.40447998046875,-4.339078426361084,651.8837426509787
479338576727044.jpg,41.082130225818,-4.5378481075047,41.1801806088436,-4.5197972580398,11.007022186615009,41.08198547363281,-4.537533283233643,0.030908746275002882
2024897044981786.jpg,41.547121235326,-5.3952571897843,41.4725296348984,-5.252632945325379,14.485582644342292,41.547142028808594,-5.3951334953308105,0.010550256534600068
3126545937505282.jpg,41.523175123603,-5.2375817859289,41.491401325312594,-5.23494036965066,3.539925134471745,41.52611541748047,-5.254882335662842,1.4768860707911515
1476601620043930.jpg,41.543245429132,-5.3765725200641,41.491401325312594,-5.23494036965066,13.125687721102857,41.5432014465332,-5.376527786254883,0.006146439291595889
2216361358846036.jpg,41.131251408984,-3.7337805596375,41.23031370515599,-4.367575053932621,54.17336650694676,41.13121795654297,-3.73380184173584,0.004124746826354658
1632551790582781.jpg,41.116400502582,-3.7237049257684,41.2369949427262,-4.6054119436327,75.00213331061785,41.11396026611328,-3.718935489654541,0.4829770485012589
1568532140788534.jpg,41.59356233548,-5.1141710023588,41.255270606816,-4.37723519662306,72.0433894566487,41.27754592895508,-3.8989322185516357,107.22590280079127
307698797480944.jpg,41.305538648801,-4.9108524372831,41.254823899971996,-4.3165582077349,49.979553145384,41.185787200927734,-3.6187117099761963,108.8476275139172
512212283372130.jpg,41.255862330812,-5.2777733958726,41.4413983593128,-5.2393819984929,20.878084596228316,41.25557327270508,-5.278318405151367,0.05575604443048667
2979885702247925.jpg,41.067097771397,-4.2087164663066,41.325955354433795,-4.9349902340446805,67.23875502390875,41.067378997802734,-4.20901346206665,0.039972526055203086
3920010478079640.jpg,41.187053132624,-5.3587854876784,41.300705762812996,-4.87951951794748,42.01629096963578,41.305240631103516,-5.228865146636963,17.04971785658175
226119202459798.jpg,41.59935491372,-5.1251538739326,41.2938553981364,-4.5949169143172,55.74135366276923,41.59945297241211,-5.1252007484436035,0.011579348411557085
983218840577538.jpg,41.144476047475,-4.191518413467,41.292857180503,-4.264369652405799,17.58844177409771,41.14429473876953,-4.192085266113281,0.05156991978517761
317413941331680.jpg,41.083323764332,-4.2231503791917,41.2449839751788,-4.52537503206262,31.035239014771953,41.46300506591797,-4.592015743255615,52.274973300969734
171629791509095.jpg,41.585240389419,-5.1111208291511,41.3154578529004,-4.67484909826752,47.1379692369721,41.40980911254883,-5.132863998413086,19.590937718267377
952251096440400.jpg,41.169668639682,-4.2702886312792,41.2255220608,-4.61379652216458,29.403903688794713,41.17012405395508,-4.270213603973389,0.051027675536627674
1937945629957448.jpg,41.437423059858,-4.4741976788793,41.4168486535696,-4.80220853815232,27.442990768328826,41.43733596801758,-4.474119186401367,0.011687442929396163
852337908694451.jpg,41.00095148445,-4.3148066702627,41.1439432478392,-4.60002199999508,28.713116365469595,41.00102615356445,-4.3144612312316895,0.030154360855683123
4054485351339600.jpg,41.591845869482,-4.5290434360545,41.4413983593128,-5.2393819984929,61.46212689209385,41.574275970458984,-4.8491973876953125,26.69977905331293
1216814113785280.jpg,41.150905351332,-4.0277328870122,41.207584660646,-4.33902334715942,26.80376158221472,41.15087890625,-4.027947425842285,0.018201890136211665
1164751828797796.jpg,41.143872699286,-3.9104271844108,41.2602374297354,-4.0835099003295,19.419205522081583,41.14364242553711,-3.910435914993286,0.02561570705164483
430099172989048.jpg,41.472044471614,-4.6165851235147,41.4891053281174,-4.91108299094586,24.606386556506514,41.47213363647461,-4.616612911224365,0.010181397080020449
472701553956914.jpg,41.315040579732,-4.307107065245,41.2885053553744,-4.49238126841184,15.755530254214351,41.315269470214844,-4.307421684265137,0.03658158905239331
514929940756285.jpg,41.33080359363,-5.0812110936608,41.255270606816005,-4.37723519662306,59.4106401570578,41.6054801940918,-4.449501037597656,60.85423790259961
3867456469968766.jpg,41.565906262653,-4.8595341122724,41.378871931800596,-4.75188875858958,22.648636702750416,41.23564910888672,-5.304015636444092,52.18211303289565
1512143313287520.jpg,41.510373627349,-4.9571598972738,41.4492964604652,-5.0057380774466,7.905763801300059,41.510066986083984,-4.958452224731445,0.112880975380396
5454338427972907.jpg,41.298324660898,-4.6594707570225,41.2836438604456,-5.109976425883599,37.674326736551066,41.298240661621094,-4.659607887268066,0.014780884892519938
1703525550170319.jpg,41.345387962802,-5.1774172084521,41.2907658274058,-4.78536227674332,33.30046666968674,41.34468078613281,-5.178540229797363,0.12236097101448769
917588692148076.jpg,41.222826738511,-5.4923052038559,41.284674488177004,-4.85092540542518,54.05588891464402,41.222225189208984,-5.493896961212158,0.14898743945986162
790482156381200.jpg,41.449911278442,-4.4872238014567,41.299040544734396,-4.56592389647164,18.015534084523352,41.44993591308594,-4.487360954284668,0.011754554008945354
210258420688336.jpg,41.085522699907,-5.0082534992902,41.181831612418605,-5.28112361081902,25.23747297442148,41.08597183227539,-5.007758140563965,0.06494406807862863
1228335157702934.jpg,41.570038320548,-4.5905007609077,41.344092993873595,-4.64811487944238,25.57863043521022,41.564208984375,-4.597939491271973,0.8961784412601775
1228367431119954.jpg,41.315368829026,-4.9671195655424,41.416936021630605,-4.851518000517,14.853177936433877,41.31541442871094,-4.968055725097656,0.07834951872608614
498577479973461.jpg,41.221034561883,-4.1216441386198,41.165236310396196,-4.2981409576324,16.018502370660812,41.22513961791992,-4.1174397468566895,0.5761981364698117
1177450329347192.jpg,41.175925246534,-4.9361884318664,41.221293984633,-4.83781509369952,9.653585784390883,41.17588424682617,-4.936234951019287,0.00599524990912831
1169228821235587.jpg,41.130523562453,-4.2414590716628,41.2158573374004,-4.55769650613868,28.1181207931782,41.13032531738281,-4.241939544677734,0.045883515011315476
308015724027903.jpg,41.01085770428,-4.3205987004705,41.4760135997266,-4.72897014233882,61.97602903715053,41.01122283935547,-4.321276664733887,0.06988830153363323
426424563473175.jpg,41.31306177556,-4.0505277004648,41.41816184942,-4.52064558454534,40.93613843221222,41.313011169433594,-4.050418376922607,0.010725418337021777
2542324852787281.jpg,41.029940236511,-3.8285679215465,41.3121842326994,-4.36889920295984,55.04898947440064,41.12783432006836,-5.489893436431885,139.67388599270464
1187060346251243.jpg,41.135105963488,-4.0861870800037,41.1444997004686,-4.529674925321159,37.15303929199887,41.134944915771484,-4.086449146270752,0.02832624325542397
1029706748621449.jpg,41.627584217354,-5.1730399051779,41.2721058081446,-4.4014408306125405,75.48467162094613,41.28388595581055,-3.680807590484619,130.09605298451243
1114412239944324.jpg,41.306773857449,-4.0369164252733,41.392115181404,-4.45073139685358,35.82227234894242,41.30636978149414,-4.036059379577637,0.0845198066410705
223246192566196.jpg,41.188981502701,-4.4499430267526,41.314455101236994,-4.3679878369174805,15.543481795026295,41.03752136230469,-3.92073392868042,47.4257436978988
1981089872347826.jpg,50.223107541202,-5.3395770792936,41.2035397477116,-4.41965054623652,1005.4484304173225,41.04064178466797,-4.716380596160889,1022.1825911192775
187759003196312.jpg,41.021008437855,-5.0816480489929,41.2836438604456,-5.109976425883599,29.299882267366932,41.02095031738281,-5.08176851272583,0.011995808805618097
1002043701640444.jpg,41.443266551543,-4.4047880315321,41.283875967399,-4.55590035903038,21.75223627875861,41.443267822265625,-4.404922962188721,0.011247761441493791
315647680121980.jpg,41.283164752334,-4.8943259270373,41.261505717181606,-4.71529364844182,15.15470820682997,41.28367233276367,-4.894686698913574,0.06398639570832285
2155579774807279.jpg,41.4882651216,-4.6141802862915,41.3533594062362,-4.754216323164299,19.009587930697844,41.48808288574219,-4.614174842834473,0.020268774935158607
313804740158960.jpg,41.072035766801,-4.4747110183534,41.1878147043622,-4.48561579088396,12.906386583809036,41.071624755859375,-4.46593713760376,0.7369185370495537
1095737760924510.jpg,41.439250436109,-5.0930533849528,41.4413983593128,-5.2393819984929,12.199817475655838,41.438819885253906,-5.093374252319336,0.054839988703125564
590006336895951.jpg,41.413265073806,-4.3197292793442,41.3818625506268,-4.82335288891686,42.15289977206681,41.41340255737305,-4.318937301635742,0.06779039127737548
4087483594902335.jpg,41.559473863755,-5.4741074213667,41.491401325312594,-5.23494036965066,21.300312168165476,41.5593376159668,-5.473912715911865,0.02218041830885774
766437890736226.jpg,41.166483880839,-5.3871568816629,41.405623326007195,-5.00271725918766,41.69992384628144,41.166297912597656,-5.388024806976318,0.07553756395114487
2084078981770418.jpg,41.615401371151,-4.7917686184739,41.4477281908546,-5.231919551391719,41.10895072548182,41.26991653442383,-5.260769844055176,54.80918331282706
2623873744584289.jpg,41.429945615232,-5.1046557573121,41.2836438604456,-5.1099764258836,16.274073054934508,41.42878723144531,-5.10636568069458,0.19212965120286846
3951804781599221.jpg,41.403721580653,-5.1378473186831,41.4413983593128,-5.2393819984929,9.445814220099363,41.194976806640625,-5.349454879760742,29.17616915778101
1671561980203035.jpg,41.599271505118,-4.8183552426266,41.4725296348984,-5.252632945325379,38.79675287238363,41.59895706176758,-4.81888484954834,0.05623054449866406
1119094125235172.jpg,41.363198278795,-5.1666411014765,41.4413983593128,-5.2393819984929,10.602798254890166,41.40100860595703,-5.139461994171143,4.776846179672024
3519320171689225.jpg,41.320335414249,-5.1642093867174,41.416936021630605,-4.851518000517,28.218088946041114,41.32030487060547,-5.164459228515625,0.021139086124622033
576634344777660.jpg,41.153581344139,-4.0078823299032,41.255270606816005,-4.37723519662306,32.90358357404447,41.1538200378418,-4.008067607879639,0.030742166742385123
298495658603417.jpg,41.089434282451,-4.6372834590915,41.2322179441784,-4.40806527048302,24.905588326993858,41.089229583740234,-4.637238502502441,0.023071173313248913
1477054476907637.jpg,41.415467512542,-4.1583781284404,41.255270606816005,-4.37723519662306,25.51854825067813,41.21580123901367,-3.6957244873046875,44.563570521727605
964232357645851.jpg,41.589782015705,-4.5978632610243,41.3488720633918,-4.58615190706468,26.805730561987357,41.16593551635742,-5.399229049682617,81.80359522061124
2196799180461750.jpg,41.243831587433,-5.2973679050066,41.4413983593128,-5.2393819984929,22.495438415840244,41.243553161621094,-5.2976531982421875,0.03908273745487182
295343615420661.jpg,41.263147560979,-4.6771768840681,41.245968974921404,-4.951536428931919,23.014467562615522,41.26336669921875,-4.677225112915039,0.024698255246389484
7117615984976098.jpg,41.319495366025,-5.204482436755,41.4413983593128,-5.2393819984929,13.86421385781051,41.31678771972656,-5.206957817077637,0.3652169610483336
1917711255426984.jpg,41.219653792284,-4.1140178572327,41.2508188237406,-4.506923758457161,33.03688240385319,41.21977233886719,-4.113979339599609,0.013569744640007372
311368643899474.jpg,41.075236199859,-5.0195385004467,41.180087473396604,-5.1678038532547,17.033617826623015,41.07511901855469,-5.019667148590088,0.016913623266301452
913926629463343.jpg,41.166250954486,-5.4020501935843,41.4638147689304,-5.12870436514838,40.1989383815641,41.166290283203125,-5.403261661529541,0.10150359445396327
4296382417040195.jpg,41.120937755059,-4.7669500126157,41.283961886980606,-4.80907979548666,18.46693712149059,41.121253967285156,-4.766838073730469,0.036389979514975995
1820247698910567.jpg,41.596614382642,-4.1185339621604,41.255270606816,-4.37723519662306,43.65619867114286,41.12657928466797,-4.102348327636719,52.28297113983369
360382099493812.jpg,41.574556249509,-5.096633244356,41.217195364263404,-4.48721086024874,64.52201297676595,41.57535171508789,-5.098284721374512,0.1633885831653767
810386972933914.jpg,41.314025606377,-4.9088940082913,41.364425116902204,-4.6435594083423,22.84974788245834,41.313995361328125,-4.908941268920898,0.005185597430138867
2108905792886739.jpg,41.225239760845,-4.1089752113002,41.255270606816005,-4.37723519662306,22.677282170329256,41.057003021240234,-5.196492671966553,92.96949040850241
2814863432002502.jpg,41.448448013475,-4.5000568083888,41.4168486535696,-4.802208538152319,25.433241016658148,41.448402404785156,-4.500209331512451,0.013686522763846352
1669214290549027.jpg,41.474594804115,-4.6169266860254,41.3533594062362,-4.7542163231643,17.686228550515143,41.474281311035156,-4.616898059844971,0.034940329482726136
1680430472800527.jpg,41.245977579967,-3.7075552497854,41.255270606816,-4.37723519662306,55.99462269046683,41.128177642822266,-3.7242891788482666,13.173392674178944
1407893092904815.jpg,41.166054538522,-5.4087948299237,41.2836438604456,-5.1099764258836,28.204899294714444,41.16603088378906,-5.408994197845459,0.016894719348617068
1174933116285923.jpg,41.152670555878,-4.5578224063243,41.2874233863342,-4.6075273600688,15.54985916291521,41.15260314941406,-4.557562828063965,0.022989412739804312
2960564374222751.jpg,41.398142581225,-4.3177398280739,41.275850341049804,-5.0135311722267994,59.66133477724508,41.39806365966797,-4.317816257476807,0.010846832831084516
2267757490330700.jpg,41.298244694926,-3.9314771690289,41.255270606816,-4.37723519662306,37.55564868376788,41.10881423950195,-3.717179536819458,27.660411572468
267841221707224.jpg,41.145606732021,-4.5860730479257,41.3471124510494,-4.69309595173754,24.12692172546712,41.145423889160156,-4.586140155792236,0.021093444599006934
1773715129897669.jpg,41.145417705955,-3.675294158147,41.2558863401404,-4.2764556438125805,51.773651384923006,41.143836975097656,-3.676699638366699,0.21153113857810263
811505913120598.jpg,41.078217119287,-5.0162658785349,41.1862039991366,-5.16307304858522,17.185935238015112,41.078102111816406,-5.016393184661865,0.016655509646496845
1155056235173823.jpg,41.317285952003,-5.0423401294686,41.2569437811446,-4.664699672853681,32.25858653126625,41.31684875488281,-5.042191505432129,0.050173664344599994
4847961798635054.jpg,41.146858992162,-5.1930792960929,41.093354012272,-4.83938299458638,30.219416023936823,41.1469841003418,-5.19314432144165,0.014938944827951085
502596580779133.jpg,41.16590015624,-4.6552474075618,41.2098119875306,-4.6869997983067995,5.558900286140378,41.165409088134766,-4.655137062072754,0.05538002643586501
1849526322087026.jpg,41.110903152365,-3.7232962880337,41.197300306134196,-4.47689193421316,63.820557745757355,41.11077117919922,-3.7232561111450195,0.015055825927015888
806557856944183.jpg,41.070625075234,-4.4095308997124,41.255270606816,-4.37723519662306,20.708877553588014,41.14664077758789,-4.583937644958496,16.88068164996675
1892838314829811.jpg,41.15893623265,-4.1784261289847,41.2035548434102,-4.14771450522668,5.587587247481516,41.747074127197266,-5.08495569229126,99.92280529646247
478458033226362.jpg,41.127604556261,-5.1824614315974,41.255270606816,-4.37723519662306,68.85677937254661,41.12757873535156,-5.182389259338379,0.006692153299506635
1320836038864572.jpg,41.228013854359,-3.7935549295088,41.179753390493794,-4.22992736303814,36.89907301046542,41.1828498840332,-4.048605442047119,21.91998936088689
2948767152069237.jpg,41.02954168418,-3.6211183463657,41.24685018221779,-4.61243187541244,86.46082556152813,41.05117416381836,-3.615096092224121,2.4578767153176098
1197575737341950.jpg,41.14226175473,-5.4812530354922,41.287951204908,-4.65444679386486,71.03025667931676,41.556854248046875,-4.667903423309326,82.06469310831581
133884718772833.jpg,41.34550202688,-4.5595980836129,41.2836438604456,-5.1099764258836,46.478242675125564,41.34550094604492,-4.5594282150268555,0.014180875908006528
808411497335312.jpg,41.157180208,-4.0053451287482,41.2165603055062,-4.3906538431316005,32.9122961569449,41.154762268066406,-4.007495880126953,0.323588959232952
302274974826175.jpg,41.290434267553,-4.3224331590347,41.2308152047834,-4.38834913550404,8.620048170576835,41.29041290283203,-4.322600364685059,0.014170425151986583
511125720065737.jpg,41.153936737793,-4.9535838771641,41.2836438604456,-5.1099764258836,19.47108033879859,41.154048919677734,-4.95352029800415,0.013562343465551397
1082917330662788.jpg,41.520535382141,-5.2083651160728,41.4725296348984,-5.252632945325381,6.487439894634764,41.52068328857422,-5.208769798278809,0.037491132939647856
887391081820585.jpg,41.143265081192,-4.649727746182,41.2098119875306,-4.6869997983067995,8.030339380518152,41.14305114746094,-4.649688720703125,0.024011757274218275
433208383191961.jpg,41.306096679445,-4.0355035911794,41.181894579264004,-4.26876720402244,23.897547145112636,41.30603790283203,-4.035374164581299,0.012632887142034218
833519673918621.jpg,41.221283491762,-5.4961873497444,41.2803881901304,-4.97597820634404,43.98304963109485,41.221458435058594,-5.495760917663574,0.04062575072527123
1061529515366700.jpg,41.246793325908,-3.7090506510422,41.2363969371796,-4.2515783731278,45.376225132933065,50.72834777832031,-4.32770299911499,1055.3732057944467
345592760735145.jpg,41.145486200001,-5.1923602013871,41.093354012272,-4.83938299458638,30.130924911283294,41.14561080932617,-5.19242525100708,0.014888088985794846
378868133449768.jpg,41.079819996129,-4.6352236580267,41.2508188237406,-4.506923758457161,21.837678395348302,41.080081939697266,-4.635273456573486,0.02942435444446929
1368363161141710.jpg,41.298071895539,-4.1066473282593,41.1560570350048,-4.51874896104094,37.90958415292152,50.224571228027344,-5.218888282775879,996.2929252297048
2017904578347400.jpg,41.319726688265,-4.625153312609,41.2836438604456,-5.109976425883599,40.69770851653624,41.319820404052734,-4.625049114227295,0.013576154068076997
490613072085769.jpg,41.129837780003,-5.1873878805023,41.24610738855141,-5.234906885932899,13.526276364774123,41.12990188598633,-5.18733024597168,0.00860891251624575
403885617760393.jpg,41.649643464714,-5.1907532176354,41.246109951522605,-4.42591932722564,77.95479754219066,41.650230407714844,-5.191120147705078,0.07203467992961432
417463313064326.jpg,41.388817116305,-4.7931819865231,41.302555048372604,-4.913781695072281,13.905325122149776,41.38825988769531,-4.79281759262085,0.06901637096069202
1101659834820135.jpg,41.180822915098,-4.0460191408509,41.2023134137704,-4.40445398452306,30.087239099820486,41.18044662475586,-4.045376777648926,0.06812306199743472
369687375073657.jpg,41.183542091264,-5.2090871852339,41.2836438604456,-5.1099764258836,13.877418450049646,41.2855224609375,-4.298234939575195,77.0051077231461
747561391395855.jpg,41.286358890161,-3.7490712250912,41.167244442212,-4.28758402975772,46.94322644875595,41.286277770996094,-3.7491300106048584,0.010270672364298631
2988196584796924.jpg,41.409678901775,-5.1329427575707,41.32554590913621,-4.83054863687398,26.913084790310485,41.40953063964844,-5.133106708526611,0.021418122743483255
1992834544881426.jpg,41.225487893747,-3.6992753355525,41.1842260678212,-4.65288987235872,79.90939226071228,41.22587585449219,-3.6994712352752686,0.04614557582474579
1067108017148157.jpg,41.05804638094,-5.038464722003,41.2504797752694,-5.1168563236991,22.381541106651603,41.05815887451172,-5.038341522216797,0.016222593173439413
1998321324040561.jpg,41.518953118595,-5.2005767551777,41.491401325312594,-5.23494036965066,4.192180792353839,41.51546859741211,-5.185128211975098,1.3433064588492767
2356562454760463.jpg,41.100757713321,-4.7517171429881,41.270528759128396,-4.6028239070004995,22.61888688162213,41.10105895996094,-4.751949310302734,0.038736260493547156
146649681502689.jpg,41.019892845556,-3.965468986755,41.2381997926142,-4.69864807755894,66.0312277502555,41.01900100708008,-3.9670839309692383,0.1679008960466033
1569003921149900.jpg,41.514092493277,-5.1805497642794,41.4725296348984,-5.252632945325381,7.576513224280404,41.51403045654297,-5.180324077606201,0.02001726782453023
1050346765494583.jpg,41.545346991011,-4.7829953051608,41.281164466701206,-4.32325683168222,48.298527820986536,41.54525375366211,-4.7828521728515625,0.01579160329690008
1187907860005345.jpg,41.056222200773,-4.1331002540476,41.2098119875306,-4.6869997983067995,49.433012186126035,41.055450439453125,-4.133183479309082,0.08609920600110012
484734412797146.jpg,41.074182316998,-5.2132898337832,41.2322179441784,-4.40806527048302,69.66934135209392,41.07430648803711,-5.213378429412842,0.015677760537464037
2611827595816483.jpg,41.511515945978,-5.1434454710116,41.491401325312594,-5.23494036965066,7.9410209299460055,41.511512756347656,-5.143397808074951,0.003984483721076643
1630790110829129.jpg,41.055693355017,-4.7013479027893,41.2946820768286,-4.6880212665047996,26.59773088618735,41.057193756103516,-4.701645374298096,0.16869114750944675
681112063196961.jpg,41.446899556602,-4.5124269297186,41.283844558102395,-4.7133175173586,24.6939424722877,41.446937561035156,-4.511847019195557,0.04851894091487264
785777518743505.jpg,41.588047891804,-4.5546273232858,41.3105167075146,-4.536701332143201,30.896204356791873,41.33433151245117,-5.190222263336182,60.00903209046001
488391469071104.jpg,41.045555736808,-5.3849992382246,41.3126920236348,-4.75530933344576,60.49431266806389,41.04554748535156,-5.384857177734375,0.011948735239845463
786200332288403.jpg,41.322809439643,-4.6858707488867,41.3442289352722,-4.644210076236041,4.2156856990135205,41.33060073852539,-4.687070369720459,0.8721248010313705
668833859059706.jpg,41.090721002871,-4.1250141864806,41.287951204908,-4.65444679386486,49.433062245297144,41.07969284057617,-4.1295061111450195,1.2827645061409807
1430455907313298.jpg,41.294415653558,-4.410359479378,41.24552476620379,-4.4308938832516205,5.700866315119576,41.29136657714844,-4.411170482635498,0.34574590703628205
552186421229140.jpg,41.296534336328,-4.1071780035446,41.255270606816005,-4.37723519662306,23.029729642939444,50.72834777832031,-4.32770299911499,1048.906743086592
570050380808421.jpg,41.608374937182,-5.1442061721174,41.2510594252134,-4.75473736720174,51.31183486695253,41.627662658691406,-5.178651332855225,3.577508240597676
2212128682488106.jpg,41.370981195127,-5.1621427159293,41.340385265556606,-4.479809299079561,57.052606885534416,41.369720458984375,-5.163265705108643,0.1686238905238355
602596957365110.jpg,41.000212069112,-5.3998685459941,41.2569437811446,-4.664699672853681,67.87013693657606,41.00064468383789,-5.399651527404785,0.05143663961222159
2582901455376040.jpg,41.506261288923,-5.0699508978347,41.4725296348984,-5.252632945325379,15.671727874805434,41.50628662109375,-5.070345401763916,0.03297167629010537
181569030504291.jpg,41.105073036024,-4.6385004661788,41.2733090606932,-4.611245856702401,18.84549833013387,41.59291076660156,-4.524890899658203,55.06780036273495
505082144025829.jpg,41.613200973782,-5.1535330002971,41.3620674337204,-4.81439017844316,39.721617900459556,41.578826904296875,-5.102011203765869,5.741534711941543
4259697890730222.jpg,42.953186736318,1.6229322322581,41.183523049915195,-4.69763217471432,557.4288078600233,41.52363586425781,-5.041819095611572,571.0473524627479
3891489050946832.jpg,41.496726013902,-5.0221284122655,41.4413983593128,-5.2393819984929,19.11842967922563,41.3858528137207,-5.148872375488281,16.236006835171267
1510228822646067.jpg,41.590017706886,-4.8319368703757,41.4221435669286,-5.182593400800299,34.65663197776233,41.04508972167969,-4.132033824920654,84.19061149397699
1704505723077806.jpg,41.471606543088,-5.0585073293946,41.298748686214196,-4.8757329842083,24.534816889147706,41.46792221069336,-5.065126895904541,0.6870430384544891
1212166315889592.jpg,41.582290982315,-5.1064712581332,41.3665787172396,-4.81548735423698,34.103376958573904,41.45845413208008,-4.983053684234619,17.181065055169285
459457678453043.jpg,41.306372260192,-4.9109732743722,41.254823899972,-4.3165582077349,49.99981209224727,41.306427001953125,-4.9109978675842285,0.0064242919859079615
2184864228323156.jpg,41.058383072166,-5.0380951298037,41.2461073885514,-5.234906885932899,26.5942474681235,41.058258056640625,-5.03823184967041,0.018018015963474653
992001952308518.jpg,41.448027152724,-4.5016288637769,41.4168486535696,-4.80220853815232,25.297071996816193,41.447998046875,-4.5017523765563965,0.010791165030448491
3302768796616384.jpg,41.597240804013,-4.6491494910543,41.2836438604456,-5.1099764258836,51.87952353505222,41.59808349609375,-4.6537065505981445,0.39035283379898617
2742001332660422.jpg,41.13979358658,-3.6893700287218,41.1560570350048,-4.51874896104094,69.46821783479021,41.118377685546875,-3.723665237426758,3.7311516442047052
484811829376019.jpg,41.345715435841,-4.5564976985434,41.2836438604456,-5.1099764258836,46.73776764802324,41.34574508666992,-4.556311130523682,0.015919512524353387
1500821073978485.jpg,41.37670432858,-4.1909068231228,41.2286059867638,-4.3272335890339395,20.021747823247132,41.37698745727539,-4.1916375160217285,0.06861640892002877
223483852878853.jpg,41.125243491048,-4.9755687072013,41.2504797752694,-5.1168563236991,18.267624365975482,41.125343322753906,-4.975492000579834,0.012826043239405623
1466032807756243.jpg,41.137489701163,-3.5811838114906,41.3262124495454,-4.87347617367104,110.08415250925906,41.13741683959961,-3.579902410507202,0.10761585210253383
31277980508453796.jpg,41.018563150015,-3.6275996412913,41.3234953926682,-4.660452070527859,92.86228365043603,41.020957946777344,-3.6260695457458496,0.29561466845940393
419913973311184.jpg,41.449707,-4.4865074000021,41.325955354433795,-4.9349902340446805,39.86449677729812,41.44963455200195,-4.486081600189209,0.03639104330670641
483398046322754.jpg,41.206162249917,-4.7554942279718,41.250479775269405,-5.1168563236991,30.619297825646907,41.20627212524414,-4.755334377288818,0.018113405473115834
1130776180823862.jpg,41.163397226928,-5.2013996103442,41.0677680925626,-4.8052730686383,34.846533925423465,41.163543701171875,-5.201472282409668,0.01738624119317846
2904309249830212.jpg,41.285461331812,-4.6970955330104,41.3651376900674,-4.61460202416824,11.222519903158927,41.16822814941406,-4.475347995758057,22.66805417243695
821958246793084.jpg,41.587388332052,-5.1127817147243,41.2023134137704,-4.40445398452306,72.96861600485538,41.58713912963867,-5.112597942352295,0.03164562009894729
1121017071710591.jpg,41.064927967573,-5.2024762450809,41.2322179441784,-4.40806527048302,69.06817911763255,41.06501770019531,-5.202547073364258,0.01161107363834037
112441250919602.jpg,41.122429759834,-4.2672407979566,41.255270606816,-4.37723519662306,17.404214440431264,41.156856536865234,-4.487306118011475,18.822061006464313
1145123750240620.jpg,41.28680739883,-3.9941968802924,41.363090282339996,-4.24611316967224,22.681949915487838,41.28676223754883,-3.9940989017486572,0.009603946540971563
485529142504891.jpg,41.28215713199,-4.6906559653363,41.2836438604456,-5.109976425883599,35.03821127070628,41.28196716308594,-4.690924644470215,0.030825996010105737
3527142087510862.jpg,41.190132824061,-5.3561368477811,41.4477281908546,-5.23191955139172,30.463937776862245,41.21159362792969,-5.3229875564575195,3.6587255202883977
1200763967687810.jpg,41.297315439429,-4.0167008005821,41.258499962902405,-4.24297046517748,19.394579901358632,41.29779815673828,-4.017741680145264,0.10218731912881195
2996046397388814.jpg,41.527219379892,-4.9166519532594,41.3259553544338,-4.9349902340446805,22.431705363010146,41.16517639160156,-5.414196491241455,57.84191170815902
1379622072616331.jpg,41.029137745031,-3.8286457084113,41.2075939132618,-4.36575649846508,49.17458900090957,41.02865982055664,-3.8290719985961914,0.06405331523271991
384189679463204.jpg,41.111640693133,-5.2178768324744,41.2461073885514,-5.234906885932899,15.019791506034867,41.11159896850586,-5.218089580535889,0.018417478584417914
1484313519246652.jpg,41.258347048705,-3.7575638720972,41.231926314510204,-4.19681325366426,36.841603733893415,41.258934020996094,-3.7571470737457275,0.07398503749731684
214936610095630.jpg,41.249473850128,-5.3952716703313,41.3027435127848,-4.9508971588848,37.60459545664575,41.597835540771484,-4.8214216232299805,61.56089943411129
1582711765659970.jpg,41.13352532051,-4.2269721206281,41.232731477791404,-4.75535964629282,45.57391257013308,41.13361740112305,-4.226648330688477,0.028985883800187948
1547762213140747.jpg,41.561356532592,-5.4763741133469,41.491401325312594,-5.23494036965066,21.5511951961853,41.561248779296875,-5.47623872756958,0.016445143167607038
3659426387512658.jpg,41.517887821086,-4.9397091533546,41.4117072048308,-4.793546754003541,16.96254239286024,41.353065490722656,-5.169956207275391,26.538757820129305
1816616465609040.jpg,41.536223081486,-5.285001118061,41.4636083784158,-5.2625696503292,8.28767172681305,41.53620147705078,-5.284976005554199,0.0031843375196887462
519421369474191.jpg,41.388937757925,-4.4752662421696,41.2836438604456,-5.1099764258836,54.26997435533839,41.3890495300293,-4.475222587585449,0.012951060295343755
499637834497312.jpg,41.599896459055,-5.1257532144886,41.3053782867152,-4.9430297938944,36.116379500803646,41.59990310668945,-5.125948905944824,0.016288815423091487
827793992667849.jpg,41.01314137607,-4.6698776442401,41.226825733466,-4.85129170441896,28.20460049834299,41.09021759033203,-4.743664741516113,10.570545404692403
5073622476032433.jpg,41.451121092693,-5.088873766325,41.4413983593128,-5.2393819984929,12.59123102983429,41.30152130126953,-4.900309085845947,22.8967508952792
999708078709592.jpg,41.292295233823,-4.1033387549922,41.2508188237406,-4.506923758457161,34.042702064693216,41.29238510131836,-4.103392124176025,0.010942451729857952
1281018626988592.jpg,41.581707479157,-5.1054918952323,41.3501479104214,-4.88177484581726,31.787676878593594,41.58149337768555,-5.105175018310547,0.03551655053474509
908676284290501.jpg,41.166146157601,-5.4083294057574,41.3632017948606,-4.69107698006944,63.82800721981402,41.16617965698242,-5.407957077026367,0.031388687073899996
1605400099651729.jpg,41.002347041628,-4.6594388003948,41.223723893867195,-4.92127039648902,32.971124903493255,41.00348663330078,-4.660904407501221,0.17658773805787456
3723262217801100.jpg,41.486881475555,-5.0296704584647,41.2987486862142,-4.8757329842083,24.546193544865034,41.17555618286133,-3.679940700531006,117.89353191101866
2325480941244645.jpg,41.142143699201,-3.680252696829,41.2372544566348,-4.46947413212244,66.88159042530701,41.14219665527344,-3.680103302001953,0.013826668453559485
526613691686012.jpg,41.231670799472,-5.1970319992015,41.2836438604456,-5.109976425883599,9.292688221763862,41.2314338684082,-5.197411060333252,0.04121768798480644
1245585159193052.jpg,41.078350153675,-5.2187661330572,41.1595487389302,-4.22990891146408,83.3249842479104,41.07827377319336,-5.2186479568481445,0.013048097665989598
3975057642574945.jpg,41.199549420699,-5.3410350769963,41.4371622511772,-4.90738158985898,44.82926693974106,41.19865036010742,-5.342632293701172,0.16688873077542765
2961332804098072.jpg,41.402161453325,-5.1392131613156,41.287951204908,-4.65444679386486,42.41365875387286,41.40170669555664,-5.139331817626953,0.05152611646882589
708209811520953.jpg,41.16291315148,-4.2689002258341,41.2993028366806,-4.71366745875528,40.1667022805345,41.16263961791992,-4.268866539001465,0.03054599377908151
475037907109186.jpg,41.406427227445,-4.3617070131387,41.2836438604456,-5.1099764258836,63.93923540160248,41.40644836425781,-4.361813068389893,0.009151974402476224
944348933111310.jpg,41.3947369381,-5.142862479877,41.4413983593128,-5.2393819984929,9.575803455735892,41.394737243652344,-5.142862796783447,4.3048354709858496e-05
1543120816674659.jpg,42.704761674211,-2.9325321807963,41.44929646046519,-5.005738077446599,220.82022717633424,41.858489990234375,-4.55183744430542,163.09444123371242
1216776738742286.jpg,41.551876179995,-4.8797666102431,41.303512079676196,-4.85597295054458,27.687983352195012,41.55148696899414,-4.88026237487793,0.059790733099206725
2823316134584131.jpg,41.456412322739,-5.0818886424825,41.246364552207595,-4.760256519272359,35.58466070118146,41.457210540771484,-5.0808329582214355,0.12497093890663616
1106443459830876.jpg,41.465647168472,-5.0692875640104,41.2444298247124,-4.68744055751564,40.259774258161634,41.5073356628418,-4.985884666442871,8.351800021772238
3946498068760734.jpg,41.518215499945,-4.6938339210896,41.46803604554,-4.9132274027517395,19.1059412656723,41.51805877685547,-4.6937737464904785,0.018132658534711993
284346416556918.jpg,41.352989172629,-4.6860873732718,41.3442289352722,-4.64421007623604,3.628866620600111,41.353206634521484,-4.685958385467529,0.02646923944604822
1466012300430535.jpg,41.397460012956,-5.1415502779619,41.4413983593128,-5.2393819984929,9.50873617386246,41.3973274230957,-5.14161491394043,0.015698177314763043
1111960040841572.jpg,41.078507001253,-3.6013699543561,41.231253056608,-4.20741372048898,53.50653906456648,41.078590393066406,-3.601264238357544,0.0128258640929706
3033840213516946.jpg,41.025869031652,-3.6234384993443,41.491401325312594,-5.23494036965066,144.30586309452522,41.021095275878906,-3.6261444091796875,0.5773175430787812
522932958732957.jpg,41.255629779572,-5.2805712168155,41.4281304285538,-4.89084369624072,37.76881014387313,41.28299331665039,-5.24559211730957,4.219513817468108
130799009044065.jpg,41.251561453512,-5.385344148408,41.1560570350048,-4.51874896104094,73.27254643931501,41.25155258178711,-5.385325908660889,0.0018161062651648832
24110474458644641.jpg,41.246259614566,-3.8505676493043,41.374166442389004,-4.6408986088707795,67.52587672755331,41.2460823059082,-3.8498244285583496,0.06519032768894446
3666140140316217.jpg,41.450172235254,-4.4887156519447,41.315457852900394,-4.6748490982675195,21.576455851580327,41.45018768310547,-4.488833427429199,0.009965055381796758
419075057260949.jpg,41.296925921129,-4.300967438835,41.3533594062362,-4.7542163231643,38.3649647766376,41.29694366455078,-4.300816059112549,0.012799344300203819
1501168317725591.jpg,41.507895025881,-5.0939975213915,41.4725296348984,-5.252632945325379,13.785930731134759,41.507896423339844,-5.094034194946289,0.003057754948890433
1591272834918547.jpg,41.292204243842,-4.1032887095203,41.1984855095254,-4.706302135002141,51.48161992310593,41.29237365722656,-4.103386878967285,0.020545927523518265
9072023396236240.jpg,41.179392355519,-4.120470020339,41.2098119875306,-4.6869997983067995,47.52290916314738,41.179229736328125,-4.120495319366455,0.01820596657921084
152387096853711.jpg,41.119213240659,-4.6430031002693,41.5005869523884,-4.7592693072519,43.50449901765386,41.11901092529297,-4.642840385437012,0.02630351797672527
500888727773815.jpg,41.060746929472,-5.1993325037839,41.2988742715732,-4.59510490189704,57.08087738616336,41.06059265136719,-5.199282646179199,0.017656897952254162
4226496414097400.jpg,41.435936300738,-4.3834865145134,41.331630592775,-4.32664899973734,12.530184384617327,41.435733795166016,-4.383559226989746,0.02331917022238911
1268307791642523.jpg,41.284129101874,-3.7530103835083,41.295980128831005,-4.7417171501815405,82.61601732602509,41.284263610839844,-3.7530148029327393,0.014961272489265539
27883660961280691.jpg,41.420146591904,-4.1243311576411,41.1499246292938,-4.35663487484856,35.77149901057149,41.42014694213867,-4.124330997467041,4.117081270338432e-05
1450563499121581.jpg,41.242631022309,-3.821284027516,41.3271431319802,-4.35774941260986,45.79933771234104,41.23482131958008,-3.810875415802002,1.2294596373186193
680290101329414.jpg,41.239265604849,-4.1064726084252,41.2952638651382,-4.2639651999121,14.561494995003525,41.23905563354492,-4.106664657592773,0.028336909256196075
3932487063533851.jpg,41.488772907898,-5.0252917998945,41.4413983593128,-5.2393819984929,18.60057934220841,41.47594451904297,-5.052343845367432,2.6670342831602794
1996756734154739.jpg,41.274628176832,-3.9681565204837,41.363090282339996,-4.24611316967224,25.211000663271225,41.07267379760742,-3.880192756652832,23.632406584192918
988768792600654.jpg,41.571932948001,-4.6708087200896,41.3131935217618,-4.62513650735676,29.021288240893483,41.57219696044922,-4.671081066131592,0.037082435125424515
1459805451017714.jpg,41.351612883503,-4.9515788572939,41.2213632450686,-4.64120024090608,29.703526084369184,41.34864807128906,-4.947336196899414,0.4838416514701897
818699592078550.jpg,41.620166910094,-5.1609356493136,41.435249453678,-4.749279348350679,39.96358110281071,41.619686126708984,-5.160248756408691,0.07821940238077732
878506404083444.jpg,41.422935469778,-4.3604069514984,41.283875967399,-4.55590035903038,22.480122042547883,41.422767639160156,-4.3600873947143555,0.03252984248106909
838982093642191.jpg,41.28786758098,-4.6798489522445,41.320340904231195,-4.98734893771596,25.938483583237904,41.28792190551758,-4.6794819831848145,0.03125046865341971
420691310670643.jpg,41.450187660094,-4.4888335354553,41.315457852900394,-4.67484909826752,21.570568197612268,41.450172424316406,-4.488715648651123,0.00997016038778233
1415282026370703.jpg,41.51744739787,-5.1931914599812,41.4725296348984,-5.252632945325381,7.032458693106714,41.5174560546875,-5.193230628967285,0.0034002163802210133
1903014753847062.jpg,41.29823347712,-4.1049110569119,41.1560570350048,-4.51874896104094,38.04906171598471,41.209014892578125,-3.696397542953491,35.56190713177235
1966399984158615.jpg,42.886939193511,-2.6969095805142,41.4492964604652,-5.0057380774466,248.50249510205938,41.17951965332031,-4.044283866882324,220.05779209271128
213508537019856.jpg,41.054072987692,-4.383933375283,41.2131956638152,-4.32229920686946,18.431200054318705,41.0542106628418,-4.384155750274658,0.02412560545659746
503263090711408.jpg,41.048056258054,-5.343371178391,41.180087473396604,-5.1678038532547,20.781345163676427,41.0481071472168,-5.343229293823242,0.013175286784414328
1021351589434695.jpg,41.172649069025,-4.8032920792755,41.2460753954388,-4.61927382961686,17.424838674631,41.15638732910156,-4.794529438018799,1.9513389606593907
411546304123204.jpg,41.431755099999,-4.466083,41.3117327084154,-4.77760475722812,29.220614118548156,41.431617736816406,-4.465695858001709,0.0357069526224358
2652663098421834.jpg,41.531404145919,-5.2788986751277,41.4636083784158,-5.262569650329199,7.6602277110778,41.531490325927734,-5.27902364730835,0.014143709953371811
2259878780818471.jpg,41.404895361336,-4.4173014503084,41.2391532972642,-5.13615866039444,62.79578978303552,41.40493392944336,-4.416210651397705,0.0910760958131006
1493102341707289.jpg,41.287971958413,-3.6777704009588,41.21383896856101,-4.44524914149992,64.68806949522404,41.26803207397461,-3.7064642906188965,3.265807156353397
209635404098394.jpg,41.013724611795,-5.4726601835395,41.181831612418605,-5.28112361081902,24.637617590709098,41.01377487182617,-5.47251558303833,0.013357635306067428
1393876098362733.jpg,41.329898659237,-4.9196270764157,41.329680498918805,-4.8322345750840805,7.297190838185991,41.329994201660156,-4.925076961517334,0.45518063373448187
3976609125722287.jpg,41.347768374467,-5.1735956443317,41.41652220136341,-4.83136358964996,29.55867017370009,41.41347122192383,-4.313350200653076,72.143780813206
872044620329271.jpg,41.005388843241,-4.3264529404909,41.2325031966614,-4.3098273734064,25.292336411730222,41.00555419921875,-4.326695919036865,0.02745514963160503
472085370714835.jpg,41.347023164058,-4.5676123952887,41.239153297264195,-5.1361586603944405,48.990474613920064,41.318477630615234,-5.214508533477783,54.105520585006936
1125830746155087.jpg,41.178482807699,-4.0428298994149,41.2950564746124,-4.63123588128854,50.87991192517138,41.17839050292969,-4.042744159698486,0.012523476540144997
1933700203461635.jpg,41.616532410922,-4.6845172832747,41.4221435669286,-5.1825934008003,46.76267617758051,41.61650085449219,-4.684217929840088,0.02513143901575571
4182300321801568.jpg,41.108364690841,-4.9884784063529,41.2836438604456,-5.1099764258836,21.981985062464048,41.10803985595703,-4.988723278045654,0.04153977686678923
546962640047578.jpg,41.040045076414,-5.3870127785436,41.2975302312404,-4.56539014346866,74.49485483815397,41.039920806884766,-5.387056827545166,0.01430346809087191
1195379142034135.jpg,41.19354921618,-4.061357082164,41.175851922669594,-4.49250193654374,36.13363196643068,41.193580627441406,-4.061469078063965,0.010000780371310167
1148555066247678.jpg,41.328133002611,-4.9063171279103,41.4461440591444,-4.88521276485836,13.239817362018686,41.32952117919922,-4.910070419311523,0.3493501060803819
1750718155127770.jpg,42.465142916635,-2.4374393981911,41.2550042337084,-4.4469507445484,214.00251045542606,41.53927230834961,-4.142200946807861,174.4715024705858
807178853243040.jpg,41.194389550371,-4.8162504502172,41.2508188237406,-4.50692375845716,26.620821990600025,41.19282150268555,-4.814679145812988,0.21837324148078735
703541400934814.jpg,41.250222109637,-3.8636242327026,41.366937906025996,-4.7184266414899,72.56765989111139,41.24984359741211,-3.8631796836853027,0.05614857702551081
974363351477830.jpg,41.189969174484,-4.0574213220701,41.127796474837,-4.40432079310386,29.85296211631872,41.19001770019531,-4.057460784912109,0.006326057809719952
1440396162979900.jpg,41.197123246123,-4.264459932769,41.2171953642634,-4.48721086024874,18.767537258509357,41.196285247802734,-4.264741897583008,0.09612126191015175
265657898596636.jpg,41.008070782279,-4.6043534821852,41.295980128831005,-4.7417171501815405,34.01720166735615,41.00830841064453,-4.6045122146606445,0.029590174609463518
4124124791196087.jpg,41.19410559313,-4.0634284201233,41.2023134137704,-4.40445398452306,28.54716372255065,41.19430160522461,-4.064158916473389,0.06489196852802964
426604089865995.jpg,41.208134822097,-4.2646944435706,41.2475316643112,-4.61746186544558,29.825087051304006,41.208133697509766,-4.26469612121582,0.00018797088767342237
505468280605556.jpg,41.060504968203,-3.868065259561,41.1739612011688,-4.319310448951,39.85057976819576,41.06026840209961,-3.8690338134765625,0.08536059815284106
486340021082875.jpg,41.042525265508,-4.1335980951789,41.13338916929381,-4.16629743008834,10.468664970445218,41.04239273071289,-4.1336989402771,0.016991571479220337
1527499098240057.jpg,41.51175710052,-5.149984282117,41.4725296348984,-5.252632945325381,9.598031461434928,41.511756896972656,-5.149947643280029,0.003050815093891177
369136057775691.jpg,41.544708424271,-4.7077418540507,41.3165263238456,-4.62013711795992,26.402934570613162,41.54448699951172,-4.7077956199646,0.02502459686751502
1543477482530195.jpg,41.002701372622,-5.1185451990554,41.2836438604456,-5.1099764258836,31.247618484613177,41.00283432006836,-5.118348598480225,0.02215228220089834
525922468540905.jpg,41.288126697616,-4.8980018870437,41.30084672906061,-4.8778141144982,2.201143498835662,41.23406982421875,-4.621999263763428,23.840298368177795
1355540791498877.jpg,41.404618614147,-4.3372680113318,41.239153297264195,-5.1361586603944405,69.20462857558411,41.40468215942383,-4.337001800537109,0.023299903546282166
3678129259125311.jpg,41.627072258336,-5.1734292914839,41.4022197282758,-4.614273183774399,52.84477407015769,41.627071380615234,-5.173470973968506,0.0034658751165663987
278881117264918.jpg,41.347202674726,-4.9451928501329,41.271924346370795,-4.4386901800246,43.12547100694553,41.34712600708008,-4.945103168487549,0.011345533358071265
510681896967883.jpg,41.018272382997,-4.6749049857255,41.1508483314586,-4.421899724005401,25.82570418475906,41.50886917114258,-4.964974403381348,59.6968510698599
1874366089380094.jpg,41.216792293554,-5.3202124795375,41.231408255169995,-4.56637404767042,63.067197989395844,41.21795654296875,-5.319674491882324,0.13705624272717926
4023718797663597.jpg,41.490440865417,-5.0192295845821,41.421889364113,-5.191881966477341,16.282652560994606,41.49040603637695,-5.019333362579346,0.009471852300220133
327838982026862.jpg,41.471911538563,-4.6750873315609,41.2951620426608,-4.6718658303241,19.655484882438447,41.47216796875,-4.675307750701904,0.03391586663984025
457174712032475.jpg,41.146733526579,-4.7868161226913,41.22104371929,-4.699938857295201,11.006078539403841,41.146995544433594,-4.7870635986328125,0.03575254889171356
2404062316390851.jpg,41.117103653216,-5.2933251752895,41.2504797752694,-5.1168563236991,20.929423326693566,41.11714553833008,-5.293144702911377,0.01581940974872058
602179998662384.jpg,41.240730668604,-3.8496845054975,41.2517424779592,-4.61740502735016,64.19719475142514,41.24032211303711,-3.8449790477752686,0.39605106263179873
1954797595376757.jpg,41.520554064089,-5.2082367634532,41.4725296348984,-5.252632945325379,6.4952283577380525,41.52063751220703,-5.208576202392578,0.029743903870315714
2405584536252191.jpg,41.146584201643,-5.4718579230107,41.4052469158556,-5.08705832494554,43.14281578095616,41.16596221923828,-5.3996381759643555,6.418753167529993
491206778647970.jpg,41.175536499102,-4.9209293081499,41.181831612418605,-5.28112361081902,30.153472747326028,41.17554473876953,-4.921343803405762,0.03470368319589746
1295244661544318.jpg,41.002379836592,-4.1526867199876,41.2326985686892,-4.3045707770459005,28.596654408325133,41.00215530395508,-4.152639865875244,0.025274593820290972
1123509014811934.jpg,41.139990161085,-4.7818058022535,41.2507082358754,-4.4940074580983795,27.044898417368927,41.139705657958984,-4.781582832336426,0.03673459513318828
898341210710499.jpg,41.176750444232,-4.9301882481671,41.239153297264195,-5.1361586603944405,18.5750704502399,41.176788330078125,-4.930345058441162,0.013783689560853806
2835392766642953.jpg,41.075919175671,-4.1307713157964,41.1916314940826,-4.507374799868041,34.06371943291205,41.07373809814453,-4.131509304046631,0.2502900409539764
1543918123198639.jpg,43.192000581516,-2.4328433634373,41.2517927392906,-4.489173739039559,274.2365002538999,41.35480880737305,-4.685309410095215,275.8029571342565
1779049879484205.jpg,41.546517995723,-5.4290188499127,41.491401325312594,-5.23494036965066,17.281381156149074,41.546756744384766,-5.430313587188721,0.11097043495709046
1819147615626601.jpg,41.11648736252,-3.7198281100803,41.2321625990504,-4.813457597410159,92.43275382925286,50.41817092895508,7.939465045928955,1370.6652310318987
1179317799184207.jpg,41.021189929932,-5.3926778545701,41.2822908393742,-4.59003027309348,73.2057130666148,41.02109909057617,-5.39269495010376,0.010202186067407991
239323621297753.jpg,41.081703098361,-5.2236832809324,41.280273392011,-4.4962464139229,64.75864483162273,41.08161544799805,-5.22328519821167,0.03475996472295816
258929812585326.jpg,41.175515083325,-4.924063126383,41.2836438604456,-5.109976425883599,19.654040230184883,41.175010681152344,-4.893150329589844,2.587895635129411
24579578375030830.jpg,41.572770444774,-4.8508890477513,41.4492964604652,-5.0057380774466,18.834804659450818,41.572792053222656,-4.850864887237549,0.00313250851856149
1938577366305000.jpg,41.592469330036,-4.6121674667797,41.4413983593128,-5.2393819984929,54.85599186131989,41.59255599975586,-4.612648010253906,0.04110809844954715
1509713316420735.jpg,41.423612508315,-4.3617058635271,41.2513466423144,-4.55384319225322,24.984797919401885,41.42367172241211,-4.361813545227051,0.011133870696851308
1200034348112429.jpg,41.093391672849,-4.7460234068922,41.31429074079681,-4.8176437520943,25.283091802781378,41.105140686035156,-4.755037784576416,1.509074932831246
987721731969600.jpg,41.275800039475,-4.8882680981787,41.3083847607902,-4.412747140809279,39.89312490998774,41.59872817993164,-4.65565824508667,40.808958795987095
522307852271394.jpg,41.109974334047,-5.298652700757,41.2504797752694,-5.116856323699101,21.80768647241293,41.110111236572266,-5.298654079437256,0.015223304452805238
537453310588078.jpg,41.014537047863,-5.3949002896656,41.308482277288,-4.39799368782578,89.62658564495908,41.01475143432617,-5.3948163986206055,0.024856072720274434
1109576461140897.jpg,41.522403935819,-5.2350234947529,41.4492964604652,-5.0057380774466,20.75711918713814,41.52238082885742,-5.23494291305542,0.0071837357344654434
432222528425586.jpg,41.464716984993,-4.7900903548984,41.475492629541996,-4.79808208111358,1.3707822162473462,41.461429595947266,-4.791716575622559,0.3898498361963218
1371387170066078.jpg,41.052701478921,-3.9060079200329,41.1763656308404,-4.583415931232159,58.39113884856248,41.05226135253906,-3.9065937995910645,0.06934438623636531
1917671099083848.jpg,41.533297222349,-4.9034855748826,41.491401325312594,-5.23494036965066,27.988724035702177,41.53348922729492,-4.9031829833984375,0.03301815507169802
749432124544634.jpg,41.086561052967,-3.8862008032394,41.2548164031044,-4.529768635778339,57.02435036045098,41.086669921875,-3.8861145973205566,0.014097732777727568
529662841752110.jpg,41.216874353454,-4.742898388669,41.2836438604456,-5.109976425883599,31.573196570599574,41.216773986816406,-4.7430033683776855,0.014200513077956722
1883111585578772.jpg,41.54771546462,-5.3874774231186,41.4492964604652,-5.005738077446599,33.62282261186084,41.547706604003906,-5.387274265289307,0.016935213413189817
2945274509124691.jpg,41.397294889229,-4.3127624416119,41.15605703500479,-4.51874896104094,31.87249917857398,41.6435432434082,-4.68228816986084,41.18487374671168
191739216146542.jpg,41.311973496611,-4.3044666435757,41.238199792614196,-4.69864807755894,33.94723584970799,41.31215286254883,-4.304652690887451,0.025283279669168105
3942142335872032.jpg,41.063873970903,-3.8344309694532,41.3335618003288,-4.62554182385878,72.66533171381694,41.06451416015625,-3.8496479988098145,1.2777511638085328
25282559071347542.jpg,41.144984572155,-3.9115148915771,41.255270606816005,-4.37723519662306,40.84846919035646,41.27903366088867,-4.688864707946777,66.71108598531214
686654780356513.jpg,41.285391452727,-4.0992404796376,41.223264778798,-4.2436146537700195,13.906233606142358,41.28578567504883,-4.0994768142700195,0.04807802694121066
963444994420484.jpg,41.308701742539,-5.2271098172659,41.405623326007195,-5.00271725918766,21.6080387340551,41.308650970458984,-5.227499008178711,0.03299401889867396
6860723967291966.jpg,41.229652780802,-3.7852071779225,41.18874464571461,-4.4840619153615995,58.637806333047486,41.2297477722168,-3.784350633621216,0.07240459965307838
553391976021005.jpg,41.375339978122,-4.4901383431666,41.2836438604456,-5.1099764258836,52.750501437709715,41.37550735473633,-4.489900588989258,0.027201849346391305
517824032589700.jpg,41.057454948543,-4.3901719676025,41.1876097441058,-4.2881892809213795,16.80559533367866,41.05729675292969,-4.389860153198242,0.03151141605807533
2103661866792740.jpg,41.243766269915,-3.8398543111833,41.3777415769404,-4.52185326299266,58.878235091160484,41.24380111694336,-3.8399713039398193,0.010521129818204845
1152365305516470.jpg,41.330893056997,-4.6054558552091,41.2836438604456,-5.1099764258836,42.467497965054115,41.33063507080078,-4.606080532073975,0.05952710732928109
2373769283045973.jpg,41.609056740738,-4.802753099093,41.4492964604652,-5.0057380774466,24.517055617855117,41.60908889770508,-4.802690505981445,0.006314022166352986
2193970514359211.jpg,41.106070375428,-3.7122672560982,41.3379959594936,-4.28492594353392,54.39670062696734,41.055694580078125,-3.8179562091827393,10.480952338307043
2850412818512648.jpg,41.417518649585,-5.1225205499426,41.4413983593128,-5.2393819984929,10.098179545154268,41.41728973388672,-5.122854232788086,0.0377110717441058
1365642090473821.jpg,41.114093359537,-5.1882350925767,41.20161682537,-5.2610891204437396,11.48545547058842,41.11408615112305,-5.188421726226807,0.015655663120862723
2230138690749010.jpg,41.136290364071,-3.6871951166451,41.1709784366848,-4.22013739845548,44.786371689564966,41.03043746948242,-3.828016519546509,16.66868166584462
1349803749450655.jpg,41.054840495682,-3.6139427283789,41.2516380574682,-4.57420226405866,83.32158963044364,41.05501174926758,-3.613878011703491,0.019800623884351973
1936023986946817.jpg,41.526129954386,-5.2598507494463,41.4636083784158,-5.2625696503292,6.955769091704496,41.52613830566406,-5.259975910186768,0.010460488810822526
1041653560243024.jpg,41.2495804,-4.2872086000027,41.3259553544338,-4.9349902340446805,54.78581476616118,41.24916076660156,-4.286587715148926,0.06979678013701963
1574465453514312.jpg,41.520338664528,-5.2072892076481,41.4636083784158,-5.262569650329199,7.809752014513512,41.520381927490234,-5.207301616668701,0.004920302549778628
1226542717759829.jpg,41.355838514985,-4.5202647156886,41.2836438604456,-5.1099764258836,49.89757848568813,41.355899810791016,-4.520129203796387,0.013205407706900745
2572539966383440.jpg,41.400456227564,-4.4368387913603,41.219104112512795,-5.15634472694248,63.388997523055934,41.40038299560547,-4.437317371368408,0.04073951398829587
960416848120000.jpg,41.05883579247,-5.3247479158407,41.2504797752694,-5.116856323699099,27.514548917969417,41.058509826660156,-5.324928283691406,0.03927413998048088
798444300649947.jpg,41.552339584995,-4.7869436766241,41.3685474426958,-4.87540655799924,21.72562110950517,41.5525016784668,-4.786916732788086,0.018162885856277945
1545422258994810.jpg,43.355113481349,-4.0949371892866,41.1816568428762,-4.610575331364499,245.37197947670927,50.75108337402344,-4.327637672424316,822.5820902789648
391978432475563.jpg,41.325971448067,-4.6175523494296,41.2836438604456,-5.1099764258836,41.40082466977243,41.32594680786133,-4.617668151855469,0.010050571417111373
3584700535160533.jpg,41.155775814931,-4.1161802739795,41.2295296409824,-4.43771485792694,28.126283198381042,41.15595245361328,-4.11625337600708,0.020572756360773672
1869052883276134.jpg,41.636604463364,-3.8218442429164,41.4413983593128,-5.2393819984929,119.96012382061946,41.08918762207031,-4.126180171966553,65.95628185212367
1029193558269972.jpg,41.24448883908,-3.8437304685684,41.303575581110195,-4.43608685130054,49.93722510216747,41.24449157714844,-3.843723773956299,0.0006371688357426238
210293540710448.jpg,41.046890999554,-4.6452265909524,41.2508188237406,-4.506923758457161,25.461490710910972,41.04688262939453,-4.6449737548828125,0.021223288486447146
2246427769128874.jpg,41.053302064027,-3.8195497794853,41.3348550986522,-4.195101323577259,44.3571654267586,41.11457824707031,-4.119617938995361,26.056208768210816
1925042207651513.jpg,41.080367387744,-3.7986586776834,41.2247884097808,-4.5772995273792,67.14046658769679,41.0797233581543,-3.799659252166748,0.11028103883188722
364121185030977.jpg,41.010186382837,-4.6654029156253,41.2999975974178,-4.5046547924241995,34.92286152348441,41.01020812988281,-4.665451526641846,0.0047417409399368605
319794276357240.jpg,41.074904527218,-5.2139509766809,41.2098119875306,-4.6869997983068,46.60609740744504,41.07490921020508,-5.2139129638671875,0.003228670743157677
492612078832098.jpg,41.630254977725,-5.1847389932227,41.356175485874,-4.9727599924019,35.22095210066183,41.58912658691406,-5.11452579498291,7.415561287585008
1213430029075627.jpg,41.385752001467,-5.1487628962652,41.4413983593128,-5.2393819984929,9.766879715772724,41.38536834716797,-5.149044513702393,0.048702188323974854
1492974714909876.jpg,50.182006029998,-5.12717780307,41.4244950164214,-4.98502468351294,973.8526313124576,50.22118377685547,-5.271895408630371,11.183571854006523
1301047713750860.jpg,41.135942024975,-5.4468537739264,41.4413983593128,-5.2393819984929,38.132897812420495,41.135738372802734,-5.446834564208984,0.022702160772760844
876836582864393.jpg,41.256011610878,-5.2802252779516,41.2836438604456,-5.1099764258836,14.556581781471532,41.255950927734375,-5.280394554138184,0.015676816041325644
471547157445293.jpg,41.046324332958,-5.3730333089005,41.1408531345002,-5.06433291584362,27.923147102528475,41.046329498291016,-5.372880458831787,0.012831000448061495
309355780655537.jpg,41.316908138196,-4.3102074971172,41.286930434334806,-4.909395314536241,50.163508534005324,41.31715774536133,-4.310446739196777,0.03419875326341416
1776507159831880.jpg,41.120235278209,-3.7143409454911,41.2052164720664,-4.44549903401486,61.93190334565766,41.12031936645508,-3.7141165733337402,0.020992226404550642
195023029133946.jpg,41.231919710491,-4.7227398980283,41.2836438604456,-5.109976425883599,32.87638184847356,41.24601364135742,-4.719357013702393,1.5924957187025586
1229387010830873.jpg,41.321871162042,-4.6230039756287,41.2836438604456,-5.1099764258836,40.899809479859194,41.32175064086914,-4.623117923736572,0.016436057964002434
1136401848382371.jpg,41.300669682207,-3.7369837737882,41.3297996478042,-4.201382164436979,38.92024588451445,41.300662994384766,-3.7370615005493164,0.006535422599243217
1839605813649484.jpg,41.541292895455,-5.3433407527312,41.4636083784158,-5.262569650329199,10.948114134120773,41.54129409790039,-5.3433403968811035,0.00013694661188584176
1333959267911901.jpg,41.21500827821,-4.1148767986225,41.2508188237406,-4.506923758457161,33.02490839059418,41.21563720703125,-4.114773750305176,0.07046287804813942
1250710152587515.jpg,41.364959423453,-4.9624676018731,41.3972085634084,-4.92696606034508,4.651061876537275,41.36466598510742,-4.962482452392578,0.03265238336445014
502465191196027.jpg,41.051092671055,-4.3797497292007,41.24224011148,-4.548434969252,25.519793925138547,41.05087661743164,-4.37949800491333,0.03197994755693608
2031187387342187.jpg,51.384275568052,0.5505784554014,41.2821008646116,-5.1146716577351,1203.6710989814715,41.186248779296875,-3.603489875793457,1177.5416215030332
753255507423786.jpg,41.036421127017,-4.6923421168397,41.247311027998606,-4.46223829419698,30.350897005667566,41.03697204589844,-4.692861557006836,0.07517181854186898
1175461586238669.jpg,41.251967233831,-5.2883912662901,41.4413983593128,-5.2393819984929,21.457405177385905,41.25141143798828,-5.289242267608643,0.09423750133624673
4247222792029325.jpg,41.027996314024,-4.6159968400527,41.2098119875306,-4.6869997983067995,21.073739440435162,41.02727508544922,-4.615564346313477,0.08802136928296869
330399735164868.jpg,41.433001173638,-4.6674497562519,41.2283532237842,-4.304876632236059,37.87259572096654,41.18366241455078,-4.659402847290039,27.73335078657366
2877318919227094.jpg,41.172418662798,-5.2048055861954,41.1606383474516,-5.044298425468339,13.499354206749059,41.17254638671875,-5.2048563957214355,0.014825311398128467
485580747029399.jpg,41.051887880918,-3.9070410174697,41.2730586048322,-4.80547684107132,79.12875257983207,41.05226135253906,-3.9065937995910645,0.055954421992895624
757244944933133.jpg,41.224443537569,-4.8464214998489,41.3054795581348,-4.90930745684824,10.431735024303727,41.22563934326172,-4.847604274749756,0.165726474521633
948112270735009.jpg,41.078861367444,-4.129744071954,41.2766614345964,-4.41541473247382,32.4865267013457,41.08300018310547,-4.1282877922058105,0.4761270046112356
1717418572275080.jpg,41.240923236199,-3.8285932715986,41.267726977096,-4.4979049900952,56.030457846075954,41.3096923828125,-3.6589207649230957,16.109761623834203
1094825877988392.jpg,41.364177512989,-4.770971793325,41.3726362638276,-4.89714783795198,10.571200520899161,41.24064636230469,-4.632989883422852,17.931266502337575
396601694899596.jpg,41.062723673597,-5.2008550487145,41.2517424779592,-4.61740502735016,53.17589354820226,41.06272506713867,-5.200854778289795,0.00015660465041806678
1089762859261684.jpg,41.594168981754,-5.1153937074053,41.1823761774286,-4.441217081895699,72.52437734934762,41.59416961669922,-5.115391731262207,0.00017885844531912847
743663848620075.jpg,41.125919984893,-4.7712573495518,41.2252329040312,-4.47281383250908,27.310706399904216,41.12620162963867,-4.771448135375977,0.0351588696785391
973824423263847.jpg,41.297971437053,-5.2299680992704,41.4413983593128,-5.2393819984929,15.967681605641586,41.29798889160156,-5.230030536651611,0.005565370978845671
1595015564589866.jpg,41.362270711957,-4.1531294438746,41.2769425099952,-4.53879233947616,33.575792591681285,41.36244583129883,-4.153591156005859,0.04317370041924218
481973536350321.jpg,41.008454818059,-5.1068097054464,41.2836438604456,-5.109976425883599,30.600774229353995,41.004539489746094,-5.114696025848389,0.7921240134074966
2531497480563058.jpg,41.115935785665,-3.8988542598401,41.31647458820179,-4.35004555006028,43.83490096118626,41.11861038208008,-3.9038450717926025,0.5130696290231707
297710655179530.jpg,41.30069851571,-4.3011383963367,41.350257566637396,-4.82419501523436,44.02357846895359,41.29410934448242,-4.300013542175293,0.738683933935303
545167259998430.jpg,41.251714152649,-5.3856406284125,41.201508771681596,-4.8578495840748,44.49108944011729,41.251712799072266,-5.385640621185303,0.00015051207842901204
1594910221417534.jpg,41.272648186915,-3.9639704665103,41.2508188237406,-4.50692375845716,45.447952849569,41.27259826660156,-3.9638545513153076,0.011164901103676595
1533459480564473.jpg,41.232308820904,1.8003419374849,41.2002206831168,-4.2462401379311405,505.67047456772707,41.65094757080078,-4.695485591888428,543.3270195889202
1837487133791991.jpg,41.105926039659,-3.7120995086484,41.3379959594936,-4.284925943533919,54.416709262907766,41.08311462402344,-3.694861650466919,2.9189975553048977
782589700977739.jpg,41.182851150927,-4.0486052983998,41.2950564746124,-4.63123588128854,50.28879537964149,41.18318176269531,-4.049046993255615,0.05213250191449869
662663459611269.jpg,41.305036564244,-3.6075303785846,41.2475316643112,-4.61746186544558,84.63847043623774,41.30498123168945,-3.6074881553649902,0.007091887925619766
1050177206994553.jpg,41.237643191813,-4.1080147006945,41.165236310396196,-4.2981409576324,17.828065834537206,41.072269439697266,-5.210910320281982,94.1494577731886
1305516290532511.jpg,41.139376721688,-4.0749655604089,41.207584660646,-4.33902334715942,23.366393671023342,41.139339447021484,-4.074891090393066,0.007488003995208831
3012656898967400.jpg,41.481132858972,-5.0432810435224,41.4413983593128,-5.2393819984929,16.927831046924805,41.48063659667969,-5.044099807739258,0.0877337647788782
974486263297447.jpg,41.367844582846,-5.164451098763,41.2836438604456,-5.1099764258836,10.409224930877066,41.398155212402344,-5.1412177085876465,3.8880323008326547
1201032514784270.jpg,41.233539010058,-4.1106764138388,41.3362085145374,-4.46389817921482,31.64486672119779,41.23387145996094,-4.110498905181885,0.039835554111272174
847113402540696.jpg,41.186449357659,-4.7943589037857,41.2836438604456,-5.1099764258836,28.519015678429504,41.18632507324219,-4.794586658477783,0.02354213426420367
1980366969165399.jpg,45.257256942045,1.7541111565682,41.2015661894664,-4.54545050758024,680.6941895506176,41.145751953125,-5.474692344665527,742.6852131673022
282525550036701.jpg,41.380464927078,-4.6845287513071,41.3471896240906,-4.573584998534519,9.970747009482173,41.402061462402344,-4.686676502227783,2.4080994270862326
505738680607959.jpg,41.602557612995,-5.131716177832,41.1686899542932,-4.38474108631464,78.80929700352713,41.60240173339844,-5.131398677825928,0.03158115501646001
157221863019193.jpg,41.161031499929,-4.9481538023551,41.2836438604456,-5.1099764258836,19.210866155682403,41.16075134277344,-4.948365211486816,0.03582836164154227
241232244422455.jpg,41.280589538789,-3.6043508754975,41.3277602032904,-4.88624791868948,107.20607570720811,41.28022384643555,-3.6043105125427246,0.040802773219189084
2911325425848749.jpg,41.227016389136,-5.3161486092205,41.4413983593128,-5.2393819984929,24.68481952499952,41.22716522216797,-5.316062927246094,0.018034159536576725
1667442193897922.jpg,41.121656020514,-4.1119933311015,41.181894579264,-4.26876720402244,14.736371395555988,41.12565612792969,-4.103916168212891,0.8096756973093371
5553807447994672.jpg,41.173921652648,-5.3741189218854,41.444353586031596,-5.2057810526366,33.19546563641016,41.586917877197266,-4.555037975311279,82.33490724236866
508385078341944.jpg,41.040372303999,-4.6961389122829,41.1817115238356,-4.50580759615986,22.38888170326513,41.04008483886719,-4.695896148681641,0.03789827994999847
776061648192714.jpg,41.272081963913,-3.8881064880949,41.314927393040605,-4.400258272230199,43.052113622250516,41.1682243347168,-5.369733810424805,124.45715381851056
1831764694441994.jpg,41.616985116702,-4.7905313252325,41.4725296348984,-5.252632945325381,41.676909305091414,41.616859436035156,-4.790597915649414,0.015031477144457461
484178602830680.jpg,41.134408424451,-4.5969605649422,41.2294261054562,-4.47808857530014,14.511886001623106,41.13459396362305,-4.596773147583008,0.02592296542472333
1140096133231174.jpg,41.332262053554,-4.6020573888713,41.2836438604456,-5.1099764258836,42.76772893542753,41.332584381103516,-4.601222991943359,0.07834693496970471
181267890428053.jpg,41.396236662429,-4.4676202691639,41.2836438604456,-5.1099764258836,55.06935800930943,41.39623260498047,-4.467535972595215,0.007045921051340305
1529370207454752.jpg,41.429736710888,-5.1046256717346,41.3234953926682,-4.660452070527859,38.898418913547914,41.2783088684082,-3.687669515609741,119.46100563213987
1198754751432599.jpg,41.24116666541,-3.7050814566252,41.3108504658676,-4.29151800097034,49.61569818696773,41.16830062866211,-4.02840518951416,28.23625363613335
1441378820110593.jpg,41.500272943343,-4.6227932997203,41.2466499325338,-4.47653351571448,30.729038315166928,41.500267028808594,-4.622725963592529,0.005646167811355422
1471387729865819.jpg,41.175744388968,-5.3722409695098,41.4413983593128,-5.2393819984929,31.555040274248707,41.175636291503906,-5.372348785400391,0.015030154935615582
1881893738640402.jpg,41.401072615815,-4.4324633571608,41.2526042846954,-5.00592491096534,50.65119606822686,41.40110397338867,-4.432387828826904,0.007200193987468273
952135742227400.jpg,41.110193541891,-4.758971962287,41.207474072780805,-4.32610704680064,37.81824616860586,41.11045837402344,-4.759171009063721,0.03384187829867004
4506249049405074.jpg,41.319983397446,-5.2083648393843,41.4413983593128,-5.2393819984929,13.746515394583525,41.319419860839844,-5.210230827331543,0.16795842039430398
924291691482627.jpg,41.347528957225,-4.5444672910956,41.2836438604456,-5.1099764258836,47.760657663224286,41.347503662109375,-4.544658184051514,0.01618128608809605
192466542715365.jpg,41.249939981698,-5.3937675804248,41.2391532972642,-5.13615866039444,21.571465431626184,41.25031280517578,-5.39260721206665,0.10549437035195054
3370644256489742.jpg,41.159237975007,-5.1995728858765,41.093354012272,-4.83938299458638,31.045814161490732,41.159095764160156,-5.199498653411865,0.016990440463645017
1459503178021227.jpg,41.53276990204,-5.3849983938558,41.3215427520772,-4.58969351261618,70.34411147312562,41.07766342163086,-5.217678546905518,52.50001574667768
1496956271705740.jpg,41.56172447536,-4.8667654010155,41.2432627126088,-4.83023521134242,35.54216437968452,41.56125259399414,-4.867252826690674,0.06631618309050978
1719628145218533.jpg,41.238620541999,-3.8485400889966,41.1499246292938,-4.3566348748485595,43.64225413213198,41.23876190185547,-3.8485655784606934,0.015862335238893313
387598042954139.jpg,41.053801866724,-4.6282073286997,41.2508188237406,-4.50692375845716,24.146296684200603,41.0091667175293,-4.604800224304199,5.3374381920661325
2908446179443424.jpg,41.519216766184,-4.6941729928069,41.3792252975154,-4.92495756158128,24.744462164617016,41.51898193359375,-4.69408655166626,0.02708577329026823
1071432004453708.jpg,41.273900592311,-3.6011162095729,41.277113389312404,-4.5953958896479605,83.09040294090083,41.27399444580078,-3.6011807918548584,0.01174904170865371
549008459426112.jpg,41.316350395554,-3.6256163652216,41.3077485722186,-4.626097751750501,83.56654154701772,41.31507110595703,-3.6245436668395996,0.16811081586532703
3922806957816062.jpg,41.175952011114,-4.9360537173207,41.1560570350048,-4.51874896104094,35.00176023009978,41.21852111816406,-4.740691184997559,17.01721420272138
1006497268090761.jpg,41.229799047262,-4.1113461843032,41.255270606816005,-4.37723519662306,22.410753526081557,41.22967529296875,-4.111383438110352,0.014109102643941844
950833239008609.jpg,41.056745540656,-5.1962286413508,41.2640707549906,-4.382569187498119,71.91084801163707,41.05674743652344,-5.196228504180908,0.0002111243514375767
804685864869298.jpg,41.447505671389,-4.5057998785025,41.3077158212552,-4.64557920720356,19.432815230740374,41.44749450683594,-4.505960941314697,0.013481472242883322
482997286453064.jpg,41.123391311724,-5.1823009914558,41.1560570350048,-4.51874896104094,55.68544519591473,41.123443603515625,-5.182292938232422,0.00585357943499749
297871215166794.jpg,41.005184912933,-4.326152692182,41.2455247662038,-4.43089388325162,28.12774768392153,41.00497055053711,-4.325840950012207,0.03539020973924987
493347858470567.jpg,41.351856169501,-4.9519403410925,41.27667056224681,-4.8863085225204,9.997020336793433,41.35177230834961,-4.951782703399658,0.01612728542567384
395358204913567.jpg,41.135259345943,-4.5960947087357,41.318068003384596,-4.4669601893549995,23.01812386446916,41.135501861572266,-4.595845699310303,0.0340892360697272
2505915923107371.jpg,41.416823250637,-4.1590529177438,41.303235996218,-4.44842791094244,27.254426279691494,41.10607147216797,-4.124842166900635,34.672140219459344
1077651982780074.jpg,41.203078480589,-5.3328911123834,41.4413983593128,-5.2393819984929,27.626522941824003,41.20351028442383,-5.332035064697266,0.08622315276459293
467547981146856.jpg,41.375368119221,-4.6839306263227,41.2952593627028,-4.566301509511019,13.25894080606539,41.3751220703125,-4.683929920196533,0.027359453774126456
1893117370836771.jpg,41.324516312307,-5.1973748304143,41.4029097017066,-4.87447159490066,28.32268425011564,41.32615661621094,-5.195655822753906,0.23210431016110147
769512784266862.jpg,41.401142221903,-4.3191899431236,41.286726817988196,-4.68134709571044,32.80083099327952,41.1752815246582,-3.6405889987945557,62.01142033212117
1134141820441334.jpg,41.380562118154,-5.1532148770345,41.2836438604456,-5.1099764258836,11.365452369909008,41.38045120239258,-5.153314113616943,0.014854707596105842
3926192887593111.jpg,41.201595424953,-4.1170484247329,41.2098119875306,-4.6869997983067995,47.68933373586566,41.20185089111328,-4.117005825042725,0.028629244592309595
1128035681003538.jpg,41.085700077456,-5.3091796150713,41.2504797752694,-5.1168563236991,24.390196062779893,41.0858268737793,-5.309107303619385,0.015346468023340776
271111891407007.jpg,41.227615028728,-4.6700311662077,41.2098119875306,-4.6869997983067995,2.435810781825981,41.22598648071289,-4.66961669921875,0.18437380030701966
211183804194588.jpg,41.108888381709,-3.8509018486617,41.2719846646948,-4.23822177125286,37.13870329088844,41.24616622924805,-3.7083895206451416,19.371870699090028
1689062141793542.jpg,41.533343870017,-5.2818855277974,41.491401325312594,-5.23494036965066,6.085237380633607,41.533180236816406,-5.2816972732543945,0.024012646674402425
1455503661835464.jpg,41.246188460856,-4.867858614833,41.3215301711922,-4.89745543873278,8.7350069320696,41.24642562866211,-4.868034362792969,0.030188965624237327
29628745000044139.jpg,41.140185665992,-4.1088730839188,41.1444997004686,-4.529674925321159,35.24049660220381,41.1385612487793,-4.107825756072998,0.20079430463875536
1319522568442493.jpg,41.077843458474,-4.5674404340538,41.1842260678212,-4.6528898723587195,13.82560835274573,41.07794189453125,-4.5670576095581055,0.03390403265407405
1516877886309738.jpg,41.508132823509,-5.1052937233769,41.4492964604652,-5.0057380774466,10.563504314018276,41.50813674926758,-5.105409145355225,0.009621051702712278
6964223030369497.jpg,41.286898549356,-4.8973958672804,41.244942839419004,-4.5687139810524195,27.864662478394887,41.28191375732422,-4.893709182739258,0.634132033338733
1394200984549378.jpg,41.053490493296,-4.1973197971826,41.22517822307181,-4.57758156771372,37.12806100780762,41.053466796875,-4.197291374206543,0.0035528874598284915
853270378731926.jpg,41.070060001376,-5.2087516997305,41.2705364771924,-4.257638818077299,82.67230627732587,41.07006072998047,-5.208751678466797,8.103672807256228e-05
1408481689701305.jpg,41.048204634558,-3.9111649725811,41.100619665360604,-4.33360985984992,35.88785737625369,41.044677734375,-3.9139904975891113,0.45819815381032447
1259102424504595.jpg,41.291048789176,-4.3175148705546,41.315417794673195,-4.43191759821966,9.933101966616146,41.291107177734375,-4.317039489746094,0.04024436682263237
2171612356589260.jpg,41.234164656764,-4.1103181594562,41.20184087298979,-4.398744559244039,24.39074187000923,41.23426055908203,-4.110276222229004,0.011225666617124787
1503547186662809.jpg,41.397602971521,-5.1414784864782,41.4413983593128,-5.2393819984929,9.505711028167262,41.3974609375,-5.141550064086914,0.016884290510143587
4022116304743736.jpg,41.00133131772,-4.1521948688268,41.29049051013381,-4.73490644069936,58.43386691918244,41.2538948059082,-3.867509603500366,36.84090494478907
1856409104852757.jpg,41.117796833182,-3.7239658570717,41.1560570350048,-4.51874896104094,66.69493929581782,41.47699737548828,-4.594901084899902,82.99959012755598
1094343164422710.jpg,41.113051474894,-4.6380027324068,41.517787629747595,-4.99436335243258,53.95542686411881,41.11282730102539,-4.637901782989502,0.026322580036221788
3589532967819858.jpg,41.617617271777,-4.7967875975589,41.4413983593128,-5.2393819984929,41.72904541296586,41.61699295043945,-4.797217845916748,0.07809316625326664
1396763847389413.jpg,41.056026626293,-4.3875301008212,41.2800347228536,-4.5191487446841,27.236281525785955,41.056339263916016,-4.388169765472412,0.06391562652231067
471603063916147.jpg,41.400185913179,-5.1402952811542,41.4413983593128,-5.2393819984929,9.447833230585461,41.39848327636719,-5.141061782836914,0.19982812672488084
331180542417204.jpg,41.321062430374,-4.6236929133516,41.2836438604456,-5.109976425883599,40.83356210512024,41.32094955444336,-4.623805999755859,0.0157073005893621
2660288670841227.jpg,41.045088111816,-3.8205041714578,41.250562928521,-4.03800352540968,29.21777167283761,41.045021057128906,-3.8205251693725586,0.007661262237747597
136049158568228.jpg,41.080698184201,-4.5343868142686,41.1801806088436,-4.5197972580398,11.129224701549317,41.08055114746094,-4.534019470214844,0.03486145911498447
1420693104935526.jpg,41.468135704299,-5.0652073602893,41.2836438604456,-5.1099764258836,20.85188306733597,41.468875885009766,-5.063989162445068,0.13067686658730288
9685204734835900.jpg,41.125657930471,-4.1039159798279,41.2023134137704,-4.404453984523061,26.562954563856458,41.12601852416992,-4.103302001953125,0.0652103085946719
768758544000631.jpg,41.251652133501,-5.3855758135596,41.1560570350048,-4.51874896104094,73.29313459655535,41.251644134521484,-5.385554313659668,0.0020053995747064636
1263266695799018.jpg,41.005646501832,-4.1496103034456,41.1444997004686,-4.52967492532116,35.40275392188519,41.00576400756836,-4.149473190307617,0.017409723503160106
176664047593935.jpg,41.114466910674,-4.6330869073045,41.24224011148,-4.548434969252,15.876172796219917,41.114261627197266,-4.633799076080322,0.06387893679933213
1658718104925018.jpg,41.126539228597,-4.771263271939,41.2508188237406,-4.50692375845716,26.081656656805617,41.12680435180664,-4.7715229988098145,0.03663797406765401
144541480935564.jpg,41.052209693315,-4.7196544173973,41.254823899971996,-4.3165582077349,40.57790778172529,41.128807067871094,-4.103095531463623,52.36758820735264
1471422130561420.jpg,41.567632487934,-4.8579715184884,41.4492964604652,-5.0057380774466,18.01501258558216,41.56843948364258,-4.856837272644043,0.130215652965697
648806218069184.jpg,41.201361145988,-4.0738284916509,41.2508188237406,-4.506923758457161,36.6354251532141,41.20127868652344,-4.073700428009033,0.01410198021599516
112729670891695.jpg,41.061860063491,-4.7193840471588,41.255270606816005,-4.37723519662306,35.818839551182066,41.04928970336914,-3.9101476669311523,67.86787548653598
1496928098418756.jpg,41.229151308428,-3.7819470680222,41.2098119875306,-4.6869997983068,75.72863575094553,41.22917175292969,-3.7812907695770264,0.05493161391866295
3458929691091648.jpg,41.111126285554,-3.7233327738051,41.15605703500479,-4.51874896104094,66.80260205978176,41.15663528442383,-4.010910987854004,24.610303624283798
827003188805219.jpg,41.006231866568,-4.0031294565287,41.31225985573781,-4.627194927544321,62.3493272748353,41.00626754760742,-4.002144813537598,0.08271848811462436
946982936142723.jpg,41.402155246964,-4.4303662553592,41.204230492574,-4.76891139216304,35.83424451805886,41.40776824951172,-4.332671642303467,8.171812661499448
1675948063092887.jpg,41.161034718461,-3.6718724502814,41.36309028234,-4.24611316967224,52.996156154790505,41.16773986816406,-3.673076868057251,0.7523646629060772
1274911467216696.jpg,41.504025144536,-5.0308636784804,41.4492964604652,-5.0057380774466,6.43548715632041,41.504024505615234,-5.03080940246582,0.004520388034449666
2893695300897023.jpg,41.130856241802,-4.971184643399,41.2836438604456,-5.1099764258836,20.577682174928697,41.13571548461914,-4.967404842376709,0.6262253242008646
1185711453259451.jpg,41.141510181695,-4.1092882546068,41.2098119875306,-4.6869997983067995,48.944784797146845,41.14117431640625,-4.109128952026367,0.0396574882595229
1475459550546025.jpg,41.594024229293,-5.1149410288118,41.1560570350048,-4.51874896104094,69.61564984995316,41.15663528442383,-4.010910987854004,104.1697534405715
1050632082700962.jpg,41.275695830411,-4.2965150277457,41.247531664311204,-4.617461865445581,27.008795091985792,41.27484893798828,-4.296356201171875,0.0951009197819755
1216529162201376.jpg,41.156871617719,-5.4517745257586,41.357374065368205,-4.97267903580342,45.835840736875134,41.410545349121094,-5.1320929527282715,38.84797648743159
1888646084625220.jpg,41.474238908355,-4.6759208610987,41.2508188237406,-4.50692375845716,28.56752417157143,41.47412109375,-4.675867557525635,0.013832630684050391
1080797582881863.jpg,41.239812883921,-3.8492016049384,41.2839614631846,-4.6449980743072,66.6977605988054,41.23984909057617,-3.8492257595062256,0.004504181639826735
919298758854789.jpg,41.592356460526,-4.6104628362895,41.30097277445039,-4.775513303710079,35.1998766341841,41.59228515625,-4.610116481781006,0.029874611397114236
1147079052915387.jpg,41.251942349158,-3.867803059505,41.213838968561,-4.44524914149992,48.47301011369289,41.251922607421875,-3.867753267288208,0.004705910870261972
1174756421351880.jpg,41.071210612435,-3.8117396674621,41.1218519700592,-4.480351897292221,56.309721298713455,41.687110900878906,-3.4531660079956055,74.73441004383203
2791364924512059.jpg,41.605435642198,-4.7400334792022,41.4413983593128,-5.2393819984929,45.396250962061934,41.60593032836914,-4.736361980438232,0.3101795457519245
186133330028095.jpg,41.051462205816,-4.3802099924705,41.2131956638152,-4.3222992068694595,18.626472460121136,41.05129623413086,-4.380003452301025,0.025309151606513185
2993619804243157.jpg,41.140109077315,-4.2694480016782,41.166330954970206,-4.59554892712286,27.457867405621524,41.14002990722656,-4.269510269165039,0.010231708036708571
620062416057532.jpg,41.001825832271,-4.3094723856637,41.24224011148,-4.548434969252001,33.3961779847123,41.0018196105957,-4.309228420257568,0.020484666104446096
1468659734376524.jpg,41.258646372954,-3.7573524226145,41.2517424779592,-4.61740502735016,71.89914979957756,41.258934020996094,-3.7571470737457275,0.036299836368244916
1233723604938793.jpg,41.19407713803,-4.0632799665186,41.197726345759,-4.1604036452228,8.136458282243668,41.194053649902344,-4.0631937980651855,0.007668385921664343
2641726812791174.jpg,41.071131233694,-4.4896687351847,41.209864781799396,-4.36484513242272,18.63430012719241,41.071144104003906,-4.490067005157471,0.03341732624567112
475619570412642.jpg,41.16523830503,-5.4127144238787,41.362067433720405,-4.81439017844316,54.589266955341316,41.16508865356445,-5.413487911224365,0.06685217928878505
4352381518105703.jpg,41.592109872353,-4.6095928251635,41.4413983593128,-5.2393819984929,55.048049259232265,41.591739654541016,-4.607945442199707,0.1430505709841606
496722758409917.jpg,41.047251074014,-4.6888429689895,41.280273392011,-4.4962464139229,30.51732299804528,41.04743957519531,-4.689917087554932,0.09248169587619126
781986092502151.jpg,41.243885394804,-5.1775137898328,41.128215964450405,-5.06090449423126,16.144624864814087,41.2437858581543,-5.1776862144470215,0.018174887348555123
1863863244028928.jpg,41.048376558652,-3.8165155559882,41.3383483040474,-4.395055818656699,58.16335722666141,41.04833984375,-3.8164350986480713,0.007886005960902647
1575644576348005.jpg,41.136632487446,-4.7790177868211,41.2252329040312,-4.47281383250908,27.454461637185958,41.1368293762207,-4.779245376586914,0.02902713167726128
1362493500803670.jpg,41.006529800735,-3.6373590768114,41.2387988689282,-4.3535925275064,65.31700942384464,41.609771728515625,-4.076181411743164,76.43819279911402
210906934179305.jpg,41.02683083936,-5.0728476981066,41.2836438604456,-5.1099764258836,28.724992661008525,41.02678680419922,-5.072902202606201,0.006699263748634311
132516058835404.jpg,41.113036407235,-5.2110481624931,41.2836438604456,-5.1099764258836,20.77008780690705,41.11307144165039,-5.210847854614258,0.017227195311355845
7664573793575028.jpg,41.278715286683,-5.2516282700947,41.2201276125088,-4.79823577632596,38.46001619397334,41.411624908447266,-5.130893230438232,17.888480127908572
985384655536970.jpg,41.006538658283,-4.3281396060161,41.2793834542574,-4.367691985533501,30.51920267006265,41.006370544433594,-4.327893257141113,0.027870345159973747
344578407355565.jpg,41.610856462983,-5.1515876286047,41.363203299514204,-4.84384668535908,37.622038171780304,41.61068344116211,-5.151042938232422,0.049201646485948936
483827889592610.jpg,41.165810598875,-5.3974827461575,41.4413983593128,-5.2393819984929,33.36858795339703,41.165897369384766,-5.3975348472595215,0.01058835775862306
1863984033806970.jpg,41.161944702778,-5.2007787162668,41.1842260678212,-4.65288987235872,45.92461555136266,41.16205596923828,-5.200733661651611,0.01293439037405466
3537570353014363.jpg,41.596923421137,-4.639010961488,41.3373103254066,-4.980123119559121,40.51124904446487,41.596988677978516,-4.640812397003174,0.1499745093632359
232406832147279.jpg,41.629944119959,-5.1843346982613,41.1835230499152,-4.69763217471432,64.1225244243838,41.273197174072266,1.556740164756775,563.0707800873863
1357532228134113.jpg,41.028572070993,-3.8292628883362,41.16042144548,-4.071147505393601,25.016158650678733,41.59897232055664,-4.656452178955078,93.78450554354228
379927929966035.jpg,41.236970799367,-4.7215624571562,41.2836438604456,-5.1099764258836,32.87873553799695,41.237239837646484,-4.721491813659668,0.030493301805576165
778476873061454.jpg,41.116191344173,-5.2953590561965,41.2836438604456,-5.109976425883599,24.23343110549139,41.11626052856445,-5.295222282409668,0.013800802655028194
555771248722667.jpg,41.023272306068,-4.6796452697494,41.1912218077614,-4.818948004797059,22.022210242924693,41.02264404296875,-5.078676223754883,33.47500536134143
2874517462795769.jpg,41.454753845019,-5.0842141586777,41.4413983593128,-5.2393819984929,13.017728633375773,41.458492279052734,-5.0791449546813965,0.592674580554474
1196482832519096.jpg,41.526014286703,-5.2493336349945,41.4636083784158,-5.2625696503292,7.026238770351018,41.52601623535156,-5.249312400817871,0.0017809039875664012
2884579781802150.jpg,41.165945289418,-5.3988660902658,41.4413983593128,-5.2393819984929,33.40074950232636,41.165889739990234,-5.397488117218018,0.1155130103757921
1639072116277103.jpg,41.550014192559,-4.7870986852106,41.36483556901641,-4.7249937588358595,21.23138876814396,41.549922943115234,-4.787108421325684,0.010178771078908865
1064826662072976.jpg,41.261388134251,-4.0992053850494,41.314455101236994,-4.3679878369174805,23.219652388405265,41.260231018066406,-4.099747657775879,0.13641600806410556
501614137751994.jpg,41.073142678816,-5.2120685906985,41.1444997004686,-4.52967492532116,57.71955241466223,41.073143005371094,-5.212069034576416,5.199042256937321e-05
316799276564936.jpg,41.403049530108,-5.1407681688592,41.4413983593128,-5.239381998492901,9.262374483132085,41.40546417236328,-5.138984680175781,0.3069465543084573
24310698071922142.jpg,41.185773005653,-3.6164337322326,41.2700801679276,-4.41726841506776,67.62567433144726,41.185768127441406,-3.6163322925567627,0.008506080118690565
1108871189618694.jpg,41.251550129636,-5.388447997327,41.23943466136,-4.60389880470594,65.6070532331026,41.251564025878906,-5.388390064239502,0.005083657949476608
159145906137171.jpg,41.166132718027,-5.3999892329928,41.392577870356995,-4.75488228461224,59.49764816585401,41.16608428955078,-5.400343894958496,0.030172484524228757
1897014053796824.jpg,41.609208693359,-4.8025949485806,41.4413983593128,-5.2393819984929,40.86968748604181,41.30134201049805,-5.229969501495361,49.40065616271213
739523104987480.jpg,41.171798501951,-4.2703570730638,41.2463645522076,-4.76025651927236,41.81188937224906,41.1721076965332,-4.270380973815918,0.03443902105706134
306133934456309.jpg,41.251451543982,-5.3851361376635,41.255270606816005,-4.37723519662306,84.25755978383278,41.25146484375,-5.385152339935303,0.0020054166456693464
1847833672528580.jpg,41.856914106177,-4.5518965433324,41.4492964604652,-5.0057380774466,58.95855388125529,42.01546096801758,-4.346156120300293,24.50348297803045
816919383121444.jpg,41.435195847593,-4.471995378754,41.3539744003138,-4.759065649047341,25.59261005859328,41.43526840209961,-4.472076416015625,0.010522590826324812
7346580478791780.jpg,41.025857773907,-3.9497712416709,41.2199753758902,-4.46014887895878,47.89083679165555,41.02631759643555,-3.948654890060425,0.1066959720742524
1173736537338144.jpg,41.203167,-4.2625632,41.2987486862142,-4.8757329842083,52.35080404614242,41.489830017089844,-4.611299991607666,43.16852790994327
301145634753683.jpg,41.147547337373,-4.7874921454044,41.27391859996361,-4.781228004684401,14.061610033301612,41.1472282409668,-4.787265300750732,0.04024602847178514
4012898369033539.jpg,51.386816124645,0.54845378928669,41.198212122884605,-4.21455347381282,1189.907304710102,41.121517181396484,-3.90865159034729,1191.204480722112
762669917764896.jpg,41.155114528296,-4.0067928118931,41.255270606816005,-4.37723519662306,32.93080902708092,41.157230377197266,-4.0051589012146,0.27214859293182225
933126050863043.jpg,41.084565059192,-4.7393804641906,41.163333657448405,-4.75466076492754,8.851691009839024,41.084442138671875,-4.739291667938232,0.015562919774200514
1168441063569153.jpg,41.071292404061,-4.458799983582,41.2508188237406,-4.506923758457161,20.36488467326597,41.07124328613281,-4.4580078125,0.06663118599384112
1100559957123401.jpg,41.361738865333,-4.9623358653999,41.1415750592596,-4.70649768685052,32.50779659998271,41.366905212402344,-4.962064266204834,0.5749185623978058
3874970422731978.jpg,41.431286136965,-4.4475333474764,41.3539744003138,-4.759065649047341,27.37237302627362,41.431270599365234,-4.447678565979004,0.0122292890529799
2018305495038321.jpg,41.964880365666,-2.7806013487376,41.3348550986522,-4.19510132357726,136.8193131937895,41.315067291259766,-3.6549108028411865,102.4667043262651
432340274408337.jpg,41.249609490174,-5.3948184008374,41.239153297264195,-5.13615866039444,21.65723734388939,41.27140808105469,-3.701840400695801,141.5300160592076
2831272797186830.jpg,41.167881543909,-4.9428105266821,41.2836438604456,-5.1099764258836,19.003785536230094,41.167850494384766,-4.9428324699401855,0.003910735309701456
1985344645308613.jpg,48.393766691801,8.0026917388977,41.1393499526516,-4.2397029285687795,1256.2244487938995,41.16602325439453,-5.398952960968018,1325.2848279679495
664937788995649.jpg,41.243086404985,-3.8440285128815,41.2098119875306,-4.6869997983067995,70.59519371797282,41.24302291870117,-3.8440492153167725,0.0072684631461350365
1477095099986410.jpg,41.582362600085,-4.1266867408785,41.3607550595556,-4.51955005869104,40.97061192788682,41.584110260009766,-4.126583576202393,0.19452025733512696
577988129866268.jpg,41.166125779229,-5.3878160537922,41.4413983593128,-5.2393819984929,33.024830711089024,41.166160583496094,-5.387621879577637,0.01670831137797646
1800204887129085.jpg,41.209371068398,-3.743347122305,41.3374848140298,-4.19048570852296,39.99098427435626,41.20934295654297,-3.7432563304901123,0.008213101236622016
1539725930346817.jpg,41.9467331016,-4.4726266592409,41.4492964604652,-5.005738077446599,70.84138207918097,41.948638916015625,-4.46887731552124,0.3755754123684525
311887497093105.jpg,41.066318819876,-5.2039614565217,41.339460721669,-4.49579537251202,66.5769743869591,41.066158294677734,-5.2037739753723145,0.023783394952600755
1045037426599122.jpg,41.569688963764,-4.669194857452,41.2192523589254,-4.63122134241608,39.09530477593866,41.569400787353516,-4.668986797332764,0.036419655883252196
1479940336685767.jpg,41.112062392997,-3.7254625422462,41.255270606816005,-4.37723519662306,56.820786314821945,41.112060546875,-3.7254514694213867,0.0009500901410128133
297346525333003.jpg,41.049454512722,-5.3874499143813,41.255270606816,-4.37723519662306,87.62171689054234,41.048927307128906,-5.387259483337402,0.060758680333280746
296037678907707.jpg,41.198219978797,-4.7697547197247,41.2836438604456,-5.109976425883599,29.990683635436646,41.19834518432617,-4.769461154937744,0.0282330189586786
1888015892009815.jpg,41.235254979873,-4.1097707528513,41.133921432240996,-4.56209670750038,39.49405372279702,41.23362350463867,-4.110638618469238,0.19538898265965804
1371973066522555.jpg,41.408198651135,-5.1344335083571,41.421889364113,-5.1918819664773395,5.026648617905189,41.40892028808594,-5.133707046508789,0.10054549902671274
956931671748599.jpg,41.067342564476,-5.3198108180921,41.2504797752694,-5.116856323699099,26.5212272068016,41.067466735839844,-5.319737434387207,0.015115792799250585
968909360586468.jpg,41.045689138891,-5.3774959564213,41.1067653951054,-4.960731544766119,35.58831243725013,41.045677185058594,-5.377688884735107,0.016233801880017332
1150188259339722.jpg,41.254608306821,-3.8751472801488,41.2924746749252,-4.40917496273694,44.82714636063924,41.25466537475586,-3.8749241828918457,0.019699790005643567
674047471948146.jpg,41.298353383247,-4.1062245189403,41.1560570350048,-4.51874896104094,37.9547028245006,41.29833221435547,-4.106318950653076,0.00823241274755348
2761745047471792.jpg,41.536322476272,-4.8999915433429,41.243262712608804,-4.83023521134242,33.102259100085014,41.597023010253906,-4.636692047119141,22.921300851317504
904813390094294.jpg,41.026595395459,-5.4420658100566,41.20161682537,-5.26108912044374,24.67005608735263,41.026824951171875,-5.441590785980225,0.047322246333027645
323358962514144.jpg,41.003213764665,-4.3232864602243,41.1411032968624,-4.427149405872461,17.63219116889305,41.002803802490234,-4.322525978088379,0.07842590500903439
1153879621778015.jpg,41.593498924393,-4.5871349758114,41.2432627126088,-4.83023521134242,43.90419330190089,41.13109588623047,-3.6894187927246094,90.86607236441014
985574275519665.jpg,41.313033476875,-4.3731975591516,41.2508188237406,-4.506923758457161,13.142283612840737,41.312965393066406,-4.37296199798584,0.021080407052506203
598235164903137.jpg,41.071605372106,-4.7164389329783,41.2202288839284,-4.7645134392798,17.009378467699097,41.011592864990234,-4.146021366119385,48.30222793064269
3973917552843464.jpg,41.478393869277,1.8953803364511,41.4079163794654,-4.97802452097212,572.8227262349187,41.25909423828125,-3.706033706665039,467.98386989932675
509904304741610.jpg,41.059959689232,-3.8706970450054,41.260970762175,-4.4229490160468,51.35134202119688,41.06010818481445,-3.8697049617767334,0.08480268055277417
1341231169630017.jpg,41.555216309305,-4.7603317282484,41.2801805758004,-5.06586955311476,39.80444068095748,41.55474090576172,-4.760341644287109,0.05286890109685354
2554440171525233.jpg,41.108025704442,-5.4917525857561,41.362012752761,-4.919157913647799,55.588848072905364,41.10249710083008,-5.49622106552124,0.7197862798259184
1132158888805781.jpg,41.243435432307,-3.8388737442066,41.327418212026,-4.3825551965320795,46.37736214509867,41.243404388427734,-3.838789463043213,0.00784674854939555
928890757925154.jpg,41.330364209009,-4.6870107639473,41.3471896240906,-4.573584998534519,9.652631616851613,41.33060073852539,-4.687070369720459,0.026767636978487042
530346107969023.jpg,41.145209686503,-4.586286195811,41.3471124510494,-4.69309595173754,24.16134647043792,41.144317626953125,-4.58690881729126,0.11205913771933688
142073197902640.jpg,41.593391346476,-5.1200962422971,41.2304113856442,-4.9286079719809806,43.40568844369274,41.59278106689453,-5.119488716125488,0.08460174197949244
489159088947179.jpg,41.06119282069,-5.3233804488922,41.20161682537,-5.2610891204437396,16.462932678860675,41.061309814453125,-5.323307514190674,0.014374630270993116
1175872244548236.jpg,41.260116834102,-3.9288785093797,41.255270606816005,-4.37723519662306,37.482383149177544,45.321990966796875,8.079142570495605,1070.2733338873327
937165990468975.jpg,41.009732821325,-5.3949164270441,41.255270606816005,-4.37723519662306,89.49728792671462,41.144405364990234,-5.4377851486206055,15.399991061793427
1567403720552610.jpg,41.246017786192,-3.7076844061364,41.15605703500479,-4.51874896104094,68.58950356626048,41.03144454956055,-3.8101742267608643,25.356219134035673
2830226060513916.jpg,41.209783184122,-3.7949292775444,41.2199003544896,-4.270019310580859,39.75513053695913,41.20991134643555,-3.7948098182678223,0.017405501558294945
1076221563644927.jpg,41.490319560947,-4.6154454675961,41.5061640589444,-5.0210107261066,33.822309951043465,41.490142822265625,-4.6154069900512695,0.019912055210907116
216677990260041.jpg,41.404050295747,-5.1375806690259,41.2836438604456,-5.1099764258836,13.58545315073918,41.403968811035156,-5.137979030609131,0.034438022679397426
2419585345106354.jpg,41.566166177567,-4.859756739861,41.4492964604652,-5.005738077446599,17.794484452510815,41.566192626953125,-4.859756946563721,0.0029410878250979242
1294530618784646.jpg,41.077697372029,-3.707033281194,41.125713777815804,-4.4203693253737795,60.0084286835762,41.07766342163086,-3.707054615020752,0.00417722434221644
460614515004625.jpg,41.05917957497,-5.0372208269795,41.2836438604456,-5.1099764258836,25.691454976035057,41.05928039550781,-5.037112236022949,0.014442192054208849
491051619880082.jpg,41.272548923696,-3.5998760669503,41.377447277140405,-4.955865366498879,113.82951267296478,41.28855514526367,-3.605520725250244,1.8412509673844792
2881249332117829.jpg,41.085402819229,-5.4067007884496,41.38948546602641,-4.45534701190788,86.43635531392827,41.103275299072266,-5.4205145835876465,2.2998900334415096
3835012633287292.jpg,41.406555732013,-5.1359341320316,41.2836438604456,-5.1099764258836,13.837892243254233,41.40634536743164,-5.136082649230957,0.026468534609013567
1401362093566231.jpg,41.40618611696,-4.3925933817754,41.2229320167578,-4.854496576463399,43.62817945890348,41.40612030029297,-4.392806529998779,0.019224234724222206
3983928838394609.jpg,41.520428320111,-4.9336046944878,41.4221435669286,-5.182593400800299,23.447641185687782,41.51095199584961,-4.955759048461914,2.124325696516553
1955856918079212.jpg,50.598138611111,-3.6181616666667,41.2602374297354,-4.0835099003295,1038.944996510273,41.18537521362305,-3.6054043769836426,1046.6519967928584
963722331861236.jpg,41.241097422598,-3.776248551113,41.3076930785798,-4.556376194615019,65.61388768636496,41.24079895019531,-3.7749812602996826,0.11103717134998257
1232755161659078.jpg,41.050802316958,-3.6150898845205,41.253449583547805,-4.76602684261312,98.96188726624408,41.049320220947266,-3.615367889404297,0.16644224692719223
190623532911082.jpg,41.242185155201,-4.2809323680992,41.246364552207595,-4.760256519272359,40.07802414266927,41.24180221557617,-4.280778408050537,0.044484206179411664
2975014402742785.jpg,41.175348899153,-4.9141784127801,41.2836438604456,-5.109976425883599,20.325198481818845,41.17527770996094,-4.910248279571533,0.3290327263809066
215877633427527.jpg,41.195850754501,-3.9919214968303,41.268822506772,-4.50866887209466,43.96729043184825,41.19573211669922,-3.992004632949829,0.014913511895135068
312675367170604.jpg,41.291190681396,-4.3163439916322,41.1916314940826,-4.507374799868041,19.433821383358232,41.29121398925781,-4.316145896911621,0.016752119316370422
472976407093788.jpg,41.396687804671,-4.3128722569621,41.1560570350048,-4.51874896104094,31.810786242567943,41.3968391418457,-4.312953948974609,0.018155212808667446
1699163370835164.jpg,41.631207797224,-5.1776223861567,41.1560570350048,-4.51874896104094,76.23722629491178,41.631248474121094,-5.177676677703857,0.00638892297374317
478632877070649.jpg,41.401641778329,-5.1394306183407,41.4413983593128,-5.2393819984929,9.433929612279506,41.40158462524414,-5.139464855194092,0.006967210810279627
1069338120261181.jpg,41.155394627369,-4.5249123383039,41.267574843641,-4.31012322479038,21.87268296088078,41.155399322509766,-4.524529933929443,0.03201980559833579
7325152147511235.jpg,41.239970395216,-3.7412729262058,41.3205524226194,-4.4795909698686796,62.34243893829719,41.047019958496094,-4.132079601287842,39.13104351413631
1640927836104174.jpg,41.458333265474,-5.0797588577536,41.444353586031596,-5.2057810526366,10.617427759909035,41.454071044921875,-5.085291385650635,0.6612062017408377
2991338571143015.jpg,41.467518101781,-4.986916348267,41.204737854386806,-4.7836449533361804,33.790814096827056,41.46723937988281,-4.986785888671875,0.03284346102565433
502113064368280.jpg,41.066821459662,-5.2047307395399,41.261830844918194,-4.20042453962422,86.82161882119333,41.06687545776367,-5.204807281494141,0.008787948990015483
747063485966149.jpg,41.165960880838,-5.3885324937591,41.274642418264605,-4.7342744589681605,56.03972181438774,41.165802001953125,-5.389864921569824,0.11292576327343405
991209281617133.jpg,41.276883848381,-5.2540577792393,41.4221435669286,-5.182593400800299,17.21851615568884,41.28995895385742,-5.239065170288086,1.9191589382651895
931161011810737.jpg,41.252946757884,-4.2945812896501,41.2235873333048,-4.54098056040786,20.859904146908768,41.253055572509766,-4.294829368591309,0.024010253453756545
3879529205456666.jpg,41.249270823583,-4.8696986578177,41.4255681217674,-5.02373117967524,23.44506027908997,41.24840545654297,-4.8690667152404785,0.10977404893294308
593171761657106.jpg,41.014473831231,-5.470367270219,41.093354012272,-4.83938299458638,53.63075319449214,41.01372528076172,-5.472660064697266,0.2096049426337683
853428679704169.jpg,41.233109996084,-4.8550423839609,41.2695761229514,-4.63775590437602,18.61200630531633,41.205989837646484,-4.8278889656066895,3.7751693008441105
381070353239159.jpg,41.030477130008,-3.9381800795487,41.2247884097808,-4.577299527379201,57.72664742493648,41.03394317626953,-3.932774543762207,0.5950790902607456
323392153596207.jpg,41.551181011584,-4.6646104846714,41.2166789742382,-4.6410060159033,37.24702526710244,41.56793212890625,-4.668125152587891,1.8854553218486234
885016743799841.jpg,41.403142980345,-4.3226201662648,41.254823899972,-4.3165582077349,16.500094950139854,41.290767669677734,-3.6758687496185303,55.41562620811208
1793990711211326.jpg,41.541715700029,-5.3401564020845,41.4636083784158,-5.2625696503292,10.824890258764635,41.54177474975586,-5.3395586013793945,0.05018418312308859
2930558990550837.jpg,41.575217031373,-4.8481147812485,41.24523019106739,-4.88356971764608,36.81180004251575,41.27644729614258,-5.254025459289551,47.4237811663884
577260953583889.jpg,41.079771111477,-4.4054994860661,41.3794727271194,-4.84643184324098,49.70149018759797,41.08198165893555,-4.408034324645996,0.3248978361259381
1438667920664461.jpg,41.197475882958,-4.819342285494,41.2448743189628,-4.582954862645519,20.461316932915427,41.222869873046875,-4.844806671142578,3.537043831350893
421922056045132.jpg,41.456977799998,-4.5363259000019,41.220681762975204,-4.636170250872939,27.56546941260724,41.45653533935547,-4.534719467163086,0.14262747824842656
316537131291538.jpg,41.456629280885,-4.5350153815483,41.4451896829294,-4.738152589614979,16.97781464494522,41.4566650390625,-4.535136699676514,0.010863912574011057
24324334130599066.jpg,41.541664476595,-5.3418232060947,41.4725296348984,-5.252632945325381,10.68908148378851,41.54158401489258,-5.341872692108154,0.009849368416055061
1518726545563657.jpg,41.13133486623,-3.6997779003895,41.1614201157196,-4.49453860377316,66.63167940256157,41.12981414794922,-3.7021660804748535,0.26191754267528705
1410809340050660.jpg,41.026342372621,-4.1359086942476,41.2350165096522,-4.40284788254432,32.22168968701664,41.02785110473633,-4.136528015136719,0.1756233186553614
1419076735111631.jpg,41.114220393177,-5.2662112569432,41.2504797752694,-5.116856323699101,19.641560183714393,41.11419677734375,-5.266021251678467,0.01613270912207802
2874308856164653.jpg,41.046118619806,-5.374375214159,41.1408531345002,-5.06433291584362,28.035984113155358,41.04608154296875,-5.374536514282227,0.014141139492536958
1157986568624376.jpg,41.263553732554,-4.8801882424224,41.2252329040312,-4.47281383250908,34.325213546181295,41.26325607299805,-4.8799638748168945,0.03804188620403998
697489642418559.jpg,41.627311952585,-5.1734187414799,41.3795893577498,-4.69292047994172,48.57824647948196,41.2697639465332,-3.8846306800842285,114.53574438825972
1998817196932236.jpg,41.111134642648,-4.6374937242898,41.325401203967395,-5.0970557594977,45.22331962566299,41.11137008666992,-4.637506484985352,0.026201999293449768
1950059668841153.jpg,41.156387887641,-4.7945292356969,41.3015185401204,-4.6373052717937995,20.815984384830173,41.15610122680664,-4.794310569763184,0.036758278850292016
2658056397694582.jpg,41.612347778659,-4.712670313426,41.1457972517386,-4.26130014601012,64.1061414104648,41.49856185913086,-4.621154308319092,14.767218632798704
1275816587620248.jpg,41.547078866508,-5.3955128001748,41.4725296348984,-5.252632945325379,14.500346786143927,41.5471076965332,-5.395351886749268,0.013769505823058243
911103942795569.jpg,41.046272988714,-5.3836399359347,41.1560570350048,-4.51874896104094,73.49066506366074,42.48297882080078,-2.525024175643921,285.8639029329814
296305165470939.jpg,41.299428210305,-4.6577074217069,41.2836438604456,-5.1099764258836,37.82668775605287,41.29951477050781,-4.657570838928223,0.014927312675097941
320740679643367.jpg,41.206317099414,-5.2178479994075,41.2504797752694,-5.1168563236991,9.76963142312981,41.20644760131836,-5.217898368835449,0.015110559620965002
3865082103761083.jpg,42.433161356498,0.55996304197678,41.1706072303714,-4.442007417858799,437.65767917842635,41.17461395263672,-4.872851848602295,471.458832069357
1090963986462920.jpg,41.027574365345,-3.8296691266974,41.214182832919,-4.213332518831601,38.254367791423526,41.016395568847656,-3.8079652786254883,2.2046177903562953
2879256602344718.jpg,41.586754481144,-4.5529411967706,41.2836438604456,-5.1099764258836,57.378499226480955,41.596675872802734,-4.631443023681641,6.6209285588469085
514126683092142.jpg,41.058855859385,-4.7017021713557,41.235080302693795,-4.46381444532156,27.941668027203033,41.058284759521484,-4.7015838623046875,0.06427349587691922
1304040791276375.jpg,41.504597265232,-5.0456309037386,41.4492964604652,-5.005738077446599,6.989825589724948,41.50459289550781,-5.045577526092529,0.004471457109790638
368897314444810.jpg,41.242792694754,-4.6737146372168,41.1904089408482,-4.822759976097599,13.760314334529534,41.24302673339844,-4.673745155334473,0.02614870218471466
482484243021979.jpg,41.220920351939,-5.2142490157707,41.20161682537,-5.2610891204437396,4.467602662168272,41.221012115478516,-5.214101314544678,0.016022525185928078
1652615278461740.jpg,41.610199927736,-4.7232564060879,41.274738332530795,-4.67671911528196,37.5027792713246,41.59217071533203,-4.593526363372803,10.971738845549567
184293393564024.jpg,41.07191350645,-5.3171633971419,41.093354012272,-4.83938299458638,40.11581708131321,41.0717887878418,-5.31723690032959,0.015175291356306759
2912251319050342.jpg,41.192836157768,-5.3526258876105,41.4413983593128,-5.2393819984929,29.212172364348092,41.192073822021484,-5.353527545928955,0.11347970326882863
1430309977608324.jpg,41.462546698177,-4.5567177916959,41.353584587022794,-4.75878360871282,20.755365741237593,41.46255874633789,-4.556797027587891,0.006737129565644166
144222831019699.jpg,41.046958280986,-5.3502022576017,41.20161682537,-5.2610891204437396,18.747268499740375,41.046939849853516,-5.350247859954834,0.004338763810865464
800220474190689.jpg,41.024803550697,-3.9530501583549,41.176948130373596,-4.52556762982358,50.86755049491929,41.02473831176758,-3.9532904624938965,0.021424230928814892
1680149796029538.jpg,41.012602140186,-5.0987613368956,41.2508188237406,-4.50692375845716,56.20108030058218,41.012516021728516,-5.099010944366455,0.02302844564912712
1151509015888557.jpg,41.503948603984,-4.6265003861025,41.3539744003138,-4.75906564904734,20.006274777930802,41.50377655029297,-4.626343727111816,0.02315614289876601
4105022076388050.jpg,41.629175831066,-4.7803166682562,41.4492964604652,-5.005738077446599,27.42386605407388,41.629310607910156,-4.780098915100098,0.02349770896597466
179240504169931.jpg,41.083006021589,-3.8616332021006,41.3577984116374,-4.295658760229619,47.44906163586875,41.083168029785156,-3.8614838123321533,0.021938462133517384
970419918162243.jpg,41.435728290129,-4.3850974481135,41.3381948289008,-4.7441927857230395,31.860263629631742,41.43567657470703,-4.385003566741943,0.009711727701422061
592952811664553.jpg,41.296575154796,-4.6622861275576,41.2836438604456,-5.1099764258836,37.43185399902843,41.296669006347656,-4.662140369415283,0.01603685027368928
1550983372114665.jpg,41.15784133177,-3.7407561545944,41.255270606816,-4.37723519662306,54.33633093516086,41.123661041259766,-3.722180128097534,4.106690799585589
1268550961215765.jpg,41.177933292434,-4.042308136969,41.2023134137704,-4.40445398452306,30.42439958224719,41.17768096923828,-4.042078018188477,0.03403117913420657
1470073913946342.jpg,41.068511218067,-3.8836178572426,41.2063109931342,-4.42729886184424,48.03946005113629,41.08872604370117,-3.88454532623291,2.2491299820993538
503327637580922.jpg,41.209769258159,-3.9642391056706,41.2357459056116,-4.38072057369566,34.952209441906156,41.20957946777344,-3.9659790992736816,0.14707649946608642
4174002266000925.jpg,41.266856966231,-5.26266211302,41.4492964604652,-5.0057380774466,29.518756232442488,41.2670783996582,-5.262043476104736,0.057268426487426936
1738459682993031.jpg,41.283901060872,-5.2445897180174,41.35854117747179,-4.82988438197664,35.6124508900072,41.40714645385742,-5.135239124298096,16.466166968342986
2319693768174073.jpg,41.131432668534,-5.4301875449739,41.2508188237406,-4.50692375845716,78.38694649895163,41.13390350341797,-5.430391311645508,0.2752738044137322
531560303328857.jpg,41.199341746689,-4.0718570752853,41.1801806088436,-4.5197972580398,37.543117109854876,41.19929122924805,-4.071757793426514,0.010027532539575208
855089835075792.jpg,41.155838603898,-4.4956274388288,41.141757515021595,-4.571703773034381,6.559493462208949,41.15580749511719,-4.495965957641602,0.028551509973794704
3742180529420574.jpg,41.652722858907,-4.7650134462674,41.4492964604652,-5.0057380774466,30.21479223427418,41.652557373046875,-4.765025615692139,0.018428944679213063
1650309802405706.jpg,41.546455941844,-4.6613578289793,41.4682562625732,-4.784392906224539,13.43779375705947,41.12299728393555,-3.7026596069335938,92.86547105741872
210218964033154.jpg,41.174456804058,-4.863363133895,41.2836438604456,-5.1099764258836,23.931989539293713,41.174400329589844,-4.860248565673828,0.2607568913980319
1814970642431557.jpg,41.547691157651,-5.3919888686955,41.5210571803118,-5.297761462768699,8.38361781532439,41.54768753051758,-5.39203405380249,0.0037818146698678935
789147908403952.jpg,41.247549395936,-5.4071048252009,41.205444729615,-4.959240969964659,37.74666145823274,41.24637222290039,-5.411529541015625,0.3924022967019565
304708324599094.jpg,41.071664325749,-5.0233941149894,41.2836438604456,-5.109976425883599,24.65976152001454,41.07154846191406,-5.023510456085205,0.016158566804930507
313825523651316.jpg,41.152168224111,-4.0194834561646,41.1801806088436,-4.5197972580398,41.995854882518685,41.150352478027344,-4.031067371368408,0.9906785454868148
1963107227841477.jpg,41.521738414719,-5.2187284667037,41.4492964604652,-5.0057380774466,19.4848104883529,41.52174758911133,-5.218501091003418,0.018956975612513548
2261075904342575.jpg,41.525989351747,-5.2563235297901,41.491401325312594,-5.23494036965066,4.23818143436665,41.52598190307617,-5.256459712982178,0.011367010157995364
1975925613209991.jpg,41.513024073857,-5.175300119583,41.491401325312594,-5.23494036965066,5.51803478794783,41.51304244995117,-5.175478935241699,0.015028342904329499
506051329047840.jpg,41.043131334208,-4.1330466001247,41.1370011267084,-4.2471291115374195,14.15469642828562,41.0428466796875,-4.133338451385498,0.04001173983791248
1032959578392151.jpg,41.063720574191,-3.8556098975373,41.377741576940394,-4.52185326299266,65.7593475082101,41.06369400024414,-3.8557281494140625,0.010345068531589749
323276012713457.jpg,41.034587861493,-3.9317531584393,41.2247884097808,-4.5772995273792,58.05652541142309,41.100257873535156,-4.2324628829956055,26.245940449255702
4176965552633501.jpg,41.314178396367,-3.6229739924102,41.2448743189628,-4.582954862645519,80.58774145281588,41.314178466796875,-3.622973680496216,2.7202320552406238e-05
143411767815303.jpg,41.112812385737,-4.6391047294796,41.244243904198996,-4.3348592135664195,29.35890223627498,41.2428092956543,-3.819727659225464,70.08280391752388
1127891928045368.jpg,41.16801422648,-5.3741560677285,41.4221435669286,-5.1825934008003,32.475013161702314,41.16238784790039,-5.390485763549805,1.5033118807653147
2907524212841039.jpg,41.046345718779,-5.3915938516582,41.114008694352194,-4.92060466423036,40.18774679759863,41.046382904052734,-5.391490459442139,0.009605999212675053
896552834222830.jpg,41.070767911117,-4.711648450258,41.2779061948066,-4.72927298710052,23.079915070046663,41.15709686279297,-4.794694900512695,11.855369101190389
3752833201635199.jpg,41.4188429657,-4.1248535788695,41.228453611408796,-5.04291916627768,79.5332748188722,41.13095474243164,-3.806490659713745,41.62430356174763
1796427827419367.jpg,41.290905137935,-3.9225962134487,41.314455101236994,-4.3679878369174805,37.29704373386739,41.1168098449707,0.7227352261543274,389.0626586657582
839759919951486.jpg,41.014750414818,-5.3948163758845,41.258218887503595,-4.119592858175141,110.17152280942226,41.01496887207031,-5.394750595092773,0.02491042463577577
941855839910323.jpg,41.445316649649,-5.0902086903701,41.4413983593128,-5.2393819984929,12.441653770575668,41.40113830566406,-5.13966703414917,6.4138332207605
164984852126950.jpg,41.405453450033,-4.4018236360912,41.2348021492326,-4.8705648474877,43.501702465961074,41.40543746948242,-4.402254581451416,0.035985413405656835
488354699100493.jpg,41.103407323289,-4.7537649320982,41.1027847638484,-4.5775758582781805,14.762773799810859,41.100830078125,-4.751812934875488,0.32996535085114903
4377445095914463.jpg,41.511407662208,-5.1410855832293,41.491401325312594,-5.23494036965066,8.126482132693889,41.511409759521484,-5.141133785247803,0.004020330247842326
794489105622164.jpg,41.441761578651,-4.4173472143076,41.392292933327795,-4.6086391966416205,16.872998255210735,41.44169616699219,-4.417595386505127,0.02192782571836105
590519511862214.jpg,41.227056836407,-4.6698030857292,41.3889260777634,-4.9035646751695,26.555627908053744,41.169010162353516,-4.655884742736816,6.55870381339507
2518030908572671.jpg,51.382989483624,0.60263329517405,41.24764688163581,-4.87755458581468,1202.1706027423545,51.38645935058594,0.5942102074623108,0.7003812633842426
23937095769226780.jpg,41.131836158756,-4.1044556114214,41.2085083148646,-4.44950461605242,30.113606871778348,41.13093948364258,-4.103987693786621,0.10713088035578709
720998227413988.jpg,41.246409422902,-3.8038871751964,41.319685718169595,-4.329122551794759,44.63773130599515,41.10881423950195,-3.717179536819458,16.93364475681337
1851097168725739.jpg,41.4316402641,-4.4450408110306,41.3922929333278,-4.6086391966416205,14.327375587233854,41.43159484863281,-4.445356845855713,0.026826776119623925
1059566469534405.jpg,41.508366737085,-5.1105945988056,41.4492964604652,-5.0057380774466,10.929246188013968,41.508384704589844,-5.110834121704102,0.02004472075784253
186366206688901.jpg,41.007520884653,-4.3295860816025,41.2325031966614,-4.309827373406401,25.071583482077433,41.007354736328125,-4.329349994659424,0.027088045360211973
4284056865018597.jpg,41.60596037129,-5.1389629790747,41.251059425213406,-4.75473736720174,50.82798621878692,41.6059455871582,-5.138851165771484,0.009440798969754615
1660684767733027.jpg,41.18450842063,-3.6136276429926,41.3105167075146,-4.536701332143201,78.43385511146884,41.18460464477539,-3.6137986183166504,0.017866181724704534
1172153226557150.jpg,41.259834798835,-5.2733551175112,41.4413983593128,-5.2393819984929,20.387136016459984,41.25951385498047,-5.2737884521484375,0.05084879788480125
980229996137302.jpg,41.195219744266,-4.7765192391371,41.313052894311,-4.90754965526164,17.077888050954858,41.19512939453125,-4.776645660400391,0.014588358949956044
1841469609733715.jpg,41.138741138393,-3.7225590756707,41.345948596087204,-4.19833791147088,45.97075819598746,41.15730667114258,-4.011941432952881,24.318082841926948
422072562364964.jpg,41.071547899099,-5.0235106580974,41.2836438604456,-5.1099764258836,24.669275188789822,41.07018280029297,-5.025025367736816,0.19789924302107065
506033437490211.jpg,41.238444101207,-5.1861761011752,41.1645330540644,-4.93381052014676,22.65675482267426,41.2382926940918,-5.1864237785339355,0.026689562661177828
1467527237830798.jpg,41.416207503856,-4.1604119581607,41.255270606816005,-4.37723519662306,25.45493984147085,41.25502014160156,-3.900637149810791,28.136246016110828
948782152602654.jpg,41.171094321977,-5.3769630442717,41.456654524859196,-5.06924269301776,40.85037660127468,41.25892639160156,-5.274466514587402,12.995648145271936
3705290332926501.jpg,41.448669459628,-5.0890443216724,41.2836438604456,-5.1099764258836,18.43296601844598,41.4506721496582,-5.088118553161621,0.23567717011670455
483669492837742.jpg,41.049098404061,-4.7181966423595,41.3583001594982,-4.48578349394578,39.49876593634475,41.04893493652344,-4.718153953552246,0.018525912025890892
562323426154820.jpg,41.165580244142,-4.1208846473866,41.255270606816005,-4.37723519662306,23.649755305698903,41.16522979736328,-4.120481491088867,0.051550075831204516
529522655080517.jpg,41.270327452434,-4.7020449734407,41.2836438604456,-5.109976425883599,34.121406212888346,41.270389556884766,-4.7019734382629395,0.009134086563343614
321470875986315.jpg,41.054961299886,-5.0418582001699,41.24610738855141,-5.234906885932899,26.70229699386715,41.05507278442383,-5.04173469543457,0.01615292944640827
631601084463223.jpg,41.281250373214,-4.2973427270085,41.2993028366806,-4.71366745875528,34.84144330878846,41.282169342041016,-4.297471046447754,0.10274569004948694
136643645116856.jpg,41.404938282055,-4.3448668896966,41.2836438604456,-5.1099764258836,65.27959384311934,41.40582275390625,-4.354901313781738,0.8426464482536806
2010377942769652.jpg,41.24519408501,-3.7934159197472,41.2687378974492,-4.32324427981616,44.36657386851128,41.1392822265625,-3.681187152862549,15.062524683572379
735844667093253.jpg,41.110848380581,-5.2216979893651,41.2461073885514,-5.234906885932899,15.080688374358838,41.11088562011719,-5.221521854400635,0.015326317420223763
1051007890442085.jpg,41.515469460621,-5.1851283716817,41.491401325312594,-5.23494036965066,4.93652652066404,41.518951416015625,-5.2005767822265625,1.3432136263646945
284769626570464.jpg,41.419741792842,-4.6785699302406,41.2098119875306,-4.6869997983067995,23.353744071026277,41.41956329345703,-4.678743362426758,0.02455774322953203
1132033805515788.jpg,41.513423095868,-5.1778231692469,41.4725296348984,-5.252632945325381,7.713616811572289,41.51341247558594,-5.1777520179748535,0.006040809464336326
1115928652746498.jpg,41.110436690177,-4.2537167137484,41.245630901188406,-4.72375952448698,42.11359206608443,41.110435485839844,-4.2537150382995605,0.00019400157417590733
1749225765712515.jpg,41.092866049479,-3.706525336834,41.2502777157838,-4.40653559837206,61.149959839383726,41.15357971191406,-4.0095438957214355,26.264149534048205
1635881467388052.jpg,41.60377329386,-4.8114683327788,41.491401325312594,-5.23494036965066,37.39042682222613,41.60365676879883,-4.811638832092285,0.01920559751888398
1157046948579985.jpg,41.010527724501,-3.9829743800504,41.223077215489,-4.39017018688872,41.49883281817745,41.010948181152344,-3.982135534286499,0.08449715093012052
2003073086897325.jpg,41.507691819272,-5.0908862760656,41.4725296348984,-5.252632945325381,14.028208315299766,41.50767135620117,-5.090567111968994,0.026674083768736295
203968591384632.jpg,41.17538979926,-4.9128734102309,41.1067653951054,-4.960731544766119,8.619079714699499,41.175376892089844,-4.912248611450195,0.05231296319779425
1462323161776775.jpg,41.250017256677,-4.8700591687126,41.356333016672,-5.05355735037348,19.357287407740074,41.25979995727539,-4.87718391418457,1.2401639670811053
2930415207097849.jpg,41.150494904989,-3.6708104349541,41.1992851211012,-4.65177577921818,82.28227760045931,41.59926223754883,-4.660862922668457,96.51124671744651
4289174684439882.jpg,41.411666363971,-5.1304366145641,41.2960913408658,-4.84122598140824,27.347461846287725,41.41099166870117,-5.131259918212891,0.10169761958508894
809651233299445.jpg,41.069035755061,-5.2073590235795,41.2705364771924,-4.257638818077299,82.59148228790615,41.06911849975586,-5.207264423370361,0.012146915707272039
2210149002818879.jpg,41.531857175122,-5.2795566008742,41.491401325312594,-5.23494036965066,5.834159140083408,41.531917572021484,-5.279638767242432,0.009585428914070366
281458050392830.jpg,41.070903591444,-5.2097532072517,41.2322179441784,-4.40806527048302,69.47770778312626,41.07090377807617,-5.209752559661865,5.8118530458219554e-05
1106919593932766.jpg,41.466497030384,-4.5753713513213,41.4451896829294,-4.738152589614979,13.771015378964789,41.46650314331055,-4.575520992279053,0.012487068709131821
956446801583842.jpg,41.150901423151,-5.4607310875659,41.4153878402232,-4.95467678802368,51.506623383016866,41.167396545410156,-5.3834075927734375,6.728120621854682
818093618855037.jpg,41.118412920017,-4.624309542113,41.268822506772,-4.50866887209466,19.32208356503994,41.11849594116211,-4.623965263366699,0.030281310534734825
1539722840741029.jpg,41.234122061161,-3.7612884268831,41.287203360038404,-4.48483138374774,60.76603099165269,41.22017288208008,-3.6973912715911865,5.564277144306694
2901004986808764.jpg,41.009501444725,-4.6653306198054,41.256051446575,-4.61212551735426,27.774875189561197,41.00949478149414,-4.665303707122803,0.002376626060981136
1092350041170571.jpg,41.285871140095,-4.6851733875801,41.287440790855,-4.9940772593587,25.810684294548594,41.33790588378906,-4.587807655334473,9.980450283639877
1159010808868306.jpg,41.466009192235,-4.5709372455404,41.2277320851354,-4.67477249599332,27.876992497718046,41.46590805053711,-4.5703349113464355,0.05143343067541402
825319798078862.jpg,41.162543890861,-4.7979251669723,41.2213632450686,-4.64120024090608,14.654447759991157,41.102909088134766,-4.753381729125977,7.608433702386789
471402947306470.jpg,41.395320904702,-5.1426405135398,41.35072170824,-5.101471669738859,6.032802548820886,41.39884948730469,-5.140915870666504,0.41790120165875083
1465522573802678.jpg,41.1489325277,-5.4654892712781,41.29049051013381,-4.73490644069936,63.10015730071174,41.51343536376953,-5.001856327056885,56.04765475640831
802150357405492.jpg,41.596813810124,-4.6357435436714,41.4413983593128,-5.2393819984929,53.14432785600101,41.59712600708008,-4.644040107727051,0.6907757639360249
983723517180201.jpg,41.508026556072,-5.1026417392099,41.491401325312594,-5.23494036965066,11.171898678226558,41.508033752441406,-5.103193283081055,0.04593389035024195
140702011413836.jpg,41.166109361295,-5.4085476545737,41.2836438604456,-5.1099764258836,28.183747875518687,41.16608810424805,-5.408755779266357,0.01758132439361029
1124884781344313.jpg,41.409630158019,-4.3826366324544,41.192413846312604,-4.432042508322439,24.503420974708728,41.40961837768555,-4.382501602172852,0.011336941770846369
529366261426097.jpg,41.219629189549,-4.8415796258168,41.2122132741566,-4.693624187267881,12.403079461918416,41.20127868652344,-4.8233323097229,2.5482358510482075
341868500618589.jpg,41.300008590589,-4.656634524586,41.2836438604456,-5.1099764258836,37.91910293702758,41.30010223388672,-4.65648889541626,0.016013117098358023
2886223205023921.jpg,41.267929932098,-4.6726935317368,41.450109597923,-4.699037783387981,20.376428175179424,41.26668930053711,-4.670868873596191,0.2056397840106316
1666952383511582.jpg,41.458491433184,-5.0791450383433,41.4413983593128,-5.2393819984929,13.489426563191838,41.46812057495117,-5.065152645111084,1.5829900053368668
1147163606501724.jpg,41.269268377375,-4.8842058126343,41.3166589293764,-4.71116806523886,15.387038051293672,41.268985748291016,-4.884005069732666,0.035624860773747026
229233225410829.jpg,41.069978687034,-5.2086548137115,41.2517424779592,-4.61740502735016,53.463655388318024,41.069976806640625,-5.208654403686523,0.0002118966608938289
1623431921738191.jpg,41.191342010464,-4.2668142186169,41.298748686214196,-4.8757329842083,52.29192972028202,41.19114685058594,-4.266897201538086,0.022784617387904934
916504792255707.jpg,41.225317224111,-5.2072191615651,41.20161682537,-5.2610891204437396,5.220150122829461,41.22541427612305,-5.207063674926758,0.016898428824109083
953690945380191.jpg,41.017406025748,-5.3938758625442,41.345585679073004,-4.65357128690854,71.90277846020786,41.01748275756836,-5.393843173980713,0.008962116103238027
1274417993751701.jpg,41.246367710349,-3.805270922663,41.313560760765604,-4.17134663739824,31.489372673287363,41.24634552001953,-3.805384874343872,0.00984132424348177
523095489062511.jpg,41.180952373728,-4.6587850781817,41.1984855095254,-4.70630213500214,4.428374249251761,41.180599212646484,-4.658628940582275,0.04138669612618755
179814467361710.jpg,41.000146762898,-4.1718667893511,41.281572432907595,-4.3895185450062995,36.21396405663989,41.29972839355469,-4.344098091125488,36.29933170175158
543754645442623.jpg,41.20973137287,-4.1157953342594,41.2508188237406,-4.506923758457161,33.02601606609072,41.20983123779297,-4.115779399871826,0.011184188081393803
1151822955825920.jpg,41.199072229073,-3.7307303527513,41.363090282339996,-4.24611316967224,46.76842563204008,41.199005126953125,-3.730674982070923,0.008782600792450022
3614356158830355.jpg,41.242209967858,-4.8645369118722,41.249892313109804,-4.897532021028519,2.8878199504451927,41.208030700683594,-4.830329418182373,4.756973114615398
251175260027471.jpg,41.410910084287,-4.3291083471037,41.328860924763404,-4.8398005435796,43.58141383666102,41.41083908081055,-4.329648017883301,0.04569289442805044
2445377822275737.jpg,41.549428923612,-5.4541209549832,41.3259553544338,-4.9349902340446805,49.90165616851844,41.54945373535156,-5.454331398010254,0.01772831842532033
996921134449938.jpg,41.405090766124,-4.4101298573564,41.2836438604456,-5.1099764258836,59.963359140948604,41.405094146728516,-4.410041809082031,0.007353017947029623
427405244969933.jpg,41.11529481216,-5.2743524886126,41.2504797752694,-5.116856323699101,19.991946663111978,41.11532211303711,-5.274557590484619,0.017448092422070616
460587975201050.jpg,41.407328306387,-5.1353188951227,41.2836438604456,-5.1099764258836,13.914842350132043,41.40861129760742,-5.134373664855957,0.1629930808652383
296729388718946.jpg,41.102630733083,-4.6393942175591,41.2098119875306,-4.6869997983067995,12.566772102582764,41.101905822753906,-4.639416694641113,0.08062834976257839
1634189453439133.jpg,41.219551949148,-5.3194051827455,41.3393619410044,-4.601398131896261,61.45992588076715,41.05894088745117,-3.8144266605377197,127.28780581559224
264660748675249.jpg,41.336616914591,-4.5912687552928,41.2836438604456,-5.1099764258836,43.72294578905951,41.33656692504883,-4.5913920402526855,0.011698061377088379
206354337791819.jpg,41.046413836097,-5.3880763988737,41.332346977364,-4.30087272698008,96.37026635203891,41.04645538330078,-5.3880767822265625,0.004619950130747275
1761125461435707.jpg,41.61224029933,-4.7962092418227,41.4636083784158,-5.262569650329199,42.187719489862694,41.598636627197266,-4.819439888000488,2.4533280181959816
1615083062601118.jpg,41.383956402858,-4.2434064581886,41.210111520271,-4.43727039103122,25.21841095551416,41.3839225769043,-4.242825508117676,0.04861389717706575
1785840354956833.jpg,41.643390130328,-3.7797604773488,41.4521316371998,-4.895564924665179,95.25923315425528,41.64786911010742,-3.7817068099975586,0.5236400252998573
585817329477726.jpg,41.149505272626,-4.7889494403318,41.2464658236272,-4.7265341822262,11.979635808936333,41.14978790283203,-4.789170265197754,0.03646257265943722
764885930837279.jpg,41.25359693016,-5.2861148488279,41.2836438604456,-5.1099764258836,15.095487073373114,41.25351333618164,-5.286289691925049,0.017321523971881785
303787911412149.jpg,41.290668162805,-4.6816439055252,41.25230991799761,-4.447860274324579,19.9981971931118,41.506771087646484,-4.689236640930176,24.037893023684376
4076152929094390.jpg,41.077332893936,-4.6348515902808,41.2098119875306,-4.6869997983067995,15.364592694260066,41.08290481567383,-4.6360392570495605,0.6275157380206394
212435737020997.jpg,41.330294952123,-4.9265293100627,41.3259553544338,-4.9349902340446805,0.855557608362093,41.33032989501953,-4.926706790924072,0.015320184444680186
482951423123935.jpg,41.030919369462,-3.9369073974865,41.2247884097808,-4.5772995273792,57.80698490378478,41.00664520263672,-3.9991016387939453,5.874640072792084
1802973556790205.jpg,41.583021211963,-4.7193720036068,41.255270606816005,-4.37723519662306,46.28239099444198,41.650978088378906,-4.7043867111206055,7.6584529387077
4116628248552799.jpg,41.535517562061,-4.9008611702118,41.466199803356595,-5.260095392426559,30.89360162880008,41.53502655029297,-4.901515007019043,0.07708883201316252
500649477629873.jpg,41.210331500647,-5.2193890011044,41.2504797752694,-5.116856323699101,9.666945335543897,41.210205078125,-5.219340801239014,0.014624346302449085
700205554580592.jpg,41.273853535719,-3.9665293593082,41.294988648041404,-4.6904699478135,60.53555424487178,41.28147888183594,-3.9828031063079834,1.6025980936036541
3767409853356200.jpg,41.347115967646,-4.9450989697683,41.3397469065794,-4.797324328415001,12.3635720015688,41.35049819946289,-4.949845314025879,0.5462726341420028
485696175911213.jpg,41.006830934752,-3.9986587418623,41.2069508444044,-4.318208939299301,34.813217823748296,41.006954193115234,-3.9979352951049805,0.06223318448426808
1177195566876460.jpg,41.093785629997,-4.1244777116723,41.211507480003796,-4.06112647316364,14.123859445406447,41.09793472290039,-4.125219821929932,0.4655303632329943
497389874789260.jpg,41.298525148853,-4.3415485108335,41.2508188237406,-4.506923758457161,14.803371079294886,41.298397064208984,-4.341274738311768,0.0269427106011399
3972805189443221.jpg,41.111375738228,-5.4903586937603,41.294076162312,-4.81222270826138,60.26110406983103,41.11616516113281,-5.489666938781738,0.5357033208066165
2859820590936522.jpg,41.217890564749,1.7137214552535,41.2617463459898,-4.3228123647864996,504.6595444287066,41.267059326171875,-3.706772565841675,453.1691245566256
501351985875654.jpg,41.005431138003,-4.6627375244455,41.2590969649812,-4.7403403394620796,28.945456440727483,41.00284194946289,-4.660237789154053,0.35621642559270106
763353584540341.jpg,41.174726718337,-4.877922784785,41.2836438604456,-5.109976425883599,22.875118381577362,41.17471694946289,-4.877725124359131,0.016579212977537228
432940711469545.jpg,41.471959303527,-4.9887733042558,41.3250183768764,-4.81827227170164,21.66145062515836,41.47172164916992,-4.988671779632568,0.02774671371870458
1048087995717807.jpg,41.109768897325,-5.232793216013,41.185413693839806,-4.76321956507896,40.2077845887242,41.10977554321289,-5.232967376708984,0.014609877287912378
148881804601160.jpg,41.052399730903,-3.9066019405868,41.2779061948066,-4.72927298710052,73.28793597610264,41.05233383178711,-3.906642436981201,0.00807623303437669
4980651768725376.jpg,41.123601460732,-3.7261103404056,41.2677046147738,-4.08577878361104,34.09359488280804,41.31490707397461,-3.9315619468688965,27.345852700255357
304418587881150.jpg,41.515084149714,-4.6926173725071,41.5184015655082,-5.07733265225542,32.03293093973591,41.32201385498047,-5.203155517578125,47.67788116680769
488311602411870.jpg,41.149330246953,-4.6511636505707,41.2098119875306,-4.6869997983067995,7.3637013807889495,41.14398193359375,-4.649879455566406,0.6043483819126602
1001633301319670.jpg,41.226524658864,-4.1156676651256,41.295506444481404,-4.2812715725527,15.82542242079187,41.18771743774414,-4.449686050415039,28.273727970469963
952702565582951.jpg,41.400624161636,-5.1399386802249,41.4413983593128,-5.2393819984929,9.450346247895675,41.4008903503418,-5.139796733856201,0.03187887067079674
1859269134247820.jpg,41.557300455348,-4.7873761078233,41.40686302425401,-4.77700839465658,16.750159750929164,41.55717468261719,-4.787371635437012,0.013990239677675875
765694734311507.jpg,41.170875160287,-4.9405307351623,41.2836438604456,-5.1099764258836,18.922031088192064,41.17079544067383,-4.940589427947998,0.010134719139557437
376880300367069.jpg,41.087583959356,-5.0058782678848,41.2836438604456,-5.109976425883599,23.476872125992944,41.08753967285156,-5.0059285163879395,0.00647955315784037
156606210104658.jpg,41.00652185749,-4.0010380971067,41.2678488001428,-4.363808340083319,42.03961980024357,41.00643539428711,-4.001060962677002,0.009803853256796653
323885919312437.jpg,41.297496591828,-4.3393553989365,41.2508188237406,-4.506923758457161,14.934591360025323,41.297367095947266,-4.339066982269287,0.02806914243528351
1770209216929709.jpg,41.14209344972,-3.9107774854809,41.250928984379996,-4.557992357522659,55.487596365476975,41.141990661621094,-3.9108479022979736,0.012860945267890802
950850145692904.jpg,41.15248614102,-5.4577974084935,41.4413983593128,-5.2393819984929,36.94573426170527,41.32302474975586,-5.199469566345215,28.74325261476954
1718390965756703.jpg,41.271184983126,-4.0946821843374,41.277015265677804,-4.4741676723889405,31.720174629085754,41.27098846435547,-4.094762802124023,0.022866995121919365
814011363389321.jpg,41.444592070558,-4.4791751756527,41.247531664311204,-4.617461865445581,24.76693594568953,41.44495391845703,-4.479438781738281,0.04584397008608759
826343514973112.jpg,41.395978924167,-4.4711102383717,41.2061475315072,-4.6700834739156605,26.866833645187004,41.39600372314453,-4.47112512588501,0.0030242424113888504
209576371006210.jpg,41.112784467447,-4.9852254492186,41.2836438604456,-5.1099764258836,21.677003429700807,41.11191940307617,-4.9856462478637695,0.10244728242931746
1428832527895480.jpg,41.267100848161,-3.8834945319088,41.212915314342396,-4.334767872606919,38.21054472137139,41.23482131958008,-3.810875415802002,7.052612297482121
993113028094659.jpg,41.285371085227,-4.6866135510202,41.287440790855,-4.9940772593587,25.690892416195755,41.28544616699219,-4.686219692230225,0.0339515298519559
279742404595077.jpg,41.183085072073,-3.996655914691,41.3771930743248,-4.96515393217592,83.75803609110515,41.18263626098633,-3.9967947006225586,0.05123922069461603
1992123667962542.jpg,41.058691227801,-3.8147285811383,41.1449147240844,-4.207092587065199,34.2456761600474,41.058433532714844,-3.815054178237915,0.03957716069717517
24566671016336789.jpg,41.570351563689,-4.8540711961427,41.4492964604652,-5.005738077446599,18.457519144151505,41.57029724121094,-4.854147911071777,0.008787187552582532
911756769601371.jpg,41.085313973732,-5.3094050576007,41.2504797752694,-5.116856323699099,24.43493929594528,41.085453033447266,-5.309324741363525,0.016864393789690894
1080012636209251.jpg,41.022906105271,-3.9597368749191,41.3376986860642,-4.68342438486886,69.95242368367477,41.02199172973633,-3.961406946182251,0.17310932083840053
1178028860187309.jpg,41.024353613281,-4.6806839360467,41.3526092738108,-4.66721729968858,36.51775496183088,41.10673141479492,-4.7562408447265625,11.136889006072426
1268959564710161.jpg,41.019310487193,-5.0855325223342,41.2508188237406,-4.50692375845716,54.87033986219899,41.0196418762207,-5.084761619567871,0.07443575047220226
569674693996335.jpg,41.247630399816,-5.4067729961727,41.24163254989641,-4.9236647839966,40.396991812094356,41.247703552246094,-5.406433582305908,0.029519109586390115
1067898178733459.jpg,41.300153175031,-3.9316977391833,41.3395365626228,-4.439989760282581,42.673380322449376,41.2817268371582,-3.905113697052002,3.0217761518024977
1021202868668804.jpg,41.422168696219,-4.8040297797721,41.475492629541996,-4.79808208111358,5.950036623079227,41.419700622558594,-4.804086208343506,0.2744776001881913
751939462168291.jpg,41.046022491467,-4.7171513298067,41.238306919372796,-4.62431208446014,22.750557615819588,41.046234130859375,-4.7172417640686035,0.024725059668477167
3927680970686395.jpg,41.062425121692,-5.0335554752811,41.2461073885514,-5.234906885932899,26.482925686465904,41.062679290771484,-5.0332746505737305,0.03678446441024081
931619678424918.jpg,41.413598529773,-4.3168430741708,41.184758682475,-4.54059663929444,31.57332790845801,41.41362762451172,-4.316583156585693,0.021914918466914256
1049934915537188.jpg,41.08276299669,-5.2283380888937,41.3196057134386,-4.337329989677199,79.05941715211478,41.08271789550781,-5.228070259094238,0.02300137791189624
415762949520663.jpg,41.085417095119,-3.8596436755141,41.45173452622221,-4.653352465896839,77.84282772772015,41.08344268798828,-3.8609626293182373,0.24580416338284947
1271775934218606.jpg,41.507937881307,-5.0961204555377,41.491401325312594,-5.23494036965066,11.706306896554276,41.50792694091797,-5.096113204956055,0.0013580981983139487
1783682865166240.jpg,41.400515227579,-4.4363672985388,41.1996549865678,-5.03283929915612,54.60380130685242,41.40055847167969,-4.436069488525391,0.025300836895310447
1039798490276861.jpg,41.253540410996,-3.8786110242277,41.3624656318078,-4.790814725240939,77.14947760349864,41.25415802001953,-3.8768417835235596,0.16306750647543722
3968229866586541.jpg,41.412916149367,-5.1292853970339,41.2382447184618,-4.51565805295942,54.79772043540237,41.41462707519531,-5.127045154571533,0.26663415691537407
530684688071909.jpg,41.057458909924,-5.1970704493713,41.167454708777996,-4.343249672009319,72.56798259794975,41.05746078491211,-5.197070598602295,0.00020886429851666658
505052523874472.jpg,41.003650477786,-4.3238954189836,41.1411032968624,-4.42714940587246,17.56475491553856,41.003211975097656,-4.323286533355713,0.07062690977312198
314778143507127.jpg,41.317993969413,-4.8985269745557,41.5141891151176,-5.0661374767384,25.909086448486367,41.31638717651367,-4.898172855377197,0.18109833388773888
1111795936717739.jpg,41.447063906569,-4.4810484032785,41.2862400106162,-4.467317453374379,17.919475129655346,41.44697189331055,-4.480953693389893,0.012922666045182832
1909728085859574.jpg,41.105174977563,-5.494153616368,41.2836438604456,-5.1099764258836,37.77701209090189,41.10708999633789,-5.492623329162598,0.248560980920805
2343738212486644.jpg,41.246465199006,-3.8030438518803,41.4080683479674,-4.28237994414496,43.87401605108564,41.246341705322266,-3.8021888732910156,0.07278784071394383
3907045449383778.jpg,41.645707107212,-4.7174315573525,41.198212122884605,-4.2145534738128205,65.06979499891736,41.599491119384766,-4.662018775939941,6.90106467502952
135784455141366.jpg,41.324037390175,-4.9014675336981,41.246397303171,-4.740775063819301,15.962765636156016,41.323524475097656,-4.901127815246582,0.06369933598646438
1444411302829304.jpg,41.250753937349,-4.289774185684,41.2255220608,-4.61379652216458,27.238301174174914,41.250911712646484,-4.2899980545043945,0.025652492068993494
5433278386746565.jpg,41.597137681858,-4.6413182930191,41.4413983593128,-5.2393819984929,52.71734389606256,41.59701156616211,-4.643117904663086,0.15030255961138034
219674589661365.jpg,41.148739921253,-4.5794067308334,41.259394207339604,-4.81470560657568,23.214036044385477,41.1485710144043,-4.579628944396973,0.02643731553196292
3728877214087120.jpg,41.272393784695,-3.8882555214554,41.20638487261719,-4.36942615412656,40.89675356297714,41.18715286254883,-4.164499282836914,24.970190486621384
420018974092891.jpg,41.548337374337,-4.6624959741781,41.389149558857596,-4.8547203422021195,23.871291497156758,41.11394500732422,-3.7214927673339844,92.22970831692899
1213676453107518.jpg,41.590800880221,-5.1169437301863,41.2023134137704,-4.40445398452306,73.47120293618948,41.590641021728516,-5.116657257080078,0.029724605387586322
306147117788200.jpg,41.408174817731,-4.3767931667872,41.2836438604456,-5.1099764258836,62.751283397355344,41.408103942871094,-4.376331329345703,0.03931436503523241
1846892352187724.jpg,41.183382904927,-5.2090255304801,41.219961604824206,-4.69440225555814,43.24634213998222,41.05221176147461,-4.708815574645996,44.3683038306312
1377225533238022.jpg,41.320605209978,-5.204295772149,41.292057338993395,-4.64761002349638,46.60735530295482,41.320594787597656,-5.204044818878174,0.020989219269755627
1315557646843619.jpg,41.128003826103,-3.9105531344465,41.2602374297354,-4.0835099003295,20.630755989990607,41.12788391113281,-3.9105427265167236,0.013362401682017314
160534189263587.jpg,41.287812219484,-4.681075585213,41.206141283809,-4.59118354129304,11.787823900113557,41.287811279296875,-4.681087017059326,0.0009608621033276706
1425207948388639.jpg,41.386301119778,-5.1484800081351,41.24448450567179,-4.582672822311,49.816166858630616,41.386253356933594,-5.148454666137695,0.0057163232939204875
308692468037244.jpg,41.326372984936,-4.6167274786895,41.2836438604456,-5.1099764258836,41.47424551111041,41.32630920410156,-4.616865634918213,0.013542078601598173
1368778197221409.jpg,41.329240965464,-5.0778666105171,41.255270606816005,-4.37723519662306,59.110311017778294,41.244449615478516,-3.843637228012085,103.55352965768552
753570788664162.jpg,41.272711496776,-4.6997219988481,41.2836438604456,-5.109976425883599,34.30430394284052,41.272918701171875,-4.699516296386719,0.02874667736548137
1774506096370672.jpg,41.116272078436,-3.72458723736,41.2283532237842,-4.304876632236061,50.143632842628236,41.3426513671875,-5.181879997253418,124.43996475531556
334721954840111.jpg,41.401004104675,-4.4328061112621,41.272053410640396,-5.129430338751701,59.90234381473405,41.401004791259766,-4.432711124420166,0.007922959696093175
23961453223465008.jpg,41.272805389252,-3.6004206506444,41.2771133893124,-4.5953958896479605,83.14983792470083,41.2728385925293,-3.6004414558410645,0.004080966387407996
1189715308149522.jpg,41.190436661726,-5.3551475110474,41.4413983593128,-5.2393819984929,29.533067756127963,41.23096466064453,-5.313072681427002,5.718060714259951
250669343157749.jpg,41.251715909203,-5.3856444741372,41.201508771681596,-4.8578495840748,44.49143243712607,41.25171661376953,-5.385645389556885,0.00010951857760762693
1302278646840464.jpg,41.076165708121,-4.2179438857173,41.2251782230718,-4.57758156771372,34.3693885142985,41.075687408447266,-4.217476844787598,0.06603954776091377
1274377819663947.jpg,41.175361101963,-4.914766588436,41.2836438604456,-5.109976425883599,20.28478742436582,41.175357818603516,-4.914608478546143,0.013238234145560643
1367135653975194.jpg,41.44929135112,-4.4972623358227,41.3234953926682,-4.66045207052786,19.519440522305487,41.44921875,-4.497534275054932,0.02405965635735263
1102787584199913.jpg,41.064925324999,-4.2068416956955,41.221363245068595,-4.64120024090608,40.31760527464839,41.06424331665039,-4.206081867218018,0.09904063805342102
2502584303458737.jpg,41.994702224639,-4.393895053401,41.491401325312594,-5.23494036965066,89.44810982495758,41.9752311706543,-4.447418212890625,4.925265638975076
533052359118863.jpg,41.627685636935,-5.172909670041,41.2771525861978,-4.530576762897459,66.21906681650911,41.24738311767578,-4.642755508422852,61.16629678206621
527169631635095.jpg,41.232574996569,-4.722590630259,41.2836438604456,-5.109976425883599,32.87584295127897,41.233516693115234,-4.722362518310547,0.10643516287311232
1860666431510552.jpg,41.548214579202,-5.4418957218098,41.491401325312594,-5.23494036965066,18.35159426258171,41.548274993896484,-5.442287921905518,0.03332229224208231
301282558223408.jpg,41.032507126505,-3.9346005730458,41.2814788815564,-4.68355846425716,68.54185587445164,41.1850471496582,-3.614492416381836,31.732600656401416
1863597314560315.jpg,41.512976496032,-5.0107944231254,41.466199803356595,-5.260095392426559,21.406647587960915,41.512969970703125,-5.010837554931641,0.003663865493043441
862566085884507.jpg,41.381122983428,-4.9615876619763,41.559917354375,-5.12632089464698,24.15857739354819,41.3814811706543,-4.961580276489258,0.039833368617678916
1090933039818074.jpg,41.525965125406,-5.2600317375536,41.491401325312594,-5.23494036965066,4.374517740654987,41.525962829589844,-5.260201454162598,0.014130650268756748
740133668789830.jpg,41.249288882033,-3.7081546363547,41.196507191274804,-4.76645615297258,88.7053307014793,41.24904251098633,-3.7082297801971436,0.02810628282481023
2985262948423307.jpg,41.635610052295,-4.7671343412593,41.1354822377568,-4.23768316780668,71.01866385118227,41.10830307006836,-3.8513689041137695,96.31762169127231
3640870089470784.jpg,41.193023600914,-5.3519727765824,41.35326349197,-4.8117716668505,48.534079998770196,41.19316482543945,-5.351767063140869,0.023299741132832705
550765959265728.jpg,41.337121471945,-4.9363849768849,41.4153878402232,-4.95467678802368,8.835641994897408,41.33740234375,-4.936629295349121,0.03730257994039246
950371789145815.jpg,41.284858675015,-5.2440043807094,41.2836438604456,-5.1099764258836,11.199777867235113,41.296226501464844,-5.233310222625732,1.5479418583402167
2992809037617135.jpg,41.506050712935,-4.980713361106,41.2444298247124,-4.68744055751564,38.01442042108491,41.50674057006836,-4.974726676940918,0.5043894021606152
410219142047047.jpg,41.279225396726,-4.8913930100362,41.306613919275,-4.78599425847452,9.317397224204132,41.278961181640625,-4.891201496124268,0.033455378380422826
1199585888399538.jpg,41.251888048839,-4.1019642902324,41.3304848136132,-4.24214174321048,14.61301812389555,41.25233840942383,-4.101866722106934,0.05073771651551242
327075942142483.jpg,41.072785609772,-5.2115686589164,41.2098119875306,-4.6869997983068,46.49461638175337,41.07278823852539,-5.211575984954834,0.0006801367663919096
150256620402467.jpg,41.296059900692,-4.9010669497825,41.246397303171,-4.740775063819301,14.489730958890691,41.29597473144531,-4.90113639831543,0.011106296752626584
3849015491819634.jpg,41.062879316273,-3.8844862317652,41.4109472414744,-4.860074567161,90.29121236418372,41.169010162353516,-4.655884742736816,65.69015253762119
1106253480631055.jpg,41.551045124569,-4.6643848063924,41.4020298481464,-4.84724679248722,22.508643250102857,41.55122756958008,-4.664545059204102,0.024277388041616742
763370337649182.jpg,41.601608622617,-5.1285847381332,41.3644043759902,-4.880165652330421,33.52490262371085,41.601898193359375,-5.129175662994385,0.05874519322004068
401653392924800.jpg,41.157113972839,-4.7948221092008,41.294580805409,-4.72174360355096,16.46215499543924,41.15736770629883,-4.795016288757324,0.032562237331495714
395383638177661.jpg,41.166362367895,-5.3875458926536,41.4413983593128,-5.2393819984929,32.99196858653204,41.16654586791992,-5.387182712554932,0.03661353409170301
1504188457523623.jpg,41.313233616515,-3.9315894896992,41.2996126805924,-4.44088839012438,42.56788150147304,41.312686920166016,-3.9316022396087646,0.06079918657140524
1132231427952562.jpg,41.243858201969,-4.2823936307631,41.2186673944352,-4.46207164042624,15.284387167176096,41.24404525756836,-4.28256893157959,0.025444878935497087
1325995795524266.jpg,41.170543324163,-3.7573618175163,41.241836055309605,-4.349169743746219,50.13931103465852,41.19050979614258,-4.057934761047363,25.252605591374145
951040355631291.jpg,41.463281686762,-5.0730682387771,41.2456309011884,-4.72375952448698,37.89159720332151,41.461753845214844,-5.075066089630127,0.23785866855243962
5475134659195181.jpg,41.610734902051,-4.7988412621324,41.338479383075,-4.46298681317246,41.22387998479934,41.18771743774414,-4.449686050415039,55.32309177458735
4158713494368878.jpg,41.322820147319,-4.115048178639,41.2098119875306,-4.6869997983068,49.42753600670738,41.32172393798828,-4.114710330963135,0.12511538578782236
3670547903257828.jpg,41.064593889446,-3.847989229264,41.19830285503299,-4.17710035545584,31.31791658294908,41.064571380615234,-3.847848892211914,0.012028791694699559
2578031909158463.jpg,41.358641911573,-4.961171104164,41.246364552207595,-4.76025651927236,20.917442150317807,41.35882568359375,-4.961310863494873,0.023529354391895577
1928420010668885.jpg,41.627619120416,-4.7583518142581,41.1486360930336,-4.367824829594641,62.43447243056127,43.2127571105957,1.5631299018859863,547.8556074668782
300587461536576.jpg,41.303125790583,-4.3511456697584,41.1801806088436,-4.5197972580398,19.640178642570213,41.30326843261719,-4.351441383361816,0.029355574978338267
1474803223726760.jpg,41.024577430997,-5.0755575288189,41.2409859828118,-4.48882807439132,54.714443144830895,41.02446365356445,-5.0757222175598145,0.018733079180208667
503537180844979.jpg,41.19128326112,-4.6613216651429,41.2098119875306,-4.6869997983067995,2.976606194265617,41.175899505615234,-4.657586574554443,1.7389190513809878
1291611568787851.jpg,41.54185002683,-5.3757889325368,41.4492964604652,-5.0057380774466,32.49281632679132,41.54243850708008,-5.376001834869385,0.06779258596237961
1944555346086165.jpg,41.518491573919,-5.1985964551832,41.4492964604652,-5.005738077446599,17.81269370602154,41.518394470214844,-5.198137283325195,0.03972454211540858
782657022615898.jpg,41.158153799853,-4.7954873753529,41.248450635161,-4.6133994453125995,18.244833998852595,41.15787124633789,-4.795290470123291,0.03548048457774986
1280044462565939.jpg,41.010780119197,-3.9825155873718,41.223077215489,-4.39017018688872,41.514411020077155,41.01069641113281,-3.9826784133911133,0.01653150198874002
455617100304908.jpg,41.296091175598,-4.0140116083921,41.365719997717605,-4.24149755461794,20.511761753727207,41.134925842285156,-3.7299468517303467,29.76099246452016
281964240243216.jpg,41.048843610539,-5.3410126498921,41.1408531345002,-5.06433291584362,25.34243604207559,41.04879379272461,-5.341160774230957,0.013600596708287364
792661702455946.jpg,41.207631,-3.980736,41.401014641381394,-4.6292437723451005,58.2823059662739,41.391300201416016,-5.144549369812012,99.34309363456074
873148834165746.jpg,41.059765699086,-3.8731317674719,41.2152998900446,-4.3757651731976,45.5071267184255,41.059959411621094,-3.870697021484375,0.20527115394624076
3344737485665780.jpg,41.580121451842,-4.8409345270753,41.4492964604652,-5.0057380774466,19.997576555202908,41.580081939697266,-4.841004848480225,0.007315430091612805
3642044716080305.jpg,41.653159976678,-4.7093373286205,41.2626015271324,-4.60397482057104,44.306818267737846,41.11748123168945,-3.7247700691223145,101.46271444391995
2195185730670466.jpg,41.282015996674,-3.9054393217785,41.3200659987668,-4.3324053503513,35.91682380462651,41.24032211303711,-3.8449790477752686,6.8580872107463025
1366805397034514.jpg,41.190115453421,-4.4489141616357,41.2325031966614,-4.3098273734064,12.553093651387096,41.18696975708008,-4.454172611236572,0.562112760891389
801348607443872.jpg,41.235923605549,-3.9320303754042,41.198363656648596,-4.3037669284569,31.37230319529023,41.23445129394531,-3.9306437969207764,0.20061268988595507
139233654809555.jpg,41.148967608772,-4.7884975232548,41.2973192821644,-4.870784075751439,17.87397414877364,41.15440368652344,-4.792662143707275,0.6978259067919151
1709928403043352.jpg,41.084294586947,-3.7011866756578,41.230331781202,-4.2102882658655,45.6101445431238,41.08626174926758,-3.695770025253296,0.5039253171270954
2438229059677218.jpg,41.046794134606,-3.9123375051129,41.131223037628,-4.27814601908946,32.06231980216247,41.04597091674805,-3.9129738807678223,0.10595836188460073
2305007466296861.jpg,41.655548814676,-4.7641350710706,41.246364552207595,-4.76025651927236,45.50036229040884,41.25943374633789,-3.7060790061950684,98.5611074055507
3956867314366471.jpg,41.248435322776,-3.8601261224453,41.2508188237406,-4.506923758457161,54.07361518403901,41.24525451660156,-3.8464419841766357,1.1974844572965104
1148214549871306.jpg,41.106949586883,-4.2449234902192,41.244429824712405,-4.68744055751564,40.067644645273084,41.107025146484375,-4.245202541351318,0.024843710418751948
2982691455189325.jpg,41.148125152618,-5.4681071605349,41.2836438604456,-5.1099764258836,33.53225222856249,41.148193359375,-5.467899322509766,0.018983333916142875
1451120089371316.jpg,41.589898299417,-5.1139380745314,41.271944311531,-4.53128021752058,60.07926723620524,41.5899658203125,-5.113950252532959,0.007575981308920189
1425928277761823.jpg,41.115613596412,-3.8468692888704,41.332346977364,-4.30087272698008,44.97239810849609,41.115455627441406,-3.8469398021698,0.018532001514511447
821984689500818.jpg,41.029720217096,-3.8283332276877,41.2329614965796,-4.2056726508111995,38.85207012779684,41.18448257446289,-3.7675015926361084,17.947660102223537
914269322995862.jpg,41.211306,-3.954441,41.3771930743248,-4.96515393217592,86.42983790743222,41.21148681640625,-3.9533450603485107,0.09385438871738969
314594490025876.jpg,41.027490105431,-4.6156860579695,41.2098119875306,-4.6869997983067995,21.13509498168091,41.0276985168457,-4.61582088470459,0.02578685230415343
4583681801660376.jpg,41.490740677236,-5.0232687320844,41.2836438604456,-5.1099764258836,24.137495596615622,41.49064254760742,-5.023300647735596,0.011230666255297915
516436669515372.jpg,41.305420801924,-4.6481072667864,41.2836438604456,-5.1099764258836,38.662147089952704,41.305503845214844,-4.647974014282227,0.014462218575715833
1027764492749343.jpg,41.20282856113,-4.0746652707513,41.207584660646,-4.33902334715942,22.121998834288288,41.20293045043945,-4.07485818862915,0.019719267206069663
1749904212197471.jpg,41.271103239396,-4.2984143372738,41.2958164379688,-4.564708068131081,22.419992175109414,41.27097702026367,-4.298409938812256,0.014039740291695666
1300154371018396.jpg,41.207759458065,-3.7346111696803,41.255270606816005,-4.37723519662306,53.99799258253648,41.05986785888672,-3.8753137588500977,20.23085596505256
146056307479716.jpg,41.280215510288,-4.6812513751302,41.389838783745205,-4.8258305207279,17.155130120138182,41.34806442260742,-4.689523220062256,7.5760198480589365
461640121571019.jpg,41.18120208697,-4.8074056623099,41.1638878079148,-4.5925952394745195,18.082371213386605,41.1656494140625,-4.799493312835693,1.8518446772557458
381770283066311.jpg,41.345110974656,-4.5720289551698,41.2391532972642,-5.136158660394439,48.58147335802014,41.34501647949219,-4.572222709655762,0.019287752238155435
1584231425516821.jpg,41.42014634313,-4.1243312688711,41.168611059613,-4.7950139339649605,62.624157142215545,41.42014694213867,-4.124331474304199,6.877410699276032e-05
6357455634375724.jpg,50.224497221499,-5.276548213857,41.254823899971996,-4.316558207734899,1000.1370759248034,41.012725830078125,-3.978847026824951,1029.2182321509652
179428330622661.jpg,41.114072737037,-5.1836788196863,41.141357014210406,-4.43423931359922,62.84392765261189,41.11408996582031,-5.18365478515625,0.0027792465519712287
548295086160945.jpg,41.122527400758,-4.9775623012943,41.2836438604456,-5.1099764258836,21.06366615034491,41.12261962890625,-4.9774932861328125,0.011772455953405222
4191335680921901.jpg,41.17607687289,-3.6406680327239,41.246397303170994,-4.7407750638193,92.35531554544156,41.173866271972656,-3.640758991241455,0.2459254689160856
3652046381723158.jpg,41.006819520008,-3.9982847433617,41.2744872197026,-4.375314131786721,43.38983541892914,41.00680160522461,-3.998417377471924,0.011306356501677365
1291342385712461.jpg,41.135088098894,-3.9119867124678,41.2602374297354,-4.0835099003295,19.9900907275849,41.1348991394043,-3.911970376968384,0.02105582717641954
974177234339061.jpg,41.297085503072,-4.0161772278368,41.322334982148,-4.346024471941661,27.69294072928563,41.2971305847168,-4.0162763595581055,0.009680499747523982
1771918767029227.jpg,41.16461838947,-3.6560454301826,41.331505147947794,-4.37273967061432,62.72555393392234,41.292938232421875,-3.751168727874756,16.336214039265055
1464797607555765.jpg,41.466994875037,-4.6134995451157,41.3368069597224,-4.56314142377574,15.073249228920185,41.4671516418457,-4.613666534423828,0.022303839972723442
1815482242313429.jpg,41.487727191822,-4.9853048736633,41.3142907407968,-4.8176437520943,23.82177536294097,41.48606491088867,-4.986288070678711,0.2021681447146243
1213658676227260.jpg,41.018821143081,-4.6753491942165,41.2508188237406,-4.50692375845716,29.40138936126043,41.01908493041992,-4.675604343414307,0.0363121078462831
3927998340649139.jpg,41.290734984127,-4.6820622811084,41.327115420008,-4.37240917072396,26.17831125147648,41.55931091308594,-3.9761905670166016,65.99634377792859
669515192130128.jpg,41.127132793633,-4.2520620816988,41.3444298901262,-4.49911660918568,31.78974257946319,41.12721252441406,-4.251896381378174,0.01646869228777319
2115998808809227.jpg,41.305378062324,-3.7466369737081,41.274682690117395,-4.267243470057361,43.63007118518775,41.30549240112305,-3.746647834777832,0.012746221542496406
796714897640349.jpg,41.460383478216,-4.670397762825,41.4012877285176,-4.4380314094531,20.456282256755227,41.504722595214844,-4.68837833404541,5.152784997565815
1915359711954828.jpg,41.232151906378,-4.6710903844738,41.354089695500406,-4.74738754551538,14.982466351614194,41.28253173828125,-4.681430339813232,5.668268448887366
1562907918004036.jpg,41.079577399251,-3.7058728898222,41.194205862619,-4.30946991367004,52.13055632084069,41.078697204589844,-3.7064568996429443,0.1094320505442962
4250091758344490.jpg,41.334210432403,2.054909694966,41.2192523589254,-4.63122134241608,558.7448149792276,41.27767562866211,-5.2531208992004395,610.2854200238293
2563000320671419.jpg,41.725073975709,-4.6886363570651,41.4221435669286,-5.1825934008003,53.13194086762109,41.625701904296875,-4.786223411560059,13.703515084722515
139203301575155.jpg,41.078462738932,-4.5650299127808,41.2252329040312,-4.47281383250908,18.05430335182391,41.07827377319336,-4.565689563751221,0.05914985926209857
1918981618275276.jpg,41.188127682636,-4.2678792243545,41.1816568428762,-4.6105753313645,28.68719772021298,41.18782424926758,-4.267991542816162,0.03502488178804139
1017042513190059.jpg,41.282874359463,-4.0977075461264,41.2011866548306,-4.2541901920821195,15.92757821253997,41.28266906738281,-4.097585201263428,0.025012027087737837
1513389373006527.jpg,41.542593919116,-5.3324492457933,41.466199803356595,-5.260095392426559,10.414518540539108,41.542537689208984,-5.332986831665039,0.045175530601270025
524693881889077.jpg,41.047962442662,-4.6995155664722,41.352225045096,-4.877529521538021,36.96550749848815,41.04765701293945,-4.6994452476501465,0.034470370686452985
1074483528165629.jpg,41.030993499704,-3.8273455172792,41.2100336318956,-4.364243359538319,49.18316928872774,41.17393493652344,-3.7570888996124268,16.949470345821467
1401052747641037.jpg,41.072551407217,-3.8847865583568,41.3248976185594,-4.51313477865804,59.59101318838051,41.07840347290039,-3.8837976455688477,0.6559786638961825
1094193376191126.jpg,41.542027929728,-5.3365669752759,41.491401325312594,-5.23494036965066,10.162860641300016,41.54203796386719,-5.336607456207275,0.0035490130730430453
826087664955702.jpg,41.404385252447,-4.4269133886297,41.1560570350048,-4.51874896104094,28.65935028056944,41.40438461303711,-4.426931858062744,0.0015420445567935048
5533556516660737.jpg,41.520006197297,-4.9348120640601,41.4413983593128,-5.2393819984929,26.835557981028128,41.521202087402344,-4.931989669799805,0.26999228439300405
224123269076738.jpg,41.008308833468,-5.483694964131,41.2836438604456,-5.1099764258836,43.77859824879884,41.00826644897461,-5.483836650848389,0.012788911025983238
1426457301942647.jpg,41.063292411932,-3.8871563783705,41.17003826967861,-4.39068404348892,43.819238631894144,41.06328582763672,-3.8867833614349365,0.03128202670967982
1212220097131971.jpg,41.151714466601,-4.1142350375903,41.1331732224634,-4.5489772620165,36.462849593158865,41.151519775390625,-4.114105701446533,0.02420598069342771
1250921430060718.jpg,41.031510147263,-3.8269991718884,41.1257414617644,-4.20714556137074,33.54229794690195,41.031551361083984,-3.8269753456115723,0.00499959282022057
300899334842132.jpg,41.315693884691,-4.3789376062387,41.2508188237406,-4.506923758457161,12.899861535211524,41.315731048583984,-4.379181385040283,0.020774737136828772
523802808638335.jpg,41.261495376647,-5.2714920270585,41.415387840223204,-4.95467678802368,31.502840250317195,41.32744598388672,-5.1946001052856445,9.749058706787398
2812078812440608.jpg,41.37307302801,-5.1598239536273,41.271082342465604,-4.90876333280504,23.836406104577794,41.40721130371094,-5.135115146636963,4.319530279161902
598943167737420.jpg,41.600541503752,-4.6603349393482,41.4413983593128,-5.2393819984929,51.3526167586087,41.35904312133789,-5.167934894561768,50.09200938148725
375416233737325.jpg,41.492173110353,-4.983713049488,41.2987486862142,-4.8757329842083,23.317664542168203,41.307220458984375,-5.227940082550049,28.94678920934664
2868812876769765.jpg,41.465349909672,-4.67235915049,41.2569437811446,-4.66469967285368,23.182519303054512,41.46440887451172,-4.671964645385742,0.1096802833048692
2557720574374278.jpg,41.33914334656,-5.1861612016409,41.298748686214196,-4.8757329842083,26.310852872635525,41.245174407958984,-5.296053409576416,13.909427544555264
1828713017646553.jpg,41.025894441178,-3.808194784361,41.1508357846108,-4.16833278750906,33.22608522256231,41.01566696166992,-3.8077871799468994,1.13775782021162
673456595441987.jpg,41.261699810019,-4.0991166177368,41.314455101236994,-4.3679878369174805,23.21799343111571,41.118934631347656,-4.765646934509277,57.98836999442641
1169984826762215.jpg,41.163922923767,-4.0043810570225,41.2508188237406,-4.506923758457161,43.13638157253455,41.16481018066406,-4.003953456878662,0.10495113294575223
1094634802002924.jpg,41.155887552945,-4.7938717958103,41.243707206859206,-4.7257495164723,11.30667391685479,41.12190628051758,-4.767823696136475,4.3629861667403524
716376683483124.jpg,41.314908199998,-4.9701854990584,41.3471124510494,-4.69309595173754,23.411627420768347,41.31481170654297,-4.970477104187012,0.026612982417437224
1317837236683715.jpg,41.00016741154,-5.1235804848614,41.2508188237406,-4.50692375845716,58.69082629344333,41.00004959106445,-5.123816013336182,0.023713113262929363
2583046621999584.jpg,41.461303488007,-5.0757446911728,41.4492964604652,-5.005738077446599,5.984996535483695,41.46110916137695,-5.076048851013184,0.03330633721277562
941265654669738.jpg,41.222644519428,-4.2752090131287,41.3259553544338,-4.9349902340446805,56.32152709500787,41.222938537597656,-4.275144577026367,0.03313452419990091
615005628178528.jpg,41.268901036401,-4.0957535779273,41.314455101237,-4.3679878369174805,23.301683799343643,41.2337646484375,-3.7612669467926025,28.234376671009375
5685272361513101.jpg,41.627909180467,-4.3161084824879,41.3662811009362,-4.92445973898258,58.423683829505805,41.28299331665039,-5.24559211730957,86.43486112152614
3808010442630426.jpg,41.587062965881,-4.5543972160971,41.2836438604456,-5.1099764258836,57.30041458686462,41.59408187866211,-4.578771114349365,2.1720806214488744
2193707494298030.jpg,41.383108048315,-4.2291539931686,41.3643374111102,-4.48000244626122,21.035161191033364,41.256309509277344,-3.9075539112091064,30.33323290416109
224839249050134.jpg,41.189852284954,-3.993891078241,41.1795191521458,-4.279298380771701,23.911719189933617,41.18999099731445,-3.993839979171753,0.016005813479513856
701962572404773.jpg,41.153546459737,-4.009315128909,41.255270606816005,-4.37723519662306,32.7923887642228,41.22678756713867,-3.6998867988586426,27.142705286784025
795565057795999.jpg,41.38253670472,-4.9612457867641,41.308664435743005,-4.95609082482064,8.225485827090475,41.414093017578125,-4.965259552001953,3.5248372306089526
284975986655381.jpg,41.127002225786,-4.9742489527943,41.239153297264195,-5.1361586603944405,18.414909899780948,41.1272087097168,-4.974084854125977,0.026759533908412875
9930800627021710.jpg,41.545576697331,-5.4245950903502,41.491401325312594,-5.23494036965066,16.90003669948085,41.5455436706543,-5.424461841583252,0.01168143483385783
837985657146057.jpg,41.210078761961,-5.2192926854641,41.2504797752694,-5.1168563236991,9.672836604591676,41.210205078125,-5.219340801239014,0.014611041370403489
1335762274393746.jpg,41.194592175665,-4.0652371699735,41.2409859828118,-4.48882807439132,35.803541210600784,41.194610595703125,-4.065304756164551,0.006014543312212689
1763617834148267.jpg,41.173581777981,-4.2704684760867,41.3533594062362,-4.7542163231643,45.10501037035528,41.173851013183594,-4.270496368408203,0.03002847464115649
419305345924066.jpg,41.336808460099,-4.5907965649657,41.2836438604456,-5.1099764258836,43.764834266165664,41.336761474609375,-4.590909004211426,0.010743428563645114
1304908764309198.jpg,41.285671649231,-3.7499748363714,41.213838968561,-4.44524914149992,58.671756228519584,41.28583526611328,-3.749734878540039,0.027073754772767415
548382380213993.jpg,41.489234899999,-4.6147532,41.232132648214204,-4.62374779270118,28.598319994008175,41.48914337158203,-4.615722179412842,0.0813493060766073
313445950137237.jpg,41.010164974183,-4.6653653110643,41.402219728275796,-4.614273183774399,43.80352705134362,41.0591926574707,-3.8141133785247803,71.6068929535341
360944057084887.jpg,41.109044421962,-4.7583052289076,41.2508188237406,-4.50692375845716,26.289305434088533,41.109310150146484,-4.758514881134033,0.03437418923738786
657798110278345.jpg,41.185358550828,-4.051812894317,41.207584660646,-4.33902334715942,24.157418973341027,41.185279846191406,-4.0517168045043945,0.01188484392655848
3224831947800488.jpg,41.4470444,-4.5110706999983,41.274738332530795,-4.67671911528196,23.626541051321457,41.44712829589844,-4.510225772857666,0.07103825599102769
2102270010153630.jpg,41.171114119476,-3.7577277768574,41.363090282339996,-4.24611316967224,46.063456831679524,41.167762756347656,-3.755807399749756,0.4058444121057817
813536602627767.jpg,41.117182059773,-5.2885826197838,41.2504797752694,-5.116856323699101,20.64503086223591,41.117156982421875,-5.288399696350098,0.015575237476416245
276999441860417.jpg,41.00761626128,-3.9921022370802,41.4393863394134,-4.80716190936076,83.3767878325613,41.00764846801758,-3.991842269897461,0.022105901029934916
287861399414593.jpg,41.093656512711,-4.9996892410861,41.2170484889822,-5.0450247889143,14.235875984078051,41.09373092651367,-4.999627590179443,0.009754883082200893
730223267649255.jpg,41.381269369065,-4.4815201420876,41.2836438604456,-5.109976425883599,53.58404160986774,41.38228988647461,-4.480037689208984,0.16785288380740634
9944786475623321.jpg,41.512096493139,-5.1573950598219,41.491401325312594,-5.23494036965066,6.85556349603633,41.5120964050293,-5.157442092895508,0.003916198508583716
1354851895241368.jpg,41.251886023041,-3.8735452310531,41.255270606816,-4.37723519662306,42.10818659778679,41.15339660644531,-4.007750511169434,15.684358422884952
797975140859395.jpg,41.264359900586,-5.179538998624,41.2504797752694,-5.116856323699099,5.4623069225547285,41.23516082763672,-5.469053745269775,24.42053099019268
1488399949135102.jpg,41.294391157254,-3.7591907934804,41.2945346167498,-4.64456009362462,73.96684315841642,41.29460144042969,-3.7534472942352295,0.48040318395163023
1570358533359355.jpg,41.059171810345,-5.1987470707515,41.216952432639594,-4.58655080812142,54.18638172600726,41.059173583984375,-5.198747158050537,0.00019735548104103182
2214756308657201.jpg,41.452405892249,-5.0870904179549,41.274328887233196,-4.57227751811126,47.30733529266079,41.45237731933594,-5.087225437164307,0.011692604528335628
1430393950658498.jpg,41.243965870385,-4.6739933232567,41.276269727716205,-4.8209989823016,12.802135278686723,41.24418640136719,-4.674150466918945,0.027819878694317103
1086628490330252.jpg,41.242832631639,-3.8370393209226,41.30881733246381,-4.283696708557939,38.04038667354314,41.242855072021484,-3.8371329307556152,0.008214847421161986
1102060663607891.jpg,41.387889931413,-4.4755863807988,41.2836438604456,-5.1099764258836,54.21926334527283,41.38797378540039,-4.475554466247559,0.009696810746910102
368123664629506.jpg,41.229413101445,-5.2006560992953,41.2836438604456,-5.109976425883599,9.68615163610009,41.22904968261719,-5.201236724853516,0.06317196082013986
9389120487781634.jpg,41.244673935125,-3.7090362516294,41.1635025077922,-4.31556025840044,51.53788032304969,41.21656799316406,-3.695952892303467,3.311219640195913
2850384498563629.jpg,47.793872626994,7.592394977027,41.2648431442364,-4.3278236919781,1189.358089502985,41.07722854614258,-3.7072269916534424,1165.259753975332
505441524149992.jpg,41.18242107883,-4.8079389289284,41.2909013815198,-4.56186442752782,23.851267587195103,41.246124267578125,-3.849958896636963,80.44370635717009
1337544376924573.jpg,41.207703864718,-3.7345755148716,41.255270606816,-4.37723519662306,54.00158771531104,41.56668472290039,-4.8599042892456055,102.01317927789175
242556514296121.jpg,41.000353437058,-5.1233052452524,41.272053410640396,-5.129430338751701,30.21601292186704,41.00032043457031,-5.12337064743042,0.006602314635055106
1855866521707491.jpg,41.51225045687,-4.9526704961796,41.4725296348984,-5.252632945325379,25.3712201783122,41.51252365112305,-4.952063083648682,0.05899755565579815
809532391049225.jpg,41.437097556982,-4.4739029214277,41.4168486535696,-4.80220853815232,27.464557736210644,41.43701934814453,-4.4738311767578125,0.010554461459268675
2467473830252456.jpg,41.107012608633,-4.1242854191644,41.3116158979376,-4.2784793206192395,26.152978601693345,41.17227554321289,-3.7123701572418213,35.24958400309844
2878603179072246.jpg,41.276279186167,-4.8887970344452,41.23690315594901,-4.5524245486694,28.456993548965148,41.27628707885742,-4.8888258934021,0.002566385496865795
7257781400916189.jpg,41.118500070621,-3.7187784007238,41.1663217657136,-4.49121677317008,64.90066339252203,41.11787033081055,-3.720512866973877,0.16128839707889825
1074661087983476.jpg,41.518945298383,-5.2005045619054,41.491401325312594,-5.23494036965066,4.195652030723502,41.518898010253906,-5.200296878814697,0.018072652085986435
797342041203785.jpg,41.174860008901,-4.8879467771158,41.2504797752694,-5.116856323699101,20.912839887388788,41.17487335205078,-4.888025283813477,0.00673619024175751
732931618944986.jpg,41.301934325196,-4.3018206935074,41.3259553544338,-4.9349902340446805,52.94891536307908,41.30143356323242,-4.301734447479248,0.05614633987773378
3395137464045866.jpg,42.482815712504,-2.4238131248114,41.2391682882524,-4.6736143526312794,232.01337718766948,41.03144836425781,-4.618159770965576,243.24420044337026
1201109314732448.jpg,41.10102957801,-4.1260948442929,41.1370011267084,-4.24712911153742,10.899285986411014,41.100074768066406,-4.1255621910095215,0.11516980149295739
1135395115144799.jpg,41.567010658619,-5.4856468467258,41.491401325312594,-5.23494036965066,22.4992617595518,41.5667610168457,-5.484955787658691,0.06384264580561434
809686214382981.jpg,41.450298469845,-4.4900099961496,41.3154578529004,-4.67484909826752,21.508636389035736,41.45030975341797,-4.490133762359619,0.010391190607996637
4138440916282466.jpg,41.345982243535,-5.1764355254789,41.2836438604456,-5.1099764258836,8.880138201078237,41.345367431640625,-5.177370071411133,0.10372971207230094
4050602551663110.jpg,41.398968203669,-4.4472654520832,41.291714668135604,-4.9566758696487,44.16549119919775,41.3990364074707,-4.446887493133545,0.03242487197192293
934189037379283.jpg,41.037270856167,-4.6218166959769,41.2098119875306,-4.6869997983068,19.947465291416226,41.03744888305664,-4.621881008148193,0.02051742079071406
2368029680195297.jpg,41.115840040717,-3.7256267875241,41.2558159942088,-4.39502399339502,58.1390330423554,41.166595458984375,-3.6500396728515625,8.480349808053868
1631885631037103.jpg,41.418201306446,-4.1239567215164,41.2121504276694,-4.78032614119802,59.413488994105336,41.19614791870117,-4.534945964813232,42.286219801991436
1048676609547536.jpg,41.206122109132,-4.2630497980485,41.2845260401958,-4.718347507391739,39.05149384677896,41.20637130737305,-4.263112545013428,0.02820239346084687
1811994946332094.jpg,41.507950651342,-5.0964295543892,41.491401325312594,-5.23494036965066,11.681107733273842,41.507896423339844,-5.0955352783203125,0.0747100013047735
563801764588514.jpg,41.408667415425,-4.3784619020371,41.2836438604456,-5.1099764258836,62.62733406529321,41.40871810913086,-4.378597736358643,0.01265318891227223
1299755188262065.jpg,41.229916662723,-4.1112871169716,41.1560570350048,-4.51874896104094,35.06903488615552,41.22972106933594,-4.111372470855713,0.022890339270863754
1255251848219311.jpg,41.185303228679,-4.5190920001238,41.4546208814422,-4.700134959181801,33.54689716647093,41.000823974609375,-4.297920227050781,27.646252504120348
267536905161562.jpg,41.002199850287,-5.3988837062745,41.1984855095254,-4.706302135002141,62.001200130756324,41.002105712890625,-5.398928165435791,0.01111261330943283
727049295900834.jpg,41.018238348967,-3.9684409178108,41.1739612011688,-4.319310448951001,34.121866066724714,41.0180549621582,-3.9687583446502686,0.03354154815013538
3754471891518890.jpg,41.005096048395,-5.1137585312449,41.2950564746124,-4.63123588128854,51.689186854015254,41.00554656982422,-5.112821578979492,0.09322600165743669
2684088478496955.jpg,41.046658036022,-5.3624366440047,41.186203999136595,-5.16307304858522,22.796783145660843,41.04666519165039,-5.362590789794922,0.012951197936821283
458160925248105.jpg,41.48449299987,-4.6801310646134,41.296697409080004,-4.43488870495834,29.233434146597222,41.12863540649414,-4.646252155303955,39.67061836195134
1082894149201123.jpg,41.302288886557,-4.9092127575977,41.202617714541,-4.42889196817608,41.65505921204471,41.30225372314453,-4.909176349639893,0.004953537398265437
151622240178169.jpg,41.245947341703,-5.4131767698771,41.3521625400234,-5.21230729524166,20.519886271772048,41.23537063598633,-5.466291904449463,4.594184675093531
468229481072119.jpg,41.598166165015,-5.1236322730116,41.3579307278682,-4.6743787703935205,45.98172028345928,41.37260437011719,-4.961747646331787,28.47651896809131
410825553905900.jpg,41.457625197321,-4.7935251651281,41.3889260777634,-4.9035646751695,11.938753721188116,41.45817565917969,-4.793246269226074,0.06547258114553325
798359596048040.jpg,41.367279142836,-4.9620512645523,41.2023134137704,-4.40445398452306,50.0715689363123,41.37151336669922,-4.961820602416992,0.47121750139173446
2826667804263988.jpg,41.227234061169,-5.3163231712395,41.287951204908,-4.65444679386486,55.73721417107348,41.22758865356445,-5.316132545471191,0.04252978518122236
814126312858190.jpg,41.531019729694,-4.710526538677,41.4492964604652,-5.005738077446599,26.214389586068563,41.53104782104492,-4.710578441619873,0.005331314056186417
1495286414395787.jpg,41.475495286363,-4.6168042520262,41.2448196380034,-4.6877225978501595,26.323997098235903,41.47538757324219,-4.616842269897461,0.012388872951386546
4059601407487573.jpg,50.697361563704,7.8773221501092,41.20638487261719,-4.36942615412656,1414.1343539806091,41.307003021240234,-4.0374436378479,1388.386228723518
270077779513454.jpg,41.554507646512,-4.6673881943571,41.361939262852005,-4.41777738707982,29.852655191062283,41.554325103759766,-4.66729736328125,0.02165931858402061
291298465867005.jpg,41.403337952583,-4.3258154033507,41.3050421889804,-5.05987836178546,62.23732173784321,41.40334701538086,-4.325911521911621,0.008079787436384746
289242669538618.jpg,41.176541326403,-4.9353629216304,41.3203409042312,-4.98734893771596,16.569923915746955,41.176513671875,-4.935410976409912,0.005062787962332639
2226229517824710.jpg,41.513976258793,-4.9490252039665,41.4725296348984,-5.252632945325379,25.703635435860555,41.5140266418457,-4.948923587799072,0.0101474568176548
1240539781097475.jpg,41.058609766446,-3.6120911594612,41.252866831588,-4.46106654865414,74.28663667687357,41.05864334106445,-3.6120715141296387,0.0040805501799803705
3118692755033339.jpg,41.006131551367,-4.0026047917381,41.185686989304806,-4.5834059040564,52.605686545171416,41.005672454833984,-4.004339694976807,0.15427089014870018
678971346965392.jpg,41.251769943823,-3.8692003270092,41.255270606816,-4.37723519662306,42.47154218058823,41.09462356567383,-4.124311923980713,27.591082790903624
523265145519743.jpg,41.055956869247,-5.3269655301369,41.287440790855,-4.9940772593587,37.93262505717369,41.569366455078125,-4.855839252471924,69.33531011002464
1601005300336725.jpg,41.038078913955,-3.9187409633929,41.2627160796034,-4.1740464939825594,32.87655358054919,41.03804016113281,-3.918858766555786,0.010779106561254382
1481863609727612.jpg,41.241616488783,-3.7784570021466,41.212915314342396,-4.334767872606919,46.63345014201622,41.24164962768555,-3.7786026000976562,0.012719131990980891
9138309696229016.jpg,41.241428200646,-3.8333182248649,41.2615234254308,-4.28307862495502,37.665762669878376,41.24541091918945,-3.8466598987579346,1.2001806479871562
1273300193657049.jpg,41.004745436296,-4.0065831654103,41.270498799449804,-4.43412316096366,46.423593386226024,41.00464630126953,-4.00679349899292,0.020809439031802338
955548151922964.jpg,41.113271298204,-5.2096105115779,41.2836438604456,-5.1099764258836,20.69749145845674,41.11330032348633,-5.209409236907959,0.017167980436553352
153837033386716.jpg,41.244753831134,-3.8442996725418,41.306730919180396,-4.59505552660574,63.11619254914098,41.24496841430664,-3.8451988697052,0.07887510393909435
510898904108189.jpg,41.278347360627,-3.9761231513883,41.38948546602641,-4.455347011907881,41.876879554580825,41.278770446777344,-3.9770379066467285,0.08975763055072243
2912047232369735.jpg,41.046669804343,-5.3648314293122,41.1862039991366,-5.16307304858522,22.943273841421945,41.04666519165039,-5.364670276641846,0.013524061955869986
1808419969331704.jpg,41.166017668618,-5.4073414065028,41.3897996316544,-5.01716749056348,41.01533822459809,41.16575622558594,-5.391448020935059,1.3307260830813261
7506823532723850.jpg,41.305580246288,-4.0343479420199,41.3433371108206,-4.3933246741158,30.26905585438493,41.30542755126953,-4.03401517868042,0.032571156175536936
939489983454618.jpg,41.521870972519,-5.0382110008096,41.44308017041381,-5.0559465670265205,8.88483512049353,41.523658752441406,-5.041457653045654,0.3355190150252585
2157019337785179.jpg,41.099154986771,-5.4922153922,41.4413983593128,-5.2393819984929,43.52851813922108,41.09910583496094,-5.492432594299316,0.019003045662430076
869595656927191.jpg,41.310751476472,-4.8982826128814,41.357909932355604,-4.91438214208098,5.413325931755266,41.310760498046875,-4.898550987243652,0.022437862671452116
3979935855383082.jpg,41.251493570984,-5.3852055318229,41.1560570350048,-4.51874896104094,73.26001587282042,41.251495361328125,-5.3852057456970215,0.0001998784785170013
1079947084344734.jpg,41.568814759754,-5.4958401902642,41.4492964604652,-5.0057380774466,42.919365107675205,41.568817138671875,-5.495804786682129,0.0029571328162878593
754841096669506.jpg,41.070988434554,-4.7104318683582,41.3423726625998,-5.04391543584056,41.096406445961435,41.071022033691406,-4.71081018447876,0.031933319500373945
158301372896978.jpg,41.467026267729,-4.9867078195587,41.4803964142718,-5.075282001156721,7.527725554596079,41.461204528808594,-4.98419189453125,0.6804477851670196
456931626712602.jpg,41.431834215769,-4.4433161208981,41.42151077561199,-4.81617084153476,31.107665786018796,41.43183135986328,-4.4433159828186035,0.00031777079728107264
934621585275389.jpg,41.413697051867,-4.3153413156278,41.3088380075112,-4.6857745779763,33.041328255701714,41.4136962890625,-4.315370082855225,0.0024004258800371598
473237283732539.jpg,41.008488751431,-5.1068007720794,41.2836438604456,-5.109976425883599,30.597007643278147,41.008453369140625,-5.106809616088867,0.004003706228043423
598289304525000.jpg,41.000363446668,-4.1711417536537,41.281572432907595,-4.3895185450062995,36.223743300853194,41.245052337646484,-3.7934207916259766,41.729093338827475
1404072316618161.jpg,41.563261591393,-4.8643959124821,41.2836438604456,-5.1099764258836,37.22882529762631,41.561641693115234,-4.866781711578369,0.26804142393826985
2123160504842641.jpg,41.561874496505,-5.4773012395931,41.4492964604652,-5.0057380774466,41.21537351466981,41.56191635131836,-5.477357864379883,0.006622354913200472
620893686821158.jpg,41.237212467752,-3.8475048503594,41.255270606816005,-4.37723519662306,44.333840443160575,41.330806732177734,-5.081888675689697,103.66452667293248
1102789274125962.jpg,41.282497870732,-3.9850066293931,41.365719997717605,-4.24149755461794,23.33207528480379,41.2825927734375,-3.985203981399536,0.019577997634932946
789462510054384.jpg,41.108781655343,-4.7578463490118,41.2508188237406,-4.50692375845716,26.276168186204288,41.108524322509766,-4.757613658905029,0.034624065961523454
808255376464435.jpg,41.001748491786,-4.3069647448802,41.1876097441058,-4.2881892809213795,20.72663204620704,41.00168991088867,-4.306382179260254,0.04931961434639011
2781290532181332.jpg,41.105944100547,-4.9903290992884,41.1408531345002,-5.06433291584362,7.313832401637247,41.10604476928711,-4.990251064300537,0.012963397612123258
3942537869169520.jpg,41.582364755752,-4.8378026497787,41.4221435669286,-5.1825934008003,33.79122865164195,41.58127212524414,-4.839211940765381,0.16882227669920893
2332063073904097.jpg,43.358484725082,-1.7066852291651,41.4636083784158,-5.262569650329199,359.97065072211814,43.35844039916992,-1.7084802389144897,0.145204441062645
3320024811474813.jpg,41.569611930654,-5.0916451678045,41.2252329040312,-4.47281383250908,64.27079838456142,41.56768035888672,-5.0902557373046875,0.2439092443218682
279707533897427.jpg,41.129487969521,-4.2688261845543,41.30473929868,-4.3895945608714,21.949570857477696,41.12896728515625,-4.268781661987305,0.05801742182743274
1334525213624821.jpg,41.2980232,-4.0181917999975,41.388914157180196,-4.57510425750102,47.5773833597872,41.30665969848633,-4.0366668701171875,1.817689032009665
3541145809529657.jpg,41.021896030344,-3.9615897213678,41.265401664571,-4.302964675067161,39.37352175517601,41.021934509277344,-3.9615156650543213,0.007543537750730673
1416470338562585.jpg,41.304616853574,-4.6492483703805,41.2836438604456,-5.1099764258836,38.56173019959059,41.304508209228516,-4.649395942687988,0.017259621786909207
212415603773772.jpg,41.252012814618,-4.7177827960979,41.2836438604456,-5.109976425883599,32.96687367809627,41.2524528503418,-4.71765661239624,0.050053915053640805
4105211829720784.jpg,41.61078518755,-4.7992074906078,41.4725296348984,-5.252632945325381,40.74818931366013,41.61079788208008,-4.799184322357178,0.0023880061089517355
292416255699274.jpg,41.052245337805,-4.700421896115,41.2138975804106,-4.80944329636926,20.160962547056908,41.05253982543945,-4.700438499450684,0.03277511451810692
2556387654655027.jpg,41.346966819531,-4.566188458518,41.2836438604456,-5.1099764258836,45.9581302552349,41.34696960449219,-4.566324234008789,0.011338302202660053
3270970323054497.jpg,41.546517116323,-5.4292103399709,41.4492964604652,-5.005738077446599,36.88753121768367,41.54652404785156,-5.429248332977295,0.003254374140903544
840700283549339.jpg,41.289841897878,-4.4115668736746,41.2660306680498,-4.57869217691178,14.214589215871491,41.290103912353516,-4.411497592926025,0.029704123157512773
1279168563855253.jpg,41.505633890067,-5.0609160293492,41.491401325312594,-5.23494036965066,14.579239760144837,41.50568389892578,-5.06174898147583,0.06958479823805316
4469637676396976.jpg,41.255570505866,-5.2808193326544,41.480396414271794,-5.075282001156721,30.317736893220943,41.25592041015625,-5.279986381530762,0.07976233460926341
1711576906188828.jpg,41.246177968935,-3.8010877865849,41.1999452251908,-4.5109296713785,59.58978766588575,41.2838249206543,-3.680840492248535,10.887402412399979
1961101481313263.jpg,41.201845432572,-3.7966267729766,41.21383896856101,-4.44524914149992,54.276566817515345,41.27721405029297,-3.689420223236084,12.271413735966293
1384942435502944.jpg,41.073535034103,-3.7872448910285,41.255270606816,-4.37723519662306,53.36239926832517,41.039222717285156,-3.80954647064209,4.248956139882211
280179341390107.jpg,41.244489917726,-3.8430733024741,41.286769168175,-4.46297299290688,52.0244307227999,41.2474250793457,-3.7085862159729004,11.248654625081729
836194557310664.jpg,41.40541118264,-4.4023175566444,41.320340904231195,-4.98734893771596,49.73227645221251,41.40541458129883,-4.402242183685303,0.006297574644027197
1460401568507470.jpg,41.541681379837,-4.892809546195,41.4725296348984,-5.252632945325381,30.93372493360659,41.541446685791016,-4.893126964569092,0.03713401036663707
850565899138995.jpg,41.101329295176,-4.6394943150751,41.3206423943218,-4.665345807236619,24.482196404028112,41.29738998413086,-3.6700639724731445,83.98622366000886
767859607236843.jpg,41.40057985514,-5.139671641085,41.24442982471239,-4.68744055751564,41.56509342263,41.4000358581543,-5.13987922668457,0.06291891969142147
1099399998838574.jpg,41.507153008316,-5.0830893402563,41.4492964604652,-5.0057380774466,9.105656177615355,41.50715637207031,-5.083155632019043,0.005532830314403239
850124305581399.jpg,41.380080590978,-4.4831483418461,41.2836438604456,-5.1099764258836,53.424700929632074,41.37998962402344,-4.48328161239624,0.015031757200128414
1995968627888587.jpg,41.503897727491,-5.0271494793781,41.4492964604652,-5.0057380774466,6.328001183412834,41.50399398803711,-5.029862403869629,0.22617221242501478
872971421395665.jpg,41.231058115804,-4.8530620331746,41.3234953926682,-4.660452070527859,19.09757350270194,41.206478118896484,-4.8284010887146,3.4241475463750226
1500185398090537.jpg,41.525969828339,-5.2612134239515,41.491401325312594,-5.23494036965066,4.422813355414219,41.52596664428711,-5.2610087394714355,0.017042980059677703
155120119985695.jpg,41.05867337639,-5.1984249773866,41.1600627988044,-4.42326731242678,65.91414527723836,41.05867385864258,-5.19842529296875,5.979691181108646e-05
472591017374695.jpg,41.073104464994,-4.4375892999279,41.127796474837,-4.40432079310386,6.689933037852847,41.07308578491211,-4.437989234924316,0.03358953254664446
506056220758223.jpg,41.044899494227,-4.6223185346871,41.5129765568046,-4.9121058052838995,57.405243612762696,41.16030502319336,-4.653872489929199,13.102037136622005
1145445492548272.jpg,41.255147158569,-5.2791831508714,41.2508188237406,-4.50692375845716,64.56011521721473,41.25473403930664,-5.280014514923096,0.08330713021792077
934263510665116.jpg,41.278050390168,-3.6040615958385,41.137241728181195,-4.494942720282,76.15317657004411,41.27730178833008,-3.6038007736206055,0.08604691193544765
1069555978216564.jpg,41.592137845625,-5.1138043594324,41.255270606816005,-4.37723519662306,71.93528995045868,41.592185974121094,-5.113809108734131,0.005366199057713413
530209061766549.jpg,41.397327830852,-5.14161510739,41.4413983593128,-5.2393819984929,9.511670185464903,41.3974609375,-5.141550064086914,0.015763819527175857
1604229863517087.jpg,41.421073153017,-4.1231393654818,41.2191246627966,-4.87057328375616,66.33509974449605,41.19442367553711,-3.7047600746154785,43.08552711146276
951931286591515.jpg,41.491484275318,-4.6150322968046,41.276588959168194,-4.5245329057451205,25.059735085733323,41.491493225097656,-4.615087032318115,0.004666329696986687
3927790560640840.jpg,41.526161584147,-4.9196803462202,41.3423726625998,-5.043915435840559,22.910899152688504,41.42842483520508,-5.106968402862549,19.014673104241275
194482815854394.jpg,41.286780708892,-4.6830857257089,41.3203409042312,-4.98734893771596,25.68825931446161,41.327720642089844,-4.613331317901611,7.3939564481466515
738817648779539.jpg,41.254897502557,-3.8734861213362,41.2004730437646,-4.55784910517456,57.55171826957089,41.25477600097656,-3.874317169189453,0.0707726172240428
1024106525802397.jpg,41.073270663415,-3.7875340734264,41.255270606816,-4.37723519662306,53.35123157298179,41.04264831542969,-3.8097639083862305,3.881806982938191
985137988892331.jpg,41.045277406738,-4.3778561675903,41.282995411672,-4.44852366698258,27.08689230535427,41.04557418823242,-4.377898216247559,0.03318846268780185
3438402496438905.jpg,41.045199263359,-3.9135592032807,41.1095627734818,-4.39919871788522,41.331222632680586,41.04570770263672,-3.9129996299743652,0.07347408107313382
146527570776588.jpg,41.290590779825,-4.6819286848969,41.2466984824712,-4.2166342493574405,39.19289386451512,41.1557502746582,-4.520237445831299,20.1910950219598
2213369332126276.jpg,41.416747563453,-4.9653983478045,41.1920456907058,-4.5719640925797,41.28343679568271,41.417030334472656,-4.965378284454346,0.03148718079102144
1015685467276713.jpg,41.271887489748,-4.0942067790832,41.277015265677804,-4.47416767238894,31.758226509274213,41.27204895019531,-4.094001770019531,0.024816849521929377
1376285366905145.jpg,41.272739748193,-4.0929313526463,41.325037453208196,-4.27678418980014,16.422774408183926,41.08909606933594,-4.126221656799316,20.609424936109793
1838961400050075.jpg,41.174429435018,-3.640531536902,41.2558863401404,-4.2764556438125805,53.957614263677506,41.17438888549805,-3.640529155731201,0.004513303328366239
279378103855621.jpg,41.441156770752,-4.9757041289075,41.35335940623621,-4.7542163231643,20.895572402996336,41.36904525756836,-4.961928367614746,8.100328446563594
2076732626074882.jpg,41.141523557048,-3.6789211363016,41.262630051636,-4.27668669723408,51.79152470055307,41.2173957824707,-3.6960251331329346,8.55718285383414
534337334264672.jpg,41.133915271266,-4.2691155361331,41.30473929867999,-4.3895945608714,21.502187876742514,41.13375473022461,-4.269104957580566,0.017873320131329418
480824179927656.jpg,41.398964960369,-4.4468364969879,41.2836438604456,-5.1099764258836,56.82697987523867,41.39891052246094,-4.447287082672119,0.03806765964710691
398474571193634.jpg,41.267365985917,-5.2641826875858,41.4803964142718,-5.075282001156721,28.452848640662843,41.24995422363281,-5.291134834289551,2.9705449434984774
1251850273341768.jpg,41.594098832327,-5.1153027227596,41.1560570350048,-4.51874896104094,69.64299987182311,41.26375198364258,-3.7061007022857666,123.0938921591392
1121165013284730.jpg,41.540730005109,-5.375707874499,41.491401325312594,-5.23494036965066,12.94023977618777,41.54091262817383,-5.375718116760254,0.020324642280055986
1144222483398482.jpg,41.430558133667,-4.4606943919212,41.3539744003138,-4.759065649047339,26.306130001960188,41.430572509765625,-4.460827350616455,0.011199346355402815
1475474113453229.jpg,41.106287993721,-3.7399893028816,41.4008537400218,-4.62180892676062,80.66545082880563,41.10586929321289,-3.740640163421631,0.07170315731539079
1290097072203864.jpg,41.144328648319,-3.9287180131336,41.223816292694195,-4.48435776674558,47.33124848907685,41.14394760131836,-3.9263432025909424,0.203321186274952
1353619382198508.jpg,41.294993702566,-3.9302122426678,41.2283532237842,-4.304876632236061,32.181346810221754,41.29501724243164,-3.930201292037964,0.0027727835272443944
1073474596477372.jpg,41.469700861809,-4.9878895013246,41.2981684755404,-4.836980657129,22.854151604956126,41.474273681640625,-4.989808082580566,0.5330082397241792
1828025844591060.jpg,41.506776151626,-5.0203654703746,41.4492964604652,-5.0057380774466,6.506579658663933,41.50687026977539,-5.020305633544922,0.011591077364837879
212004033845889.jpg,41.287855445082,-3.6054167766847,41.384918305374995,-4.462494394982601,72.36657107984703,41.28855895996094,-3.6056084632873535,0.07984994148374776
2866830840242108.jpg,41.401051935057,-5.1397164707545,41.4413983593128,-5.2393819984929,9.443894180793096,41.40119552612305,-5.139644145965576,0.01706816091036118
1233961847769713.jpg,41.161539922379,-4.7973949919013,41.3234953926682,-4.660452070527859,21.34032026430243,41.1989631652832,-4.820863723754883,4.601508997871328
2010550746428044.jpg,41.62358235138,-4.7882394723,41.4492964604652,-5.005738077446599,26.519698801233456,41.6236457824707,-4.7881927490234375,0.008051759587034578
191864886006412.jpg,41.316377892685,-4.6304647337562,41.2461073885514,-5.234906885932899,51.10837996586412,41.316463470458984,-4.630329132080078,0.014792006318173827
603395871054028.jpg,41.178102867738,-4.7985016070952,41.1408531345002,-5.06433291584362,22.636626514910006,41.17815017700195,-4.798304557800293,0.01731027703410591
152477570221155.jpg,41.295928846143,-4.663321451848,41.272053410640396,-5.129430338751701,39.03711393280421,41.295833587646484,-4.663434982299805,0.014218051153433253
1791619038901417.jpg,41.250737136963,-3.7664010442358,41.1971357429294,-4.31989500928262,46.67302095847193,41.083831787109375,-3.692427635192871,19.56473885984789
778544327899572.jpg,41.154526959124,-4.0086470614824,41.255270606816,-4.37723519662306,32.807249948607634,41.16484069824219,-4.023265838623047,1.677196776078586
1465715024825844.jpg,41.512594709809,-5.1696312977232,41.4492964604652,-5.0057380774466,15.360517244086598,41.512596130371094,-5.169694423675537,0.005258484546067054
2897454503806152.jpg,41.547509745236,-4.6639897627992,41.37775209456721,-4.7182148764328,19.409459273782065,41.54756164550781,-4.663814067840576,0.0157188692068191
4276245476031756.jpg,41.507872055756,-5.0936181654831,41.4636083784158,-5.262569650329199,14.909234782662754,41.50787353515625,-5.093617916107178,0.00016580726671513944
3961570780730281.jpg,41.133618708531,-3.6990567721296,41.3379959594936,-4.284925943533919,54.00404165187563,41.11540222167969,-3.7193245887756348,2.642917422773413
3683888918600016.jpg,41.619218882128,-4.7182646232966,41.254823899971996,-4.3165582077349,52.565392328766556,41.630577087402344,-4.783735752105713,5.586547325796319
1423108328068059.jpg,41.058400703085,-3.8982631284732,41.3108732941486,-4.5363593766979795,60.32844610364703,41.08525848388672,-3.8600404262542725,4.3801175667939125
903859294761490.jpg,41.437228346007,-4.3878489508673,41.4168486535696,-4.80220853815232,34.6209581342427,41.437171936035156,-4.387745380401611,0.010671706942908893
1566845930909307.jpg,41.132388858799,-3.6892729965317,41.2448889760264,-4.2969361428782795,52.364802127817796,41.122650146484375,-3.7535951137542725,5.495202449709822
1272062986636609.jpg,41.64110061923,-5.1880676306686,41.2950564746124,-4.63123588128854,60.2754381861342,41.64133834838867,-5.188174724578857,0.02789209111144582
2489470368105719.jpg,41.604651538731,-4.8101991200496,41.4492964604652,-5.0057380774466,23.735595231910008,41.604461669921875,-4.810479640960693,0.031460238672923135
468621997736828.jpg,41.021099269353,-5.3926949971908,41.3414781690322,-4.5895792316826,76.06866825998881,41.02140426635742,-5.392638683319092,0.034241594426949594
3790823164377031.jpg,41.411287577548,-4.3268023344024,41.2836438604456,-5.1099764258836,66.89889270619847,41.41122055053711,-4.327151775360107,0.03007930101292127
320461216151894.jpg,41.400682467774,-4.3207844596796,41.2714779543318,-5.1315817344606,69.20137900160034,41.59897232055664,-4.656452178955078,35.603393471303335
2125465050951832.jpg,41.512994731154,-4.9968774662777,41.4413983593128,-5.2393819984929,21.714900736597766,41.51206588745117,-4.994765281677246,0.20395384824375265
2319478464851854.jpg,41.565913719168,-4.8603825330121,41.4413983593128,-5.2393819984929,34.46463963747634,41.589595794677734,-4.537728786468506,26.967204847903083
301672428100569.jpg,41.250725283138,-4.6476556632125,41.5573450810394,-4.95669301820792,42.74074719862233,41.27042770385742,-4.676353454589844,3.248651717834877
813049949324951.jpg,41.593056611885,-4.6141605627583,41.4413983593128,-5.2393819984929,54.717912292739,41.593162536621094,-4.61468505859375,0.04517950751706904
530484967959747.jpg,41.627748477495,-5.1783386582771,41.2485612425606,-4.626548793161381,62.397633426056956,41.627628326416016,-5.178032398223877,0.028748081031361134
537520709394959.jpg,41.073958790055,-4.1314863256664,41.165236310396196,-4.2981409576324,17.259840812878593,41.07373046875,-4.131563663482666,0.026202809941858304
3065296347081931.jpg,41.59461726044,-4.6220218180726,41.4413983593128,-5.2393819984929,54.149399684757256,41.594451904296875,-4.621928691864014,0.019951093597471076
982657129288457.jpg,41.166693734252,-5.2026098139297,41.093354012272,-4.83938299458638,31.49578654412488,41.167110443115234,-5.2027177810668945,0.04720905667480875
645119074237176.jpg,41.237263237534,-3.8475940885354,41.255270606816005,-4.37723519662306,44.32611477030816,41.042457580566406,-3.8096396923065186,21.89333739873096
1009740813182512.jpg,41.593634725127,-4.6188688446862,41.1658772714632,-4.5957024680402,47.60371497923184,41.41463088989258,-5.12684440612793,46.75032056002394
261999865672371.jpg,41.081293713998,-4.5358731391674,41.16440103743059,-4.5049243947155,9.597840009020933,41.081111907958984,-4.53544807434082,0.04096333662538531
162703612889481.jpg,41.4333344,-4.4342666,41.283844558102395,-4.7133175173586,28.61351273906208,41.43346405029297,-4.433874607086182,0.03571743120391038
983397129120056.jpg,41.290057155971,-4.682442290445,41.293441838669196,-4.474810201895861,17.351184136669115,41.474151611328125,-4.9900407791137695,32.827486315927274
4153170611413135.jpg,41.015679996126,-5.0923317961113,41.2836438604456,-5.109976425883599,29.832825247556297,41.01576232910156,-5.092167377471924,0.016556205748660662
1894867477341092.jpg,41.08744567227,-5.0060305030245,41.2836438604456,-5.109976425883599,23.486434075415918,41.08685302734375,-5.006687164306641,0.08585705811665377
1988192911336161.jpg,43.51932380373,1.5119902047802,41.2540294027876,-4.44337387330542,549.9757382646034,41.16115951538086,-5.442585468292236,628.6030900058639
3879718368808492.jpg,41.03059922356,-5.3911469710952,41.2098119875306,-4.6869997983068,62.259108105027735,41.03029251098633,-5.391198635101318,0.03437911234942325
2293586510994206.jpg,41.12592717964,-3.7095891506316,41.230331781202,-4.2102882658655,43.483154398679304,41.307010650634766,-3.610556125640869,21.772846344007338
948936212346575.jpg,41.539559708488,-5.3591712674043,41.3423726625998,-5.04391543584056,34.224436037652666,41.54070281982422,-5.349404811859131,0.8227251342932058
193917249222184.jpg,41.19986498301,-4.7672163331707,41.24610738855141,-5.234906885932899,39.451921422668335,41.19977569580078,-4.767382621765137,0.01709178878120937
508350510298964.jpg,41.166171483923,-5.403311822714,41.4413983593128,-5.2393819984929,33.5276262568106,41.16623306274414,-5.404073715209961,0.06414294789322249
895795144543349.jpg,41.252678491945,-4.6755766118974,41.2098119875306,-4.6869997983067995,4.861317386416491,41.25245666503906,-4.675545692443848,0.02480108862691513
1384296941933517.jpg,41.158206104048,-4.6533278317302,41.2508188237406,-4.50692375845716,16.001992757483563,41.157962799072266,-4.653352737426758,0.02713450740741189
2568868243419905.jpg,41.618234968105,-4.3920036804268,41.4221435669286,-5.182593400800299,69.33713145824998,41.624507904052734,-4.271102428436279,10.073949043665326
1736124880331009.jpg,41.033761686102,-3.6188634210625,41.3188401281428,-4.6838578209409,94.6027931901183,41.0340576171875,-3.6186957359313965,0.035785860646627594
3720034591615847.jpg,41.461407331817,-4.5522946145276,41.4165222013634,-4.83136358964996,23.792147085882927,41.46151351928711,-4.552679538726807,0.034179825759102646
239231127969437.jpg,41.392870804678,-5.1436845105892,41.4413983593128,-5.2393819984929,9.633043620229262,41.393165588378906,-5.143518924713135,0.035569920909950654
1110891926609402.jpg,41.180862697149,-4.2709965924186,41.298748686214196,-4.8757329842083,52.235668160869764,41.18015670776367,-4.270669460296631,0.08313942450080378
1289744125958391.jpg,41.512099347872,-5.155989357873,41.4725296348984,-5.252632945325381,9.173497020544964,41.51210403442383,-5.156130313873291,0.011748196123083922
219095533314614.jpg,41.334479188819,-4.5966690997972,41.2836438604456,-5.1099764258836,43.24502957840095,41.33454895019531,-4.596497058868408,0.016324861602840576
372198037566830.jpg,41.036955199443,-4.6928724572316,41.165877271463195,-4.5957024680402,16.48626641175192,41.03657531738281,-4.692509174346924,0.05208356426063258
742670501188286.jpg,41.166129550233,-4.2697985060629,41.2993028366806,-4.71366745875528,39.96240687880532,41.16584777832031,-4.269992351531982,0.035284094936301885
1099639300860142.jpg,41.469252179302,-5.0612815841667,41.4413983593128,-5.2393819984929,15.162147098545782,41.471473693847656,-5.059892177581787,0.2728011702704087
1310003994031792.jpg,41.538659035104,-5.2900187269778,41.4725296348984,-5.252632945325381,7.985141678819107,41.53865051269531,-5.290040016174316,0.002009401207628889
2226127074425799.jpg,41.22452647199,-3.7629425125509,41.4558137945812,-4.45137753123652,62.96558722064209,41.2242546081543,-3.762382745742798,0.05572715402185935
1404691053829621.jpg,41.134251639187,-4.2240991608788,41.3185815369976,-4.8142545651648,53.441867649034236,41.13443374633789,-4.222897529602051,0.1026519740918224
1533301087107705.jpg,41.60213571157,-4.4702038710518,41.31805522768521,-4.73671026442306,38.61383154222099,41.55955123901367,-4.602695941925049,11.994410894572276
3234368380049112.jpg,41.567867108493,-5.4881636517495,41.4492964604652,-5.0057380774466,42.279334757888,41.56784439086914,-5.488094806671143,0.006259740478748558
508747716837277.jpg,41.215358495287,-4.2727523076412,41.3009727744504,-4.775513303710079,43.09063440455072,41.21515655517578,-4.272543907165527,0.028426721730203896
596219912684155.jpg,41.242830004553,-3.8443018081269,41.18874464571461,-4.4840619153615995,53.84919439029228,41.24283218383789,-3.844308614730835,0.0006185435884913344
2681915455532019.jpg,41.020840915405,-4.1433741914864,41.1370011267084,-4.24712911153742,15.57131889389355,41.02495193481445,-4.14254093170166,0.46243832673273966
3272843012869851.jpg,41.155337248994,-3.6665539927516,41.308882933358795,-4.50278455337678,71.98246022440063,41.23393249511719,-3.766526699066162,12.097440195622072
2622311034635786.jpg,41.419493092792,-4.1226412285302,41.1560570350048,-4.51874896104094,44.197130202000935,41.41948699951172,-4.122609615325928,0.0027217029285734914
500127897801494.jpg,41.082484825583,-5.2267534034622,41.2705364771924,-4.257638818077299,83.76130143542343,41.08246612548828,-5.226639747619629,0.009750340846144394
1543342733229177.jpg,41.131536490434,-3.6995939580038,41.152962286503595,-4.312376333954861,51.3686492735371,41.18364715576172,-3.766846179962158,8.079333373273805
1791951034748001.jpg,41.511364130091,-5.1393898639137,41.4492964604652,-5.005738077446599,13.099470550969833,41.51134490966797,-5.138788223266602,0.050141461929078424
2939221396358807.jpg,41.610988704853,-4.796122465649,41.4413983593128,-5.2393819984929,41.43903985127506,41.61091995239258,-4.79569149017334,0.03663661691037498
2988981701425118.jpg,41.198436936077,-5.3433721361688,41.2836438604456,-5.1099764258836,21.6931355461391,41.20006561279297,-5.340463161468506,0.30336759793725254
1942025909287015.jpg,41.420635100177,-5.1182158849644,41.4413983593128,-5.2393819984929,10.36194860465687,41.42699432373047,-5.109036445617676,1.042012455654016
965022941490078.jpg,41.413662602816,-4.3144389734133,41.350872560715004,-4.829044341117401,43.4981199227253,41.41366195678711,-4.314332485198975,0.00888045013848282
1158789721209834.jpg,41.403337366944,-5.1383521067074,41.2836438604456,-5.1099764258836,13.518472710216537,41.402957916259766,-5.138620853424072,0.047777261150322874
1058248835240079.jpg,41.541171463827,-4.6578125090433,41.1573546306726,-4.72137055017482,43.006978301858595,41.54098892211914,-4.6576104164123535,0.026360887031932036
2912744515652042.jpg,41.401051871545,-4.4322809704217,41.272053410640396,-5.129430338751699,59.9461637108444,41.40104675292969,-4.432427406311035,0.012227061655416838
1054837863337446.jpg,41.0071852,-3.9957058,41.3273635310666,-4.48732293173672,54.4146096371228,41.0071907043457,-3.994863748550415,0.07065979753041257
967066527287378.jpg,41.267823779587,-3.9501775635241,41.2508188237406,-4.506923758457161,46.57608825905868,41.269840240478516,-3.956234931945801,0.5536862931800348
2842883955976016.jpg,41.603586202249,-4.0430302975054,41.4413983593128,-5.2393819984929,101.2163684091358,41.614295959472656,-4.185604095458984,11.913230602509694
741058859904737.jpg,41.400286658748,-4.4377511692638,41.2836438604456,-5.109976425883599,57.59850371295841,41.4002685546875,-4.437871932983398,0.010271875962694582
423151083679167.jpg,41.555073851095,-4.6675674068742,41.3149074921822,-4.374106453339399,36.21676751770809,41.555259704589844,-4.667635917663574,0.02143782538674912
775532273124244.jpg,41.039879992123,-3.9172018061536,41.281572432907595,-4.3895185450062995,47.80858151056734,41.04138946533203,-3.916193962097168,0.1879277576894341
490943985349359.jpg,41.164688152999,-5.4152030228827,41.4413983593128,-5.2393819984929,34.09426469771503,41.16451644897461,-5.416217803955078,0.08706645709744949
1461867797489959.jpg,41.061695999992,-5.0343565999004,41.2836438604456,-5.1099764258836,25.478168657561852,41.050846099853516,-5.046263217926025,1.565959882967676
531630884511234.jpg,41.06912309131,-4.404836017373,41.255270606816,-4.37723519662306,20.82722055122529,41.1449089050293,-3.676043748855591,61.63932018324193
586596301085288.jpg,41.289343819439,-3.7470241966465,41.213325434948004,-4.09795476569012,30.530905935272248,41.289310455322266,-3.747042655944824,0.004017728824333406
1841249106454074.jpg,41.117568948873,-3.7226469989757,41.255270606816005,-4.37723519662306,56.87690842659912,41.172969818115234,-3.7573652267456055,6.8117969422945155
183821583655602.jpg,41.046650155134,-5.3640481897139,41.1800874733966,-5.1678038532547,22.145892983780826,41.04664611816406,-5.363895893096924,0.012779549827217358
782311044172516.jpg,41.11496797345,-3.8982559528497,41.2602374297354,-4.0835099003295,22.388457521904805,41.11861038208008,-3.9038450717926025,0.6190767440432811
1857281338128342.jpg,41.243197323013,-3.7068829499031,41.0961933672838,-4.48730264505926,67.33765583406017,41.243804931640625,-3.7084872722625732,0.15019056540233783
999909278822164.jpg,41.298417322678,-3.9307904353605,41.255270606816,-4.37723519662306,37.614965250098,41.230369567871094,-3.6999571323394775,20.72426526835294
334685478052522.jpg,41.287828239139,-4.680109138112,41.2836438604456,-5.1099764258836,35.920550102200174,41.4189453125,-4.122595310211182,48.76511242382461
3913591268854977.jpg,41.211709156729,-4.1154375368324,41.2508188237406,-4.50692375845716,33.025481599503514,41.21223068237305,-4.115346431732178,0.05848961179659736
3073648659536597.jpg,41.634022718525,-3.7655024800315,41.2826799580324,-4.7198774312285,88.6081445145597,41.454856872558594,-5.085784435272217,111.66798949451137
984233142347982.jpg,41.001550216953,-4.1526398335256,41.223942590512,-4.7346171031335995,54.668366008433765,41.00095748901367,-4.151951789855957,0.08762278429004056
681753911172268.jpg,41.227016341281,-4.1120866803973,41.255270606816005,-4.37723519662306,22.391122059075528,41.22705841064453,-4.1120781898498535,0.004731483892334229
1216450445474794.jpg,41.290303860752,-4.3235192316665,41.254823899971996,-4.3165582077349,3.987852223627588,41.04526901245117,-3.91349458694458,43.821622688810386
483317806332478.jpg,41.433160596153,-4.667492561787,41.255270606816,-4.37723519662306,31.27926080784374,41.348533630371094,-4.689430236816406,9.586388819326354
4079471135409024.jpg,43.449034061636,-5.1980802579534,41.4492964604652,-5.005738077446599,222.91978644816373,41.13474655151367,-3.692838668823242,285.55921803460075
3146090975632120.jpg,41.620529246517,-4.2340309106008,41.4056997949024,-4.958715136538681,64.89574514178638,41.58376693725586,-4.5635271072387695,27.700404339642578
25368346686102084.jpg,41.507209437505,-5.0840255345754,41.4492964604652,-5.0057380774466,9.165421900910806,41.50741195678711,-5.086737155914307,0.22691868659401937
1546937165512218.jpg,41.405389699818,-4.4028571812296,41.324979664056805,-4.79958282755682,34.2940805963807,41.40538787841797,-4.402935028076172,0.006495711936140641
3135616676571819.jpg,41.045703753901,-4.1925206757898,41.2892894336578,-4.69858747372802,50.27982332303047,41.04570388793945,-4.192520618438721,1.5661189242779197e-05
1542027369841836.jpg,43.487016343147,-0.76214037599349,41.2222208180732,-4.142762546043679,374.8911343883632,41.07048797607422,-3.7908833026885986,366.4064129698317
1662689637761258.jpg,41.100955396296,-3.8869975570952,41.22284255094,-4.34441762162822,40.619908102571486,41.09920120239258,-3.8866498470306396,0.19722141674891655
1380336363675883.jpg,41.196816039782,-4.069928734206,41.233848611844,-4.2133166505954796,12.680904084926375,41.19695281982422,-4.070047378540039,0.018162128017828818
570079730630266.jpg,41.116493144777,-4.262239702916,41.281572432907595,-4.3895185450062995,21.221237005819262,41.11642074584961,-4.262166500091553,0.010119980229353929
711314406691931.jpg,41.179783231595,-5.2076230605454,41.335158992631,-4.88986043385988,31.686604190030753,41.17961502075195,-5.207543849945068,0.01984421689976395
4201585173194622.jpg,41.385845586605,-5.1485935170673,41.310795730858,-4.66088679488508,41.557690188592325,41.10851287841797,-3.718498945236206,123.47339705190643
157838992968452.jpg,41.210413125859,-4.4315877565973,41.2508188237406,-4.506923758457161,7.737985782147018,41.211280822753906,-4.431041717529297,0.10674932890005637
568152967480183.jpg,41.298255354982,-4.3409824248175,41.2508188237406,-4.506923758457161,14.836881405043542,41.29801559448242,-4.340478897094727,0.049801275813115754
2593071324322534.jpg,41.100880616754,-5.4980492331084,41.3373103254066,-4.98012311955912,50.67264894819017,41.10375213623047,-5.495439529418945,0.3869963193370781
857606181598976.jpg,41.504751440803,-4.7716392219314,41.262897453959404,-4.41648720036694,40.01457746557869,41.15082550048828,-4.182962417602539,62.968215588814786
1119361705230656.jpg,41.290294840951,-4.6816420855833,41.2027870213992,-4.520748725717221,16.601940794224387,41.40251922607422,-4.316854476928711,32.90912297151062
3888407157863415.jpg,41.304641217101,-4.9107848796028,41.281572432907595,-4.3895185450062995,43.62491630656451,41.063716888427734,-3.8418092727661133,93.38160898919426
2901213016732481.jpg,41.620837125903,-4.7895513520697,41.4725296348984,-5.252632945325381,41.91776628884524,41.620765686035156,-4.789564609527588,0.008019827070779986
2933232296919426.jpg,41.21628578565,-4.7435295840518,41.2836438604456,-5.109976425883599,31.537523268520975,41.21638488769531,-4.743422508239746,0.014200234243175298
644858084935374.jpg,41.105823833755,-4.1249797682334,41.3821994318752,-4.37037355624124,36.95095353426552,43.72146224975586,0.4035091996192932,471.8933421578263
928839994579073.jpg,41.032164466625,-4.6186296999398,41.302555048372604,-4.913781695072279,38.914728421108435,41.03234100341797,-4.618857383728027,0.027387302192342113
2967109483555535.jpg,41.289887897876,-4.3276870541361,41.2363969371796,-4.2515783731278,8.708961507184396,41.21562194824219,-4.273015975952148,9.438358708148149
915779085877751.jpg,41.310799162723,-4.8974222509168,41.2650645594872,-4.79470621007766,9.975729906792798,41.41927719116211,-4.965219497680664,13.323240771156904
1512419585757568.jpg,41.591000113719,-4.6024808005818,41.4503196157954,-5.22944529348908,54.49047076895518,41.591068267822266,-4.603285312652588,0.06733339516079423
298876675052221.jpg,41.202105265802,-4.7620845699989,41.214008172595996,-5.04846164679512,23.99323070304686,41.2022705078125,-4.761755466461182,0.033101308336345794
2932018823723608.jpg,41.339894249111,-4.5830442491023,41.1560570350048,-4.51874896104094,21.136687762578596,41.339786529541016,-4.583315372467041,0.025608773047395606
2721087098075621.jpg,41.057167279186,-4.1371695252694,41.207584660646,-4.33902334715942,23.781126698180437,41.057861328125,-4.13346529006958,0.3200321266935011
3925500950892513.jpg,41.522110597075,-4.929417914417,41.2836438604456,-5.1099764258836,30.49425759855456,41.52222442626953,-4.929185390472412,0.02312870318212767
577515944687992.jpg,41.113852505815,-4.1204357934669,41.2188082637866,-4.60294353278556,42.04186824273654,41.1137580871582,-4.120525360107422,0.012904566126802856
1520194048514598.jpg,41.240411403401,-3.8495730119352,41.1803981635762,-4.9547380228378,92.68851631988623,41.235130310058594,-3.8110191822052,3.27678125187911
826721221290482.jpg,41.167677601938,-5.3831641183412,41.4413983593128,-5.2393819984929,32.720288885795945,41.16773986816406,-5.383015155792236,0.014262357652395278
755469808498749.jpg,41.069783286613,-5.2084707763692,41.2508188237406,-4.506923758457161,62.084209544496616,41.06988525390625,-5.208590030670166,0.015116207502444507
157760619634685.jpg,41.529044237164,-4.69726703666,41.3485081382924,-4.401244353880981,31.810381134897767,41.17002868652344,-4.656127452850342,40.06813602477586
4106172506087972.jpg,41.407467819003,-4.3896838746752,41.2836438604456,-5.109976425883599,61.684910857789376,41.408939361572266,-4.386749744415283,0.2943680499070482
833655524176469.jpg,41.403970081307,-5.1379788132819,41.2836438604456,-5.1099764258836,13.582344279536867,41.404048919677734,-5.137580871582031,0.034327915671610976
1500043681239364.jpg,41.116871854836,-3.8996434164466,41.319435277020204,-4.27942047235876,38.94033746631255,41.116790771484375,-3.8995752334594727,0.010673022941930456
483278299607152.jpg,41.395891292154,-4.4710575843745,41.1560570350048,-4.51874896104094,26.96450944812178,41.395931243896484,-4.4710822105407715,0.004894361560631216
296515895302730.jpg,41.192622017661,-4.4448086929445,41.2469126353822,-4.61194524519892,15.227002991591936,41.15578079223633,-4.509393215179443,6.782479115363924
1267318284776034.jpg,41.593978651469,-5.1150180092775,41.15605703500479,-4.51874896104094,69.61670740489816,41.321617126464844,-4.06953239440918,92.23769116919492
5608361825900403.jpg,41.638596209989,-4.7644565066421,41.4413983593128,-5.2393819984929,45.20195411008972,41.61154556274414,-4.717574119567871,4.92266478536135
468219904450824.jpg,41.397316523871,-5.1416160491031,41.2836438604456,-5.1099764258836,12.912872820102614,41.40351867675781,-5.138237476348877,0.7450003558328392
1901194346710728.jpg,41.140128916261,-3.6803036751875,41.3532871281182,-4.294561584435799,56.560652833578565,41.13910675048828,-3.6813530921936035,0.1436712694554153
1997635103728266.jpg,41.268799480178,-4.6787621174134,41.3503271856988,-4.58790625311102,11.822474256048158,41.15528106689453,-4.009293556213379,57.40539680807915
543841529951900.jpg,41.438555545016,-4.9745573916036,41.2907658274058,-4.785362276743321,22.78931588959138,41.43830490112305,-4.974343299865723,0.0330946131931369
1001931451604700.jpg,41.153805980079,-4.0080594000942,41.255270606816,-4.37723519662306,32.88104382664382,41.057003021240234,-5.196492671966553,100.1528164699757
498532391356084.jpg,41.082534199438,-4.5509234065573,41.2508188237406,-4.506923758457161,19.071416178115477,41.08260726928711,-4.550567626953125,0.030906647927875508
1541756773933315.jpg,41.264746446564,-3.7542178122487,41.203237067989,-4.51493525341606,63.97856796924422,41.26466369628906,-3.754249095916748,0.009565713654689315
224371669446088.jpg,41.458858163742,-4.9832989520834,41.2368263553026,-4.64442602097376,37.54623397930019,41.45877456665039,-4.983238697052002,0.01056505811429283
783279344246530.jpg,41.292569619421,-3.751976631598,41.2974602198568,-4.456009044875979,58.81943482410196,41.29255294799805,-3.7519936561584473,0.0023365657091418725
937503770351590.jpg,41.263663128813,-5.2678338587176,41.28113837776441,-4.18795270616116,90.26827229194497,41.263282775878906,-5.268374443054199,0.06188952820032789
1692108238284649.jpg,41.429335614799,-4.3724644742183,41.2479214776022,-4.617743905780101,28.74470494266633,41.42910385131836,-4.371853351593018,0.05709671897659345
25398837536398687.jpg,41.117094536249,-4.2554376647482,41.221363245068595,-4.64120024090608,34.308286773078386,41.1177978515625,-4.2554707527160645,0.07825419877120723
422062324318406.jpg,41.034362668214,-3.9319641568854,41.2448743189628,-4.58295486264552,59.32795048940875,41.02328872680664,-3.9588711261749268,2.571089209600249
368017938629586.jpg,41.554663180714,-4.6679286051822,41.246397303171,-4.7407750638193,34.81193843081359,41.554656982421875,-4.66792106628418,0.0009319548925992297
3748237458618111.jpg,42.802059266879,0.44450664955345,41.0677680925626,-4.8052730686383,475.0334300730353,41.11912536621094,-5.489451885223389,524.9769639133493
4023091931289377.jpg,41.07758021379,-3.7071068085445,41.125713777815804,-4.42036932537378,60.00350598340997,41.07759094238281,-3.7071001529693604,0.001316963374661512
298747798550919.jpg,41.29104693058,-4.6819036549145,41.34363743793121,-4.4784378277489,17.970439240431567,41.152774810791016,-4.534244537353516,19.720822612090572
1483568632339446.jpg,41.410447003838,-4.2400146489214,41.280021855993,-4.5764111515031205,31.60571160304564,41.410404205322266,-4.240762233734131,0.06252632744912108
23953293970927282.jpg,41.114578203687,-4.1196180390205,41.2270220702644,-4.121065418793241,12.503774411311525,41.07078552246094,-3.8123254776000977,26.20800187440834
312460923843405.jpg,41.404068792092,-4.4279565256629,41.2049199849042,-4.3745161642963,22.589781728351202,41.199363708496094,-4.820672035217285,39.92868011024497
1163992141358603.jpg,41.578062503432,-5.101414066399,41.2252329040312,-4.47281383250908,65.48288402239335,41.5782585144043,-5.10164737701416,0.02918319610685659
163100435735887.jpg,41.354105036101,-4.6855102176659,41.451611093432,-4.577329475913681,14.105449782991288,41.1577262878418,-4.653321743011475,22.001475835849394
679760426591915.jpg,41.182233818355,-5.2085757877787,41.2504797752694,-5.116856323699099,10.790869591176229,41.18194580078125,-5.208463668823242,0.033372304579760294
3001679300109666.jpg,41.533088117997,-4.9042100093731,41.298748686214196,-4.8757329842083,26.165334170827425,41.395362854003906,-5.142506122589111,25.075888854293623
865490294108601.jpg,41.083312865143,-4.4095248159037,41.302555048372604,-4.913781695072279,48.72945371253853,41.08242416381836,-4.408522129058838,0.12972217830397462
141756997875285.jpg,41.30089792648,-4.9076596971657,41.254823899971996,-4.316558207734899,49.66033581048014,41.30093002319336,-4.9076972007751465,0.004748965901540478
2827833774107097.jpg,41.125735224616,-5.4899176286685,41.28452604019581,-4.71834750739174,66.91925138916892,41.13037109375,-5.4896159172058105,0.5161041632073622
1507298086555690.jpg,41.50651168565,-4.9861560572132,41.273487119569396,-4.59451159781518,41.69903154052541,41.21657943725586,-3.6959340572357178,112.40046740828116
489227572955275.jpg,41.461917900002,-4.5977135,41.2206817629752,-4.63617025087294,27.01567932842188,41.46188735961914,-4.598139762878418,0.035682047332364304
2589598628048877.jpg,41.546529099742,-5.3976189457956,41.4492964604652,-5.0057380774466,34.38110533957093,41.54658508300781,-5.397453784942627,0.01508868847843847
1780526619370132.jpg,41.419802364418,-4.122805434475,41.255270606816005,-4.37723519662306,28.034475194665923,50.72834777832031,-4.32770299911499,1035.1825688336405
3036126059939792.jpg,41.475434170562,-5.0535339949081,41.4413983593128,-5.2393819984929,15.943079550627333,41.47590255737305,-5.052674293518066,0.0885573141023357
2550379188678657.jpg,41.533814178537,-5.2824119109404,41.491401325312594,-5.23494036965066,6.153461804852637,41.53369140625,-5.2822675704956055,0.018185540728082927
331903245225889.jpg,41.399060704281,-5.1407798084666,41.4413983593128,-5.2393819984929,9.474130869603236,41.398311614990234,-5.14112663269043,0.0881754738567491
824577028476374.jpg,41.497258756789,-4.6853954266139,41.20638487261719,-4.36942615412656,41.733685811800136,41.49922561645508,-4.686160087585449,0.22778781716436505
597624208297743.jpg,41.51464331457,-4.6925187269372,41.3521815718658,-4.557622044173,21.27928487207917,41.50149154663086,-4.687056064605713,1.5315199055266902
1544122363169088.jpg,43.459596361022,-5.030765056396,41.2681962116368,-4.1587014834208,253.98346480032944,41.058692932128906,-3.8147284984588623,285.0998589324609
168367088550742.jpg,41.077804718292,-4.5247188396581,41.12808172732,-4.30608289602724,19.153266785350628,41.07203674316406,-4.474710941314697,4.240664508275316
1328877370948833.jpg,41.341267790547,-5.1844970701351,41.4413983593128,-5.2393819984929,12.038633223624707,41.34149932861328,-5.1958136558532715,0.945101540654744
2025365781294250.jpg,41.408808896624,-3.9575924878109,41.1696113797514,-4.65914368916612,64.36702389465032,41.40871810913086,-3.9580492973327637,0.039411523720963945
1575589763134448.jpg,41.234272830033,-4.1102880740159,41.167454708777996,-4.343249672009319,20.858527472761665,41.23450469970703,-4.110167026519775,0.02769847972557817
293924758894444.jpg,41.317628868082,-3.6267949951709,41.2098119875306,-4.6869997983067995,89.4220286640754,41.317352294921875,-3.626520872116089,0.03833899830025414
518296112621074.jpg,41.397228257443,-4.4593240022973,41.221322366262804,-5.0076233992043,49.79866757633596,41.39715576171875,-4.459789752960205,0.03967678843689229
189654366362830.jpg,41.155757879268,-4.5173423031072,41.209864781799396,-4.36484513242272,14.109052576807736,41.155792236328125,-4.511632442474365,0.4780518190578727
4552517958111553.jpg,41.147877874903,-5.4681573716736,41.3436082951596,-4.88687990042068,53.24914000899273,41.148094177246094,-5.467592716217041,0.05304539930081493
240192364569706.jpg,41.147714602126,-4.5810328520829,41.2517424779592,-4.61740502735016,11.960954222885196,41.147850036621094,-4.580847263336182,0.02163959276075349
790653783610078.jpg,41.281306883426,-3.7529359559334,41.21383896856101,-4.44524914149992,58.36406865756551,41.2821159362793,-3.7529690265655518,0.09000500428035366
1951685445318706.jpg,41.24618203042,-3.708237166368,41.255270606816,-4.37723519662306,55.93712178950031,41.15452575683594,-4.008609294891357,27.118400730943584
300994679764586.jpg,41.272401509149,-3.9634481498218,41.3974664473954,-4.3520660560610995,35.30105431041873,41.27235794067383,-3.9633545875549316,0.009198366134777154
664683619467988.jpg,41.298374374624,-4.1061395939038,41.25230991799761,-4.44786027432458,29.012737645654695,41.22340774536133,-4.112548828125,8.353106017653378
967810250629536.jpg,41.209104588031,-4.7526177946975,41.2836438604456,-5.109976425883599,31.005447023150445,41.20949172973633,-4.752360820770264,0.048117051586784275
2973583196263224.jpg,41.126778275496,-4.9743995895792,41.2391532972642,-5.1361586603944405,18.422534648159623,41.12656784057617,-4.974544525146484,0.026360883448598195
1827793524759493.jpg,41.624768419683,-4.787118455023,41.4636083784158,-5.262569650329199,43.43728983994608,41.62578582763672,-4.78577184677124,0.1591430386253913
459036422045667.jpg,41.175435944646,-4.6575056268645,41.2098119875306,-4.6869997983067995,4.549899753613723,41.17638397216797,-4.657724380493164,0.10699397154010792
2730685327099291.jpg,41.005694579379,-3.8114795671165,41.2100336318956,-4.364243359538319,51.58526862044487,50.72834777832031,-4.32770299911499,1081.8408957440017
1545936649071262.jpg,43.390378870497,-3.3314884691098,41.247531664311204,-4.617461865445581,260.6695413761815,41.202239990234375,-3.7334256172180176,245.5445593967311
491067723814245.jpg,41.131075666551,-4.7751375004178,41.2252329040312,-4.47281383250908,27.382848839353862,41.12993621826172,-4.774265766143799,0.14623161768763077
3978678605573423.jpg,41.242809409646,-3.8197277650969,41.268822506772,-4.50866887209466,57.66332211250343,41.24272918701172,-3.820061206817627,0.029271405883562116
3936935673081141.jpg,41.251807892034,-5.3859600209227,41.1560570350048,-4.51874896104094,73.32736445819422,41.251800537109375,-5.385942459106445,0.0016805606142770246
4095487870514061.jpg,41.027995999262,-4.6162719653517,41.2508188237406,-4.50692375845716,26.41475826770756,41.02842330932617,-4.616549968719482,0.05292892528806557
267052478435444.jpg,41.474527820983,-4.5971747815499,41.255270606816005,-4.37723519662306,30.517104484531835,41.166595458984375,-3.6500396728515625,86.18829693542813
5461150903956726.jpg,41.425438009213,-5.110875171341,41.3250183768764,-4.818272271701639,26.84713027489161,41.553340911865234,-5.0781755447387695,14.480609381088401
312315526954554.jpg,41.131675049006,-4.6469042277084,41.1984855095254,-4.70630213500214,8.93936074415204,41.13149642944336,-4.6468825340271,0.019944518538414523
287841816387778.jpg,41.224549738847,-4.4335429399116,41.183708570276806,-4.49245256125244,6.701662134214823,41.22426223754883,-4.433535099029541,0.03197541072651593
844173389506769.jpg,41.045905790028,-5.3804428715824,41.1001904755638,-4.78866699987538,49.9724723882301,41.04589080810547,-5.380344390869141,0.00842507657152002
223470805871020.jpg,41.152863904993,-4.2665274314238,41.2779061948066,-4.7292729871005195,41.127862894379014,41.15264892578125,-4.266648292541504,0.025958161029154825
2193727561111038.jpg,41.085994259183,-3.6952237814273,41.278966962305006,-4.08841359862026,39.28303128329961,41.111915588378906,-3.7104170322418213,3.1509606166998445
823511585183377.jpg,41.590702346263,-4.5681851292066,41.4221435669286,-5.182593400800299,54.487795345931445,41.452674865722656,-5.086555004119873,45.803292353510436
823018031922541.jpg,41.266140899804,-5.2665716495718,41.2836438604456,-5.1099764258836,13.23042274275142,41.26634979248047,-5.266323566436768,0.031136188308184664
307636327629839.jpg,41.221355780263,-4.8433109200326,41.35335940623621,-4.7542163231643,16.457897440473552,41.087589263916016,-4.74171781539917,17.134376510758102
1573250246857146.jpg,41.556042129146,-4.6678304850836,41.359132852231404,-4.32413323963168,36.05215229226233,41.555782318115234,-4.667780876159668,0.029183081141685677
967591755575633.jpg,41.12966738587,-4.1033951625301,41.1444997004686,-4.52967492532116,35.73688247679089,41.20429992675781,-4.116636276245117,8.372449199877554
1646088343015564.jpg,41.090675610944,-3.8854349994492,41.2219045149052,-4.2207050350733395,31.63530827724207,41.09120178222656,-3.8862721920013428,0.09135410410355663
3654188668159345.jpg,41.181990088579,-3.6326253003261,41.3282888297314,-4.1711158943432,47.86386261748435,41.29769515991211,-3.6697235107421875,13.234468217551758
1855231074646433.jpg,41.175544788324,-4.6575167835098,41.2098119875306,-4.6869997983067995,4.539228165269712,41.177616119384766,-4.657937049865723,0.2329918654305865
1310122527162676.jpg,41.104961781416,-3.8899968976172,41.2796182309012,-4.23987035777086,35.1315260908787,41.11016082763672,-3.8942177295684814,0.6776906920426676
3695475147223092.jpg,41.075083750851,-5.2139644239231,41.2098119875306,-4.6869997983068,46.60069604926789,41.074851989746094,-5.213904857635498,0.026249913741381282
9620990807979572.jpg,41.165999269371,-4.1212936290979,41.255270606816005,-4.37723519662306,23.59903999074393,41.15106964111328,-3.6703100204467773,37.7917499400933
373318144687760.jpg,41.325774039997,-4.6179465703562,41.2836438604456,-5.1099764258836,41.365679108341865,41.32568359375,-4.618084907531738,0.01531626061200138
1127442038502028.jpg,41.431705249194,-4.4445916280177,41.4168486535696,-4.80220853815232,29.862867408637552,41.43172836303711,-4.444446563720703,0.012363781500160043
1905202626639047.jpg,41.413437021423,-4.318640207936,41.3441253344664,-4.58163809823254,23.257539849556302,41.41340255737305,-4.318937301635742,0.02506967019488917
843895337709324.jpg,41.057116404603,-4.7010564204125,41.2460753954388,-4.61927382961686,22.098876521966446,41.208072662353516,-4.829970359802246,19.958024796616535
1622696431792343.jpg,41.271623641495,-3.960825558925,41.2508188237406,-4.50692375845716,45.70489766870805,41.27158737182617,-3.960752248764038,0.007335004343168863
2705059092997729.jpg,41.313660420837,-4.051862752267,41.3176978101872,-4.438881037206739,32.325570725385305,41.3136100769043,-4.051748275756836,0.011079267025423509
24651621551098589.jpg,41.240640130738,-3.7372003515586,41.1865338423574,-4.38958112119876,54.9004383221084,41.242210388183594,-3.7809207439422607,3.659705767682166
219525652968047.jpg,41.294774653994,-4.6650044985457,41.2836438604456,-5.109976425883599,37.19821824437264,41.294677734375,-4.665161609649658,0.016983074517086562
765395434572931.jpg,41.644460091573,-5.1892442002507,41.480396414271794,-5.075282001156721,20.55990844709687,41.64430236816406,-5.189323425292969,0.01873287596616809
945794762880495.jpg,41.168342097486,-5.381788517259,41.4413983593128,-5.2393819984929,32.60945674388694,41.16775894165039,-5.3831634521484375,0.13209986775796323
887020978529189.jpg,41.251655398547,-5.38796224597,41.2746227944468,-4.717963862607441,56.05917875472475,41.25172424316406,-5.387622356414795,0.0294274324933571
1152447585758606.jpg,41.283478297305,-4.2977439120053,41.2475316643112,-4.61746186544558,27.01959227209544,41.283721923828125,-4.297821044921875,0.027846160030656902
957976034961714.jpg,41.152187191479,-5.4128404285935,41.4413983593128,-5.2393819984929,35.27283740850562,41.15392303466797,-5.408936977386475,0.37955735072239544
814745305916848.jpg,41.04767420543,-3.9115936357542,41.23879157677861,-4.40742265276884,46.64187018509046,41.029659271240234,-3.940680503845215,3.1565823735971947
3439507866148760.jpg,41.551016370278,-4.8811346544253,41.2836438604456,-5.1099764258836,35.327485091443215,41.550628662109375,-4.881647109985352,0.06063885024378972
299381298265953.jpg,41.289465831372,-4.8990531294752,41.3250183768764,-4.81827227170164,7.820228770291212,41.28885269165039,-4.898685932159424,0.07476282123164413
3788864708078314.jpg,41.548635475841,-5.4473431827804,41.491401325312594,-5.23494036965066,18.79379299950057,41.54855728149414,-5.446624755859375,0.060414678740048126
1895503870909937.jpg,41.541547941185,-4.6579974038269,41.24442982471239,-4.68744055751564,33.12919408890693,41.54163360595703,-4.6580705642700195,0.01130528804059031
4053462351358610.jpg,41.644368448979,-4.7423517374289,41.179223900777195,-4.518824976906041,54.978207017074205,42.974609375,-2.2347121238708496,253.75193205301485
1014589889973197.jpg,41.245083900002,-3.8462288999975,41.2158573374004,-4.55769650613868,59.58553980660843,41.2451057434082,-3.8463287353515625,0.008693148686120714
2908673269283702.jpg,41.210242606348,-3.6958434718972,41.149018278362,-4.36084696832404,56.06933202573377,41.2342529296875,-3.7000339031219482,2.692731380312606
829670927900250.jpg,41.251842104853,-5.2885894846629,41.4134203617646,-4.901342281720019,36.98962759764491,41.251712799072266,-5.288761615753174,0.020342083073898117
2840434496271952.jpg,43.387524400386,-1.7927245598687,41.3205589092748,-4.81629165408786,338.4144046096779,51.128414154052734,-3.530233144760132,870.6099578682945
2539232143051274.jpg,41.148684060879,-5.4665430187211,41.4413983593128,-5.2393819984929,37.67686973355825,41.14971160888672,-5.463898658752441,0.24915431860131962
1385540181804192.jpg,41.53901688035,-4.6933032703997,41.340850284923405,-4.577221679153119,24.066073758021993,41.5610466003418,-4.617636680603027,6.756351594065986
1101837763560549.jpg,41.526925239038,-4.6964336850393,41.396642524556604,-4.5187158608687605,20.716546420264187,41.52707290649414,-4.696481704711914,0.016899453136688326
1852923685203940.jpg,41.15738342479,-3.7410314224516,41.255270606816,-4.37723519662306,54.32412700547645,41.18364715576172,-3.766846179962158,3.6328460306499877
134257962026497.jpg,41.122697570589,-5.1824104979894,41.27042330764,-4.62386674902954,49.53558314455212,41.12262725830078,-5.18242073059082,0.007865211853965064
1320737498327190.jpg,41.181977038746,-5.3636134033319,41.4413983593128,-5.2393819984929,30.65570708116025,41.1844596862793,-5.360857963562012,0.35969525592604995
871906360023799.jpg,41.290202112851,-4.6819408632558,41.31050474684061,-4.36874733836592,26.260234878121715,41.117862701416016,-3.724379062652588,82.36889388036622
2748131565327875.jpg,41.647420394718,-4.765861634163,41.4221435669286,-5.1825934008003,42.78611402349037,41.59001922607422,-4.831883430480957,8.417810069327452
1741733756678472.jpg,41.418695834607,-4.1204333770274,41.1803981635762,-4.9547380228378,74.56226875511706,41.41875076293945,-4.119574546813965,0.07187312492241626
1355805742639420.jpg,41.547150386394,-5.3950722911142,41.4492964604652,-5.005738077446599,34.20160630609082,41.547149658203125,-5.395071983337402,8.492555624485361e-05
1095759778853677.jpg,41.300558406706,-3.6045701767354,41.308882933358795,-4.50278455337678,75.03386241609486,41.30107498168945,-3.6046035289764404,0.05750804647710885
487446112342315.jpg,41.064444373131,-5.2021312717947,41.2988742715732,-4.59510490189704,57.09834838443999,41.06444549560547,-5.202131271362305,0.00012481347110228477
264973515374870.jpg,41.488371085431,-4.6816311457628,41.534232917958,-4.85673735443996,15.446403257525473,41.49176025390625,-4.683194160461426,0.39871181391626026
2744312979193763.jpg,41.59095392352,-4.6017102786019,41.282795519650804,-5.04408443691692,50.33907429970263,41.59096145629883,-4.60132360458374,0.032167879723867386
302164521466708.jpg,41.10302337538,-5.2991382169328,41.2504797752694,-5.116856323699099,22.39612594835173,41.10314178466797,-5.299071788787842,0.014294629805341706
5012153088888553.jpg,41.635791882891,-5.187741332257,41.164641638903404,-4.75273800346008,63.72661082453031,41.635929107666016,-5.187841415405273,0.01737836061093114
2679038522487511.jpg,41.074472835544,-3.7121313674332,41.2954780600918,-4.59477748250562,77.84362847230234,41.2237663269043,-3.6985840797424316,16.639386879940318
481112496468522.jpg,41.28532058689,-4.6876083570131,41.15605703500479,-4.51874896104094,20.15087887789449,41.19614791870117,-4.534945964813232,16.163245450563466
4038000576280732.jpg,41.310001251372,1.9913125688776,41.254823899971996,-4.3165582077349,527.0008696229445,41.647945404052734,-5.189929008483887,599.2530197876695
197857725519189.jpg,41.055605843421,-5.196103404874,41.279019263342796,-4.436639519062219,68.25328425002935,41.074241638183594,-3.8075976371765137,116.42559182671911
487421274236973.jpg,41.049622546291,-3.9099253589131,41.2448743189628,-4.58295486264552,60.39152441381527,41.04972839355469,-3.9098150730133057,0.014968451648777805
979882440173836.jpg,41.022542350192,-3.9603396094534,41.2239771465958,-4.54126260074238,53.56719207000708,41.0224494934082,-3.960502862930298,0.017151603128674926
1192116511938014.jpg,41.169126359116,-4.8012871773427,41.1829126003116,-4.5421265631312,21.744637716278973,41.12869644165039,-4.7730536460876465,5.079261648431078
634615925292163.jpg,41.182153261547,-3.9970499093231,41.3825007394392,-4.768738691667659,68.22140140052406,41.18263626098633,-3.9967947006225586,0.057797948698127405
1475439370338327.jpg,41.526314712724,-4.9185488533679,41.4725296348984,-5.252632945325379,28.45829906876546,41.52404022216797,-4.924094200134277,0.5263776159970205
1702707643580640.jpg,41.244797007582,-3.8450046844818,41.2811696244624,-4.7150213791243205,72.83168756010156,41.24480438232422,-3.8450424671173096,0.00326361162407888
1197684240664795.jpg,41.177577935443,-4.2704673459818,41.220196132965,-4.783994894732859,43.22536062250586,41.177310943603516,-4.270458221435547,0.02969795823744098
418245230706384.jpg,41.269403284107,-4.2983135733337,41.2958164379688,-4.56470806813108,22.452579498865642,41.26905059814453,-4.298421859741211,0.04024760717433594
2566172403686913.jpg,51.335284186494,-1.0544978760171,41.166799604284606,-4.336056967772679,1158.183200489526,41.16617202758789,-5.3890910148620605,1178.3091670343279
1747229938781274.jpg,41.5110132645,-5.0171088407262,41.3259553544338,-4.9349902340446805,21.68688315447274,41.143836975097656,-3.676699638366699,119.13879238827892
1715886958967520.jpg,41.127126093714,-4.2521467554062,41.28176198298421,-4.25326794859472,17.194982197441036,41.12712860107422,-4.252108097076416,0.0032499182256899876
948612923676036.jpg,41.042786351857,-3.8098523807105,41.231431891318195,-4.04916396525572,29.011330677696495,41.051273345947266,-4.132687568664551,27.08937616690566
4458235977528917.jpg,41.392102032098,-5.1442182206411,41.4413983593128,-5.2393819984929,9.644575033009087,41.39320373535156,-5.143754005432129,0.12847849587211257
904224620434753.jpg,41.081022794121,-4.5351514802454,41.1801806088436,-4.5197972580398,11.10058514900685,41.08151626586914,-4.536367893218994,0.11578325346478079
298121591863698.jpg,41.072009929661,-5.2107535577587,41.2322179441784,-4.40806527048302,69.52645771266748,41.07175064086914,-5.210719108581543,0.028975861218545118
547174366447497.jpg,41.071038715582,-4.4870443317595,41.277015265677804,-4.47416767238894,22.92889056277107,41.07102584838867,-4.48665714263916,0.03248934010580771
2787904778093649.jpg,41.614244252205,-5.1541840059796,41.2833589280922,-4.8611421612185195,44.161355203265856,41.42774200439453,-4.968371868133545,25.872214178892197
559782733350169.jpg,41.41221163454,-4.324507356264,41.184758682475,-4.54059663929444,31.073015582310006,41.41166305541992,-4.330733776092529,0.5228119598421935
1572881837447914.jpg,41.22632184743,-4.111387679518,41.255270606816005,-4.37723519662306,22.460044767883918,41.05708694458008,-5.196587562561035,92.80104857307836
749143741325623.jpg,41.292133674415,-3.7484761010119,41.3348550986522,-4.19510132357726,37.60312568214284,41.29227066040039,-3.748769760131836,0.028878165055019347
531608718005702.jpg,41.395885603932,-4.9605530612285,41.3054795581348,-4.90930745684824,10.924934052382115,41.39655303955078,-4.960520267486572,0.07426584901436173
973271653421717.jpg,41.079446906441,-3.8712176094257,41.30035613579479,-4.28732051969044,42.611153414586894,41.07973098754883,-3.8705081939697266,0.06733177806371674
7797021903735643.jpg,41.146272408555,-3.6910327296208,41.213838968561,-4.44524914149992,63.56587899041228,41.146568298339844,-3.6911871433258057,0.035350787965998026
1355199594850697.jpg,41.237417639194,-4.6723298001166,41.2098119875306,-4.6869997983068,3.305725990696307,41.23670196533203,-4.672165393829346,0.0807579798324
1999567054172529.jpg,41.507991019846,-5.0969783721566,41.491401325312594,-5.23494036965066,11.636682079132672,41.507999420166016,-5.0966925621032715,0.023817667414854662
822923008645628.jpg,41.149166184566,-4.5439466564241,41.2770152656778,-4.47416767238894,15.367774245805197,41.15419006347656,-4.530442714691162,1.2611137652265625
947461079128654.jpg,41.592744741266,-4.5745214839918,41.4492964604652,-5.005738077446599,39.28405752517189,41.59346008300781,-4.5768961906433105,0.21289857724575853
2976651479232341.jpg,41.617718007236,-4.7246793805448,41.2138582716396,-4.594393631872579,46.202639640149556,41.16617202758789,-5.407908916473389,75.95575828352388
628846773279074.jpg,41.091623768292,-3.8861683586934,41.2189438260868,-4.29133011277486,36.75668445676033,41.091609954833984,-3.886192798614502,0.0025601051904252273
1866600440165109.jpg,41.173274646158,-4.9386771075172,41.2836438604456,-5.109976425883599,18.863540472232355,41.17339324951172,-4.938584327697754,0.015304563517316738
163722795758102.jpg,41.360295584542,-4.5108423655147,41.2836438604456,-5.1099764258836,50.7535389683698,41.35691833496094,-4.518007278442383,0.7061328467222348
3096496510508196.jpg,41.107665991807,-3.7100759131497,41.213336899821805,-4.298309473824,50.62640254691365,41.11602783203125,-3.7197470664978027,1.233279744032803
200004848453218.jpg,41.233466233355,-5.481669198348,41.227018364986,-4.971814985017259,42.64306013886881,41.233272552490234,-5.481705665588379,0.021751154671988272
278512147280638.jpg,41.251795273361,-5.3872269434521,41.2391682882524,-4.67361435263128,59.67904000819955,41.25180435180664,-5.3871684074401855,0.0049965579805979045
3069313826631581.jpg,41.295229183752,-5.1988364867959,41.2504797752694,-5.1168563236991,8.467507141784164,41.295494079589844,-5.199012279510498,0.032913306710394066
4264728330231855.jpg,41.127684085113,-5.1840634333554,41.1560570350048,-4.51874896104094,55.80188010636636,41.12770080566406,-5.184140682220459,0.006731974851595235
1978334663017811.jpg,43.282035959501,-2.1805348631709,41.44929646046519,-5.005738077446599,308.8455529799216,43.212738037109375,-2.4136242866516113,20.390975149783593
7397225677033524.jpg,41.163837559564,-3.706085407246,41.330648350738,-4.24120170323396,48.43064212829308,41.16392517089844,-3.7062151432037354,0.0145894366476408
990446578543576.jpg,41.100287392083,-5.4902334202482,41.4413983593128,-5.2393819984929,43.338016196662004,41.09964370727539,-5.491373538970947,0.1193713974434274
1486213279217515.jpg,41.149401236161,-3.6718829387406,41.3532871281182,-4.2945615844358,56.7777735757418,41.231651306152344,-3.7802741527557373,12.880500794662872
1935165847247635.jpg,41.136342361094,-3.9118898498954,41.1709784366848,-4.2201373984554795,26.093473711796722,41.11919021606445,-3.9071903228759766,1.9474258263886635
927770191314753.jpg,41.122594566338,-4.2676578127939,41.255270606816,-4.37723519662306,17.370212137764838,41.04124069213867,-4.376742362976074,12.861825357826868
2446316288847902.jpg,41.102329853217,1.1153193723896,41.4413983593128,-5.2393819984929,532.2959607860014,41.24653244018555,1.6933257579803467,50.96558362588282
1024569416050204.jpg,41.205590148197,-3.7336631976742,41.2932905344832,-4.1198887095591195,33.72947170441628,41.61571502685547,-4.791214942932129,99.2862058083647
1222182121574629.jpg,41.59121755347,-4.5999515711198,41.4413983593128,-5.2393819984929,55.783832533544356,41.59291076660156,-4.590909004211426,0.7752053272301851
1421039694947049.jpg,41.304676902254,-4.9108008102763,41.2118309472818,-4.24977601165,56.21125608965478,41.30471420288086,-4.910816192626953,0.0043421063373655505
1293553935886831.jpg,41.306142854346,-3.7467079904067,41.344462889373396,-4.37195039496928,52.383925192368444,41.306251525878906,-3.7467122077941895,0.012088856903547147
3590561241168354.jpg,41.402357210888,-4.3133787090319,41.287440790855,-4.9940772593587,58.24301239304923,41.402339935302734,-4.3133368492126465,0.003984913506234051
462782008285537.jpg,41.490126681703,-5.0242409008026,41.37182723087021,-5.0332380913063,13.175667052921595,41.49011993408203,-5.024363040924072,0.01020102014632094
2870285439967384.jpg,43.361474482343,-1.7958957479069,41.164885565812405,-4.65252415439318,338.9538174314993,41.186248779296875,-3.603489875793457,283.92223502587433
3657243267732409.jpg,41.491028054776,-5.0226333626683,41.4413983593128,-5.2393819984929,18.884577574417225,41.491031646728516,-5.022830963134766,0.0164633067219119
3217134838513808.jpg,41.525327756724,-4.9216072360018,41.4413983593128,-5.2393819984929,28.068026803215083,41.51155471801758,-4.9537811279296875,3.0855793276553616
922345145794019.jpg,41.063210163807,-3.8873179195368,41.1686899542932,-4.38474108631464,43.289281987706325,41.063175201416016,-3.8878936767578125,0.04842741846699389
466586671279722.jpg,41.203389607699,-4.7592510559074,41.2504797752694,-5.116856323699099,30.36153276223558,41.33424377441406,-4.597193717956543,19.878562899263155
5915919041812210.jpg,41.535221732128,-4.9009501431948,41.4221435669286,-5.1825934008003,26.6197156463206,41.531524658203125,-4.906390190124512,0.6115883491503283
1069811093510470.jpg,41.304035647234,-5.2293066418401,41.398910392495395,-4.93569853292152,26.68183483548356,41.30311584472656,-5.229635238647461,0.1058965342944167
990493943272157.jpg,41.183513040725,-4.0494302133253,41.2508188237406,-4.506923758457161,38.9909759340531,41.18357849121094,-4.049516677856445,0.010262715701959064
327397423782323.jpg,41.4372599803,-4.4740505313648,41.4168486535696,-4.80220853815232,27.453745466630398,41.43733596801758,-4.474119186401367,0.010205262830186706
1190252411395824.jpg,41.539738468107,-4.7731175395883,41.3256504467808,-4.3522930051437,42.39682118937807,41.53963088989258,-4.77271842956543,0.03530577673926803
1739672162904592.jpg,41.322812533103,-4.621985605847,41.2836438604456,-5.109976425883599,40.99511305640529,41.322696685791016,-4.622098445892334,0.015960245903964717
468541937737522.jpg,41.26603588703,-5.2668274054452,41.4221435669286,-5.1825934008003,18.72860410277414,41.266387939453125,-5.266195297241211,0.06575426970003795
1427438974255800.jpg,41.14311784819,-4.9618015606496,41.2461073885514,-5.234906885932899,25.560145363702162,41.143333435058594,-4.961642265319824,0.027433418176445807
1405183053186431.jpg,41.259894575553,-5.2735336341398,41.2836438604456,-5.1099764258836,13.921709884504587,41.25978088378906,-5.2736735343933105,0.017221168789322724
2704558446502769.jpg,41.59195115539,-4.5973775116187,41.2836438604456,-5.1099764258836,54.78251829940134,41.59254837036133,-4.59312105178833,0.36014821927128554
2045913539150483.jpg,41.121497401958,-3.9086395013666,41.1709784366848,-4.22013739845548,26.65676354087353,41.121482849121094,-3.9086294174194336,0.0018253942001099878
24735050852773845.jpg,41.292226822901,-3.7486750983366,41.3348550986522,-4.19510132357726,37.585304736207476,41.292205810546875,-3.7486274242401123,0.004617736032037822
1098146670706919.jpg,41.104068768801,-4.2371936785066,41.3410689899338,-4.806420253586181,54.414814181731124,41.103267669677734,-4.236120223999023,0.12658807872934477
741353029891684.jpg,41.399369667283,-5.1403704657495,41.3419828493088,-5.04363339550604,10.289866159110202,41.40027618408203,-5.139899730682373,0.10817703623213087
1149206778899146.jpg,41.265549353577,-5.2670698970206,41.2987486862142,-4.8757329842083,32.90765317552157,41.264583587646484,-5.2684760093688965,0.15919911568957676
3192986797653554.jpg,42.477041199634,-2.4018404699128,41.2295807703872,-4.60044394185542,228.89742327286453,41.154441833496094,-4.007323741912842,198.31251396584614
452147889415708.jpg,41.125860039431,-4.6455110129911,41.2252329040312,-4.47281383250908,18.193865075037788,41.1256103515625,-4.645461082458496,0.028077241835805695
1690747475050369.jpg,41.164468943147,-3.6726372480198,41.2154756793292,-4.32926264585654,55.23661617461205,41.080360412597656,-3.7986795902252197,14.104431295966153
910156229834974.jpg,41.401245121093,-4.4315945361349,41.272053410640396,-5.129430338751701,60.00686687140003,41.401268005371094,-4.431532382965088,0.005774857495003565
820455268876537.jpg,41.384831052771,-4.4769051594305,41.2836438604456,-5.1099764258836,54.04108352745809,41.38797378540039,-4.475554466247559,0.36717418732249546
1137937550020488.jpg,41.270186022559,-4.7023085739795,41.103955912844,-4.769696882670241,19.32501010671259,41.27008056640625,-4.702427864074707,0.015391485862506509
103059739360513.jpg,41.312618668701,-4.9482482664001,41.3496868419866,-4.89148156961916,6.281341940988416,41.312618255615234,-4.948248386383057,4.701346282373733e-05
1508479226646313.jpg,41.007975752264,-3.8105255342912,41.241752926792806,-4.2988703812627,48.46509315482387,41.0789680480957,-4.733316898345947,77.79062855214899
2179710272526467.jpg,41.240089930992,-4.1057305181344,41.166115007851,-4.25389434069814,14.876469103602389,41.240177154541016,-4.105651378631592,0.011741096452948865
866370520734666.jpg,41.160146456749,-4.4617349912831,41.3471896240906,-4.573584998534519,22.80336900802453,41.03144454956055,-3.8101742267608643,56.44356426153827
2312520069164176.jpg,41.26943474898,-3.8841210303545,41.255270606816005,-4.37723519662306,41.246954676738845,41.323490142822266,-3.6486666202545166,20.568019281453193
317044063124423.jpg,41.426453740345,-4.3675052068387,41.2772247127132,-4.72424299706738,34.088305774185685,41.426292419433594,-4.367190837860107,0.0317609845366816
1021157852757734.jpg,41.272539270015,-4.0934652431149,41.36309028234,-4.24611316967224,16.244943764354264,41.27328872680664,-4.092343330383301,0.12544228634325635
3796539917067744.jpg,42.164936757688,-4.0744289659467,41.2836438604456,-5.1099764258836,130.33945881198437,41.32571792602539,-3.633044481277466,100.24421502481894
2947329565504725.jpg,41.424325441263,-4.9659436235061,41.269609966561596,-4.64824708064866,31.61143466420391,41.65099334716797,-5.191204071044922,31.4129488231655
5846438678731673.jpg,41.298448737531,-4.4080252851967,41.234861025407795,-4.331052159994799,9.559397533629422,41.29833221435547,-4.408114433288574,0.01494459685549946
498182814705226.jpg,41.174280198885,-4.8534034545344,41.2504797752694,-5.116856323699099,23.610261216138404,41.17505645751953,-4.896966457366943,3.6471182936300095
940243823430347.jpg,41.008253158431,-3.9878760876983,41.1029878539402,-4.2271341729944805,22.659015763927535,41.008365631103516,-3.987548828125,0.030173962518587498
657033286949873.jpg,41.154527622151,-4.0086091192277,41.255270606816005,-4.37723519662306,32.810208056723546,41.15378952026367,-4.00804328918457,0.09476404153272486
216001660086250.jpg,41.128932440442,-4.6026819702145,41.2294261054562,-4.47808857530014,15.28388647913782,41.128746032714844,-4.602932929992676,0.029520226868938303
1025358772655580.jpg,41.14490945512,-4.7854111877104,41.2508188237406,-4.50692375845716,26.107326566954814,41.14516830444336,-4.785611629486084,0.033318877897367656
1523367791882436.jpg,50.1870828,-5.3986979,41.3420898812328,-4.2421208374238395,987.567977177234,41.18448257446289,-3.7675015926361084,1008.9628404337285
940806774475510.jpg,41.627848222091,-5.1729047551465,41.221748938534596,-4.31982186566316,84.24994977488277,41.18803405761719,-3.7696526050567627,126.83435310786071
541831883654155.jpg,41.632370163475,-5.1864665800833,41.270528759128396,-4.6028239070004995,63.125910575341685,41.633033752441406,-5.18663215637207,0.07505991816893745
6060381050642334.jpg,41.622035634894,-4.6950737010382,41.272053410640396,-5.129430338751701,53.15168841105177,41.408531188964844,-4.332190036773682,38.42509909382718
305938370909106.jpg,41.435153955745,-4.6669373515605,41.255270606816,-4.37723519662306,31.383882868396423,41.20341873168945,-4.664299488067627,25.768722882259176
1308764757073766.jpg,41.119898047629,-4.1146542244922,41.1370011267084,-4.24712911153742,11.25738321156406,41.120277404785156,-4.114104747772217,0.062433475340912044
166463252055948.jpg,41.549651443359,-4.7871402014829,41.3206102089672,-4.77496697254358,25.488432963147297,41.15496063232422,-4.6524457931518555,45.304790677811894
490008735540393.jpg,41.070480803371,-4.2121750341731,41.217367670970404,-4.56255255824286,33.57921189768267,41.07075500488281,-4.212459564208984,0.038711145472852766
823066008628051.jpg,41.255808818627,-5.2807919964917,41.4221435669286,-5.1825934008003,20.23112083150934,41.25662612915039,-5.2790398597717285,0.17237058435489785
577837293607390.jpg,41.200908143647,-4.2630741339538,41.350257566637396,-4.82419501523436,49.74550198183076,41.200618743896484,-4.263195991516113,0.03375615126369097
1982515622517185.jpg,44.616189888754,7.9370796328532,41.3317453215622,-5.28082759514226,1134.1421205673175,41.09313201904297,-3.85565185546875,1036.810822351396
951067419275934.jpg,41.179508650398,-4.2705765168707,41.29874868621421,-4.8757329842083,52.30813691885755,41.17934799194336,-4.270691394805908,0.020287207441756192
237165428168259.jpg,41.09714813491,-5.3025098729327,41.2504797752694,-5.116856323699099,23.068334510396085,41.0972785949707,-5.302434921264648,0.015807751203525938
1453670681637346.jpg,41.146633098753,-4.053787233035,41.244243904198996,-4.3348592135664195,25.901254138339954,41.14674377441406,-4.053452491760254,0.030611555698070968
1266423178113321.jpg,41.511952987907,-5.1540388196106,41.491401325312594,-5.23494036965066,7.114330837514735,41.511940002441406,-5.1537652015686035,0.022828437719575465
4384102411601437.jpg,41.439620716784,-5.0927903655652,41.4052469158556,-5.08705832494554,3.8519575100331753,41.25984573364258,-5.273263454437256,25.030886255158602
1125424088796167.jpg,41.449377215903,-4.4851367456723,41.35335940623621,-4.7542163231643,24.853210781198026,41.4493408203125,-4.485016345977783,0.010820078866666197
220558909502482.jpg,41.097532934617,-5.3022924320896,41.2504797752694,-5.116856323699099,23.02442560246873,41.09740447998047,-5.302361965179443,0.015426192368295477
3904391189668035.jpg,41.264761398806,-5.2684652030513,41.2836438604456,-5.1099764258836,13.410261458305884,41.26442337036133,-5.268855571746826,0.04977310267550735
944617306338266.jpg,41.045821976154,-5.3798955710125,41.1001904755638,-4.78866699987538,49.9280893765133,41.04580307006836,-5.379769325256348,0.01079386299888723
3626276657506076.jpg,41.505985966065,-5.0671705529025,41.491401325312594,-5.23494036965066,14.065964747775036,41.505985260009766,-5.067237854003906,0.0056048726914759055
2491272457926354.jpg,41.610973145073,-4.7988274090602,41.4492964604652,-5.0057380774466,24.896661742992887,41.61079788208008,-4.799184322357178,0.035500311129672474
635162915162330.jpg,41.306859800264,-3.6102587900213,41.3630999259804,-4.906411270275799,108.39780392548026,41.30728530883789,-3.6108458042144775,0.06813797504533886
810083847320277.jpg,41.243701396179,-3.8438255415051,41.195319565256206,-4.656126460252341,68.15307784948286,41.24360656738281,-3.843858242034912,0.010893169301645177
3435387239896447.jpg,41.346072669859,-4.5626593888684,41.2836438604456,-5.1099764258836,46.23468670011533,41.34611129760742,-4.562802791595459,0.012718174785752042
932900784208061.jpg,41.545182864959,-4.6720070365134,41.2909013815198,-4.561864427527819,29.729035124540985,41.545223236083984,-4.671867370605469,0.012460015727064754
3843869682374862.jpg,41.460596311106,-5.0766542508027,41.2836438604456,-5.1099764258836,19.871709640192798,41.46123504638672,-5.075808525085449,0.1000554558201769
508316557270585.jpg,41.398604042911,-4.3155979335002,41.1560570350048,-4.51874896104094,31.868164557226144,41.40459442138672,-4.4267401695251465,9.293884130278299
304015568083473.jpg,41.082866443265,-5.2289991552867,41.292857180503,-4.2643696524058,84.02924534531212,41.0828857421875,-5.229116916656494,0.010100673665263524
1624890541029478.jpg,41.290831300522,-5.2379582684372,41.292156630841006,-4.93329363331972,25.454429213559568,41.40256881713867,-5.138648986816406,14.936410597004114
1832035240575006.jpg,41.367759925894,-4.2996996379266,41.220891482671405,-4.361851959928019,17.136625832019682,41.36907196044922,-4.2995429039001465,0.14647669852779252
1823353808387920.jpg,41.584725924954,-4.8352258320318,41.4725296348984,-5.252632945325379,36.91809234326109,41.584659576416016,-4.835302829742432,0.00976935403025423
2698853333738836.jpg,41.533279562891,-5.2815414121819,41.4134203617646,-4.90134228172002,34.365638772413405,41.5290412902832,-5.274487495422363,0.7529049143383494
832698377402109.jpg,41.073149540528,-4.3980362867873,41.450109597923,-4.699037783387981,48.887074353091364,41.073585510253906,-4.398541450500488,0.06436822177107664
765356014346447.jpg,41.310102421461,-4.3034535464336,41.2779061948066,-4.7292729871005195,35.754494329444256,41.31036376953125,-4.303528308868408,0.029723899580837987
1129635215731025.jpg,41.560114090173,-5.4749392588715,41.491401325312594,-5.23494036965066,21.39028735162562,41.560176849365234,-5.475020885467529,0.009737797186416007
2289437444522305.jpg,41.648086545161,-4.7489115436542,41.367804076565,-4.341687415832039,46.05608444452628,41.49158477783203,-5.022845268249512,28.673255727654954
2296448577473714.jpg,41.142323153492,-3.7137606748351,41.3934801222794,-4.40765928274858,64.36825340342392,41.262454986572266,-3.755059003829956,13.797649123062481
1537548077669391.jpg,51.085069045567,-3.8403100123461,41.3244272247954,-4.2634575179972405,1085.817209718991,51.22975540161133,-3.860189199447632,16.148010919430043
1957649235031227.jpg,41.610946887601,-4.7988847592631,41.4725296348984,-5.252632945325381,40.77980432658958,41.611175537109375,-4.798415660858154,0.046555054757707194
132708598890070.jpg,41.17528949981,-4.9071530613547,41.093354012272,-4.83938299458638,10.734050957293357,41.17529296875,-4.907341957092285,0.01581457888433589
833256877292177.jpg,41.184273516182,-4.4527473022291,41.319447049012204,-4.35202488255596,17.22844927249676,41.24108123779297,-3.8266310691833496,52.753123796119276
124686029644691.jpg,41.176890996045,-4.6577614798564,41.2098119875306,-4.6869997983067995,4.4028995860684565,41.1771354675293,-4.657838344573975,0.02793482270875773
308220764171274.jpg,41.115174806491,-4.9831422867056,41.2504797752694,-5.116856323699099,18.75037479832681,41.115360260009766,-4.983010292053223,0.023399058944798375
843923979814500.jpg,41.189519167017,-4.6608172801718,41.3925455321426,-4.65108541908296,22.590138936056466,41.261619567871094,-4.676727771759033,8.126871651773676
328353215320551.jpg,41.317209714849,-3.6264705168271,41.1686899542932,-4.38474108631464,65.51422837229926,41.316932678222656,-3.6261837482452393,0.03901958701293026
2034325570432760.jpg,41.506339630828,-5.0711091695421,41.4725296348984,-5.252632945325379,15.580163037818009,41.50636291503906,-5.071468830108643,0.030061324175699865
1048177260358385.jpg,41.076985704663,-3.60307379247,41.2556135229374,-4.6518005719552,90.00495570541311,41.07692337036133,-3.6031246185302734,0.008135894247778063
301656178205873.jpg,41.405333255537,-4.3348202774082,41.2836438604456,-5.1099764258836,66.10919072748266,41.40509033203125,-4.335305690765381,0.048668524455420026
291199809224386.jpg,41.133989914117,-5.1876779610429,41.1800874733966,-5.1678038532547,5.389098418992818,41.13389587402344,-5.187682628631592,0.01046408539133455
175727441117847.jpg,41.395303928445,-4.4720649375184,41.3203409042312,-4.98734893771596,43.80723540316029,41.39527893066406,-4.472120761871338,0.005423091778056788
436859262143616.jpg,41.018345900001,-3.9682755,41.239711583189,-4.2327085319301805,33.11198017592845,41.018463134765625,-3.96807599067688,0.021215553182031298
24835263722748022.jpg,41.271232236826,-3.7534945099845,41.2115074800038,-4.06112647316364,26.565152380927753,41.27123260498047,-3.7534942626953125,4.58579227412487e-05
1548769445931825.jpg,41.649169527383,-4.7245418388589,41.311730850139405,-4.39002647590106,46.73772328119776,41.403263092041016,-4.429067611694336,36.77887733088745
1334303837840004.jpg,41.194132227654,-4.0634856411836,41.1161661044474,-4.23853708907284,17.0278420096499,41.19415283203125,-4.063563346862793,0.006893665741195813
332190008335752.jpg,41.135898203741,-4.7785568915108,41.2052164720664,-4.44549903401486,28.923641688532456,41.13563537597656,-4.778350830078125,0.03393980983591724
1051499616434301.jpg,41.0629148202,-3.8894288236939,41.2558863401404,-4.2764556438125805,38.861474694432,41.0628776550293,-3.889556884765625,0.011504475068127408
1089135722799404.jpg,41.244323742384,-3.842266908889,41.1963583233546,-4.29434925891844,38.185846437164905,41.244285583496094,-3.8421099185943604,0.013794436337344555
1630709413985710.jpg,41.368939775496,-4.299315646263,41.350257566637396,-4.82419501523436,43.85579033311142,41.42300033569336,-4.36085319519043,7.9046635408470785
948414440075592.jpg,41.021180364242,-3.8093059125892,41.1508357846108,-4.16833278750906,33.365620595677136,41.01566696166992,-3.8077871799468994,0.6261632323753921
1714341335910625.jpg,41.178940825841,-3.7613526692582,41.18874464571461,-4.4840619153616,60.48984161131563,41.17824172973633,-3.7604777812957764,0.10679054177526706
4182736791748739.jpg,41.220046088443,-5.3192263303161,41.2836438604456,-5.1099764258836,18.868307440160358,41.21860122680664,-5.319736480712891,0.16623083485293133
1950274232117692.jpg,50.221385527995,-5.333551176788,41.13970924772,-4.47393316418996,1012.0228944212381,41.47034454345703,-4.59353494644165,974.7443989328674
531534517840269.jpg,41.084586499531,-5.0092885000313,41.1951801479128,-4.72159719721982,27.048782124527925,41.084228515625,-5.009679317474365,0.051550245633172495
491211662023901.jpg,41.067013410853,-5.3965660311574,41.2975302312404,-4.56539014346866,74.13097538066107,41.067237854003906,-5.396635055541992,0.02561901145358443
485970715979882.jpg,41.321465692206,-4.8998263439574,41.4803964142718,-5.075282001156721,22.944973080821143,41.321903228759766,-4.900079250335693,0.053038235794367346
3583422528428275.jpg,41.114153637693,-5.1842198918787,41.239153297264195,-5.136158660394439,14.469675516391124,41.11404037475586,-5.183769702911377,0.03976161506766178
2863959173871024.jpg,41.568815878555,-4.8566222481434,41.2836438604456,-5.1099764258836,38.10114665194649,41.56890106201172,-4.856502532958984,0.013744288874625971
883484772236942.jpg,41.155177300111,-4.5699267153402,41.255270606816,-4.37723519662306,19.58913804033976,41.15513610839844,-4.569454193115234,0.03982478596098962
8605001782883454.jpg,41.21763701157,-3.696101901414,41.1256071912382,-4.219564420528259,44.99341835865564,41.22174072265625,-3.6977458000183105,0.47657671395915874
1668026287224768.jpg,41.546916338746,-5.4314772937855,41.4492964604652,-5.0057380774466,37.08094636971688,41.54692077636719,-5.4315104484558105,0.002802898329860943
3141249832841320.jpg,41.114310929424,-3.7217757508219,41.2024736457744,-4.726677869046339,84.69703820016358,41.11522674560547,-3.7224738597869873,0.11743278168594702
1085144728642828.jpg,41.079664420297,-5.219597168759,41.280273392011,-4.4962464139229,64.51619312673755,41.07956314086914,-5.219566345214844,0.01155431074200928
1503119946560036.jpg,41.285438165559,-4.6867674055566,41.15605703500479,-4.51874896104094,20.110987282615806,41.28546905517578,-4.686602592468262,0.014192909416524974
182319900427715.jpg,41.136996247975,-5.1879320696929,41.093354012272,-4.839382994586381,29.599515723239822,41.136783599853516,-5.187823295593262,0.02533938375601244
2427345930996155.jpg,41.526113489659,-5.2534295430617,41.4492964604652,-5.0057380774466,22.32992913831571,41.52611541748047,-5.253280162811279,0.012437228368640774
241641897738601.jpg,41.085377010305,-4.2254620523925,41.287951204908,-4.65444679386486,42.37994147222312,41.08509063720703,-4.225249767303467,0.03647660469467871
526027335238036.jpg,41.204093224392,-4.7578949173208,41.2836438604456,-5.109976425883599,30.73732717152918,41.20417022705078,-4.757749557495117,0.014872666618260966
3677971972449122.jpg,41.134267692478,-4.2599136124294,41.350257566637396,-4.82419501523436,52.94096851561459,41.13399887084961,-4.259650230407715,0.0371491692531166
1161691581015437.jpg,41.166069984616,-5.4053389039,41.4413983593128,-5.2393819984929,33.60742292959727,41.16609191894531,-5.4044270515441895,0.0763683539385873
826558584925290.jpg,41.251868734873,-5.3868143666865,41.1557906618972,-4.588464508966281,67.63858928620262,41.25187683105469,-5.386778831481934,0.0031040988243003585
2314549492245686.jpg,41.418853544546,-4.1247152568976,41.1560570350048,-4.51874896104094,44.020399276760855,41.4012565612793,-5.139622211456299,84.66094372103026
2368381816698390.jpg,41.182942969457,-3.6325630744654,41.3467313768242,-4.46693776864188,72.07708735892864,41.18302917480469,-3.632446050643921,0.013703743958068884
2856357007857261.jpg,41.409284213648,-4.2937498538609,41.1427899933898,-4.06029235120086,35.47843264084023,41.1787109375,-4.043372631072998,33.08899460056481
2863433940584687.jpg,41.643113771263,-4.7575939600681,41.3047566150122,-4.29977933334292,53.57558629980539,41.40044403076172,-4.9602861404418945,31.825550488230952
1728255291156580.jpg,41.542436881237,-5.3760019378527,41.4492964604652,-5.0057380774466,32.53022771532265,41.54185104370117,-5.375789165496826,0.06750614970416204
3838173666455268.jpg,41.134971479603,-3.6940096522887,41.227941025042796,-4.6996178851616195,84.78982507409025,41.172969818115234,-3.7573652267456055,6.781493704009452
768657657183468.jpg,41.02628019524,-4.6826058527755,41.2979590714636,-4.688785494646419,30.213741740064957,41.02732467651367,-4.683739185333252,0.15009039003342237
953749220272830.jpg,41.512148509512,-5.1586325488071,41.491401325312594,-5.23494036965066,6.760545043601657,41.512149810791016,-5.15867805480957,0.0037917941369404696
471688254136744.jpg,41.290633064742,-4.3208567747531,41.254823899971996,-4.3165582077349,3.9979698848961447,41.290618896484375,-4.320984840393066,0.010815088842885767
329964311805503.jpg,41.401954504877,-5.1389662919412,41.4413983593128,-5.239381998492901,9.451945278335353,41.40251159667969,-5.138633728027344,0.06787238752777087
1636758866860348.jpg,41.193455098175,-5.3518908484364,41.28051399348381,-4.7440600226674805,51.738824119837716,41.411624908447266,-5.130893230438232,30.484642740841366
3817947324980485.jpg,41.408303772635,-4.3773752164848,41.2836438604456,-5.109976425883599,62.70700321612926,41.40817642211914,-4.376793384552002,0.05054766277460904
2828366510711475.jpg,41.386699870689,-5.1479176482892,41.3666748748034,-4.93312021703024,18.060153407220145,41.3805046081543,-5.153220176696777,0.8186971414413817
4147590201959292.jpg,41.627279483666,-4.7000768791339,41.2231872202518,-4.766739514394101,45.27545812980733,41.16517639160156,-5.414196491241455,78.66654622268692
1556272715552769.jpg,41.520115706716,-5.2062321463462,41.491401325312594,-5.23494036965066,3.988682349586017,41.520111083984375,-5.206201553344727,0.002598347531834387
465798337978198.jpg,41.029384295312,-5.0699126063245,41.2836438604456,-5.1099764258836,28.470641109973364,41.05398941040039,-5.042815208435059,3.5566950208044843
4020687901506459.jpg,41.535147000128,1.8990886705683,41.1698706118218,-4.50766578761896,536.1842961249819,41.38261413574219,-5.151787281036377,587.6517596153184
1960363264780199.jpg,41.51498992018,-5.1835298954269,41.491401325312594,-5.23494036965066,5.020849761032802,41.51496887207031,-5.183451175689697,0.006959606126128783
1065326880661967.jpg,41.312925802135,-5.2225625378156,41.2836438604456,-5.1099764258836,9.952974595505095,41.31330871582031,-5.222140789031982,0.0552598615327119
4022180387820079.jpg,41.273198255961,1.5567402031455,41.220127612508804,-4.79823577632596,531.2222938357008,41.25385665893555,-3.894467353820801,455.5610759542152
147293620694218.jpg,41.541935641894,-4.682983014593,41.422645547122805,-4.73985296891782,14.08506046836299,41.55752182006836,-4.629702091217041,4.76051473616593
2679948928822747.jpg,41.016265699861,-3.9721893276148,41.1033776672312,-4.2274162133290005,23.489355745569462,41.016414642333984,-3.971914291381836,0.028403465994649334
968816064902106.jpg,41.324822840582,-4.0767167788839,41.3170848166146,-4.36337222186318,23.9540191388737,41.32511520385742,-4.077384948730469,0.06457537204185972
2810563595902551.jpg,41.487289590629,-5.0277160444981,41.246364552207595,-4.76025651927236,34.869115996784366,41.4849739074707,-5.034684181213379,0.6349823880331846
496507531668242.jpg,41.115333516473,-5.2971055717894,41.2836438604456,-5.1099764258836,24.400362347721384,41.11529541015625,-5.297198295593262,0.008848271251976982
3081559462059102.jpg,41.391163045908,-5.1446888583633,41.4413983593128,-5.2393819984929,9.672278431544525,41.39371871948242,-5.143412113189697,0.30348009441368445
1057197106235059.jpg,41.12272866998,-4.108217262938,41.30601506720559,-4.17215977991036,21.070654548237936,41.12289810180664,-4.1077775955200195,0.04136720535484745
1050176472574745.jpg,41.001561228604,-3.8134057999153,41.12083307057999,-4.37569147803334,48.9729922389929,41.00457000732422,-3.811547040939331,0.3691349901279637
2461014197601322.jpg,41.141395933679,-3.6828749546864,41.2959568323678,-4.5555835866681,74.98968521880055,41.141395568847656,-3.683154582977295,0.02341599424524626
495757959422916.jpg,41.307966856347,-5.0278252355179,41.362488078263596,-4.391195885403319,53.497708594049826,41.30790328979492,-5.027756690979004,0.009096126839127135
1021453762320760.jpg,41.242962792493,-3.844072035378,41.2098119875306,-4.6869997983067995,70.59090641306291,41.24292755126953,-3.844085216522217,0.004070668883822672
815122839098141.jpg,41.249056286668,-5.3975311272918,41.272053410640396,-5.129430338751701,22.55522823009234,41.24904251098633,-5.397593021392822,0.005396434668784324
1665898544215504.jpg,41.609765708433,-4.7097685434374,41.3313542264368,-4.43127224965774,38.68854530313245,41.16879653930664,-4.121960639953613,69.34548480613161
9748333615209990.jpg,41.127020282926,-4.100570115148,41.2508188237406,-4.506923758457161,36.683943954668294,41.12702560424805,-4.100470066070557,0.008400768873712003
8160342983986098.jpg,42.067617797309,-4.4927486764492,41.480396414271794,-5.075282001156721,81.22265048679394,41.22356414794922,-3.6986615657806396,114.72615684137504
2557111624655484.jpg,41.509840603927,-5.1223697400538,41.491401325312594,-5.23494036965066,9.59639653895987,41.50993347167969,-5.123023509979248,0.05540846316687045
1501168061062194.jpg,41.505985977063,-5.0672379523421,41.491401325312594,-5.23494036965066,14.060389194029762,41.505985260009766,-5.0671706199646,0.0056074941256625994
849510068982901.jpg,41.154337333831,-4.5635936881307,41.2133645139114,-4.32169743398506,21.28063908495209,41.1541862487793,-4.563140869140625,0.04146701662219951
1492301785524990.jpg,41.539485762513,-5.3583546154774,41.491401325312594,-5.23494036965066,11.58332751016335,41.53952407836914,-5.358034610748291,0.02697237514781494
897687598046348.jpg,41.313495997958,-4.9553797150452,41.280273392011,-4.4962464139229,38.53378124046417,41.313438415527344,-4.9550700187683105,0.026646392540260633
206218194420413.jpg,41.533128824639,-4.7220676061575,41.340850284923405,-4.577221679153121,24.554321556049942,41.53452682495117,-4.716486930847168,0.4898369005092259
1964853667649861.jpg,41.291755822433,-3.7591428121512,41.228407322372796,-4.31180728012464,46.729916905984474,41.29179000854492,-3.759096145629883,0.005445289092173995
1011438273828037.jpg,41.00078425395,-4.154311774923,41.316618686474,-4.56123579382988,48.92732042484413,41.00075912475586,-4.154664993286133,0.02977310554297887
1191306232118679.jpg,41.627083347364,-5.1770495492792,41.2023134137704,-4.40445398452306,79.88472304684367,41.62725067138672,-5.177548885345459,0.0454825852870316
906517251275845.jpg,41.309477320246,-4.0427225740551,41.4080683479674,-4.28237994414496,22.80940191180295,41.309844970703125,-4.0435099601745605,0.07743645230661435
3725847767530408.jpg,41.583693540667,-4.8365726776657,41.4477281908546,-5.231919551391721,36.22248053748224,41.553897857666016,-4.8770976066589355,4.726806308442212
300331614832524.jpg,41.310029051978,-4.9135236132132,41.230815204783404,-4.388349135504041,44.76628495241472,41.1042366027832,-3.7311155796051025,101.52653840823966
786457595399855.jpg,41.086999569767,-3.8587925573717,41.3934801222794,-4.40765928274858,57.16192050780478,41.09074020385742,-3.8557636737823486,0.4872788719147186
646255601215574.jpg,41.255660230464,-4.8741641529487,41.333411142197,-4.740809911140199,14.101938921046822,41.204986572265625,-4.826934337615967,6.881057964311953
1626992540826356.jpg,41.174411202502,-4.9377036507716,41.21325155857281,-5.1609239554392,19.17024834120892,41.17435836791992,-4.93775749206543,0.007404211330078868
3990655474357678.jpg,41.596818556939,-4.5097949410094,41.2909013815198,-4.56186442752782,34.29219199767887,41.6031494140625,-4.463242053985596,3.934425985322078
137317568435370.jpg,41.59169862391,-5.1180636734917,41.2433173935682,-4.72546747613778,50.71835956166758,41.591407775878906,-5.11757755279541,0.05177124656007717
952281722250797.jpg,41.254490786364,-5.2837384854075,41.4413983593128,-5.2393819984929,21.11042525823486,41.25494384765625,-5.2819743156433105,0.155842613878603
518777402867668.jpg,41.112064178223,-4.2531751947657,41.3187094458444,-4.881264631584981,57.34155186158449,41.11201095581055,-4.25348424911499,0.026559402797927213
178783611301011.jpg,41.602234569216,-5.1313722749458,41.3482527409012,-4.71165153781926,44.9479156275181,41.60209274291992,-5.13120698928833,0.020918454595138608
1147615582350968.jpg,41.28134749671,-3.6044886357927,41.2023134137704,-4.40445398452306,67.46070280739417,41.28054428100586,-3.6043498516082764,0.09006327198047917
1870145036468351.jpg,41.004130249173,-5.1157117010426,41.2347809105462,-5.254209222628241,28.149149692771676,41.004188537597656,-5.115594863891602,0.01175301415365529
3269480943202108.jpg,41.015102587441,-3.6296154677913,41.1858605844552,-4.4001815880234805,67.30081266111193,41.252479553222656,-3.8805344104766846,33.73870034532151
1839167903623969.jpg,41.291023624389,-3.7476390920729,41.251233847356396,-4.1843414202012,36.764004615675105,41.29098892211914,-3.7476449012756348,0.003889120135109416
3473409759572068.jpg,41.113142063847,-3.7232002834043,41.1560570350048,-4.51874896104094,66.79625964528347,41.113189697265625,-3.7231991291046143,0.005297477182668506
241101491140723.jpg,41.197952142571,-4.2641189065582,41.2171953642634,-4.48721086024874,18.785024700548515,41.197723388671875,-4.264270782470703,0.028433672912699756
2053480371739665.jpg,41.25214770766,-3.8830272119485,41.337054728264,-4.33470877794378,38.89824397294103,41.25385665893555,-3.894467353820801,0.9750569340637886
485222642812450.jpg,41.103503928677,-4.7538211471598,41.2047160709102,-4.43230069332156,29.176661244879867,41.10420608520508,-4.7544145584106445,0.09256361568585927
2213658215764788.jpg,41.6204715833,-4.7896165813346,41.4725296348984,-5.252632945325381,41.89689992496629,41.522239685058594,-4.928816318511963,15.918565481286397
1725206701279234.jpg,41.135714645696,-3.693801028353,41.2020104218166,-4.31761181051934,52.73345688796534,41.074119567871094,-3.71237850189209,7.023704550902323
828189021157666.jpg,41.266377914423,-4.3006012202319,41.30097277445039,-4.775513303710079,39.86850890855811,41.26608657836914,-4.300821781158447,0.03727293990803169
1624176861120382.jpg,41.236711572582,-5.3056017691961,41.2836438604456,-5.1099764258836,17.164439955835853,41.25777053833008,-5.276651859283447,3.367693049861005
4166867136704184.jpg,41.260512121047,-4.8776972861336,41.241301632213,-4.628669385488879,20.92792986630362,41.260101318359375,-4.87738561630249,0.052585925092274076
2430697330651420.jpg,41.110341292137,-3.7230725244888,41.15605703500479,-4.51874896104094,66.83131656996953,41.11054992675781,-3.723179817199707,0.024879687494988995
300620143085888.jpg,41.497066715943,-4.6195745551644,41.3905789629074,-4.85966925065898,23.253042100363302,41.49713897705078,-4.619647979736328,0.010097351136789362
1725375695057887.jpg,41.094172084775,-4.124232492958,41.207584660646,-4.33902334715942,21.96485695046424,41.094417572021484,-4.124277114868164,0.027551862385075017
302452308100459.jpg,41.330986384241,-4.6053955582013,41.2836438604456,-5.1099764258836,42.473750718536294,41.3310546875,-4.605228424072266,0.015888086345175242
329707951851946.jpg,41.116526964215,-4.9821390273988,41.2836438604456,-5.109976425883599,21.440706911634575,41.11663818359375,-4.982053756713867,0.01428177963236542
766279244755387.jpg,41.419143699998,-4.353107,41.299302836680596,-4.71366745875528,32.91111475640863,41.4196891784668,-4.354162216186523,0.10686816392093135
636246925884382.jpg,41.194296271812,-4.0641064178416,41.1149650279714,-4.202218122101501,14.543690554671713,41.19431686401367,-4.0641865730285645,0.007086844963186337
1141316891126265.jpg,41.165957686689,-4.1212637517849,41.255270606816005,-4.37723519662306,23.603258693170286,41.169010162353516,-4.655884742736816,44.75234764126745
973701273432662.jpg,41.175366799076,-4.9118322563097,41.2504797752694,-5.116856323699099,19.075574050006065,41.17536163330078,-4.9116010665893555,0.01935822630358691
2942966805924430.jpg,41.279120100401,-4.6944370000038,41.219368084312805,-5.156193150769719,39.171158647605964,41.27900314331055,-4.694512367248535,0.014449747121326897
495541345136371.jpg,41.254730121298,-5.2832307278611,41.4413983593128,-5.2393819984929,21.07682224148156,41.25464630126953,-5.283145904541016,0.011711037311652631
24800762489528254.jpg,41.160842170918,-3.7013392565734,41.34235367241241,-4.477647137360999,67.9640799750678,41.16960906982422,-4.122005462646484,35.2270704940722
1150496238730061.jpg,41.625668448347,-5.1719504083563,41.1686899542932,-4.384741086314641,83.02730339503334,41.28169631958008,-3.905076265335083,112.29381274161003
3854101681293149.jpg,41.618885156221,-4.2263827348162,41.379017180894,-4.7746891919394,52.882523378233536,41.248992919921875,-5.378790855407715,104.50349602164891
384014646158289.jpg,41.165772937631,-5.3923269254965,41.4413983593128,-5.2393819984929,33.20436012456523,41.1657600402832,-5.392920970916748,0.04974730745112009
1177645710205794.jpg,41.039838362666,-4.1356261418904,41.1444997004686,-4.52967492532116,35.01291336538076,41.040000915527344,-4.135499477386475,0.020965699442071203
1434079363621368.jpg,41.017863899947,-5.0881496001056,41.24610738855141,-5.234906885932899,28.199145656750215,41.01777648925781,-5.088324069976807,0.017570669310741447
950867242348735.jpg,41.089451439788,-4.7431546611503,41.1645692900082,-4.597625229507661,14.776523842504764,41.35530471801758,-4.956913471221924,34.547121613395085
826142681589801.jpg,41.03676883981,-4.6927375068611,41.2772247127132,-4.72424299706738,26.867257481977937,41.03577423095703,-4.691793918609619,0.13599575703380395
2015461032180907.jpg,41.573824337651,-4.6736983344501,41.1657036763128,-4.7789267840731195,46.22267643608938,41.57371520996094,-4.6735382080078125,0.018018627078916324
2715759268602018.jpg,41.188692415657,-3.7839731596126,41.2174338922358,-4.165939915609799,32.11503432600597,41.14344787597656,-3.7314188480377197,6.683092731481229
929623204498582.jpg,41.166160118678,-5.3876218175516,41.4413983593128,-5.2393819984929,33.015201737719806,41.1661262512207,-5.387815952301025,0.016681272840045957
1519699155252941.jpg,41.054648012781,-3.8186758074437,41.2176324374078,-4.21890238756016,38.103316213230585,41.21657943725586,-3.6959340572357178,20.733477167294634
211091697173091.jpg,41.01774312835,-4.6744289298634,41.2219101033854,-4.5329648407155005,25.60895947228763,41.02388000488281,-4.680277347564697,0.8404680304503723
1492556175273130.jpg,41.286830065883,-3.9130802810379,41.3379959594936,-4.28492594353392,31.573668775503066,41.10139083862305,-3.712374448776245,26.593256936995616
1850431611790621.jpg,41.370863541372,-5.1623249345435,41.4413983593128,-5.2393819984929,10.139810046187527,41.36872863769531,-5.1635260581970215,0.2576827259628946
4080562275297616.jpg,41.414439414992,-4.344754028335,41.2648846252642,-4.608206477255299,27.573684669698633,41.41466522216797,-4.345194339752197,0.04448165868638882
6304897356305234.jpg,41.054847386259,-3.8185409523034,41.2362746047526,-4.18445384942906,36.68451486147037,41.05263900756836,-3.8200981616973877,0.2781179351784171
1023968538134334.jpg,41.413584335909,-4.6850081543133,41.2098119875306,-4.6869997983067995,22.659061927959044,41.41372299194336,-4.6848368644714355,0.021017698900295603
117310870414902.jpg,41.069955416736,-4.4061762680796,41.2308152047834,-4.388349135504041,17.948963365899044,41.06999969482422,-4.40622091293335,0.00618449435254187
465991138041594.jpg,41.404643547973,-4.4270342668512,41.255270606816,-4.37723519662306,17.12209210829251,41.404659271240234,-4.427002906799316,0.003146046240715888
207845630962984.jpg,41.111819783816,-4.6374433889224,41.411231502029594,-4.854665703884921,37.9221967029462,41.17029571533203,-4.656169414520264,6.688643187106826
3625535867668764.jpg,41.117521655177,-4.1173215486816,41.33828814871139,-4.17767301923304,25.06159163085875,41.11721420288086,-4.117558002471924,0.039510872433530866
1116041475566421.jpg,41.019515304668,-5.0848286912349,41.2504797752694,-5.1168563236991,25.82176389504535,41.019771575927734,-5.08431339263916,0.05177776282752824
937463767002439.jpg,41.389122116194,-5.1480514273523,41.4413983593128,-5.2393819984929,9.580819620726958,41.389244079589844,-5.148020267486572,0.013808585951199763
1369238140143578.jpg,41.299779829623,-5.230914979364,41.2836438604456,-5.1099764258836,10.262167517234268,41.32774353027344,-5.194655418395996,4.340450321139206
3528269484121261.jpg,41.577697552369,-5.1011216991409,41.2511279456696,-4.74049648560864,47.14843019087091,41.58121871948242,-5.105221748352051,0.519234030966293
2457280251319645.jpg,41.177186913204,-3.6804843669529,41.4175180042426,-4.69100699623078,88.5473837666013,41.1784782409668,-3.680161952972412,0.14610254770829081
190228846779483.jpg,41.616078439044,-5.1564378312979,41.3265930911868,-5.02904257251626,33.894117355610604,41.61652755737305,-5.15683126449585,0.05969647855599935
2977946165865327.jpg,41.176827091037,-4.9305007017712,41.1800874733966,-5.1678038532547,19.863737983174758,41.1768684387207,-4.930650234222412,0.013332817349445223
970013043746655.jpg,41.196693958006,-4.773414279688,41.2836438604456,-5.109976425883599,29.75562326310644,41.19620895385742,-4.774806499481201,0.12836445011584455
3514989788750897.jpg,41.450139082955,-4.4929867540326,41.3539971429892,-4.84826866163588,31.502000115408734,41.45017623901367,-4.492701053619385,0.024167234696021424
2757193607877295.jpg,41.163141763083,-4.9465263282475,41.2836438604456,-5.1099764258836,19.141864751780105,41.16349792480469,-4.946255683898926,0.045625923736969345
1297933484130898.jpg,41.053540441941,-3.904941062563,41.232908580578396,-4.6714886774266,67.21557976768192,41.0533447265625,-3.905184030532837,0.029810740810661613
1016106972126996.jpg,41.058139698921,-4.3914299543942,41.24224011148,-4.548434969252,24.328459734712446,41.0583610534668,-4.391615390777588,0.029112986242501207
1336404947707813.jpg,41.246990517309,-4.1030060249903,41.2495764792866,-4.6810776330351205,48.32926881943209,41.24665451049805,-4.103076457977295,0.0378234426228513
1388379224856133.jpg,41.606987000271,-4.8058028596166,41.1985956701648,-4.757370734067639,45.590350751316834,41.22103500366211,-5.31888484954834,60.60037008887953
1178246039280910.jpg,41.062794454202,-5.3224524059201,41.2504797752694,-5.116856323699101,27.05203719298535,41.062679290771484,-5.322535037994385,0.014559480800214242
2396472770539013.jpg,41.121040633853,-3.5852774902984,41.2746816777488,-4.29456815895096,61.75447484641759,41.46991729736328,-4.593193531036377,92.70955697885103
595111141883839.jpg,41.395436972462,-4.4717797484851,41.287440790855,-4.9940772593587,45.226629151739445,41.39546585083008,-4.47172212600708,0.005780501969747876
795510098021798.jpg,41.045607194123,-5.3856855704984,41.206141283809,-4.59118354129304,68.89926450498255,41.04560089111328,-5.385621070861816,0.005454271832832179
314731083628201.jpg,41.161491236087,-4.4826024883257,41.124163952595794,-4.33314555248008,13.18550087376093,41.161659240722656,-4.482372760772705,0.02681110283765639
316102110027429.jpg,41.195073385458,-3.992457232672,41.229434550853796,-4.3523347339082,30.344892158684978,41.194950103759766,-3.992541551589966,0.015417240104128987
1194288577690421.jpg,41.104492005745,-5.4947358144896,41.491401325312594,-5.23494036965066,48.18654853370674,41.10167694091797,-5.497366428375244,0.382838016376343
887590299845710.jpg,41.273107714609,-4.8868490472467,41.244942839419004,-4.5687139810524195,26.776426093059982,41.27117156982422,-4.885497093200684,0.24313662055504345
1810676295773876.jpg,41.063746972823,-3.8389869642946,41.284580721155194,-4.6135797721871,69.32587723664595,41.064117431640625,-3.82663893699646,1.0360583811957786
593317234906343.jpg,41.071399565194,-5.3174638629674,41.2504797752694,-5.116856323699099,26.049000383595946,41.071537017822266,-5.317383289337158,0.0167099830899631
650034194836185.jpg,41.294740159078,-3.7535969839344,41.308817332463796,-4.283696708557939,44.30919411639828,41.29476547241211,-3.7536239624023438,0.003605907626702638
1704220210343799.jpg,41.225479035867,-3.6992663171474,41.1444997004686,-4.529674925321159,70.07251135365408,41.226627349853516,-3.6998283863067627,0.13606437591374795
1922584871912922.jpg,41.297941234224,-3.9301390655646,41.1560570350048,-4.51874896104094,51.691876589613926,41.31779479980469,-4.061076641082764,11.157361826260399
1580110302858016.jpg,41.245876283505,-3.7083944955801,41.255270606816005,-4.37723519662306,55.924726840160965,41.30009078979492,-4.022664546966553,26.94692491229022
3450550725259588.jpg,41.180717060705,-3.6916706509002,41.238131657382,-4.19653233877212,42.71277811677915,41.11959457397461,-3.715867757797241,7.092049683370998
4181320198777890.jpg,41.116467818203,-3.8992968413302,41.238611394691205,-4.4199463976205,45.64243235923393,41.11861038208008,-3.9038450717926025,0.4493601386349877
489563282482507.jpg,41.247734599775,-5.4062609046555,41.233870004336204,-4.641270546385619,63.981156946685616,41.24613571166992,-5.412414073944092,0.5442892894610317
507813453756243.jpg,41.044768956129,-4.1320676097659,41.244243904198996,-4.3348592135664195,27.934357658567134,41.091766357421875,-4.124217510223389,5.267146794388087
24244168155216068.jpg,41.593419092995,-5.115576495852,41.24701148529821,-4.44025360447422,68.22377232425906,41.470088958740234,-4.59331750869751,45.58409392040166
1326122168444691.jpg,41.210273104339,-4.0813713181492,41.207584660646,-4.33902334715942,21.555509037735415,41.21052169799805,-4.081582546234131,0.03280719494225179
299684034979312.jpg,41.402502105147,-4.3167480090585,41.1560570350048,-4.51874896104094,32.18504109217638,41.40254592895508,-4.315628528594971,0.09349768388978127
811108033171840.jpg,41.117686020567,-4.2634770371328,41.2118309472818,-4.24977601165,10.531077777741709,41.117774963378906,-4.263566493988037,0.0124084114829889
4111012392326064.jpg,41.070547085963,-4.4084659934599,41.255270606816005,-4.37723519662306,20.706031140195897,41.181312561035156,-4.65884256362915,24.32067964913321
1138466254085188.jpg,41.18816488043,-3.7815442711079,41.30333822471461,-4.279204332810499,43.53373768876154,41.18876266479492,-3.7847225666046143,0.2741387133114092
7237446316371000.jpg,41.462300580283,-4.5945530568426,41.311248609904794,-4.532543606478219,17.574822986522843,41.46235656738281,-4.594305038452148,0.021584289440470045
1160994607656777.jpg,41.175448505293,-4.9203542073644,41.2836438604456,-5.1099764258836,19.90478123391418,41.175453186035156,-4.920549392700195,0.016344539466964052
3818702481678612.jpg,41.206400009283,-4.828621967119,41.2461766668584,-4.5855514925706995,20.803849024823062,41.1933479309082,-4.815579891204834,1.8157594122420135
2891885897747678.jpg,41.145401788994,-5.4755225062929,41.2836438604456,-5.1099764258836,34.22299904774006,41.25275421142578,-4.294264316558838,99.54850940746346
899402364173309.jpg,41.394289339969,-4.4731223791561,41.2836438604456,-5.109976425883599,54.57369434764911,41.3943977355957,-4.473072052001953,0.012763218247225644
2775929095935910.jpg,41.393910276668,-4.1422319148707,41.1982121228846,-4.2145534738128205,22.583836046549134,41.3940315246582,-4.142338752746582,0.01616145873635373
5278540215511303.jpg,41.157666878823,-5.3999226252697,41.4413983593128,-5.2393819984929,34.281604811285874,41.15761947631836,-5.400021553039551,0.009817131138108668
919302465529522.jpg,41.405822575955,-4.3940734569934,41.219104112512795,-5.15634472694248,66.96510191130851,41.40584182739258,-4.393974304199219,0.008542025913994588
792472898080489.jpg,41.248811575397,-5.2926473996158,41.37182723087021,-5.0332380913063,25.62334626538547,41.250083923339844,-5.291269302368164,0.18245484819856508
542628793790511.jpg,41.017395636933,-4.6099273168601,41.2508188237406,-4.50692375845716,27.35144717616706,41.02710723876953,-4.6157426834106445,1.18496838970011
3615083428597695.jpg,41.162966998274,-5.4291051101759,41.2836438604456,-5.1099764258836,29.87358157086117,41.16292953491211,-5.430286407470703,0.09897654165897617
173145777949624.jpg,41.180971183593,-4.2703620647684,41.30097277445039,-4.775513303710079,44.29443213434035,41.181278228759766,-4.270299911499023,0.03453582055458442
3284954098274613.jpg,41.12653903533,-5.4899407075211,41.3423726625998,-5.04391543584056,44.35124928176816,41.10505676269531,-5.4938740730285645,2.4113392075197417
138166578221145.jpg,41.26192442656,-4.8787039704125,41.18475868247501,-4.54059663929444,29.550688423803816,41.26259231567383,-4.8792009353637695,0.08509346484853422
295265218745870.jpg,41.176503438922,-4.9355545184615,41.15605703500479,-4.51874896104094,34.963843981790575,41.176536560058594,-4.935502052307129,0.005731132973946193
3377388969146406.jpg,41.034515640411,-3.9315171295696,41.2424476749986,-4.59915508514536,60.50211179742104,41.03462219238281,-3.9313976764678955,0.01551647487394524
889482771600757.jpg,41.047393211682,-4.6896549089596,41.1916314940826,-4.507374799868041,22.14457387571965,41.04743957519531,-4.689917087554932,0.022582498400910207
2810971412488897.jpg,41.578674936677,-4.8438649614707,41.4725296348984,-5.252632945325379,36.017499699046716,41.57761001586914,-4.845589637756348,0.18601598388286894
2493136991023385.jpg,41.211234578546,-4.0820888929993,41.2441892232396,-4.43962694877106,30.124332583008478,41.21102523803711,-4.081944465637207,0.026226084036766434
298483815104895.jpg,41.17751533082,-4.9342212608962,41.272053410640396,-5.129430338751699,19.417542851559297,41.1774787902832,-4.934246063232422,0.004562661828047352
299070828378179.jpg,41.562172507472,-4.78741050784,41.406863024253994,-4.77700839465658,17.29135090740556,41.56219482421875,-4.787337779998779,0.006540031698926639
972462741668748.jpg,41.054523666569,-4.1333480137252,41.2508188237406,-4.506923758457161,38.14064781640056,41.05451965332031,-4.1333818435668945,0.0028715335019562703
3565177623618308.jpg,41.604470791137,-4.8104403251869,41.491401325312594,-5.23494036965066,37.49682296768094,41.60365676879883,-4.811638832092285,0.13462300689346088
1200088280441569.jpg,41.059315799543,-4.3927944892014,41.2131956638152,-4.32229920686946,18.10050829277749,41.05952072143555,-4.393028259277344,0.03005635557561523
223794752843066.jpg,41.175037106204,-4.9371363265212,41.2132515585728,-5.1609239554392,19.20089114056617,41.17499542236328,-4.937180519104004,0.005929960032383246
798902722172079.jpg,41.243342252531,-3.8387376748582,41.3032165017318,-4.177377167849061,29.072984129425723,41.24338150024414,-3.8388562202453613,0.010829749061596417
2765506773691164.jpg,41.052541683561,-4.7004384834754,41.18475868247501,-4.54059663929444,19.885403798142974,41.05224609375,-4.7004218101501465,0.032897809641884206
1904283629741610.jpg,41.59806131421,-4.8206794753142,41.2836438604456,-5.1099764258836,42.47148287612199,41.59666442871094,-4.823035717010498,0.2500319316660624
916097445617802.jpg,41.237735456654,-4.2784257558642,41.220196132965,-4.78399489473286,42.324472853201776,41.2380256652832,-4.278604507446289,0.03556310469406147
1484511225887968.jpg,41.134167472901,-3.6940381982164,41.3057618785696,-4.5292689375867194,72.41655142127419,41.069583892822266,-5.208226203918457,127.07532678996472
1171718394229921.jpg,41.083230656218,-4.1282938648629,41.218499141857606,-4.369370805634079,25.172620463662607,41.0839729309082,-4.1280341148376465,0.08536006965679473
782192792686950.jpg,41.057607836625,-4.7206947754317,41.254823899971996,-4.3165582077349,40.31963460994366,41.253334045410156,-3.891953945159912,72.71645523643654
1393775864656852.jpg,41.467444470641,-4.614262071361,41.24442982471239,-4.68744055751564,25.53921040311777,41.49463653564453,-4.616304397583008,3.028402516346398
1121779005009292.jpg,41.190058981619,-5.3560226265585,41.4413983593128,-5.2393819984929,29.596737014337744,41.17607498168945,-5.372300624847412,2.0672649663858897
4582438591784068.jpg,41.055036000396,-4.619610111088,41.2508188237406,-4.50692375845716,23.726518668483838,41.05522537231445,-4.61942720413208,0.02605032392052064
813752649559296.jpg,41.47379127836,-4.9895891834421,41.2510594252134,-4.75473736720174,31.583920303352237,41.47406768798828,-4.989705562591553,0.03222845602281327
1764753064257937.jpg,41.03253400072,-4.1402197452492,41.273335042666204,-4.2524214301386,28.375948987424017,41.031410217285156,-4.140613079071045,0.12924109822776628
1802254749951866.jpg,41.613057333594,-3.9530702854488,41.270536477192394,-4.2576388180773,45.772199812993996,41.594913482666016,-4.621778964996338,55.63704932103679
2083282685377379.jpg,41.01111995451,-3.9818009888445,41.2213632450686,-4.64120024090608,59.98209183280998,41.01106262207031,-3.9819130897521973,0.011362779712950875
124155199984064.jpg,41.472900823092,-4.7862807031774,41.214485902971,-5.0583393939153,36.626273889001,41.46908187866211,-4.788067817687988,0.4499953360801746
3854081144641171.jpg,41.215159304089,-4.5250075492072,41.3434943651774,-4.5348191256334,14.293741349578012,41.15763473510742,-3.7412164211273193,65.90022429428983
1677995879206935.jpg,41.270568847986,-3.9595706599378,41.2508188237406,-4.506923758457161,45.80425138188766,41.2703857421875,-3.959285259246826,0.031360430813972474
1766801410937258.jpg,41.010548882883,-4.1465072984759,41.4097581993748,-5.08815550073936,90.41640568252382,41.04801559448242,-3.9113237857818604,20.162893804360095
1541490950546976.jpg,42.68269300379,-3.0070945388634,41.4492964604652,-5.005738077446599,214.5330006318007,42.55470657348633,-3.281078577041626,26.554497622356138
2849632575290903.jpg,41.023485273197,-4.6134909570547,41.2098119875306,-4.6869997983067995,21.614339601697885,41.026058197021484,-4.61510705947876,0.3165924310438261
2115186609010560.jpg,41.106129639442,-3.7204945087769,41.3647908757582,-4.72578128250038,88.84509726697209,41.30725860595703,-3.9317338466644287,28.503535061497985
736225890385545.jpg,41.603072013563,-5.133045320102,41.2979193792022,-4.77689171849098,45.08240716398186,41.60408020019531,-5.13521146774292,0.21214740649132263
1033445268843362.jpg,41.540560401417,-5.3328518852635,41.491401325312594,-5.23494036965066,9.815087268110585,41.540565490722656,-5.332818031311035,0.0028738614368335027
1285788779877729.jpg,41.171241400048,-3.7575969065628,41.278966962305006,-4.08841359862026,30.148801908475658,41.05731201171875,-5.196873188018799,121.23649173208713
1311915923980056.jpg,41.507967927806,-5.0955034213427,41.491401325312594,-5.23494036965066,11.757579006726125,41.50796890258789,-5.095546722412109,0.0036073014371238122
818676372396393.jpg,41.127910551348,-5.184992395706,41.1560570350048,-4.51874896104094,55.878033399235065,41.1279182434082,-5.185017108917236,0.0022396547206308967
4359231590756153.jpg,41.413995401335,-4.3432076822067,41.364689720044,-4.69059504474272,29.493851211787103,41.41688537597656,-4.348809242248535,0.5669700718657433
1066556065468068.jpg,41.305882945881,-3.6085640546392,41.1948036925764,-4.46577044605878,72.71904564976711,41.30583953857422,-3.6085052490234375,0.006886537771155416
1156325819879581.jpg,41.54752754513,-5.4360546621159,41.491401325312594,-5.23494036965066,17.869062415684486,41.547420501708984,-5.435021877288818,0.08676759481720599
1769593276985048.jpg,41.505127832167,-5.0530507418561,41.4492964604652,-5.0057380774466,7.353735868711094,41.505126953125,-5.053041934967041,0.0007398653820065751
995278335742441.jpg,41.312138913196,-4.0484848189803,41.365719997717605,-4.24149755461794,17.180189638400954,41.311973571777344,-4.048123359680176,0.035347166856819885
1971137920398410.jpg,41.506367989659,-5.0715284726681,41.4725296348984,-5.252632945325381,15.547031737704259,41.506370544433594,-5.0715413093566895,0.0011060392782988166
214379966803910.jpg,41.008332859722,-3.9878313895902,41.284580721155194,-4.6135797721871,60.73593824365733,41.11641311645508,-5.489287853240967,126.4534947069577
770771780475430.jpg,41.400882600752,-4.9603206357854,41.2720598731494,-4.855487223209001,16.786790104025137,41.40034103393555,-4.96032190322876,0.060219575218795125
1521394401585808.jpg,41.514035239993,-4.9488170801428,41.4413983593128,-5.2393819984929,25.518500724839214,41.31803894042969,-5.2149529457092285,31.104271777722246
948917345911239.jpg,41.327814772131,-4.6132725858445,41.2836438604456,-5.109976425883599,41.77903373322657,41.32787322998047,-4.613136291503906,0.013106247458050205
410337111779710.jpg,41.446879364002,-4.5159268832943,41.488896312387,-4.86041090643356,29.080615046349244,41.44689178466797,-4.516050338745117,0.010382081374956135
1059356048689452.jpg,41.500337557765,-4.6219931543925,41.256051446575,-4.61212551735426,27.17585071277518,41.06739044189453,-4.632533550262451,48.14957826125923
991288891408518.jpg,41.275845299528,-4.8883883255757,41.318068003384596,-4.466960189355,35.518015255645636,41.27584457397461,-4.888385772705078,0.0002280828979891015
308094564777333.jpg,41.326615229739,-4.6161642805762,41.2836438604456,-5.1099764258836,41.52399489967383,41.32630920410156,-4.616865634918213,0.06773336382667296
2867260976873147.jpg,41.595183047244,-4.6224445097997,41.341068989933795,-4.80642025358618,32.146399066426845,41.59459686279297,-4.620619297027588,0.1651846821389484
1451130832596875.jpg,41.092033719854,-3.8859216711524,41.1547540310268,-4.1113824951071205,20.13178724532583,41.09218978881836,-3.8859965801239014,0.018454585547618203
174657091209217.jpg,41.306167847947,-4.9109014151155,41.2308152047834,-4.388349135504041,44.46981742762857,41.18601608276367,-3.6155943870544434,109.11509445984127
498530004684854.jpg,41.01163391238,-5.3954149857495,41.2792793020046,-4.30544426885392,95.99689817594339,41.011531829833984,-5.395355701446533,0.012393136131648682
478143913494815.jpg,41.21740235753,-4.74237365495,41.2836438604456,-5.1099764258836,31.601979532256006,41.217491149902344,-4.742256164550781,0.013930354198454158
3778588932374182.jpg,41.11455395195,-3.7251651254668,41.15605703500479,-4.51874896104094,66.62035824019605,41.30020523071289,-4.103038311004639,37.75459977923255
2459155361138158.jpg,41.606446861827,-5.1395116199277,41.2460753954388,-4.61927382961686,59.051376059626605,41.60665512084961,-5.139935493469238,0.04216950274166637
7427614420665756.jpg,41.007495963699,-3.9930558412422,41.3625297920678,-4.613916111459661,65.25254592778832,41.007476806640625,-3.9931578636169434,0.008821777378966536
839289681747098.jpg,41.212161846005,-4.1154121569687,41.1444997004686,-4.52967492532116,35.47755937105247,41.21277618408203,-4.1153106689453125,0.06883676105166812
4393962570648307.jpg,41.495307849641,-4.999252649035,41.4413983593128,-5.2393819984929,20.886447183292155,41.489990234375,-4.996805191040039,0.625443756633143
1989530827861433.jpg,48.592624070229,8.0063594662285,41.3135607607656,-4.17134663739824,1251.7002552024817,41.033103942871094,-3.809593439102173,1252.5246927320902
782347912465696.jpg,41.038231363483,-4.3722907008899,41.2508188237406,-4.50692375845716,26.189286392752162,41.03802490234375,-4.3719329833984375,0.03777800652090768
332208144958830.jpg,41.030437289107,-5.0688822100428,41.2347809105462,-5.254209222628241,27.51722256907122,41.03034591674805,-5.068984031677246,0.01327312234443
492177138767431.jpg,41.138381451993,-4.5928850661702,41.318068003384596,-4.4669601893549995,22.58560972854367,41.138580322265625,-4.592679500579834,0.02802406702188783
2271023409986999.jpg,41.51078746193,-5.1300592049691,41.491401325312594,-5.23494036965066,8.99643725455057,41.51079177856445,-5.130108833312988,0.004160146308299892
1735501430661556.jpg,41.236601490783,-3.7636862610754,41.1177611412222,-4.50695735743682,63.595084185488915,41.055580139160156,-5.1961140632629395,121.61809972768866
3664859093739483.jpg,41.271799937604,-5.2563779133149,41.4492964604652,-5.005738077446599,28.759468570994297,41.27222442626953,-5.255959987640381,0.05871829215289715
799714030962930.jpg,41.489496525379,-5.0243269187168,41.2213632450686,-4.64120024090608,43.72092085245533,41.48920822143555,-5.0246148109436035,0.04003415814039259
482633992984799.jpg,41.489461851491,-5.0239102290583,41.2836438604456,-5.1099764258836,23.98581690376467,41.48961639404297,-5.023757457733154,0.02138279527063589
2170824990009676.jpg,41.192667641122,-4.0592012563174,41.2023134137704,-4.40445398452306,28.906466781474524,41.19293975830078,-4.059453010559082,0.03686861706339806
531348208036868.jpg,41.079463610861,-4.5313358202991,41.089373381014994,-4.45622730809844,6.390732272514474,41.0796012878418,-4.531639099121094,0.02967424713343242
2858451881042780.jpg,41.564517208896,-4.8624837324502,41.2432627126088,-4.83023521134242,35.82298303662093,41.48636245727539,-5.030693531036377,16.480524275540418
307590574180865.jpg,41.421620930339,-4.67666507169,41.2098119875306,-4.6869997983067995,23.56789005313959,41.42180633544922,-4.676469802856445,0.026270057223209423
487253479212852.jpg,41.07154045864,-5.2104585709892,41.270536477192394,-4.257638818077299,82.76486165718578,41.07157897949219,-5.21049165725708,0.005102900954253599
723570627338343.jpg,41.025737325743,-5.0738245685574,41.362488078263596,-4.39119588540332,68.29669633213693,41.0256462097168,-5.073757171630859,0.011602364534344916
1184338169963996.jpg,41.162326228006,-4.1182896897566,41.2351084009194,-4.26276832787388,14.547043460603087,41.43418502807617,-4.034506320953369,31.029017658194554
296025628695380.jpg,41.124364903599,-4.6451146729964,41.2098119875306,-4.6869997983068,10.127530571946139,41.124176025390625,-4.645109176635742,0.021007343858773078
848646432528634.jpg,41.129458957292,-4.7736179957017,41.2711244124742,-4.675221246606879,17.77389271637693,41.13026809692383,-4.7742109298706055,0.10276767651211885
4090433037952110.jpg,41.579380996043,-4.8426789761913,41.491401325312594,-5.23494036965066,34.08379943710581,41.579341888427734,-4.842729091644287,0.006023822797739424
375163623895829.jpg,41.164109289532,-5.4190597298671,41.2836438604456,-5.1099764258836,29.066907710778672,41.16429138183594,-5.418223857879639,0.0728419162358464
1220665428369780.jpg,41.596773017685,-4.6333116229966,41.4492964604652,-5.0057380774466,35.07423271905993,41.59675216674805,-4.632755279541016,0.04632109317209415
301832388164870.jpg,41.373286612017,-4.9617187709453,41.2004861975772,-4.68809474618952,29.864348756895776,41.39763259887695,-4.960429668426514,2.709285610344958
526188315080750.jpg,41.057903247255,-5.1976809357131,41.2678958271922,-4.4973032172108,63.10852752081199,41.05790328979492,-5.197680473327637,3.905672298850222e-05
1726587031114659.jpg,41.650844566449,-4.6896500708863,41.111283972998805,-4.791903587768999,60.59991250011033,41.13146209716797,-3.6970877647399902,100.9499426188153
828150914803709.jpg,41.376161055843,-4.4889504321494,41.2836438604456,-5.109976425883599,52.86519294391094,41.37599182128906,-4.489200115203857,0.028073957857876915
2480022455677099.jpg,41.090362072591,-3.5952320530413,41.491401325312594,-5.23494036965066,144.06741591610563,41.069698333740234,-3.606154203414917,2.4733635223587496
381228506535136.jpg,41.175309801089,-4.9084310994329,41.1667548731916,-5.03956762079886,11.017497475544593,41.17531204223633,-4.9086432456970215,0.01775760048120187
2047794038693902.jpg,50.443988186548,7.8907921171242,41.166115007851,-4.25389434069814,1393.0948665245553,41.2773323059082,-3.6888856887817383,1354.4009206359174
3066905900243779.jpg,41.573276859517,-4.6727512823646,41.220681762975204,-4.636170250872939,39.32534131835375,41.573486328125,-4.673229694366455,0.0461119517915521
4311229195641407.jpg,42.801965486123,-1.7077060173017,41.111283972998805,-4.791903587768999,316.7978207633429,41.114952087402344,-3.7259089946746826,251.05787444988854
314504743405532.jpg,41.191245040392,-4.7836086325618,41.2836438604456,-5.109976425883599,29.15981683693749,41.19134521484375,-4.783439636230469,0.018001118263348364
806463044057547.jpg,41.105664,-4.125133,41.353584971083,-4.5927154910303205,47.8430742667785,41.105262756347656,-4.12535285949707,0.04826950175366004
507743500411694.jpg,41.236860749907,-5.1886688131202,41.1800874733966,-5.1678038532547,6.5497521245944865,41.23701477050781,-5.188393592834473,0.028686567181067095
3543951722559246.jpg,41.648698575252,-4.7232554254527,41.255270606816,-4.37723519662306,52.396871224691985,41.17277526855469,-3.757413387298584,96.37451611148
782375485755385.jpg,41.18890846942,-4.7882545083311,41.1698213733244,-4.9154932328729,10.858192407314895,41.189151763916016,-4.78764533996582,0.05770844613522425
3354305154712262.jpg,41.132519201196,-3.690309384429,41.1982121228846,-4.2145534738128205,44.4876657088157,41.19623565673828,-3.688737154006958,7.086168921427703
24296711559969056.jpg,41.016294153516,-4.6728977704962,41.244942839419004,-4.5687139810524195,26.880237726580383,41.01602554321289,-4.672639846801758,0.03688328337972868
316737359810416.jpg,41.543200313109,-4.6786165596296,41.340850284923405,-4.577221679153121,24.03528241576498,41.54325485229492,-4.6784186363220215,0.017552969149118115
596865436696687.jpg,41.261462602852,-3.7067055837181,41.38389786495979,-4.6770630619875,82.16755282267323,41.247562408447266,-3.7085916996002197,1.553652236084752
1034941814447182.jpg,41.464659448618,-4.9859463016211,41.3014172687008,-4.671027608839959,31.93419284900123,41.46507263183594,-4.986173152923584,0.04968039967584773
142199444507859.jpg,41.071269735854,-5.210276175635,41.2705364771924,-4.257638818077299,82.75836392015268,41.07133102416992,-5.2103705406188965,0.01044126177768377
2793799810924621.jpg,41.350609212705,-5.1718203536367,41.4413983593128,-5.2393819984929,11.56176889256087,41.13037872314453,-5.453066349029541,33.95110513275237
1490712115216461.jpg,41.021278837557,-3.809308842628,41.1508357846108,-4.16833278750906,33.360648965697585,41.118465423583984,-3.7246217727661133,12.930007017022097
501798444280452.jpg,41.233289497471,-5.1944405993854,41.2836438604456,-5.109976425883599,9.011052940119994,41.23308563232422,-5.19476842880249,0.03557234845057314
1483571632174375.jpg,41.116145439697,-3.7244331951855,41.1560570350048,-4.51874896104094,66.66868912639823,41.110904693603516,-3.7232964038848877,0.5904749718314343
478791018467503.jpg,41.261432852215,-4.8787002694547,41.2460753954388,-4.61927382961686,21.75412475339747,41.255950927734375,-4.874712944030762,0.6947333127659509
1939772740149375.jpg,41.532683830887,-4.9044388338626,41.4725296348984,-5.252632945325379,29.757926444590847,41.53276443481445,-4.904320240020752,0.013333326529730233
1823313208479966.jpg,41.183457400418,-3.6319957527312,41.1454529690696,-4.34124136217524,59.52108874302753,41.173484802246094,-3.6389544010162354,1.2525320157437152
1323557136149264.jpg,41.521333524308,-5.2121285232188,41.4636083784158,-5.262569650329199,7.671413699024888,41.52125930786133,-5.211607456207275,0.044158212864953854
2273514356411334.jpg,41.577055578291,-4.8458657616251,41.491401325312594,-5.23494036965066,33.75648810817538,41.57709503173828,-4.845818519592285,0.0058896516598207875
3578507345705567.jpg,41.509475630363,-4.6307085863987,41.2765889591682,-4.5245329057451205,27.368554241645676,41.06450271606445,-4.134304523468018,64.56308147797934
3987170944735157.jpg,41.286687237335,-4.6834272318654,41.3203409042312,-4.98734893771596,25.661567125945798,41.05044937133789,-5.333035469055176,60.387801166057194
158650572876969.jpg,41.341735410866,-4.5789319565512,41.259476341321,-4.55023224282358,9.45577045247631,41.34192657470703,-4.578544616699219,0.03869724047294943
1475986656884140.jpg,41.521855332343,-5.2328217309271,41.4492964604652,-5.0057380774466,20.564555567592592,41.52188491821289,-5.232967853546143,0.012601976667936839
2638201439874917.jpg,41.135106329175,-3.730636459202,41.209054644278,-4.2173874363113795,41.56268702050408,41.13512420654297,-3.7305710315704346,0.005828854761542074
1579054653055381.jpg,51.392349639385,1.3930896733543,41.419993224376,-5.28639260233638,1220.1953568826852,51.39235305786133,1.3919826745986938,0.07680877194345904
194767482467846.jpg,41.004240587339,-4.6609262455914,41.2237238938672,-4.92127039648902,32.73085084541606,41.00369644165039,-4.661179065704346,0.06411783186868866
1215590258900055.jpg,41.241689529826,-5.2999405589258,41.281478881556396,-4.68355846425716,51.71039362243053,41.264259338378906,-5.268887996673584,3.610682833936432
2894773250795888.jpg,41.145861237678,-5.4733907802986,41.4413983593128,-5.2393819984929,38.23787514883415,41.146759033203125,-5.471335411071777,0.19896103340609636
2366254400372335.jpg,41.244796114772,-3.7089835760499,41.1499246292938,-4.35663487484856,55.20491565715593,41.19761276245117,-3.691523790359497,5.445983921897336
6194220660613485.jpg,41.167712652265,-3.6459812049793,41.3048139907296,-4.13584081293902,43.706134519389096,41.16792297363281,-3.6456568241119385,0.03583571724461163
328703045276189.jpg,41.006058288772,-4.002915578079,41.24224011148,-4.548434969252,52.70285708538126,41.00617599487305,-4.002615928649902,0.028346700066138455
330357018659038.jpg,41.082478690365,-4.5511992487827,41.2508188237406,-4.506923758457161,19.081943842653835,41.08280944824219,-4.549545764923096,0.14338323793700292
2342165765914099.jpg,41.592502537429,-4.52634843008,41.4413983593128,-5.2393819984929,61.6976208175382,41.5899772644043,-4.536252498626709,0.870197733502666
1824908878443202.jpg,41.503328107573,-5.0200423278688,41.4492964604652,-5.005738077446599,6.125091105583108,41.50899124145508,-4.989810943603516,2.5949958128914625
2238598186586155.jpg,41.138926184749,-3.6886771804971,41.1560570350048,-4.51874896104094,69.52924563762497,41.323280334472656,-4.073266506195068,38.13871071512813
4061198193947180.jpg,41.516863213958,-5.1898923789144,41.389633004453,-4.75968158081338,38.54401531783647,41.516353607177734,-5.187607765197754,0.1984751045259745
318102243115135.jpg,41.283418487361,-4.8945054215271,41.3259553544338,-4.9349902340446805,5.814454108083779,41.28547286987305,-4.896003246307373,0.26047411226707484
1201897954549422.jpg,41.141493745696,-4.2693299346996,41.2105657637624,-4.419914050562641,14.7590567679236,41.14149856567383,-4.269339561462402,0.0009680452602655059
1456400421380251.jpg,41.615087762921,-4.791742293309,41.4413983593128,-5.2393819984929,41.970782003356966,41.3818359375,-5.152090072631836,39.66513212832783
304237141417423.jpg,41.164816938758,-5.414803426706,41.4052469158556,-5.0870583249455406,38.271069267257786,41.164859771728516,-5.414606094360352,0.017191545267027916
825130658962994.jpg,41.242844879566,-3.844421755603,41.195319565256206,-4.65612646025234,68.09635303661884,41.242835998535156,-3.844345808029175,0.006426301078364455
1548848735506766.jpg,41.639702197859,-3.6076214879051,41.4492964604652,-5.005738077446599,118.26435984780575,41.59152603149414,-4.530241012573242,76.88497378340136
1415456878787129.jpg,41.050300190162,-4.6972745618816,41.280273392011,-4.4962464139229,30.61202206121675,41.05038833618164,-4.697406768798828,0.01479775344910455
807179931730975.jpg,41.155363585031,-4.0043622973421,41.255270606816005,-4.37723519662306,33.11287413272535,41.14235305786133,-3.8254683017730713,15.048504513517107
221614189436459.jpg,41.025865108426,-4.1420065505282,41.2508188237406,-4.506923758457161,39.49126370713025,41.14839172363281,-4.044286727905273,15.896385793468692
1186698129732386.jpg,41.226246351268,-4.1160195782125,41.2257066966246,-4.15504711243958,3.264482974765435,41.1392822265625,-3.681187152862549,37.65256805983845
521546424147745.jpg,41.181313767401,-4.0466039210105,41.207584660646,-4.33902334715942,24.64101825073789,41.181236267089844,-4.046502590179443,0.012090418793186553
2779092365674129.jpg,41.450792983363,-4.979789570573,41.246364552207595,-4.760256519272359,29.198221712832336,41.451080322265625,-4.979911804199219,0.03353542036694924
2896486593920443.jpg,41.330782524219,-4.6059010623617,41.2836438604456,-5.1099764258836,42.42911235519721,41.33071517944336,-4.606067180633545,0.015762776865134612
4253506714680949.jpg,41.120043429297,-4.2646715345834,41.255270606816005,-4.37723519662306,17.74325933633266,41.11881637573242,-4.264196872711182,0.14211761410428395
503356444196778.jpg,41.437533924958,-4.3830682755369,41.2800347228536,-4.5191487446841,20.873449931572896,41.437530517578125,-4.383194446563721,0.010524484096550143
376040580462685.jpg,41.316983901373,-4.3817716393004,41.2508188237406,-4.50692375845716,12.786144720596242,41.317081451416016,-4.382007598876953,0.02249424961524918
2825638540912755.jpg,41.543547760158,-5.4161465034688,41.2394457949378,-4.55197701993076,79.62475853865594,41.54336166381836,-5.417612075805664,0.1237139217153942
853483832047755.jpg,41.312102059924,-4.6372504641798,41.2836438604456,-5.1099764258836,39.6178112010146,41.312198638916016,-4.6370978355407715,0.016668313226376172
177406784276875.jpg,41.461202904567,-4.6706944160784,41.265478038246,-4.424435151623799,29.933691981249726,41.46015167236328,-4.6702961921691895,0.12151074403294305
817611025515998.jpg,41.469193785057,-4.6739505100273,41.2098119875306,-4.6869997983067995,28.862507883420378,41.46962356567383,-4.673925399780273,0.047835198759556274
1160252877823784.jpg,41.054711836787,-4.1331339900774,41.2874233863342,-4.6075273600688,47.394746475016525,41.054931640625,-4.133163928985596,0.024569655749349512
374791243894005.jpg,41.005103137641,-4.6024071766237,41.2098119875306,-4.6869997983067995,23.840440190737993,41.090293884277344,-4.637577056884766,9.921289871695487
1433736936976611.jpg,41.536365022398,-4.762259820981,41.42588380042581,-5.07378695571532,28.71240630330936,41.39328384399414,-5.143333911895752,35.51593494885217
2148062322327305.jpg,41.143705487209,-3.7045663417932,41.258061502281194,-4.32054933919342,53.08078794684253,41.14363098144531,-3.7045376300811768,0.008626466928353081
2297675857030463.jpg,41.19722465724,-5.3450314112314,41.4413983593128,-5.2393819984929,28.548467053182936,41.19978713989258,-5.34047794342041,0.4757401144268849
500358144437346.jpg,41.209290087098,-4.7525752080634,41.2836438604456,-5.109976425883599,31.003330165955457,41.20900344848633,-4.75276517868042,0.03561483240322208
1030894817440182.jpg,41.328130466893,-4.6125132940852,41.2836438604456,-5.1099764258836,41.84605273112206,41.32857131958008,-4.611406326293945,0.10462669976719818
1742444613048061.jpg,41.132511599616,-3.7315766196004,41.1481682561016,-4.35655386398022,52.36501727871976,41.016395568847656,-3.8079652786254883,14.412117414438967
3689560604696641.jpg,41.279399055419,-4.2973931191717,41.2222793518498,-4.54290332187532,21.48484338139751,41.28030014038086,-4.297260761260986,0.10080466743593172
1903252636746318.jpg,41.15678668437,-4.1791478127557,41.165236310396196,-4.2981409576324,10.00566665737999,41.157318115234375,-4.1789326667785645,0.061776560450598116
3988834914767182.jpg,41.117214865204,-4.1175580616378,41.2928956765586,-4.37044088676754,28.795359242967024,41.117523193359375,-4.117321491241455,0.03960005837368066
383089006259646.jpg,41.368096421923,-4.4989892750636,41.2836438604456,-5.1099764258836,51.87654683160419,41.368221282958984,-4.498814582824707,0.020131568291668775
290954326022490.jpg,41.071115651575,-4.4113838388593,41.281572432907595,-4.3895185450062995,23.473170606105196,41.0711555480957,-4.411555290222168,0.015041721404664202
285336919903616.jpg,41.216524704477,-5.2212352077509,41.1773567737636,-4.96988150888272,21.476652908736348,41.216575622558594,-5.221164703369141,0.008175191492696323
538195693859578.jpg,41.070596906052,-4.5949138256292,41.2098119875306,-4.6869997983067995,17.29439337998286,41.070526123046875,-4.595213413238525,0.026318856950618395
1244474475949576.jpg,41.008877866276,-5.4825531040536,41.0677680925626,-4.8052730686383,57.18023995192102,41.008949279785156,-5.482438564300537,0.012466967844312298
559751493317931.jpg,41.122672712135,-4.1076723651145,41.381065070735005,-4.49368675461496,43.20740702942626,41.123043060302734,-4.107104301452637,0.06292845312929535
958853764927360.jpg,41.098735701529,-4.995732900296,41.2347809105462,-5.254209222628239,26.400228298863116,41.098636627197266,-4.995809078216553,0.012732269067268761
1496664164905125.jpg,41.548472596642,-4.884076418383,41.4636083784158,-5.262569650329199,32.90029518339302,41.54856491088867,-4.883962631225586,0.013965369177440106
469561834118219.jpg,41.154232011016,-4.529598899441,41.282995411672,-4.44852366698258,15.84251105975373,41.15439224243164,-4.529373645782471,0.025944210421775582
3292179704265398.jpg,41.524953755162,-4.921696137668,41.421503513568396,-5.0333673581251395,14.79471059948349,41.524925231933594,-4.9217729568481445,0.007138337568869305
1623421735076004.jpg,41.060660292167,-4.2024541578985,41.221363245068595,-4.64120024090608,40.8556256283651,41.06019973754883,-4.202182769775391,0.05603877160299372
1778373686181788.jpg,41.130976723534,-3.7341630474598,41.1880251595582,-4.42527029844954,58.203615482828326,41.10825729370117,-3.730008125305176,2.550147897195177
760327411333048.jpg,41.259662997365,-4.7140103780076,41.2836438604456,-5.109976425883599,33.19932536061206,41.25952911376953,-4.714108943939209,0.01701495747730711
1200777957037061.jpg,41.309157580111,-3.6148075930639,41.3121842326994,-4.36889920295984,62.98476291134659,41.138126373291016,-3.581853151321411,19.21647820090951
1092115149797641.jpg,41.509326625358,-5.119138714643,41.491401325312594,-5.23494036965066,9.847739055128368,41.50933074951172,-5.119178771972656,0.0033668738745495736
675814421773718.jpg,41.009247886919,-4.1471643566001,41.1753196597224,-4.0967026591317,18.9443503273157,41.00943374633789,-4.147069931030273,0.022133328506495402
1892745377964309.jpg,41.162028325487,-3.6613728942179,41.308817332463796,-4.283696708557939,54.53795210367259,41.281394958496094,-3.982642650604248,29.9694540006229
407789074495795.jpg,41.327139077309,-4.6148159723557,41.2836438604456,-5.1099764258836,41.642432641869455,41.40069580078125,-4.310996055603027,26.6418013825037
940798767439403.jpg,41.520209379433,-4.6387162165327,41.167743478502196,-4.68275931139002,39.36450212197967,41.51930236816406,-4.637828350067139,0.12504304802684477
1479057509781961.jpg,41.254977399866,-3.8716847625118,41.224524004912595,-4.4330272005518,47.05793413262603,41.254974365234375,-3.8715507984161377,0.011203731458125204
465570714516267.jpg,41.114814005566,-5.1836226767099,41.239153297264195,-5.1361586603944405,14.385266197985061,41.114871978759766,-5.1836066246032715,0.0065850918430892325
234265578457558.jpg,41.082715990262,-5.310900005491,41.0677680925626,-4.8052730686383,42.416193428658495,41.08285903930664,-5.310818195343018,0.01732131334139138
937333171009829.jpg,41.184748563934,-4.2691722649387,41.2779061948066,-4.72927298710052,39.84572589181425,41.184871673583984,-4.268980026245117,0.021123339787972584
2095278854170553.jpg,41.500443445893,-4.6228819496215,41.35509616829,-4.4712135258207795,20.520793347304657,41.49159622192383,-4.613505840301514,1.2560204049899613
24617145284584692.jpg,41.271674583842,-3.8829563844704,41.255270606816,-4.37723519662306,41.35375900787468,41.05674743652344,-5.196228504180908,112.50108755868945
1016797776457634.jpg,41.174319610821,-3.7571784519482,41.32135634198001,-4.38409035300848,54.902826811144614,41.18537521362305,-3.6054043769836426,12.76139266853181
917676528800240.jpg,41.175989261361,-4.9360191771247,41.1560570350048,-4.51874896104094,34.999126868285465,41.175758361816406,-4.9362592697143555,0.03260359781188833
1678040022878578.jpg,41.547479999308,-5.38612299483,41.4492964604652,-5.0057380774466,33.50770026912732,41.54740524291992,-5.385776519775391,0.030007641873613367
315317156807455.jpg,41.005245571997,-5.1132879583044,41.2836438604456,-5.1099764258836,30.957719161000878,41.00497817993164,-5.11382532119751,0.05401214762941848
1957380601682035.jpg,41.117844309661,-3.9011020805044,41.263849387149996,-4.16434158177858,27.36349415725234,41.1179084777832,-3.901301860809326,0.01819308259747183
1436477973538488.jpg,41.581632874801,-4.5732239511688,41.290901381519795,-4.56186442752782,32.341733127021264,41.581600189208984,-4.573390960693359,0.014358618149931088
4102137379824667.jpg,41.378488197836,-4.3009375952854,41.28452604019579,-4.718347507391741,36.38457344591721,41.10746765136719,-4.246713161468506,30.475225123305016
141857627909244.jpg,41.56908826215,-4.713985632159,41.2568405056234,-4.366172270489019,45.24130052982195,41.568790435791016,-4.713980197906494,0.03311986572656916
839121103849728.jpg,41.014758218301,-3.9749261042557,41.2556401084786,-4.4272044905992995,46.3907201429714,41.01416778564453,-3.9762520790100098,0.12917880949263907
507778013989727.jpg,41.191987437287,-4.2665188732251,41.238199792614196,-4.69864807755894,36.50902153002342,41.192283630371094,-4.266393184661865,0.03457357080789211
615111564693709.jpg,41.017718530254,-5.0886548913823,41.2508188237406,-4.50692375845716,55.18484442928125,41.01679992675781,-5.090395450592041,0.1782076063716636
517214799306161.jpg,41.089271692891,-4.6373250507271,41.1842260678212,-4.6528898723587195,10.638600722356287,41.08903503417969,-4.637307643890381,0.026355651817257596
173851494644369.jpg,41.001232933029,-5.1215074976605,41.2526042846954,-5.00592491096534,29.58025374623198,41.001346588134766,-5.121270656585693,0.023552977151786465
1178696776281392.jpg,41.440412119632,-5.0950930898938,41.4588121927064,-5.05569305649232,3.869026712878408,41.44002151489258,-5.095492839813232,0.054743024720379424
1487018745252469.jpg,41.111841551172,-3.7241043572394,41.255270606816,-4.37723519662306,56.9368621572189,41.065879821777344,-5.029842853546143,109.54779757150057
473367280558854.jpg,41.176486938788,-4.9354593472731,41.275850341049804,-5.0135311722268,12.833741164265408,41.176456451416016,-4.935507774353027,0.005283933390668458
797383964311093.jpg,41.175142500757,-4.9023113999531,41.2504797752694,-5.116856323699099,19.805214567210097,41.17414093017578,-4.845864772796631,4.725733017473509
9135589153149045.jpg,41.104235752778,-3.73117768019,41.199515750321595,-5.0175883087406605,108.22509365619364,41.10432052612305,-3.730909824371338,0.024342079872606896
1309324650789049.jpg,41.511853919228,-5.1457666924299,41.4492964604652,-5.0057380774466,13.581649742887533,41.51160430908203,-5.146426200866699,0.061529705913097546
4600998693470885.jpg,41.579669455045,-4.8423025479783,41.491401325312594,-5.23494036965066,34.12295626493654,41.579689025878906,-4.842277526855469,0.0030111661984388136
307303004309985.jpg,41.095826423881,-4.9980231191804,41.239153297264195,-5.1361586603944405,19.68993000912094,41.0959358215332,-4.997934341430664,0.01425897616204184
3805275242931362.jpg,41.61885915609,-4.7901963625505,41.2836438604456,-5.1099764258836,45.82199907122108,41.40732955932617,-5.135318756103516,37.13478360430473
303928501556858.jpg,41.087347469101,-4.4141946401679,41.3880024235448,-4.7930834062765,46.05813810571666,41.08198165893555,-4.408034324645996,0.78902883766499
1634500787379221.jpg,41.253470826401,-5.2864329344026,41.274738332530795,-4.67671911528196,51.016274781224574,41.25421142578125,-5.284753322601318,0.16277666061669527
1995796634207139.jpg,41.198564086246,-3.6917113450846,41.118877314524,-4.4710853200847795,65.84589261637718,41.19868469238281,-3.691699981689453,0.01344444868068395
2182405708777265.jpg,41.102611277309,-3.6002285164412,41.151064143972604,-4.548049362789939,79.56995933121922,41.141876220703125,-3.7092597484588623,10.122859360134143
903623326866951.jpg,41.089387648444,-5.3070318328078,41.20161682537,-5.2610891204437396,13.058811904592169,41.08949661254883,-5.30702543258667,0.012128122290445941
943649296454197.jpg,41.591302099004,-4.5693165458885,41.3265930911868,-5.029042572516261,48.311936470641974,41.591209411621094,-4.569013595581055,0.027220689692059895
777672391386215.jpg,41.366956898676,-4.9620704990332,41.32349539266821,-4.660452070527859,25.638320724952653,41.37506866455078,-4.961592197418213,0.9028698221281923
3614717388768887.jpg,41.146593307971,-4.1117511070601,41.1444997004686,-4.529674925321159,34.99529591705893,41.146148681640625,-4.111536026000977,0.05261817472187932
1007553884625922.jpg,41.185681349136,-4.1194526906387,41.2508188237406,-4.506923758457161,33.20808326052223,41.18459701538086,-4.119485855102539,0.12060434923465564
764994716524515.jpg,41.301824599272,-3.7392582101497,41.262818014021995,-4.091457851586361,29.74747033236986,41.302452087402344,-3.743823766708374,0.38770931124008273
2229758244119981.jpg,41.088525344389,-3.7889018113725,41.404203000029995,-4.44403109461914,65.05463423216415,41.163475036621094,-4.119022369384766,28.879285273054265
1142165592878698.jpg,41.337309409756,-5.1881844381247,41.2201276125088,-4.79823577632596,35.09422566972724,41.27586364746094,-5.255018711090088,8.8231159549926
789685260088958.jpg,41.26896813895,-3.7530905190128,41.295980128831005,-4.7417171501815405,82.66299301585016,41.26876449584961,-3.7532100677490234,0.024750434642339975
3011569205737551.jpg,41.147806672872,-4.7876968594405,41.2222793518498,-4.54290332187532,22.095705746801382,41.1479606628418,-4.787764072418213,0.018024047746182395
307898757613009.jpg,41.244916281911,-5.1758331235248,41.2504797752694,-5.116856323699101,4.969336719542557,41.24508285522461,-5.175594806671143,0.027204301130864344
936392524681057.jpg,41.528269635951,-4.6454963825852,41.246850182217806,-4.61243187541244,31.413753908929486,41.507808685302734,-4.630336284637451,2.601812749862982
1119834150117314.jpg,41.134848636212,-3.9119651106135,41.2602374297354,-4.0835099003295,20.0099512580347,41.1348991394043,-3.911970376968384,0.005632991603263213
819888456296928.jpg,41.242592485652,-3.844123136532,41.195319565256206,-4.656126460252341,68.11921336580309,41.242591857910156,-3.844123125076294,6.980827915612506e-05
681002771018325.jpg,41.244054615066,-4.1036491149727,41.3344010358188,-4.56423516942404,39.77185252880508,41.244384765625,-4.103576183319092,0.03721403202604947
2098331380318083.jpg,41.597237862361,-4.8193829275922,41.381472737335805,-4.82307084858234,23.993953652305084,41.38981246948242,-5.145746231079102,35.64899446949357
396072691412990.jpg,41.347805873745,-4.5432068674402,41.2836438604456,-5.1099764258836,47.86923536505793,41.347835540771484,-4.543035984039307,0.01464104827660165
3920683848020683.jpg,41.246909098574,-5.2942292180691,41.4413983593128,-5.2393819984929,22.105595959269436,41.24802017211914,-5.29308557510376,0.15622235355375955
3529773583965830.jpg,41.118734566414,-3.7220360128075,41.237768620849394,-4.66789880795166,80.26012051574445,41.109764099121094,-3.7227892875671387,0.9994646306047895
1716917369023327.jpg,41.129618106774,-3.7984553234996,41.363090282339996,-4.24611316967224,45.549012792506055,41.60274887084961,-4.674593448638916,90.07498403048744
866796662238779.jpg,41.165855853129,-4.1211590266865,41.255270606816005,-4.37723519662306,23.61598624712034,41.16579818725586,-4.1211018562316895,0.008001132092460027
1170700116890682.jpg,41.032668183466,-3.934267569044,41.1992851211012,-4.65177577921818,62.897424959107404,41.03266906738281,-3.93426775932312,9.957448363039243e-05
380560958062923.jpg,41.248679103827,-4.2859471434801,41.298748686214196,-4.8757329842083,49.60199720367231,41.24916076660156,-4.286587715148926,0.07573935885629737
813152889329000.jpg,41.024926392154,-4.7133398500929,41.277015265677804,-4.47416767238894,34.449175368750446,41.0240592956543,-4.713374614715576,0.09646082777003094
801662778563017.jpg,41.293960788237,-4.0093784927568,41.3657199977176,-4.241497554617939,20.95983331977124,41.29391098022461,-4.009266376495361,0.01088158652507811
1662692015134161.jpg,41.184096202845,-3.6128106277972,41.308817332463796,-4.283696708557939,57.77853291409601,41.18452072143555,-3.6134562492370605,0.07174500757060653
525431550394609.jpg,41.224557933176,-4.1075313175411,41.254823899971996,-4.3165582077349,17.79862990644736,41.224525451660156,-4.107463836669922,0.006700428800280211
945787819552038.jpg,41.284647639015,-4.4129530981334,41.166115007851,-4.25389434069814,18.72626923513936,41.285945892333984,-4.4126129150390625,0.14713092366865727
315096704513319.jpg,41.220250123054,-4.275783455032,41.1881838471872,-4.47669592576756,17.182231525117174,41.21979904174805,-4.275645732879639,0.05146364391055292
948870289446341.jpg,41.326405708809,-5.1352423953874,41.3471124510494,-4.693095951737541,36.98635228699466,41.3262825012207,-5.136081695556641,0.07141058104539544
294606172339981.jpg,41.089267719216,-5.0040072897905,41.287440790855,-4.9940772593587,22.05150136514793,41.19451141357422,-3.704566240310669,109.44026743002756
1524555287936292.jpg,41.168412738925,-4.9424080830164,41.2836438604456,-5.1099764258836,18.98861099067677,41.16830825805664,-4.942483901977539,0.013238172577882413
1526518071851354.jpg,41.5272195215,-5.2688314944367,41.4725296348984,-5.252632945325379,6.229069480889472,41.527183532714844,-5.268686294555664,0.012732399894897158
976755356476950.jpg,41.12276744999,-4.268004196463,41.2308152047834,-4.388349135504041,15.677815582300527,41.289581298828125,-4.326995372772217,19.194121101377693
803663008360912.jpg,41.519253847017,-4.6376627739316,41.2463645522076,-4.760256519272359,32.02132608202153,41.519344329833984,-4.637742519378662,0.012054364110249299
1897823780365253.jpg,41.354924415993,-5.1692447137435,41.2672113096904,-4.70916301204012,39.64558130700891,41.145687103271484,-3.6755528450012207,127.02043075813954
3650618811738258.jpg,41.305173167061,-3.7466173725573,41.1867955963114,-4.3894548977799,55.333302978224445,41.30522918701172,-3.74662184715271,0.006240337597911912
4902579323300399.jpg,41.078712807513,-4.1298475505865,41.2171444664704,-4.16084811211852,15.610222401317863,41.081016540527344,-4.129051208496094,0.26471679234259726
1471029410142542.jpg,41.578886439378,-4.6802158896094,41.1769481303736,-4.52556762982358,46.5188522144573,41.541786193847656,-4.658445358276367,4.505509629059111
1768612690332799.jpg,41.067314631427,-3.7973501398357,41.180424797929604,-4.16708787323774,33.42639408641892,41.38451385498047,-5.150330543518066,118.52014428794995
340059347476309.jpg,41.289173451348,-4.6810987870022,41.2832710606408,-4.37433126300858,25.64016598884731,41.06114196777344,-3.8116841316223145,77.05766649008555
937865603647976.jpg,41.160466107999,-5.4448956116888,41.355164255092795,-4.7054740078091,65.49040985549344,41.15951919555664,-5.446964263916016,0.20267542892669277
1307961890288858.jpg,41.270822253171,-4.0948234317001,41.289652967608404,-4.29954768647828,17.234844682588047,41.11613082885742,-4.118364334106445,17.313315116628484
970208195326866.jpg,41.180334967525,-4.0453134092339,41.2508188237406,-4.506923758457161,39.39866163659775,41.18031311035156,-4.045229434967041,0.007436180750356539
1467677517767468.jpg,41.104898903604,-3.7682895753392,41.1560570350048,-4.51874896104094,63.11031611497306,41.03144454956055,-3.8101742267608643,8.890528920552537
1102461901841606.jpg,41.52121116645,-5.2115222384563,41.491401325312594,-5.23494036965066,3.845782660945544,41.52122116088867,-5.211568832397461,0.004035131095061575
4103007293099315.jpg,41.158346965712,-5.4491576951884,41.3589655941216,-4.88436887051322,52.21546794350294,41.15850067138672,-5.44889497756958,0.02785417412719065
2576929056011054.jpg,41.281334056586,-3.9046117803149,41.2975302312404,-4.56539014346866,55.23745941007393,41.281253814697266,-3.904500722885132,0.012873614722417173
908860459960957.jpg,41.1554451177,-4.5241761279848,41.16552156287919,-4.199903060555781,27.169687002734346,41.155513763427734,-4.523442268371582,0.061912241500976455
853514501919466.jpg,41.17763808148,-4.9338969340433,41.2836438604456,-5.1099764258836,18.86155659824517,41.17763137817383,-4.933841228485107,0.004721390166030101
1512783239724232.jpg,41.259679507095,-3.7061156719721,41.21383896856101,-4.44524914149992,62.01429603722218,41.25919723510742,-3.7060470581054688,0.05393202487396947
468882554195694.jpg,41.071648662305,-5.3173179644313,41.128215964450405,-5.06090449423126,22.387307979801196,41.071537017822266,-5.317383289337158,0.013568437931571873
1400416030357576.jpg,41.543610117491,-4.8906187260118,41.4413983593128,-5.2393819984929,31.192631352213425,41.5423469543457,-4.89224100112915,0.19482532383923715
692057778182327.jpg,41.328391824532,-4.9064492352285,41.5565338850924,-5.20886983096976,35.76291487753445,41.32857131958008,-4.906836986541748,0.03803486952925257
494227138296418.jpg,41.579579979795,-5.1029510128836,41.480396414271794,-5.075282001156721,11.266641063235923,41.57908248901367,-5.102338790893555,0.07518857960327738
1532437597565037.jpg,41.060266542731,-3.8778245002917,41.3620008982678,-4.57262916605854,67.10938350422636,41.06013488769531,-3.877230644226074,0.05189829619041815
1120035408487197.jpg,41.593177455021,-4.5896037545505,41.4413983593128,-5.2393819984929,56.67038112423781,41.58770751953125,-4.546960830688477,3.59812221448649
826886454602632.jpg,41.263612023748,-5.2693246202785,41.3508953033904,-4.91824735370594,30.888931344080028,41.26401138305664,-5.268901824951172,0.05675182969087621
1818992302332224.jpg,41.335161438101,-4.1179929621752,41.2098119875306,-4.6869997983068,49.553547656973144,41.3323974609375,-4.117376804351807,0.31161615223668954
1927094510780344.jpg,41.136289186219,-4.6480809817763,41.2098119875306,-4.6869997983067995,8.800435948506914,41.13483810424805,-4.647747039794922,0.16375869188581435
3626713744324021.jpg,41.540760954658,-4.6575216378235,41.180421210316396,-4.767610866784381,41.107884785043765,41.53994369506836,-4.6565399169921875,0.12220594230557931
1332343135277739.jpg,41.318026807703,-3.7587955131351,41.3348550986522,-4.19510132357726,36.48077671062221,41.11616516113281,-5.489666938781738,146.50212032871264
245870427318224.jpg,41.298516221156,-3.6037024481119,41.4546208814422,-4.7001349591818,93.1162852830239,41.11522674560547,-3.7224738597869873,22.673815939126897
1462029207529401.jpg,41.396618889572,-4.31283487521,41.1560570350048,-4.51874896104094,31.806035830659415,41.052730560302734,-5.330070972442627,93.27239793418596
1372807386425337.jpg,41.159292055304,-4.4856036533015,41.245976922907,-4.2065050402787,25.26102853745312,41.15920639038086,-4.485660076141357,0.010632359326000615
23957397130612096.jpg,41.281503879155,-3.9048383579643,41.21433056542399,-4.51817184130968,51.81783413660219,41.281089782714844,-3.904258966445923,0.06681416038288775
4414897285195620.jpg,41.580677490584,-4.8401402907009,41.2836438604456,-5.1099764258836,39.9616545180448,41.57976150512695,-4.84157133102417,0.1566589290053136
3981923085176923.jpg,43.46215395759,-5.0604323325444,41.2528308881822,-4.37874833554982,251.96743921337597,41.101905822753906,-3.750295400619507,283.7066604870966
2037838050039149.jpg,41.039778931642,-4.1357005930575,41.2098119875306,-4.6869997983067995,49.89783679108887,41.039024353027344,-4.136252403259277,0.09582251287265175
2225969677921119.jpg,41.117531712239,-3.7218110274329,41.2815897492398,-4.29970331747782,51.676380472938824,41.25676345825195,-4.1007795333862305,35.289783070578764
159447859434914.jpg,41.303537048086,-3.606398784991,41.28452604019579,-4.71834750739174,92.92050654079486,41.303104400634766,-3.6060972213745117,0.05430426815630745
2702579499945320.jpg,41.128563129387,-3.7245155381909,41.241204820878,-4.0840414009927395,32.589570695129126,41.12913131713867,-3.724907159805298,0.07118661823505681
541322700224850.jpg,41.010764434835,-4.1656689202844,41.3410689899338,-4.80642025358618,64.99910353478629,41.008941650390625,-4.163117408752441,0.29481470410581423
1295198348092410.jpg,41.318976781897,-3.6282572082157,41.156459228988396,-4.38631723743922,65.91173147387559,41.318458557128906,-3.627737522125244,0.07213957804203312
2511235222374161.jpg,41.245505794366,-3.8481362202677,41.28116962446241,-4.71502137912432,72.56560720477124,41.24555969238281,-3.8484456539154053,0.0265557783002801
761873251020290.jpg,41.093700930033,-4.7463812540061,41.1573546306726,-4.721370550174821,7.381477728626614,41.09450912475586,-4.74699592590332,0.10358248347280193
1451588538524139.jpg,41.046170524627,-5.3738676613675,41.1067653951054,-4.960731544766119,35.27943007042698,41.04623031616211,-5.374040126800537,0.015918066174790527
377730094300188.jpg,41.466407799998,-4.5795698,41.299302836680596,-4.71366745875528,21.689383398346187,41.46648025512695,-4.5782928466796875,0.1067044446861809
474386787128239.jpg,41.166151400219,-5.3880186854937,41.421889364113,-5.1918819664773395,32.82001159031449,41.16590881347656,-5.38921594619751,0.1037870837158145
2616656831862306.jpg,41.406424328172,-4.3291772822249,41.1531360970276,-4.5344833097566,32.97810298265789,41.40634536743164,-4.329041004180908,0.01436198761148513
3512345835657965.jpg,41.636622445352,-3.7798907787847,41.2758813148854,-4.82758218827262,96.08333274807858,41.59536361694336,-4.623192310333252,70.25395622745977
2847916448802916.jpg,41.165898721802,-5.3903010807452,41.287951204908,-4.65444679386486,63.01822948345423,41.165924072265625,-5.390629768371582,0.027657897276263516
1838638663328131.jpg,41.63011663678,-5.1761643329966,41.255270606816005,-4.37723519662306,78.56171699907787,41.62997817993164,-5.1759724617004395,0.022166010993495376
404561582483813.jpg,41.288924428137,-3.9986926925393,41.314455101237,-4.3679878369174805,30.979245680057904,41.288970947265625,-3.9987897872924805,0.0096211768992006
300452541703612.jpg,41.099453506542,-4.6393929273628,41.339460721669,-4.49579537251202,29.26564545100224,41.09885025024414,-4.639280319213867,0.06773944568329136
3010177862549267.jpg,41.280801733764,-4.6927108822686,41.219104112512795,-5.15634472694248,39.36258498708705,41.28071975708008,-4.692880153656006,0.0168273219489463
328965125310075.jpg,41.283682298017,-4.688636304429,41.1452255212182,-4.94628235360982,26.485413826546193,41.28360366821289,-4.688752174377441,0.013045380179369181
502447291192522.jpg,41.292894263168,-4.3030399535573,41.331764638701,-4.4900708424581195,16.207925349410342,41.29296875,-4.302865505218506,0.016763493858327774
980570305855499.jpg,41.259125221044,-4.659880181634,41.472418676051795,-5.00827936822894,37.52120753400486,41.259544372558594,-4.660491943359375,0.06918957338220187
320722806282972.jpg,41.398940944428,-4.4478354105406,41.291714668135604,-4.9566758696487,44.11887074716854,41.398834228515625,-4.448219299316406,0.03414818413475691
1150879730372560.jpg,41.412564215669,-4.3248124591665,41.184758682475,-4.54059663929444,31.090121411520734,41.245826721191406,-3.850846767425537,43.70336078207028
292512615760913.jpg,41.32511381009,-3.634334455302,41.4112315020296,-4.854665703884921,102.2842458764894,41.32731628417969,-3.6364145278930664,0.3002450382272385
699702972506603.jpg,41.169325950029,-4.1220327883784,41.255270606816,-4.37723519662306,23.38890251961013,41.1705207824707,-4.121851444244385,0.13372359356842353
1844479352684482.jpg,41.153911894617,-4.7922948394789,41.2004730437646,-4.55784910517456,20.293219354564528,41.152610778808594,-4.791309833526611,0.16653143889876607
419365404063846.jpg,41.500120077982,-4.6226437120269,41.2877097655878,-4.75189707463174,25.96348318200234,41.50019073486328,-4.62271785736084,0.009992790278013973
31337707885845119.jpg,41.519631196701,-4.9352656280243,41.491401325312594,-5.23494036965066,25.15144702154632,41.51955795288086,-4.9354729652404785,0.01908667593867783
9425836274204359.jpg,41.263979727463,-4.0979973095768,41.314455101237,-4.3679878369174805,23.245601273331236,41.26405715942383,-4.097959995269775,0.009157507524228881
1852447885339455.jpg,41.605439843048,-4.8090332636814,41.4636083784158,-5.262569650329199,40.91221960473073,41.60557174682617,-4.808835029602051,0.022063067947389946
470674884018515.jpg,41.425315638817,-4.3650594981711,41.287951204908,-4.65444679386486,28.57780319029531,41.42582321166992,-4.366008281707764,0.09717562459658144
1544621319520672.jpg,43.383198754301,-1.3125403377228,41.1560570350048,-4.51874896104094,361.78611381283946,41.5660400390625,-4.860773086547852,354.22568613271665
4398172917135781.jpg,41.544938701866,-5.4216090418355,41.4492964604652,-5.0057380774466,36.23124391974241,41.544944763183594,-5.4214935302734375,0.009636731039491754
543502003485786.jpg,41.125970864666,-5.1811185879335,41.2170484889822,-5.0450247889143,15.242147112081488,41.12602996826172,-5.181145191192627,0.006939497765645101
1512057016644624.jpg,51.411429497858,-2.4789664591169,41.3286959928934,-4.53257820295992,1132.0436641867545,41.280059814453125,-4.693553447723389,1139.1665632075499
1994326537992123.jpg,41.511811524757,-5.1506941752337,41.491401325312594,-5.23494036965066,7.373798266005004,41.51179504394531,-5.150248050689697,0.03719169057822707
2191087164392768.jpg,41.582096600002,-5.1064333000019,41.432650967658,-4.90628441406516,23.535433318435643,41.64554977416992,-5.189173698425293,9.853743815903359
313818770261033.jpg,41.230282969241,-4.6706070449554,41.436714509503204,-4.67825417543374,22.963018265823987,41.082576751708984,-3.8620827198028564,69.65375173319578
5376766879031235.jpg,41.141936359868,-4.2686953897012,41.14616733607541,-4.49980231949686,19.357728437699976,41.14204788208008,-4.268821716308594,0.016299721115928815
318895989672352.jpg,41.010980395776,-5.1017538092442,41.2836438604456,-5.1099764258836,30.32661028127296,41.01052474975586,-5.102668762207031,0.09198185129727228
1186116373538282.jpg,41.617376091004,-5.1574371297263,41.24607539543881,-4.61927382961686,60.97113245753963,41.617919921875,-5.15791130065918,0.07218367871387607
245991343982471.jpg,41.077783537056,-4.5251052871088,41.128081727319994,-4.30608289602724,19.18492828334184,41.07771682739258,-4.52577018737793,0.05622394785110743
1004880828252278.jpg,41.069597775984,-4.1329430946317,41.207584660646,-4.33902334715942,23.092265785934977,41.069793701171875,-4.132875919342041,0.022501939305761293
4012817372108628.jpg,41.605931092361,-4.7363619320699,41.4413983593128,-5.2393819984929,45.69819325283094,41.60543441772461,-4.7400336265563965,0.31023484705584337
316540513202426.jpg,41.096507242533,-4.1247791857918,41.2252329040312,-4.47281383250908,32.46170924008508,41.0601806640625,-4.133843421936035,4.110162907608037
1816225488558846.jpg,41.506168213637,-4.9780086896053,41.4477281908546,-5.23191955139172,22.12885456200187,41.16453552246094,-5.416383743286133,52.75093030301395
1649162655473684.jpg,41.412336933447,-4.3399133988829,41.298748686214196,-4.8757329842083,46.47171832423834,41.43304443359375,-4.3799052238464355,4.052243883934737
2366124753781682.jpg,41.083760197114,-3.6928611050533,41.399317340744595,-4.64940425727994,87.335967988382,41.11848449707031,-3.7231709957122803,4.621542728661312
234587608423933.jpg,41.305597621883,-4.9108516287479,41.2308152047834,-4.388349135504041,44.45401421949579,41.13713073730469,-3.692432165145874,103.61195381136463
8458541854210787.jpg,41.187750841152,-3.7165070084927,41.331751771840395,-4.5473332492771394,71.26905774945365,41.1822624206543,-3.6802186965942383,3.0974632706537477
405560002122481.jpg,41.204228233884,-4.2621830262225,41.336034920619,-4.6668095384178,36.856047118516095,41.20451736450195,-4.262539386749268,0.04384537726769533
1981294569301945.jpg,43.260057576264,-2.2826190922898,41.3597253211574,-4.88027277152068,300.43321379883105,41.476993560791016,-4.5949015617370605,274.56038672253123
4255865684475563.jpg,41.112632649841,-4.638431940156,41.242369882612806,-4.32409052807266,30.003987082108942,41.1126823425293,-4.638589382171631,0.014300545117626559
1692856441439561.jpg,41.273276686006,-4.0922015062651,41.255257253952195,-4.1720772648882205,6.970405724462985,41.2732048034668,-4.092252731323242,0.009067193374760365
1410114936818520.jpg,41.134768378656,-4.2216123810338,41.336668882946796,-4.56581867732914,36.502434232917416,41.134769439697266,-4.221612453460693,0.00011813822301982185
1792503971176668.jpg,41.137816978935,-3.7030414040972,41.1480555849258,-4.29691720702186,49.74268306358376,41.153465270996094,-4.009370803833008,25.709175024444004
1808803139717866.jpg,41.12483390967,-3.9102738302336,41.2602374297354,-4.0835099003295,20.899878669252995,41.12631607055664,-3.910557508468628,0.1665127863851133
296628743172352.jpg,41.071476424547,-4.2134679502188,41.350257566637396,-4.82419501523436,59.75683300794961,41.07118606567383,-4.213138580322266,0.04248255039739781
773038983414784.jpg,41.459849599185,-4.9836513870293,41.2850728985126,-4.610112107201159,36.73185549769283,41.45956802368164,-4.9835286140441895,0.03293892679462745
376149820453414.jpg,41.138579012272,-4.5926796337077,41.2294261054562,-4.47808857530014,13.928563452678738,41.13838195800781,-4.5928850173950195,0.02785559422302727
1610619532661640.jpg,41.361230626037,-5.1677411115088,41.4221435669286,-5.1825934008003,6.885594426629042,41.36087417602539,-5.1677961349487305,0.039900571507879144
2006811553439741.jpg,41.534161543653,-5.2827882097065,41.4636083784158,-5.2625696503292,8.02382273843448,41.533973693847656,-5.282595157623291,0.02635368725060442
1944058503111650.jpg,41.547329373172,-5.4341951261379,41.491401325312594,-5.23494036965066,17.716355311602275,41.54752731323242,-5.436054706573486,0.1563098931020489
318934932931195.jpg,41.071804596936,-4.4697128286603,41.235745905611594,-4.38072057369566,19.69330767304573,41.046241760253906,-4.666787147521973,16.766332421808016
857374438187288.jpg,41.58717902755,-4.5508305775582,41.37775209456721,-4.7182148764328,27.14251441062524,41.5871696472168,-4.550955295562744,0.010424843319651236
413208811629282.jpg,41.431210109041,-4.4642910807365,41.3381948289008,-4.7441927857230395,25.53966644816756,41.43114471435547,-4.464039325714111,0.022212390760910954
149994483807423.jpg,41.302937482015,-4.6520846161524,41.2836438604456,-5.109976425883599,38.31479746905257,41.30278396606445,-4.652335166931152,0.0270078952702253
631771989702348.jpg,41.154632328413,-4.0073601795353,41.2203328111376,-4.472532236154819,39.605495658521505,41.1268310546875,-5.490194320678711,124.21015488463833
1644546793161231.jpg,41.404868334384,-4.3264345343506,41.30473929868,-4.3895945608714,12.318835662846995,41.21642303466797,-3.695934534072876,56.67690856182567
2901974376796929.jpg,41.536199032287,-5.2846115963923,41.2980672041208,-4.87070299417516,43.501457024575856,41.53999710083008,-5.289412498474121,0.581400670591033
1646072665593562.jpg,41.575586526251,-4.8477499896297,41.4221435669286,-5.1825934008003,32.69183770319377,41.242794036865234,-5.295571327209473,52.57497966430249
146488920816867.jpg,41.311958029404,-4.9038109121048,41.267744638470205,-4.32766212289442,48.387403241591116,41.31197738647461,-4.903811454772949,0.0021528852035916347
7694609440640155.jpg,41.075974514745,-4.7267705170054,41.3022764471164,-5.01300848596446,34.74051466608231,41.24393844604492,-3.8502540588378906,75.71753583561711
32010052741927269.jpg,41.13147406786,-3.7337808896778,41.22987984194619,-4.5057037108909395,65.5216780853202,41.290191650390625,-4.682371139526367,81.28888673590258
313321401362988.jpg,41.209312675326,-4.2662390942182,41.207825262118796,-4.586836955903999,26.819713195722716,41.20946502685547,-4.266238212585449,0.016940877679563985
1891337847683363.jpg,41.243702792099,-4.7200104969487,41.2836438604456,-5.109976425883599,32.89578322561696,41.244476318359375,-4.719819068908691,0.08748861181277111
1244254402675102.jpg,41.597726644223,-4.651690012582,41.362012752761004,-4.9191579136478,34.401221914553595,41.5976676940918,-4.651239395141602,0.03803981255795473
1638981713326427.jpg,41.442692721766,-4.3998092379408,41.4168486535696,-4.80220853815232,33.67098634798402,41.442596435546875,-4.399425983428955,0.033692117618360155
3400295596738798.jpg,41.382417549961,-4.9612519410649,41.299747639616804,-4.8683382152412396,12.02787642125826,41.37766647338867,-4.961510181427002,0.5287347969586934
1493021441561910.jpg,41.080256481847,-3.7889254121682,41.165651334012,-3.9755586193764403,18.290815587834604,41.3176383972168,-4.060734748840332,34.84094207750846
790740108238388.jpg,41.165876034183,-5.3923232952759,41.336624197735,-5.10807984315606,30.416049323136622,41.1659049987793,-5.392530918121338,0.017675660556926112
2986032434928572.jpg,41.29802844405,-4.107112833959,41.1560570350048,-4.51874896104094,37.87219194761608,41.1127815246582,-3.726588726043701,37.91683138904954
1763437075052519.jpg,41.035454939978,-3.6179702188323,41.231253056608,-4.20741372048898,53.95345733552814,41.248291015625,-3.7085156440734863,24.851209771586312
1392023909062804.jpg,41.52916777466,-5.2746753485877,41.4413983593128,-5.2393819984929,10.192699262016486,41.529685974121094,-5.275806427001953,0.11038602854233656
570922792359442.jpg,41.326228719009,-4.0800286328163,41.363090282339996,-4.24611316967224,14.45783570879644,41.32608413696289,-4.079681396484375,0.03315409740739717
4395413147413383.jpg,41.553322904458,-5.4658704043484,41.491401325312594,-5.23494036965066,20.421002293516352,41.553218841552734,-5.4657206535339355,0.017005017715168116
1300530091708217.jpg,41.525998144976,-5.2616140943584,41.491401325312594,-5.23494036965066,4.442137418688135,41.52601623535156,-5.261956214904785,0.028551329780162824
4251322571565566.jpg,41.356209664712,-4.958026129465,41.244942839419004,-4.56871398105242,34.795470886582585,41.3563232421875,-4.958238124847412,0.02173889537936851
394444912512969.jpg,41.167484751324,-5.2029253755738,41.093354012272,-4.83938299458638,31.544008338405643,41.16736602783203,-5.202944755554199,0.013300748222276169
2764811330363498.jpg,41.128334532022,-3.7631505419179,41.278798112208804,-4.08901537150466,31.986377904176862,41.38261413574219,-5.151787281036377,119.47375840091469
575441637181940.jpg,41.553991566707,-4.6420173870455,41.3342840160026,-4.553236249919061,25.526527397838727,41.55388641357422,-4.642375946044922,0.032045242428229204
499795334506839.jpg,41.166783404303,-5.3848980363319,41.4413983593128,-5.2393819984929,32.8661190966499,41.16655349731445,-5.38581657409668,0.08102689986868411
1456629652048637.jpg,41.540397546872,-5.3694589425088,41.4636083784158,-5.262569650329199,12.334637492861269,41.54039001464844,-5.369643688201904,0.015398829038445533
1088372378394293.jpg,41.167366495149,-5.2029447029225,41.093354012272,-4.83938299458638,31.54216388892699,41.167484283447266,-5.202925205230713,0.01319875662779167
1681889711998434.jpg,41.558401157198,-4.8716131271291,41.4056233260072,-5.002717259187659,20.195861082380937,41.43300247192383,-5.100323677062988,23.60643119750256
525293865161238.jpg,41.053417682239,-5.3295527265825,41.1560570350048,-4.51874896104094,68.88606308916413,41.053436279296875,-5.329530715942383,0.0027717435147152467
1182756608826833.jpg,41.340222304115,-5.1853173340026,41.2836438604456,-5.1099764258836,8.898103456750889,41.414424896240234,-5.127276420593262,9.567177016229289
3841367452822150.jpg,41.523782791747,-4.9247139074724,41.491401325312594,-5.23494036965066,26.082369092120125,41.52322006225586,-4.926135063171387,0.13383882079985243
370808130993897.jpg,41.017966984697,-5.4567855347802,41.1773567737636,-4.96988150888272,44.48342451796423,41.01803207397461,-5.456644058227539,0.013902039646550329
1256674755689368.jpg,41.013296348554,-5.0974947109161,41.2508188237406,-4.50692375845716,56.07091078747852,41.01372528076172,-5.096789360046387,0.07600783460050886
153600350827069.jpg,41.309250899998,-4.9959859000014,41.3471124510494,-4.69309595173754,25.639498352605482,41.30919647216797,-4.996292591094971,0.026321580965447868
1518751115129399.jpg,41.176942833574,-4.9309438720513,41.1800874733966,-5.1678038532547,19.826405619237935,41.17690658569336,-4.930798053741455,0.012852502437252734
2899138416938816.jpg,41.179396245766,-3.6394935142291,41.2117142378664,-4.2984489056355795,55.25191642832894,41.179264068603516,-3.6396660804748535,0.020605666159669467
115855873894317.jpg,41.147006688246,-4.7870054882433,41.290834347862,-4.77112139515022,16.047993544491757,41.1411018371582,-4.7825422286987305,0.7555055488554338
476932533633379.jpg,41.330519745416,-4.6065619229772,41.2836438604456,-5.1099764258836,42.37081559545446,41.33078384399414,-4.60590124130249,0.06249474065584299
658621362610484.jpg,41.245272594806,-3.8506855162902,41.3292824953336,-4.39097826182888,46.09941055192649,41.245216369628906,-3.8506667613983154,0.006445593546412851
962645381807403.jpg,41.285268848972,-3.9909107836259,41.2593145764934,-4.309945444933439,26.818162856515293,41.28520965576172,-3.9907875061035156,0.012223892540503826
775323560025111.jpg,41.167108166662,-5.3840222815807,41.274642418264605,-4.7342744589681605,55.64341286883642,41.16748809814453,-5.382987022399902,0.09640726269963008
958899003113203.jpg,41.122169614782,-4.1103859508264,41.2811383777644,-4.18795270616116,18.83008381767834,41.12220001220703,-4.110235214233398,0.013070905201178921
286028459868743.jpg,41.166289972462,-5.4023833018586,41.4413983593128,-5.2393819984929,33.48398144279721,41.16632080078125,-5.404469966888428,0.17470372916308022
4525948354296270.jpg,41.457836104407,-4.5394027989473,41.3922929333278,-4.60863919664162,9.29729803498399,41.457942962646484,-4.539777755737305,0.03342965861811015
1271574638094452.jpg,41.131130375161,-3.911661511818,41.2219188967214,-4.2339363527352205,28.799981385922727,41.13095474243164,-3.911557197570801,0.02139459082011832
325973335711271.jpg,41.18628717854,-4.7946736910846,41.2836438604456,-5.1099764258836,28.501533196289362,41.1859016418457,-4.795530319213867,0.08352556926221961
1668369420240082.jpg,50.190648639428,-5.1358137972671,41.244546583921604,-4.23957450638688,997.1710998578054,50.602447509765625,-3.500807762145996,124.60937766128583
953548065397043.jpg,41.293309033607,-3.604536014269,41.4649201022916,-4.7257335544452,95.47316352751744,41.27158737182617,-3.960752248764038,29.862973077928004
1849114971945193.jpg,41.490562897631,-5.0235687251045,41.4413983593128,-5.2393819984929,18.79500784540877,41.49191665649414,-5.022968769073486,0.15860873993395797
2232695033916179.jpg,41.545236522976,-4.8882591082348,41.4725296348984,-5.252632945325381,31.399536675798444,41.545406341552734,-4.8880438804626465,0.026026775397062718
566465269224256.jpg,41.141271694942,-4.0695096812138,41.207584660646,-4.33902334715942,23.73215902231303,41.141414642333984,-4.069109916687012,0.037058118155334885
2796918760556699.jpg,41.090263652275,-5.0029746388017,41.2746227944468,-4.717963862607439,31.450681131873647,41.09022903442383,-5.0030107498168945,0.004896498834756054
1749949445882764.jpg,41.533605966464,-4.9034747557794,41.466199803356595,-5.260095392426559,30.63059621464605,41.53369140625,-4.90335750579834,0.013620096276582751
1959518631547758.jpg,41.260409262264,-3.7062465233083,41.3838978649598,-4.6770630619875,82.22548141757801,41.260826110839844,-3.706439971923828,0.04909093465377217
828355748657806.jpg,41.047258868496,-3.9119506439064,41.1735713878778,-4.3190284086164805,36.88349878796969,41.04716491699219,-3.9120283126831055,0.012311020098376035
416191089901619.jpg,41.116584744712,-4.4357606882651,41.4023374605968,-5.0249132253492395,58.607101680446014,41.11598587036133,-4.435548782348633,0.06891726595121862
3968085169935586.jpg,41.218208715185,-3.9339975409866,41.2705364771924,-4.2576388180773,27.677497628921678,41.218841552734375,-3.9337005615234375,0.07462379202231259
4172089062853798.jpg,43.481620045371,-3.7994489588501,41.303158725794596,-4.22942552863544,244.79288287508788,41.30177688598633,-4.026257038116455,243.10181069220167
798034577487189.jpg,41.049536469042,-5.3362143753774,41.239153297264195,-5.136158660394439,26.92909252782255,41.04951858520508,-5.336321830749512,0.009227682982604558
1524890378887770.jpg,41.144352601126,-3.91043791999,41.364527084578604,-4.49025498256322,54.3018540089086,41.144081115722656,-3.9104228019714355,0.030214331010562454
1918016855022240.jpg,41.417921277604,-5.1223438761483,41.2836438604456,-5.1099764258836,14.9666128253997,41.418094635009766,-5.122050762176514,0.031128215202710478
2274931082926581.jpg,41.079763378882,-3.6002585959243,41.2744872197026,-4.375314131786721,68.38544350077625,41.01731491088867,-3.970127582550049,31.784263222666876
302180694729642.jpg,41.236923571063,-4.858855917251,41.3259553544338,-4.9349902340446805,11.767771615953004,41.080970764160156,-4.736456871032715,20.14235953614542
4300289353328903.jpg,41.149487177949,-4.7888975015045,41.273118341380396,-4.9478569575156,19.125750427768597,41.11602020263672,-4.118496894836426,56.269519192754956
1076971196162152.jpg,41.276475458381,-5.2543407775675,41.287951204908,-4.65444679386486,50.14300371136427,41.27720642089844,-5.253542423248291,0.10515370213261034
979150270916569.jpg,41.324814675947,-4.9020116187547,41.24607539543881,-4.61927382961686,25.194493281814626,41.32482147216797,-4.902015686035156,0.000828519481353843
3328558860745342.jpg,41.111031986238,-3.7342622940268,41.1033776672312,-4.227416213329,41.326740159834706,41.10256576538086,-5.496156215667725,147.61856991637563
1141583227834964.jpg,41.539305640262,-5.3642558090512,41.4636083784158,-5.2625696503292,11.939828043658876,41.53932189941406,-5.364368438720703,0.009546862850830125
793856974577582.jpg,41.223580445011,-5.209989727263,41.20161682537,-5.2610891204437396,4.922904505153878,41.223506927490234,-5.210109710693359,0.012943087932769826
1638247586675776.jpg,50.228386316641,-5.2241740731207,41.2950755266168,-4.79249610649512,993.8983654904456,41.0360107421875,-3.8247427940368652,1027.869639534446
1376577509703561.jpg,41.260744061358,-3.930317719443,41.254823899972,-4.3165582077349,32.29283940844064,41.26077651977539,-3.9303836822509766,0.006589883098619863
982389969253617.jpg,41.483858099498,-5.0385462359578,41.352225045096,-4.87752952153802,19.86224197118414,41.20012664794922,-5.340358257293701,40.37588702439587
1990190314652588.jpg,41.114228634942,-3.7252943245816,41.15605703500479,-4.51874896104094,66.6122445603033,41.397090911865234,-3.952383279800415,36.7374440520227
530004421334161.jpg,41.297800865114,-4.4085284732859,41.2131956638152,-4.3222992068694595,11.851697491797875,41.297630310058594,-4.408662796020508,0.02203594565443568
362638342157180.jpg,41.233698810606,-4.2759861031917,41.4134203617646,-4.90134228172002,55.91436098390853,41.233482360839844,-4.275850296020508,0.026612832049759456
690785136801184.jpg,41.069731295557,-4.1331741993199,41.273335042666204,-4.252421430138599,24.74224461427011,41.06985092163086,-4.133147716522217,0.0134858059908857
684766956836930.jpg,41.245371592614,-3.8468768001038,41.166321765713604,-4.491216773170079,54.615546675745804,41.24539566040039,-3.846989393234253,0.009786563402421872
303235281374903.jpg,41.048020999675,-5.0495026001217,41.2836438604456,-5.109976425883599,26.68461921264453,41.048248291015625,-5.049252033233643,0.03286744173221405
281808510344192.jpg,41.3214645268,-4.8998801034356,41.2981684755404,-4.836980657129,5.857538684488516,41.321380615234375,-4.899835586547852,0.010043871074996795
1952987538802069.jpg,41.117333800985,-3.7217512075297,41.338479383075,-4.46298681317246,66.68774968486716,41.10405731201172,-3.732056140899658,1.7101883632419177
199092302044610.jpg,41.069896551717,-5.0254343636478,41.2461073885514,-5.2349068859329,26.295437428912088,41.06985855102539,-5.025424480438232,0.004305944468004971
1515644986461062.jpg,41.441128526127,-3.6780436708938,41.3096286187544,-4.80368144871186,95.0540329415767,41.254974365234375,-3.8715507984161377,26.25614234804711
948120252944477.jpg,41.240185219232,-3.8449512560045,41.196507191274804,-4.76645615297258,77.22833630091218,41.24015808105469,-3.8449454307556152,0.003056683223688938
8279205272093078.jpg,41.048461171889,-3.816699561025,41.144914724084394,-4.207092587065199,34.42684431042134,41.04828643798828,-3.8163375854492188,0.03604040190016324
518690974294759.jpg,41.135538547108,-4.1062838027936,41.1444997004686,-4.52967492532116,35.469308309737976,41.13530349731445,-4.106171131134033,0.027787505085075232
2962497907408334.jpg,41.374908642033,-4.3004503714031,41.2625164366846,-4.71468216411074,36.781833388769925,41.02207946777344,-4.186482906341553,40.37492073605041
3041516349395181.jpg,41.529432493286,-4.9105176282983,41.4413983593128,-5.2393819984929,29.090450113772885,41.52738952636719,-4.916146755218506,0.5207496399607527
2057490341729236.jpg,41.581133263496,-4.8404123818865,41.491401325312594,-5.23494036965066,34.32027425208347,41.581336975097656,-4.8401713371276855,0.030250004359753457
947512216005952.jpg,41.053053735985,-4.1967757494056,41.2008760108682,-4.68837678652404,44.335023290679565,41.053062438964844,-4.1967878341674805,0.0014011936235251486
527851065253118.jpg,41.127855508484,-5.1848120368724,41.15605703500479,-4.51874896104094,55.86332078465736,41.12786102294922,-5.184831142425537,0.0017136799640507724
242825250970922.jpg,41.098141263436,-5.3020022003816,41.2504797752694,-5.116856323699099,22.958054543969126,41.09801483154297,-5.302067756652832,0.015093705199840794
2019150705158336.jpg,41.069975151771,-3.6057967460526,41.2709282830618,-4.423613385091739,72.0076329549377,41.069793701171875,-3.6059000492095947,0.02195636537139971
2928748107447388.jpg,41.289264607513,-5.2398533247384,41.2836438604456,-5.1099764258836,10.869730721280611,41.29076385498047,-5.23839807510376,0.20633665862620845
3546794185420834.jpg,41.265947731291,-5.2669646151699,41.4413983593128,-5.2393819984929,19.644593781687153,41.2657585144043,-5.267246723175049,0.03160120288622188
3511735935595568.jpg,41.173977494565,-4.8362540200361,41.2504797752694,-5.116856323699099,24.96604344808311,41.17535400390625,-4.913125514984131,6.4357412094035995
3272567206219138.jpg,41.158848748304,-4.0142248310383,41.2508188237406,-4.50692375845716,42.4681089202629,41.158966064453125,-4.014400005340576,0.01962743909477033
2854491121463118.jpg,41.592004269075,-4.6088346630826,41.205292004853206,-4.62157942788316,43.013579816607034,41.591957092285156,-4.608569145202637,0.022695493168778714
463576754900903.jpg,41.224841248286,-4.7333364437883,41.2836438604456,-5.109976425883599,32.15708318546465,41.2265510559082,-4.730849266052246,0.28180381570501006
1441221323923719.jpg,41.142722675588,-4.065212607439,41.296226558574396,-4.32789496121428,27.821867302504646,41.14277648925781,-4.065083980560303,0.01232148921447685
2221954271549729.jpg,51.391581880297,1.4203241748753,41.181454298847804,-5.05504147230306,1238.3750696738118,51.39164733886719,1.4145925045013428,0.39775834177438624
1772633357471508.jpg,41.512362483894,-5.1627930495853,41.4492964604652,-5.0057380774466,14.844280694519824,41.512386322021484,-5.163687705993652,0.07453996034459812
2019317138812267.jpg,42.772230153011,-2.8278446823785,41.491401325312594,-5.23494036965066,244.28673587344397,43.358489990234375,-1.7075719833374023,111.94403858296882
1544255715997637.jpg,41.061933041198,-3.8917871816717,41.2235873333048,-4.54098056040786,57.25660451361816,41.06180953979492,-3.8920557498931885,0.026374325424686595
1082314596787889.jpg,41.150074885629,-4.7893694548055,41.3142907407968,-4.8176437520943,18.41241066736235,41.152870178222656,-4.791493892669678,0.35811878537048203
1469143341078240.jpg,41.550777184561,-4.8811393563171,41.4725296348984,-5.252632945325381,32.13280257587224,41.55049133300781,-4.881495952606201,0.04348397348299328
168016881867514.jpg,41.409361902167,-5.132964497947,41.4097581993748,-5.08815550073936,3.737163205522591,41.4091911315918,-5.133161544799805,0.025112154800391553
990567451684822.jpg,41.407523937661,-5.1350262868393,41.2836438604456,-5.1099764258836,13.93265555338021,41.407470703125,-5.135242938995361,0.01901347278996486
1080344622504269.jpg,41.454338948017,-4.7950758677398,41.302555048372604,-4.913781695072281,19.56909740693237,41.45380783081055,-4.795314788818359,0.0623238278994783
1178317696877865.jpg,41.460725144901,-4.5498285280842,41.390316670961205,-4.71192568837534,15.61885884706733,41.46065139770508,-4.549578666687012,0.022377744890982907
2955050371445385.jpg,41.508173222305,-4.6898779907818,41.2540294027876,-4.44337387330542,34.951094378564925,41.25180435180664,-3.8651437759399414,74.48183740148224
1303101191162381.jpg,41.505189501546,-5.0546327627824,41.491401325312594,-5.23494036965066,15.09448926718035,41.50520706176758,-5.054885387420654,0.021127334749991775
24035038506106510.jpg,41.029909110519,-3.8285712915143,41.3284086383574,-4.477654106308201,63.660003429238124,41.01789093017578,-3.8082752227783203,2.1644386124794175
1947339012105349.jpg,41.336604057836,-4.5911245986681,41.2836438604456,-5.1099764258836,43.734688223351306,41.336769104003906,-4.5907063484191895,0.039448522438064806
1652865148435469.jpg,41.377221570487,-4.9615709572095,41.35335940623621,-4.7542163231643,17.506620513102295,41.381935119628906,-4.961262226104736,0.5247553517989008
3394421344189058.jpg,41.561366452934,-4.6671827353213,41.3137403800786,-4.51690110716618,30.25064019294447,41.5612678527832,-4.667200565338135,0.01106374347679316
510010450236640.jpg,41.149218382978,-4.5450086051217,41.2325031966614,-4.309827373406399,21.749266633458124,41.14918518066406,-4.5447001457214355,0.026089731144819057
1699172533894930.jpg,41.034907316895,-3.9305157230577,41.277906194806604,-4.72927298710052,72.12450368375826,41.01205825805664,-3.9800848960876465,4.873097660046674
948460150256795.jpg,41.465249412254,-4.5864091669685,41.298098613417395,-4.71328583584694,21.38938013967083,41.465213775634766,-4.586538314819336,0.011467608322428444
1492650497793839.jpg,41.06375048247,-3.6093715277715,41.2723179750254,-4.7517277973851595,98.39296287880545,41.06315612792969,-3.609579086303711,0.0683417592576578
927351568052565.jpg,41.016548627827,-5.4637697309872,41.093354012272,-4.83938299458638,53.046625865121705,41.016578674316406,-5.463635444641113,0.01175140593626913
2037838763023247.jpg,41.556196248414,-4.8744516909912,41.4221435669286,-5.182593400800299,29.68077357972633,41.553897857666016,-4.8770976066589355,0.33732505081252473
150653820405929.jpg,41.154907986164,-4.5712588478606,41.198363656648596,-4.3037669284569,22.903142692544264,41.07966232299805,-3.787959575653076,66.14832360114158
510453610144266.jpg,41.235326201352,-4.4308670574862,41.24182103465999,-4.546102635626499,9.662494089339331,41.23714828491211,-4.430315017700195,0.20779841294676857
570658100575695.jpg,41.55829614843,-4.7095899277519,41.3159937515844,-4.59319823014106,28.636560014141466,41.309391021728516,-5.226347923278809,51.204009121284585
2237101400062475.jpg,41.166941174649,-5.3686282489721,41.2591278687966,-4.668186891188119,59.480325949708906,41.038780212402344,-4.6226582527160645,64.10769579463663
1634340403655086.jpg,41.114964616185,-3.7222895287134,41.2369949427262,-4.6054119436327,75.14814855567211,41.11522674560547,-3.7224738597869873,0.03298529679019555
538006812206253.jpg,41.338656273844,-4.9379615562277,41.2991931804646,-4.77124728933818,14.59786451505614,41.225486755371094,-3.699275255203247,104.26551168243459
3766529940140544.jpg,41.155360624571,-5.4535451391054,41.4168486535696,-4.802208538152319,61.70219205024207,41.185813903808594,-5.359334945678711,8.581930743465795
1233740130376959.jpg,41.257585779003,-4.7151990710396,41.230694562318,-5.13689081407438,35.38345361261215,41.25748825073242,-4.715237140655518,0.011301917049637001
1485139979177342.jpg,41.71528257033,-4.6987781536238,41.4725296348984,-5.252632945325379,53.384915796459566,41.71446990966797,-4.699640274047852,0.11526602927937254
1547682243059406.jpg,41.54206160217,-5.3765185141365,41.4492964604652,-5.0057380774466,32.557855245211805,41.542030334472656,-5.376529216766357,0.003589096715886249
2015564569212769.jpg,41.505982109622,-5.0693653429133,41.4725296348984,-5.252632945325379,15.711741267180654,41.506263732910156,-5.070566177368164,0.10478482808067409
973333359876653.jpg,41.594344735058,-4.6206099529252,41.2826774459988,-4.85611217118538,39.82974569411159,41.16603469848633,-5.401291370391846,80.68919094771643
521541442543730.jpg,41.480720349638,-4.678666981491,41.1984855095254,-4.70630213500214,31.46777331107869,41.4809455871582,-4.678770065307617,0.026476563658894326
214716406753195.jpg,41.1956137981,-4.8175059496806,41.4371622511772,-4.90738158985898,27.888064039558568,41.19343566894531,-4.81530237197876,0.3043916423634557
2873546262909341.jpg,41.534223753889,-5.2825211218838,41.325955354433795,-4.9349902340446805,37.09147482793574,41.534873962402344,-5.283243656158447,0.09404342231973224
984342845642076.jpg,41.166058496427,-5.399943681773,41.4371622511772,-4.90738158985898,51.00709013332651,41.16604232788086,-5.3880414962768555,0.9963110109736225
3000963276793711.jpg,41.176602411367,-5.3717730913847,41.4413983593128,-5.2393819984929,31.451958241493468,41.17737579345703,-5.37088680267334,0.11356756459585189
165729188889638.jpg,41.422154586177,-4.35931676651,41.3403875078404,-4.80139026355304,37.98739821778473,41.4217529296875,-4.358536720275879,0.07889854576059241
309964087179239.jpg,41.395545416946,-4.4717797651987,41.2061475315072,-4.6700834739156605,26.794398757331802,41.395545959472656,-4.471779823303223,6.0520597918386586e-05
1044745749388532.jpg,41.249868360481,-5.3939882725024,41.2391532972642,-5.136158660394439,21.589459285316423,41.24984359741211,-5.394061088562012,0.006681278029447206
4233844663514727.jpg,41.320314612013,-3.9315354736486,41.2302647792146,-4.1919586190825004,23.956120884504067,41.321075439453125,-3.9315013885498047,0.0846480237338073
4179512612070643.jpg,41.521365763271,-5.2265671105568,41.243652525899805,-4.83051725167694,45.22624044407406,41.54533004760742,-5.309025764465332,7.362745012308735
133863645450288.jpg,41.080908613641,-5.3945781441879,41.3445920134708,-4.43370891942286,85.5555114502092,41.08113479614258,-5.394617557525635,0.025366375491995226
2301535956690015.jpg,41.11580070014,-3.7255279810049,41.1760565324004,-4.59182523132446,72.84683416872691,41.32785415649414,-4.905533313751221,101.46863383636605
1297459120673246.jpg,41.397449218358,-4.3127121157142,41.1560570350048,-4.51874896104094,31.8892026492578,41.216148376464844,-4.578648567199707,29.997288312910094
2935218383375049.jpg,41.539690684695,-4.8956922918429,41.4221435669286,-5.1825934008003,27.24076692423612,41.53703689575195,-4.899171829223633,0.4134580578078726
545736836800980.jpg,41.329745326286,-4.9232292947956,41.228280062670606,-4.50760287564366,36.517801061176755,41.32970428466797,-4.922544002532959,0.05740269167267974
297206938557328.jpg,41.071009901421,-4.4859710562859,41.314455101236994,-4.3679878369174805,28.81382233866681,41.07099914550781,-4.485542297363281,0.03596249953759297
1813418122918677.jpg,41.653116165478,-5.191758223814,41.3053782867152,-4.9430297938944,43.86864382469523,41.6533203125,-5.191798210144043,0.02294192618982562
1340552829664824.jpg,41.594276432485,-4.5806391467006,41.241139552566594,-4.54107264559336,39.40539009296424,41.590965270996094,-4.602266311645508,1.8358330613315148
179488887408084.jpg,41.071064871818,-4.4112140444638,41.2308152047834,-4.388349135504041,17.866289965495064,41.001686096191406,-4.30609130859375,11.715557935215383
24360931830195221.jpg,41.520236472863,-5.2068486001556,41.4636083784158,-5.262569650329199,7.822296232985903,41.52090072631836,-5.2070746421813965,0.07622129580849966
1590110755768561.jpg,41.530511795873,-5.2775837932982,41.4636083784158,-5.262569650329199,7.543678139004979,41.5305290222168,-5.27761173248291,0.0030129489632940705
964639367614450.jpg,41.1771436169,-4.9317532223715,41.2391532972642,-5.136158660394439,18.437253621086537,41.17720413208008,-4.9319987297058105,0.02162122772919065
3770967059802887.jpg,41.609533532707,-4.8023109979384,41.228476658149,-4.85579201022426,42.60561416169144,41.51755142211914,-4.940853595733643,15.410099120648912
1096919222170553.jpg,41.252195182877,-3.88429380066,41.2184991418576,-4.36937080563408,40.73453716142946,41.25225830078125,-3.8850293159484863,0.0618868051663922
4314359871909552.jpg,43.357546537399,1.4768295666921,41.20638487261719,-4.36942615412656,536.9783607963706,41.319671630859375,-4.065220832824707,508.6194047103217
880780006489876.jpg,41.312424763783,-5.0358370888945,41.345585679073,-4.65357128690854,32.13128969773118,41.31229019165039,-5.035554885864258,0.02791866300546396
3564406553873562.jpg,41.050829046192,-3.8198874687146,41.2552572539522,-4.1720772648882205,37.23162732068095,41.29736328125,-4.016807556152344,31.986556181185804
820139668859548.jpg,41.109974082929,-5.2260800905333,41.185413693839806,-4.76321956507896,39.65340495131134,41.11000061035156,-5.225902557373047,0.015163341779885067
2983292231995938.jpg,41.291648727936,-5.2374992925522,41.4413983593128,-5.2393819984929,16.652140487264212,41.29246139526367,-5.236884117126465,0.10395812142948008
1378211966873900.jpg,41.288943577089,-4.101379828685,41.165236310396196,-4.2981409576324,21.447344047011075,41.28847885131836,-4.101017475128174,0.059890745963982306
1045154224154518.jpg,41.301545496387,-3.7375628387452,41.1971879515388,-4.3013537267901,48.54111420718453,41.30154037475586,-3.737532615661621,0.0025881136722241387
1141074777886894.jpg,41.123460846986,-3.9091466898005,41.1709784366848,-4.22013739845548,26.570554322883584,41.12342834472656,-3.9091384410858154,0.0036795391879725706
805754966723935.jpg,41.221169256418,-5.4964696003248,41.2228087294632,-4.68436386227784,67.92176476902074,41.22157669067383,-5.495481491088867,0.09424624394579931
400716442869484.jpg,41.430802503135,-4.4525074591104,41.4612171778044,-4.846795751076341,33.037247915499165,41.4307861328125,-4.452629089355469,0.010302281306058871
691859229693358.jpg,41.280938991249,-4.2974456600553,41.247531664311204,-4.617461865445581,27.00447376999933,41.28059387207031,-4.297325611114502,0.03966496256308428
6095878983851876.jpg,41.229140574775,-3.8090174191254,41.255270606816005,-4.37723519662306,47.59779012141919,41.18637466430664,-3.6827001571655273,11.58774321068639
658837464960231.jpg,41.257575340141,-4.3000179229046,41.3502575666374,-4.824195015234361,44.98183781905501,41.257781982421875,-4.300174713134766,0.02645264628322578
1308889637044587.jpg,41.141651811664,-4.2003557676293,41.1747963611738,-4.41343061096084,18.21496384733156,41.141658782958984,-4.200350761413574,0.0008812691662353842
1510956247010666.jpg,41.511469395381,-5.1420763627303,41.4492964604652,-5.005738077446599,13.296286635065945,41.51146697998047,-5.141997337341309,0.0065855539353267024
2737166683074230.jpg,41.167988941134,-4.9428049450761,41.1862039991366,-5.16307304858522,18.54604216428753,41.16785430908203,-4.942905902862549,0.017190927204468093
3832614636835111.jpg,41.607358024865,-4.806048581761,41.24523019106739,-4.88356971764608,40.782193331856,41.36793899536133,-5.1641316413879395,39.979709909401166
1114949997248887.jpg,41.014654607483,-5.0943734055873,41.2508188237406,-4.50692375845716,55.768727174403594,41.014713287353516,-5.094410419464111,0.00722624037141215
1351745019198957.jpg,41.168131218882,-4.1218230375206,41.2792793020046,-4.30544426885392,19.712589451373372,41.41887664794922,-4.108541011810303,27.903691924320004
494953838507121.jpg,41.071957682681,-5.2107893662152,41.2508188237406,-4.506923758457161,62.189187209081496,41.071964263916016,-5.210799694061279,0.0011336134860548191
202393761569246.jpg,41.04006071334,-5.4024779596317,41.214008172595996,-5.04846164679512,35.402459115386215,41.04017639160156,-5.4024271965026855,0.01354910894111546
146494844155997.jpg,41.206685806271,-4.7546480226707,41.2504797752694,-5.116856323699099,30.679730170867053,41.20677947998047,-4.754525661468506,0.014603937405557162
2794786727518102.jpg,41.59067564681,-4.5678639796676,41.4492964604652,-5.005738077446599,39.70007256555977,41.589630126953125,-4.564545154571533,0.29949187994496923
2987602771529282.jpg,41.374071805908,-5.1589490510883,41.3254012039674,-5.0970557594976995,7.482032602593262,41.37251281738281,-5.160325050354004,0.2079273508401867
278702403966851.jpg,41.040907763645,-5.4014646215732,41.093354012272,-4.83938299458638,47.481155271504974,41.040985107421875,-5.401351451873779,0.012808143460422717
857947998122733.jpg,41.071985703435,-4.7172889539162,41.3544491333322,-4.7773098410398,31.807236845267738,41.07204818725586,-4.717432022094727,0.013860317436804017
4135720763151637.jpg,41.189279102976,-4.6608228393234,41.2023134137704,-4.40445398452306,21.49930697764549,41.18968963623047,-4.660940170288086,0.046693090911667366
278517457351570.jpg,41.399571559173,-5.1402268930321,41.3250183768764,-4.81827227170164,28.119091939087337,41.3992919921875,-5.140351295471191,0.03277245972707396
5659342484118026.jpg,41.435653081744,-4.4723804822423,41.2206817629752,-4.63617025087294,27.539702612624016,41.436073303222656,-4.472886085510254,0.06292733230284525
1094223342372151.jpg,41.507229529396,-5.0843541587938,41.4492964604652,-5.0057380774466,9.186488888649025,41.507232666015625,-5.084428310394287,0.006184503858896372
2020443008722570.jpg,41.540589474665,-5.3492217897843,41.4492964604652,-5.0057380774466,30.35525443857393,41.54057693481445,-5.349320888519287,0.008364811791994848
3774807876075691.jpg,41.431023966,-4.4635587180777,41.246364552207595,-4.760256519272359,32.17429612782597,41.43099594116211,-4.463437080383301,0.010608782100495446
552111047908930.jpg,41.235677022369,-4.1093488491448,41.2132917582288,-4.386322101072279,23.297560046097228,41.23426055908203,-4.110276222229004,0.17555879452661838
462448166357114.jpg,41.513223514893,-4.6332387376555,41.335092989302005,-4.8141714777931,24.897871706007926,41.51332092285156,-4.633299827575684,0.011966169777043796
1751580635478758.jpg,41.164888852359,-3.7550417579132,41.2787981122088,-4.08901537150466,30.6700604094138,41.09491729736328,-3.7633490562438965,7.811529747567223
138917748254708.jpg,41.175078502721,-4.9370942859801,41.21325155857281,-5.1609239554392,19.203297805981983,41.1750373840332,-4.937136173248291,0.0057615712325356574
2518411635022950.jpg,51.38742527829,0.55889681536608,41.3175051924278,-4.64812931430958,1188.133606358619,41.40498733520508,-4.41334867477417,1172.96789025475
1233305030976027.jpg,41.019887867021,-3.965360729842,41.2105657637624,-4.419914050562641,43.58402618552241,41.019996643066406,-3.9651541709899902,0.021132834895422413
564816634750258.jpg,41.371199658348,-4.7776739125214,41.367487773397,-4.4196299048617,29.88084225852247,41.34739303588867,-4.755098342895508,3.2492539811156367
770710036889232.jpg,41.51898247361,-4.6940863160709,41.379225297515404,-4.92495756158128,24.733728237814976,41.51868438720703,-4.69397497177124,0.03441760076772209
176761984351038.jpg,41.048929177151,-5.3872594530735,41.255270606816,-4.37723519662306,87.6219285924769,41.049015045166016,-5.3872904777526855,0.009896189651456362
1870044566506076.jpg,41.612847506932,-4.7118186291424,41.2909013815198,-4.56186442752782,37.9175127689805,41.108726501464844,-3.7182230949401855,100.0922835652004
360606443694767.jpg,41.303707752378,-4.0303593706253,41.4080683479674,-4.28237994414496,24.023508992518316,41.30376434326172,-4.030479907989502,0.011873342405567224
3957148401045949.jpg,41.125861207496,-4.9750996195491,41.20161682537,-5.26108912044374,25.379197729215868,41.1259651184082,-4.97502326965332,0.013206045517331528
1010891417649627.jpg,41.055416952201,-4.1330727848369,41.2508188237406,-4.506923758457161,38.10264397779786,41.05638885498047,-4.133306980133057,0.10984023598426304
2478156859226845.jpg,51.331718891995,-0.84352661651048,41.3545852686368,-5.049169977440459,1154.922891089539,51.30056381225586,-0.8000400066375732,4.5973392324394755
785066598018056.jpg,41.113586391953,-3.8973266470216,41.2760062734866,-4.15903867632178,28.38460258896082,41.11366271972656,-3.8974037170410156,0.010663984438039656
2929394480667056.jpg,41.619028667272,-4.7795745922107,41.4413983593128,-5.2393819984929,43.07073028483151,41.61725616455078,-4.777693271636963,0.25160230435244485
1000515584067512.jpg,41.135905666809,-4.4420357309265,41.2628974539594,-4.41648720036694,14.281709313125802,41.135311126708984,-4.44180965423584,0.0687675716395749
134896832081271.jpg,41.086773794648,-3.8588992385948,41.3934801222794,-4.407659282748581,57.169795527985734,41.09074020385742,-3.8557636737823486,0.5133950399717
667830685695382.jpg,41.159508844938,-4.1173936461865,41.2530648163838,-4.20096350229948,12.533868998730654,41.15962600708008,-4.117430686950684,0.013391796128662118
3904500286330558.jpg,41.16053042778,-4.4838958239275,41.207943642375994,-4.2586935956078005,19.569550011056876,41.16040802001953,-4.484062194824219,0.019474230569847203
300470291628500.jpg,41.07744834238,-5.3958658846256,41.3118652682924,-4.7972199625414,56.46578422477059,41.07737731933594,-5.395966529846191,0.011555887929943255
314773656893573.jpg,41.29122669755,-4.6822732658185,41.25462764339561,-4.59326431683766,8.479075067356048,41.47098922729492,-4.593878746032715,21.30581773523555
928368027729108.jpg,41.304596812951,-4.302368433943,41.3502575666374,-4.824195015234361,43.868103111035836,41.30529022216797,-4.302493572235107,0.07780890251167548
128883872537796.jpg,41.129366299202,-4.9724150017038,41.239153297264195,-5.13615866039444,18.35204371225802,41.12948226928711,-4.97232723236084,0.01484342288232073
3040351009563346.jpg,41.384973593346,-5.1491925876923,41.421889364113,-5.1918819664773395,5.433849096212295,41.383731842041016,-5.150728225708008,0.188358320743121
1684574959034609.jpg,41.167171511762,-3.6524953944153,41.31855424728239,-4.52230430440354,74.6469592672694,41.16709899902344,-3.652945041656494,0.03849245476402331
1835840606587263.jpg,41.07177234946,-4.4690098899259,41.209864781799396,-4.36484513242272,17.659797344106398,41.072078704833984,-4.475170612335205,0.5175647429909768
296032218802895.jpg,41.112699913014,-5.2573175849075,41.2504797752694,-5.116856323699099,19.310465817491885,41.11271286010742,-5.257507801055908,0.016000486910099497
1823002198586487.jpg,41.548932553097,-5.4505877936086,41.491401325312594,-5.23494036965066,19.059204353700142,41.54892349243164,-5.450430870056152,0.01309753453388218
328990695286856.jpg,41.190458230409,-4.4485017322466,41.2325031966614,-4.3098273734064,12.506798823710863,41.192073822021484,-4.445789813995361,0.28942391796000017
1792957984196999.jpg,41.290737058284,-4.6714478983173,41.2836438604456,-5.109976425883599,36.648895815268375,41.290645599365234,-4.67159366607666,0.015866474498546293
1177995049289142.jpg,41.454870794977,-5.0845077079576,41.2836438604456,-5.1099764258836,19.157819161736846,41.454017639160156,-5.085484027862549,0.12497984547352377
524535768706260.jpg,41.153098855781,-4.6521169308212,41.2098119875306,-4.6869997983067995,6.949142438480147,41.145870208740234,-4.650346755981445,0.8173398159628975
3135984339908685.jpg,42.224686252353,-3.9989517941072,41.4492964604652,-5.0057380774466,119.95897480327397,42.23447036743164,-3.983854055404663,1.6519249941001122
125673606197628.jpg,41.078474214526,-5.313354891181,41.0743430121042,-4.97733761352904,28.169542110476932,41.07834243774414,-5.313429832458496,0.015942582868944753
4522511791126840.jpg,41.219757462852,-3.6007588568431,41.1990983283988,-4.50704338424222,75.84756926329,41.245269775390625,-3.795090436935425,16.496366598845274
1552503398986211.jpg,51.387082184567,0.55125887949178,41.2945293864774,-4.63237728454258,1189.9365385337958,41.40504837036133,-4.346055030822754,1171.0917305719624
4186361708090284.jpg,41.342298202547,-4.5777758936327,41.3203409042312,-4.987348937715959,34.28498231030298,41.34226989746094,-4.577836990356445,0.005993432675256219
2787917028205512.jpg,41.496465501505,-4.9999611661998,41.336208514537404,-4.46389817921482,48.12184518551356,41.292381286621094,-3.6743881702423096,112.87700426453577
762751765917098.jpg,41.474479265936,-4.6170408774604,41.2907658274058,-4.78536227674332,24.789393298128708,41.475341796875,-4.6168599128723145,0.097086826985484
4800435293323406.jpg,41.38554030764,-4.790815481121,41.302555048372604,-4.913781695072281,13.803004814230707,41.3849983215332,-4.790377616882324,0.07047295061752787
864914714237947.jpg,41.243220404574,-4.8652009181179,41.1626805585076,-4.55117217760654,27.756386690231977,41.24339294433594,-4.865391254425049,0.02492663538463595
467965624417826.jpg,41.31133715362,-4.9134914408719,41.2283532237842,-4.30487663223606,51.69528265220683,41.31127166748047,-4.913514614105225,0.007534562247427533
766007994883245.jpg,41.318093749061,-5.0448590393242,41.2975302312404,-4.56539014346866,40.11365077254942,41.318302154541016,-5.045094966888428,0.030417598860002466
5773254146050191.jpg,41.54498711894,-5.3037124155533,41.325955354433795,-4.9349902340446805,39.217128848532894,41.545249938964844,-5.306488037109375,0.232834186981512
2185239045308651.jpg,41.61008737696,-4.08043905952,41.31855424728239,-4.52230430440354,49.05584890611416,41.60991668701172,-4.07842493057251,0.16852379536379028
1829148927245033.jpg,41.410838977911,-4.3296478877579,41.2247884097808,-4.577299527379201,29.25315349128984,41.410804748535156,-4.329911231994629,0.022288880781747015
1626748121467141.jpg,41.125040244588,-4.2544855590482,41.210565763762396,-4.419914050562641,16.79847277089452,41.12534713745117,-4.254466533660889,0.03416211758476277
772525859269387.jpg,41.242980446079,-3.8377312393778,41.2372544566348,-4.46947413212244,52.825902576366154,41.2430305480957,-3.837895393371582,0.014812464155731411
616517624645407.jpg,41.100825303837,-3.8869465899573,41.308289926112195,-4.22371933283244,36.413620958171606,41.100563049316406,-3.8868567943573,0.030116405555476265
573878473598689.jpg,41.193829222781,-4.77925380503,41.2504797752694,-5.1168563236991,28.929967382028554,41.193763732910156,-4.779420375823975,0.015725178965033452
2855524484775557.jpg,41.205381075519,-4.8273709586667,41.4761233512886,-4.85106695910612,30.170093760611916,41.19977951049805,-4.821717739105225,0.7820801199915484
1868504120252241.jpg,41.500628173698,-4.622347051835,41.152628239241004,-4.46618815903272,40.83379146046438,41.50066375732422,-4.622382164001465,0.004919966457238333
2792216777697011.jpg,41.238660439158,-5.3031514621675,41.4122860006244,-5.02465548009374,30.22502076283845,41.3125114440918,-5.222968578338623,10.598787221887667
573388458489716.jpg,41.153539565171,-4.0094210087911,41.20947955414779,-4.1792198087407995,15.511949464835904,41.15355682373047,-4.009287357330322,0.011353212480339466
469253414380525.jpg,41.007194382929,-5.1095631340792,41.1408531345002,-5.06433291584362,15.338165020624032,41.00743865966797,-5.109079360961914,0.048843000527280335
2928392194085199.jpg,41.605590364859,-4.7449403174664,41.3521237736764,-4.911251858584181,31.405538518598153,41.325340270996094,-3.634441375732422,97.63729975533444
259298040592292.jpg,41.002387413547,-4.0114321286176,41.2556401084786,-4.4272044905992995,44.78452942780402,41.002540588378906,-4.01113224029541,0.03038762854102118
1548075882330140.jpg,41.286149695066,2.0696026935387,41.3807912552424,-4.8180408585492005,575.0209890795942,41.231056213378906,-4.853062152862549,578.5430899972132
1498934737108735.jpg,41.398071208173,-5.1409611996529,41.2836438604456,-5.1099764258836,12.984021628250263,41.3974494934082,-5.141274452209473,0.07390456292884146
957018738434183.jpg,41.24949611214,-5.3951916625279,41.3879020360484,-5.07592388453738,30.785776713978116,41.24943161010742,-5.395435810089111,0.021634568465838284
207831711154422.jpg,41.290454273619,-4.3222681037826,41.198363656648596,-4.3037669284569,10.356182690483278,41.290470123291016,-4.322139739990234,0.010868508150769257
224200899067236.jpg,41.089238202296,-5.307118971298,41.128215964450405,-5.06090449423126,21.07855800345714,41.088836669921875,-5.307353496551514,0.048783033042976806
411934305061891.jpg,41.488979095773,-4.6142408196601,41.405093467445994,-4.70724563973888,12.128281766686593,41.279964447021484,-3.6042590141296387,87.4071560318465
944975629650646.jpg,41.156731948858,-5.4515630280326,41.389118149561,-5.012137500530339,44.90339388883832,41.37251281738281,-5.160325050354004,34.17956522181043
258706942710890.jpg,41.049545143179,-5.3874829519844,41.255270606816,-4.37723519662306,87.62169907223893,41.0452766418457,-5.3871049880981445,0.4756928294782042
782060144501512.jpg,41.279958918436,-3.9026977619833,41.1984855095254,-4.706302135002141,67.80074899175611,41.27935028076172,-3.9017984867095947,0.10112937595543983
1193408105757951.jpg,41.226017338241,-4.1116986974131,41.198212122884605,-4.2145534738128205,9.142387952033738,41.22684097290039,-4.112095832824707,0.09742031863290872
269844591551007.jpg,41.157002738333,-4.9511811280774,41.2836438604456,-5.1099764258836,19.357035258826034,41.1570930480957,-4.951110363006592,0.011659344236262113
3192378007701575.jpg,41.182302612584,-4.8079987628204,41.0859482163028,-4.520128021625321,26.38234386994724,41.18218231201172,-4.807933807373047,0.014439138675336425
297917851925431.jpg,41.238055118874,-5.186808167204,41.2540746989442,-4.837547097808979,29.254515305177115,41.237979888916016,-5.186929702758789,0.01316242146780392
1110387844342938.jpg,41.030451304636,-3.8279857098044,41.1917024243484,-4.43713914101554,54.09188394778247,41.03043746948242,-3.828016519546509,0.003007584167728419
479503943502040.jpg,41.007953799516,-5.1078325995374,41.2836438604456,-5.109976425883599,30.655861683135676,41.003944396972656,-5.115879058837891,0.8091050646584623
1800548850515289.jpg,41.15433797233,-4.0069329645573,41.255270606816005,-4.37723519662306,32.94926020341536,41.154296875,-4.006955623626709,0.004947943593180246
2685784125046846.jpg,41.497210103281,-5.0220772001511,41.2836438604456,-5.1099764258836,24.853775022933466,41.49189758300781,-5.022742748260498,0.5933203520575828
256336642937288.jpg,41.354326223154,-4.5236252678437,41.2836438604456,-5.109976425883599,49.594245884586215,41.354270935058594,-4.523746967315674,0.011873417940005392
305864114355452.jpg,41.247604666359,-4.7189415488765,41.2836438604456,-5.109976425883599,32.927731987226245,41.25027847290039,-4.71821403503418,0.3034711339561283
371996064183076.jpg,41.240271237675,-5.4424591410697,41.3512388858048,-5.10182602634866,31.017163971695442,41.240028381347656,-5.443586349487305,0.09804204816308078
313224895151499.jpg,41.007012752839,-3.9931277132444,41.3566283799726,-4.67178214046834,68.8254956063527,41.02370834350586,-3.9571895599365234,3.540907808454533
4059509377420094.jpg,41.069991213514,-5.2087126303303,41.2508188237406,-4.506923758457161,62.095784357963915,41.06978225708008,-5.208470821380615,0.030834650136446644
790175526387831.jpg,41.58636450553,-5.1120532593974,41.2023134137704,-4.40445398452306,72.85300991813298,41.58660125732422,-5.112221717834473,0.02982164818231574
4488021048091073.jpg,41.255565743109,-4.1011230907182,41.223264778798,-4.2436146537700195,12.443940460480897,41.253047943115234,-4.1017069816589355,0.284189647044694
1873865006117321.jpg,41.353276374577,-5.1698315688238,41.4413983593128,-5.2393819984929,11.38728957773875,41.35340118408203,-5.169736385345459,0.01599137385579155
597628473257715.jpg,41.230413695546,-4.1111560699966,41.264152848584196,-4.488904090256421,31.803364631373313,41.2304573059082,-4.111150741577148,0.004869680579954459
1151820452910867.jpg,41.437666781618,-4.4750930091909,41.4168486535696,-4.80220853815232,27.370832113136945,41.43767166137695,-4.474418640136719,0.05621814564715448
1510849243409657.jpg,41.13295937182,-3.7283888458405,41.24822365732901,-4.1431731559281,36.998626064157804,41.50717544555664,-4.68941593170166,90.40140741035958
2759761524315351.jpg,41.490835091291,-5.0232151194872,41.2836438604456,-5.1099764258836,24.1488502582346,41.30307388305664,-4.651838302612305,37.356297713899714
1128974705789148.jpg,41.015245105978,-5.0934059729199,41.2508188237406,-4.506923758457161,55.66614019884169,41.015499114990234,-5.093200206756592,0.03310276151455486
1523187018843022.jpg,41.565359698891,-4.8612280503124,41.466199803356595,-5.260095392426559,34.99213540103825,41.564056396484375,-4.863157272338867,0.21624957511801346
423324139051590.jpg,41.167641345702,-5.3827011620468,41.4413983593128,-5.2393819984929,32.70986715966577,41.1674690246582,-5.383042812347412,0.03442400386029641
2107418036065886.jpg,41.362136591799,-5.1699293979389,41.4413983593128,-5.2393819984929,10.54676295486307,41.36192321777344,-5.17011833190918,0.02848780928999108
