id,lon,lat,thumb_1024_url,sequence_id,captured_at,compass_angle
4194802960569767,5.6482851119631,43.268163770973,https://scontent-cdg4-2.xx.fbcdn.net/m1/v/t6/An9wMQ9SMP1jxLvi3LN4b4dyUXTXDlVQoCx1slCTO0XeB35zYbdplNfM_Msu-zkjwGMNhtIGaI77dIbQ6jF6EuyL10VNtqLSOjLNW2C-DF39qRfEPiz3rKnwVEbbjoq55IhxcAXw8c_tMWh6E_ZchQ?stp=s1024x856&edm=AOnQwmMEAAAA&_nc_gid=tGVqmrFaOlPnFbpgNfmMNA&_nc_oc=AdnSoaYu0LEyGowBw1Ldw6IXNwiEk53IlfllzpPEDMxKYyFVUU1S4ZcNNSrFdDLI7ckPc-wmfX6o6OZnn3d8I8Xf&ccb=10-5&oh=00_AfYXG8o5bPSspncEmyvH8V9NDpJnBEpE-Ym-_MOObwooGQ&oe=68F345D3&_nc_sid=201bca,,1509710807000,156.91
4093819984009222,5.6226727654732,43.298017528638,https://scontent-cdg4-2.xx.fbcdn.net/m1/v/t6/An8O8oYbh5XVhD8u_4gOk-mIiYConwuZIw_xuFihzJjPabhydvZB7a8pv09wHvw4gXQ_XsuLFlsCXqedrYmFtxfzj8NsoIzG-yxuYXvnoBY7hFMdc1kjhPMVF1NO-8K6ZOBwYhRXXZygFWhN1qdmGg?stp=s1024x856&edm=AOnQwmMEAAAA&_nc_gid=tGVqmrFaOlPnFbpgNfmMNA&_nc_oc=AdkbrcocqWGf1AgLrmAZ1PggO8zZo4W6hOJFflAT921_ZLPzzZ7n3cOyAtsSQTau81aLPA0rOe9qZ-H2QvLawocw&ccb=10-5&oh=00_AfbmDN_iD7TvRLuo2EEfCUWcvnOZUmMzHiCQ3UMqDRgtww&oe=68F329B8&_nc_sid=201bca,,1509709446000,326.57
2801624900168011,5.6315508770599,43.278840267456,https://scontent-cdg4-2.xx.fbcdn.net/m1/v/t6/An9kccdj2FMi-8AFHNpgPvjX5MNCwX-a5eH81VXry5gUMpKlZjBWVyc9KkH5RXQn8_WAFjToIQK2cW3M7OKOJWyNRW3fo5xF2aifFyVOGt7fSC5OCNCX2ZO_QPGCmLCt59Yn7SGE384EW80Q_-eD0Q?stp=s1024x856&edm=AOnQwmMEAAAA&_nc_gid=tGVqmrFaOlPnFbpgNfmMNA&_nc_oc=AdlgyXZPqbGbjSuJfqAG81ZU4-lMFZ8hIREF_ocjD3IJMf0UYqmRy53Z55NKz9hoT0IgSbrnI2S_VYEQb4xDBvCF&ccb=10-5&oh=00_AfY8XJTVA9TCk39R-AH-jJVMKgmeRzz7qGaT3h1MKvG6PQ&oe=68F312F9&_nc_sid=201bca,,1509704828000,148.71
4217061174980647,5.6324012807918,43.278152003371,https://scontent-cdg4-2.xx.fbcdn.net/m1/v/t6/An8hnRq5dBH-lgNP40pqSurScBqywojaDpCVXjn6EGbIIFEkGTqLWVn4NfSazZJfcP26-HU3Etg2avjX2mpG4ZjbyX9rGUUmhP2J_nIrxtRgXt1A70xs0xLzysuCbl4rBSg9o8-fkOxFcbeBuEN4Mw?stp=s1024x856&edm=AOnQwmMEAAAA&_nc_gid=tGVqmrFaOlPnFbpgNfmMNA&_nc_oc=Adnxj5WShwMdt5XIdS_CZXGZW_4rkqita5TfRUZ_eEBVH_1PWfUX0f_an5Z-tS0mUZZ8uXdbN5HSipLbqJsAWsmb&ccb=10-5&oh=00_AfbzYZ8b87NIkLH5l2bjJTiIiSR4IiC6tK5iGY4vgmr2PA&oe=68F31180&_nc_sid=201bca,,1509710152000,150.03
4297098280300769,5.586602760511,43.266929261065,https://scontent-cdg4-2.xx.fbcdn.net/m1/v/t6/An_ol-n-NA72BSsT4Quqiub6YfLI2yha8zqV8FrS85o8kdRLSHBXo9vPhxGUEf0TTLjuqVWqCcfc2I70qYeRdXR20D1CLkGzeWi3f940uK5XFsSGxuVdzpjlsCctohuT6BbQGJ35D9tIqDGr90m5GA?stp=s1024x576&edm=AOnQwmMEAAAA&_nc_gid=tGVqmrFaOlPnFbpgNfmMNA&_nc_oc=AdkaZ38u-5mzL9kA7KtVgAiBn7kJG9WlSs9wGnPpzvOAHILuKQb8WL0PR54ANZ75hiwVvDy5BjmsJu8lxTpQB527&ccb=10-5&oh=00_AfbKcvDb8OI2sXOBlTf7uvqQX7WnHA84S37qGwEyWKFJjg&oe=68F3259F&_nc_sid=201bca,,1616862067877,201.22885131836
2777919389092456,5.6221480549045,43.285646071246,https://scontent-cdg4-2.xx.fbcdn.net/m1/v/t6/An8s9YFTKhDaXbVB0hX-SjMB3YSV4Wqj9oyODuY_3JlPU_hu2CXiy0cfBf-lzjkL5_N1zqya4nphm6zZ5mzB8WRLzVITrqniuI-ayZgJ0Z4_Dg6xOUxs8hsm5uSZI9fFS2UQtTI_FUId6f42TGtdpQ?stp=s1024x856&edm=AOnQwmMEAAAA&_nc_gid=tGVqmrFaOlPnFbpgNfmMNA&_nc_oc=AdkWSNZIxy2Wi0SNg2puSFaX34D5Sf3Fg8L9jLXDb1JaAbCYs5nhhB9a5xCFHSs8bbZN67estVg5QAK60grtkitg&ccb=10-5&oh=00_AfZNbQGHKw7mT-wCmgvce3IVhCqDAo0Sdk8kz1jhegWXiA&oe=68F31F88&_nc_sid=201bca,,1509703682000,200.73
5118601541487384,5.5919252236418,43.259563119716,https://scontent-cdg4-2.xx.fbcdn.net/m1/v/t6/An8wF-MYMHooyCO2Mli54FwRoj_8dkwvS1DkqK-2L1QJCGThjnyjz_vYjB_UyYLLl-V_tUXTbNCxjcgEKKR3plDIojXunvMCOHlyr5byxpEjzxK4dL5MwMqUE2YkPpfp3b-roaSQm7qawgY-Y-Vz1o4?stp=s1024x856&edm=AOnQwmMEAAAA&_nc_gid=tGVqmrFaOlPnFbpgNfmMNA&_nc_oc=Adnw_PCE0jvhoAa3DdItb-gS90h2c8pPeYiBNjaGCXJpbafDNObEY-5Ctr71_PqP2QID5OPXNBqHToHRLjEprZfO&ccb=10-5&oh=00_AfYaTPv_0_eScOV9KXTaJ6HppoiBzaiWD-lbXfmkSa3YgQ&oe=68F33670&_nc_sid=201bca,,1477677686000,346.81
2478758848935952,5.6250732322356,43.285396454681,https://scontent-cdg4-2.xx.fbcdn.net/m1/v/t6/An9EWKTQy6nWVjieutAU4v5eD7wEkv4A-RWduxVikqofIZ49VlD6q-7vkXGP8qK4v_JwjR5R43Qj4xCld2a_j1LRzTvDDaO4zQlItKzF8mxd5TJ60CDu2kwG5KRPber5jCjWwemXTCZ51BOATf7anw?stp=s1024x856&edm=AOnQwmMEAAAA&_nc_gid=tGVqmrFaOlPnFbpgNfmMNA&_nc_oc=AdlzcD_UUnkzvtD-6h9kMWAbeBRC6l5UOIp7qDPS4c48B-twUiAQfphJxNVPRl-Y5XJFmgw3XRFgLU4rsYmX1Q0a&ccb=10-5&oh=00_AfZ75XjovqoExsDJwFDWcCpPJ7XAW2WrRiGH2serKzHUGQ&oe=68F345C5&_nc_sid=201bca,,1509704056000,355.62
2886372938269488,5.6203522333824,43.281273990773,https://scontent-cdg4-2.xx.fbcdn.net/m1/v/t6/An-SLciszy5bqBwMQMkKvByrUSfArR5dzs24ad9AEHgqmEjPdaG-cIgLhpVeYhGnGXDX21EQbWbHT-3xcp53iaTVscMFDo_3APg9HSjo_xUx7wcKYKdVj99HqQUfyXOh7Lz8u-eN-cf4Fhmj-GdL6pQ?stp=s1024x856&edm=AOnQwmMEAAAA&_nc_gid=tGVqmrFaOlPnFbpgNfmMNA&_nc_oc=AdnBRcNc9EMQ-nK2lKutQuMpPLzwgi0H6CSvqpDUG150XQt5FhIaThvvnPR3iInKRoj0uVCqiHgY0mMuLk00NWsH&ccb=10-5&oh=00_AfbTCmPQn1PiThEnbgqUMnV5en2PL5ncpQheAz6RNYCHOg&oe=68F33C13&_nc_sid=201bca,,1509703333000,112.08
2623692111087728,5.6263199521773,43.276938195343,https://scontent-cdg4-2.xx.fbcdn.net/m1/v/t6/An-MK71QiWFALdJ3HCZLTFWlRWAZeu1qvUEx8BqPBmBt8N-OOa73u9RUBZAI9fbARjDrqxJfngcyhcBnpHzJ_nxB_MXgSDkRiCS8r4PxFcwMZKNlRRpRXlJcXRnJeMCuamXsS_YryaME3co0kgrzTQ?stp=s1024x856&edm=AOnQwmMEAAAA&_nc_gid=tGVqmrFaOlPnFbpgNfmMNA&_nc_oc=AdlswNqL0WEfGF37_qgqusvfprCyVUhHXIuts1460-7h_ZSNe91zUtxSXMYAFELACgmiCSjkXHwn9Pq7yi-Tzk-s&ccb=10-5&oh=00_Afbvj3pcyL9KNZmwr4lJlT-X0G5pjGGcrwlUrhzGY6s3Rg&oe=68F312A1&_nc_sid=201bca,,1509705867000,103.99
4636119889737524,5.6261772437942,43.295408117093,https://scontent-cdg4-2.xx.fbcdn.net/m1/v/t6/An-grBcreBOYIqSS5iWmp36vHAt-Y1La4_qKFX6GBzjz-00RMakhRZ--X1URyIhehLqQjRZU6pW378aGHSBcwFeAndFMQQ6JvYKv0HGMM8WL2GYoZNe36D191aENs0Y_WEkAvM2x8mqjPxznS02Jdw?stp=s1024x768&edm=AOnQwmMEAAAA&_nc_gid=tGVqmrFaOlPnFbpgNfmMNA&_nc_oc=AdnRzset06Nc38FvkODwwZ7-q17m36guzmdvSxDou1YCA-rWMUG27r1R_SwU8L-8E67MnDet37Jq5d86jTn52i5L&ccb=10-5&oh=00_Afah_vRvEA9kpClSju3L1buHtQPemessyZT3utVUhdEvDg&oe=68F345BE&_nc_sid=201bca,,1610545730500,137.02764371248
2891151354481992,5.625862113889,43.291612083505,https://scontent-cdg4-2.xx.fbcdn.net/m1/v/t6/An9R6gwSpezsGDb6rqMIBxNTEzvNVx9D-K5RmmpWgQ5dyTLapqRoiIoWi2SErmPosE50Vu-MXzf_x9uvPpRdR59nGyYZoUpTC0UJEjnMLd9fgeqbniofxkeRXOOiwb8P6S22ESDtYKPjl6OI8PVInA?stp=s1024x856&edm=AOnQwmMEAAAA&_nc_gid=tGVqmrFaOlPnFbpgNfmMNA&_nc_oc=AdnsLHW856ESO9FVmuGaEzBDeTAeVbUYhZz_4C89dB4Jh5Do4dajudYWR7F-Tkq2ktGvye6cew6K8mzUzHMy3YqL&ccb=10-5&oh=00_AfYVePZkCS1OZ5krVXcFHOumcyTfldQ7Dby_rOOuCLyq1g&oe=68F33036&_nc_sid=201bca,,1509707022000,37.21
2301731269971694,5.6491231060112,43.291863543944,https://scontent-cdg4-2.xx.fbcdn.net/m1/v/t6/An-Ayp1aBHvnBqoIE8CZimvrjdbr19d1PWlSLDj18FEDIjMssAa2tTmBCucqPuCQJlgL_6112Xj8tfqNEdrmg8AoEAqTVKUKzhjz-33MyB5GBoubcuflGN92SfdXe3I8Gil-gtQFO3yXoMZOH2drqw?stp=s1024x856&edm=AOnQwmMEAAAA&_nc_gid=tGVqmrFaOlPnFbpgNfmMNA&_nc_oc=AdkFIfkfR-Ffd4pG2L_3fitXuRUP8iT8L-ADmpIiUAbGO0ux979M7i8tYFgvsSCmy_CN9Mqm5wZxtbNrWwatoIjU&ccb=10-5&oh=00_AfbAxIcrLLrhSEbD2Y-V0cARPgkBImlsqDvGaEQTGbuOUg&oe=68F32A68&_nc_sid=201bca,,1509710486000,284.99
2638396679790940,5.6217798251204,43.282988979966,https://scontent-cdg4-2.xx.fbcdn.net/m1/v/t6/An-GgmA3I36G5jppikxClwBMvNs9z5KgZDaReb0klUj10srYi8mv73YMjSLjbQRFWszz9h2f2a8ocAI0gKP9ve6gMfbXuUZvs1GufOfD9Cc8opjwrAOfSo7aKjc4p4791XgH4MN19vV3Bp8NXz6ARQ?stp=s1024x856&edm=AOnQwmMEAAAA&_nc_gid=tGVqmrFaOlPnFbpgNfmMNA&_nc_oc=AdmKTgIrEle0A8JTShcJqa1K4eKgd3EtCtgY9cDRIfK5y8ddyCI8A26uLK6m927Eb7LZTHGV8d0pEg2BSYi26toH&ccb=10-5&oh=00_AfaqIAJM1uG6MY2riMFZliZTsspSuSx7s5_Ic7iPBrBdHg&oe=68F343F6&_nc_sid=201bca,,1509703015000,19.86
4015718558451405,5.6195942557116,43.27750608333,https://scontent-cdg4-2.xx.fbcdn.net/m1/v/t6/An8BEp4fULjTAOETb26f3tzWtrzdxs96CWj-K9woxGCQMxDXKtkoJWmO2jMpk3-zE0tMF2G0VUk97WAWsXQkZNbI9Jsbuos2FeshNnY1tDfg8nwlrMXP15lpoxjMBTjAMetiPsVBI8G6waFLjXJ4iA?stp=s1024x856&edm=AOnQwmMEAAAA&_nc_gid=tGVqmrFaOlPnFbpgNfmMNA&_nc_oc=AdlpoQTP5AcHUb7xM4uVX2QscOvhb1Lcoz2N6CyfvVJ06X50EhHA7OoMLBuRJv-mJxNbx0W7scXNfL2_eVa8592R&ccb=10-5&oh=00_AfaUYq7aeS2d3UarTgF8jvcIFJ_eTdm0ZdmMmWYZcaEegQ&oe=68F34380&_nc_sid=201bca,,1509705646000,127.78
4117162741655420,5.6498210223813,43.267470707817,https://scontent-cdg4-2.xx.fbcdn.net/m1/v/t6/An88Ch3A7MZmMNf6cfH2gqQ6B6LMgu2VgIivdmjtn9tdmSVMfwOuuUGmHu0I7uDlijdritaVx0nTn0faaUb6-gZjGyg4zVbG7D5ZBQqxr6LAEM3TexjCxy_y-ltsrhBKyJhNCehhdgH849-r_97ktA?stp=s1024x856&edm=AOnQwmMEAAAA&_nc_gid=tGVqmrFaOlPnFbpgNfmMNA&_nc_oc=AdlosLkN_GUBoDhsTQmVtrKuMkjsRCUHXo9bqEAFAgr4QtSDOG4AbZMaaB0cAHVoBjnUdgapC5oTXkpIvmgarUqw&ccb=10-5&oh=00_Afbu6ngIFVoEaqPcOemF4PVgOgW4KgW1a854nSa5VHIFMw&oe=68F33512&_nc_sid=201bca,,1509711107000,109.2
3783354821775019,5.6299270430524,43.280042043093,https://scontent-cdg4-2.xx.fbcdn.net/m1/v/t6/An_BW5Z0XgZbw359BsIAzFpefCzrNdzOoius9uIPm2l2VkcQM7SYxC1VU05N6JG2Kw84bnmAdsAGEKn9serwjT_DQPJK7Gg5pWmVyLkSBa2KWnN7bVjiWWpdAu8v9Ftz5QivWB59u6Zlm7bqRkLS42E?stp=s1024x856&edm=AOnQwmMEAAAA&_nc_gid=tGVqmrFaOlPnFbpgNfmMNA&_nc_oc=AdkHtfToPT_htkELQGG-M9Ms9e_mWaCD9gFH1EGo-DMSIs8DNjNnfzvI39e377ei2VgZ9VzMdEF5nU8KV4vkOkBe&ccb=10-5&oh=00_AfaU-XmFpn20JSNMGFGEnufPOX78nqBdganETSFc9mqRfA&oe=68F318E4&_nc_sid=201bca,,1509706562000,316.64
2972574519674180,5.6204457021171,43.278667359955,https://scontent-cdg4-2.xx.fbcdn.net/m1/v/t6/An8r9vcG8VIlp8z5wS5biDNWIgrAT02xOPisYqVxv7PFs6ENq174yQZ-1Rypd3vzhD6vam5e8gVftL2wI0Y5ap7wBjrlZ31SqTYDF5Lz5cwejqFvfH_UhosfcIlvp4qYyHse3OOpJ-U4phCSv4zOnQ?stp=s1024x856&edm=AOnQwmMEAAAA&_nc_gid=tGVqmrFaOlPnFbpgNfmMNA&_nc_oc=AdnbKjCf5qm0G8Cw9v7okxHxJ435jGMddS18FCqCLodNdouzg1x3F8YY6_LokfVLvgER8XUmfP7O_SHK5cn2VrQf&ccb=10-5&oh=00_Afb62D3OBrCKi-w4S6yi0ukKbO70vLT0mEM_WgHa5JygsQ&oe=68F34818&_nc_sid=201bca,,1509706289000,31.51
4404952196183657,5.6256551816272,43.284194735978,https://scontent-cdg4-2.xx.fbcdn.net/m1/v/t6/An-ETvfLMvMhs-0npmNKHw18ON9M7P86Eg8bgq3wz7A8-ApZgiUYkyv7k8OB3RasYzt38zcheRXcJidE__8w1SnKxRQnhXnVPUuKXwURjOtUETfiwFMP-nO8A4Y_KlekYVsnkl2VZfm7w-e6HQF2bQ?stp=s1024x856&edm=AOnQwmMEAAAA&_nc_gid=tGVqmrFaOlPnFbpgNfmMNA&_nc_oc=AdlzpCYdxddKE2k4gkFe4eaCzXRaDJ8mH1QDlpn1XAi7Y0FSNYbCzF1owrvaJxV3mtv5o95XlFClwAzU4HpZZ8yz&ccb=10-5&oh=00_AfYwFV8mmX6jHlkXRpY289zcSL-TS54kn0TEU43e-g1Wbg&oe=68F34373&_nc_sid=201bca,,1509703999000,349.65
4111379182218933,5.6210207846109,43.281182619684,https://scontent-cdg4-2.xx.fbcdn.net/m1/v/t6/An9UK6M5FG7IOVTWfyz-kRdv9Nk9481OnxtBBDHG6_lZ81OEShkuchLlXt0rGvXj5IgxUINcTYGnPOQrpAKli_wDHBDyn6nphWShURYp5mlxqdAySOhE7RfmlugobhwsknnMosYJUFZ07SuGwIqusQ?stp=s1024x856&edm=AOnQwmMEAAAA&_nc_gid=tGVqmrFaOlPnFbpgNfmMNA&_nc_oc=Adkbh1_ZjGBgEfOvI_3tFaB-rsWDKvsAD3QVdg1F-t4Zi7-87qIyEr10Q8eMsoXsxGuTGHOPp7ihY7UJ_E-4aL1V&ccb=10-5&oh=00_AfZLRkHAwqjW6yjR34OxKUZwUcXHrh5IcbTWmgB84VRKkQ&oe=68F328F7&_nc_sid=201bca,,1509703363000,112.13
2861449574119070,5.6240771932684,43.296979561683,https://scontent-cdg4-2.xx.fbcdn.net/m1/v/t6/An_wsWxxXmJrijz7O6BnoPNs8Yc9QhdB9770ntMvJbFvDldwDozrYSiS7lrNWNL2maoEcKO0r9FcItGmwszPZeNKElXHBblDsyX0XevgyTWZbCdCeWO9f8nnHRi8JSvc7kzIRHtZGQkrSgo5-UAXqw?stp=s1024x856&edm=AOnQwmMEAAAA&_nc_gid=tGVqmrFaOlPnFbpgNfmMNA&_nc_oc=Adm7m9gCDc5JjtQqiU3ZsgNu9K7SMSw-ZzD_cxdtR2REvUNppZZZfeHRMJsegGy9t9fB8djJ2RPi8tIYhTwfpMP1&ccb=10-5&oh=00_AfYYzBynxY01F2zfj1tj8WBdcKblj624uc23-Gf6-FOBdg&oe=68F340DB&_nc_sid=201bca,,1509707446000,327.33
4038506689572852,5.6467456855,43.291592885007,https://scontent-cdg4-2.xx.fbcdn.net/m1/v/t6/An-GyzT6Ke7tZt7lWcqplPt7D5H8aQPyfEeG1FOnnxTc5zJ6gZfVnQZR9_ycCHWDlVP88PTqkBR8M4szlOmgGPXY_vcCVY1mgUpZfNIVMx6IPjJAzdV8qYO8Z9bLMMabLAqMdHsoDGcx4mWTZtOSzg?stp=s1024x856&edm=AOnQwmMEAAAA&_nc_gid=tGVqmrFaOlPnFbpgNfmMNA&_nc_oc=AdleGCZXdmIHJLM8z7EJK3RVkkebm_Y7XAEAFrcUjldiM8ej0LIkcahwMjVOiaLcCAv1C8wQc55yMaZEqH5zf1MA&ccb=10-5&oh=00_AfbGWgXFf45RUNpzxgJ17DgrXEJyDdQc_qPMf9KKnKdXqg&oe=68F31056&_nc_sid=201bca,,1509710633000,287
4059328167460204,5.6453255652861,43.270857095379,https://scontent-cdg4-2.xx.fbcdn.net/m1/v/t6/An-pUsVOU410whN_kB3QCTfZGrW0fAfakdtJFu0pzVj7GC8Dotz0r2y853v-jjhYRueI03Y8jAHRK9OrWB9e48ZwSFQL5f6qgIIvEivnkS7Z5rpKN1EC-ifWanLQEkI5A1Wwyazz6r_NlhQxctrokQ?stp=s1024x856&edm=AOnQwmMEAAAA&_nc_gid=tGVqmrFaOlPnFbpgNfmMNA&_nc_oc=Adnwvy2-iqf4FUTJdniMGQT6KFoYtmTabu_0lHKRepNrEEW_xgyza07YJLrQhaPky0r_nQVBsrvfLpN3YD3NL6Z7&ccb=10-5&oh=00_AfbTbEXaxIEAF29g6jdHfY21SnBqxfhGjJN5EcNmm901RQ&oe=68F3146D&_nc_sid=201bca,,1509710876000,157.31
1898493510327448,5.6211412924389,43.277344743402,https://scontent-cdg4-2.xx.fbcdn.net/m1/v/t6/An_7jS6kn1J1idkbvTjBlyPylfchASoG2A8LmE_rM3W7Ah0ASZAi7HzLOgnwWlIN_3EsJixCmRKxeL0AqO-NinnjjaMEdhqgNxfx5XCJoyeztKHTx7nwscgmTPISxmc8fza4zlVhhPatuIvzlTUxlA?stp=s1024x856&edm=AOnQwmMEAAAA&_nc_gid=tGVqmrFaOlPnFbpgNfmMNA&_nc_oc=Adlqa9pI0D5n_KUKKhCqvmJjRWA0BlPXqFp5HXyMfmoCcEtRfYvdfQSF4fCUWqKuyMStIJgmmfjIrsWx1rvgNR1d&ccb=10-5&oh=00_AfZdJFRtt8zRQkxcR90B_MOfLGz4JO4wWCnH1zKC2KS0KQ&oe=68F32CAB&_nc_sid=201bca,,1509706190000,293.75
2980789838856418,5.6488261051557,43.291751372466,https://scontent-cdg4-2.xx.fbcdn.net/m1/v/t6/An9CoBQ9m0lc_JkMaj8cEeXJAuCxij4Av77WyhAPeHioqGAik4J8IYrdfwxQOkX6czi6gLiLhALnTXPMhOQEko2XufU2GlvBSlwO8UhnNDyXinYobxK-afdrJEkc6ZZZVCdeL0u1Anh_SUBNywcB1g?stp=s1024x856&edm=AOnQwmMEAAAA&_nc_gid=tGVqmrFaOlPnFbpgNfmMNA&_nc_oc=Adm_REb7UttWAOrzEmuJJUcJ0j_BkTk2Jn42Tlpasw33TeUq6yD0eCWsDiM5OuujiYwWOEbP73klkQBzgUdgNotH&ccb=10-5&oh=00_AfYR4LCJ_VfuU4SNwMA3y26zpFOD4EWQKiGzbFMbciN_dw&oe=68F346F1&_nc_sid=201bca,,1509710504000,201.04
2988699708120363,5.6246948089656,43.286583973019,https://scontent-cdg4-2.xx.fbcdn.net/m1/v/t6/An-qIZ5J9ugGfl8X-PnOAj6gAiNQeZimPLNxxqZJGFgIyH_1pRQxRsC6G5TOuiYtE4d8ufF5hmEkEDfOK5IxwnClxG5gjMkpQOZupBFoT4MJ30ppB3HKcQn4xRdgs1TmY6SlcCmbUcFwVDsd44AQVQ?stp=s1024x856&edm=AOnQwmMEAAAA&_nc_gid=tGVqmrFaOlPnFbpgNfmMNA&_nc_oc=AdkdSvs_igIoTFQBm9pYFnEVL5SO8pxRuIOABbCdiNKvYmJTY0JmyRlLgY-etb5R4Ee18kiJ1Rral6ysKgncw0_1&ccb=10-5&oh=00_Afb1nDZd7TAvwydxyqoXUUXndi-HTizb5xiQx7uyp4Z2Uw&oe=68F33140&_nc_sid=201bca,,1509704109000,6.49
2544111552379582,5.6194527133826,43.30034804814,https://scontent-cdg4-2.xx.fbcdn.net/m1/v/t6/An9bDqE4fDLjUvQ0aUK5tpgi1_igOwRf5w707zUqCxZ1WvxHO2KXQ7kDuexf3wnVkUc_LjuDJ6uTy0fQ2bHUdIHt-c0P-1rydKV9A4yQjRhsiUlX3L9YEBwhShAJj3FQqeYfd4ZkXtAizh9YW5UWtA?stp=s1024x856&edm=AOnQwmMEAAAA&_nc_gid=tGVqmrFaOlPnFbpgNfmMNA&_nc_oc=Adk4CfZFXBoEuXj_tz9pFU0TmEswcql_vjKwL7t5JaWv_wnBkIVihGOVTS5rl2IxUUqQ48NMcOLgksh1_jWEruRy&ccb=10-5&oh=00_AfYoHQQMU17tIXcl_wBUaY8X-RjCs5zlzEujYAzif2cIew&oe=68F34356&_nc_sid=201bca,,1509707636000,146.27
4130149133736808,5.6099222465881,43.297342948499,https://scontent-cdg4-2.xx.fbcdn.net/m1/v/t6/An91Hg08CMS_likoXd5OSYBiaadIGwYmkkgR_J-XJUvWyiuwEAanAN-9EdNh1Lf55lPr26EOZKRjWnOuOKAIAqy4oja-MpaFzuKaGLp9iLSbOX9McDIVIpbiGuhOMn9OGQ7mU-MyJ6RpwmAqJIdlqg?stp=s1024x856&edm=AOnQwmMEAAAA&_nc_gid=tGVqmrFaOlPnFbpgNfmMNA&_nc_oc=AdnpUtjprNUuk5iI0NWLpg7I41p3nE0W9LBkZwNamQV3nwYFwG64dgCifshmsRKfqBx3IMJymW0Isr-3We4DciBh&ccb=10-5&oh=00_AfaXp9M5i1J4vfdT-fAsphorGm6mdBR4FLUyRphYw4PqIg&oe=68F33EDF&_nc_sid=201bca,,1509708042000,294.1
4052935081453375,5.6144657385222,43.280098055996,https://scontent-cdg4-2.xx.fbcdn.net/m1/v/t6/An_u6Z3sfcrBihOO5K_uPYS-NvBlMj0bmzcMAtNDr6li2AC1Dq_MD7uKyzbdgXHIuaPWf5CVh2tzAnrhYqCpteuQ0PcQ-mnaxEtrLuePW3LUF09-9GqaowqQrS60MgSlmpiLpYpTCFuBE2gs09U_Fw?stp=s1024x856&edm=AOnQwmMEAAAA&_nc_gid=tGVqmrFaOlPnFbpgNfmMNA&_nc_oc=AdlsHqEJekDtSXOd8hz3b2rUxwMGVibrnMgNlYIP40ZBjrIZD-PXC9YS2jwXyWZ9z54iy942PJUoC-vV3kWgo3KA&ccb=10-5&oh=00_AfYFf0bgfQYJ-LF87TvHEECLwrFQ08zS6gQ21RzRt2zohQ&oe=68F34343&_nc_sid=201bca,,1509705398000,104.23
4170269756369722,5.6176261227286,43.277731094192,https://scontent-cdg4-2.xx.fbcdn.net/m1/v/t6/An8RKKkxW2axv7e1dlX-O7l04XdP3ZCdtG4NHbgxKlJqO0Oq3-J4TscVArDjyQkout6QrEZFwmBtfoEkyb06OmwE-N4Ln8SZM1ENJT2YXEDiR_Wvcr70GqGvjT9TKJpNQ7KJCoZEVrmVI4JFBbPJnHM?stp=s1024x856&edm=AOnQwmMEAAAA&_nc_gid=tGVqmrFaOlPnFbpgNfmMNA&_nc_oc=Adkdk4ec8kzvIyBKfoDN9eiew3zeE3YNecsS0i4h_7uiL8pKc0nxmYoPF5naOSMffbdm8PW47a_olR5O_updxy_N&ccb=10-5&oh=00_AfYB_jG7PeDtVp1jgrQQlxbj1mCFinTq7q39YaqfxOJFdw&oe=68F327F5&_nc_sid=201bca,,1509704885000,114.46
2364574527005959,5.6236869088956,43.297279521989,https://scontent-cdg4-2.xx.fbcdn.net/m1/v/t6/An9gPOBfwBIxrdqbING7LUK2wMeQX5_EHk64wD2WYmvdKqgQqNa9rhD5RjS_KomEW9Dq3n-TSdFSsU5lt0i-lRjyi_lsE5WC2cdiq51dqDpyfFx7nceRyvkuN3o34k5mFs3MvHPVlQ6WerDrJmY4Fg?stp=s1024x856&edm=AOnQwmMEAAAA&_nc_gid=tGVqmrFaOlPnFbpgNfmMNA&_nc_oc=Admrv8QPXM8CUGyFDcjOEzIM4BFReOb9l3LqCjgjxJFAwWi_uy3Z_uNobqU5QgM9_6Od8nZGF_dCiMhl6ighpSJH&ccb=10-5&oh=00_AfYkFI9Bvm3jjs79FO-22RweU9bEdvoQhY_qnW33EsDgCg&oe=68F3156F&_nc_sid=201bca,,1509707470000,331.74
4016331628447399,5.536255133523,43.286493901147,https://scontent-cdg4-2.xx.fbcdn.net/m1/v/t6/An_QKCfSL9Qlhy6U30nX7W5ICegPp1iXVdSMF35NnSBa6fFIOeK8jikYkrDB_uA73VyQ51r3mm2DEOxElTgTe-a7XfUzcQBSG1KnMHClcAo2-OQyNspa9u0GxSs6JdlMiuOsskDhyRMwBBktP3LJXg?stp=s1024x576&edm=AOnQwmMEAAAA&_nc_gid=tGVqmrFaOlPnFbpgNfmMNA&_nc_oc=Adm2FQTgcrv6KK_x2dH2t-l6DLfHAxbafpG30Dc4IPqfCGM8of4x4yRnzXPG3JWa5OHHv2tJ7p3kIo8RZHk2jO9i&ccb=10-5&oh=00_AfbxDxOYN6idyJ6qNvey6EheKRP-llRHW_BmLxevmAw0KA&oe=68F32F1F&_nc_sid=201bca,,1616861789744,79.650909423828
2720067054950506,5.6474953033156,43.291502585194,https://scontent-cdg4-2.xx.fbcdn.net/m1/v/t6/An8LxUZCEKotASGwK67hib9ifs7NO6RNDzR6-wj5oRhWMLlZJBiAtkjroStCV78ck9mRv3czgNviCN5cB0c15stBwm4rRlGPjhZApwcILti2ssQ_LF196N_hyMtf0Eq5j4ukMzuWv5e-jo54sW_i1Q?stp=s1024x856&edm=AOnQwmMEAAAA&_nc_gid=tGVqmrFaOlPnFbpgNfmMNA&_nc_oc=AdmLCXsS4yPxu57Q_1x3wmfT5N1epTxFkSi_alRpWoQVyfjBkbzyBnnYzCa4Asb3mE3cRvr7T3ewuR8AMOgLdEVE&ccb=10-5&oh=00_AfaLe4uji6sU5Lg_5pK_s61YUlfo1aAL6eOqN2Caj-lpLQ&oe=68F3141C&_nc_sid=201bca,,1509709735000,109.21
2672227439735259,5.6327776340915,43.277846944404,https://scontent-cdg4-2.xx.fbcdn.net/m1/v/t6/An_6PyvHC2KrLCxP3M_LQAX-wRmf90L6DFb7Aez_sPFzJWhImj2lJyjtXIrftm58rtZl2KwbUu2R8szvsJGPnSZVsDSIEYGmiOw_dL_bninmkDEvCpj5T0jiAVNaatbFl0CIik72fhj48Qm6ypj_GA?stp=s1024x856&edm=AOnQwmMEAAAA&_nc_gid=tGVqmrFaOlPnFbpgNfmMNA&_nc_oc=Adn3Vm_1IojRY4au2sHpW3ruQtUGYQpsJZSUIk6YgQsJFkpY-N3oD9n0TE9ktdV38Kzwmhl-HQp-4AX9pv_dfdxU&ccb=10-5&oh=00_AfZjOcJbByjY4Tq7iXz_RmV-tgrrY0gAcLVzjjGsdERPlA&oe=68F313B6&_nc_sid=201bca,,1509710167000,149.42
4279311502088670,5.5848676941523,43.283285429611,https://scontent-cdg4-2.xx.fbcdn.net/m1/v/t6/An8LW67WXIt2X7MTX75AkHEJyElkE8CaNjibhy49bHdlHCGpBNcCCDwtD0UCugT3nhUYIEOunFy6oFbxlnl4_r9adelEHZOdjizhYVJWyOuqru8pTKziL6rxwCOr8AY4doW9l_5VI8cYm2nJjiKxeg?stp=s1024x576&edm=AOnQwmMEAAAA&_nc_gid=tGVqmrFaOlPnFbpgNfmMNA&_nc_oc=AdlZKwoar_5USmBTQrztNcowoOuvHxS8UgqXEtyr-RvcNuMFiFMEGVAmOrX6so-Nm57jP2o_OnehnWQbKgPD5Fo_&ccb=10-5&oh=00_AfZpR1NdGarr_1AqgnRRuKMRkMWwAw2ElhDxJH_3MpXSBw&oe=68F31596&_nc_sid=201bca,,1617012099541,19.344573974609
4218011968257424,5.6166768051732,43.302380638208,https://scontent-cdg4-2.xx.fbcdn.net/m1/v/t6/An8GLFlJnPbBCAQC5pz241B4a_E9PXf_Ev19pjwl6CKtL4u5zUJCR0z8kxNwk4g1bD9ScQaHTy-ztqe7XNjW3OrAz_2wc1ySBPsz9jBhNNDloDeb6_fV5Rlb2CGlMrb0u0lzEHjtlkhxYVwqKNylUg?stp=s1024x856&edm=AOnQwmMEAAAA&_nc_gid=tGVqmrFaOlPnFbpgNfmMNA&_nc_oc=AdlLHntPgaqvcOmMsazrcLDim6e3VnIRPgo4lGrUk2kq0EwhhlNssa3MdeIRkkg8qybBm9C7P7-gtJO3IuW24jeU&ccb=10-5&oh=00_AfYSXd1GZ_gUEH6Y8J04qQd-Bx-VOUKt-Trv4po2GgernQ&oe=68F343A4&_nc_sid=201bca,,1509707480000,145.12
2160286287446574,5.61133541723,43.279291855636,https://scontent-cdg4-2.xx.fbcdn.net/m1/v/t6/An9jBNCc2QHb8_XJdsKmZ-nSY3CXiQl3ztlKPRVPA9LEFSr3zdKOpgWoj6aqfoEKN7QQAW4OJK1ERNxsrcJizKOpIT3CmtJ5_vj-YMWpQlkTsTB2aG5FZNw65Gn6Sni1cP_AIX6jzkSLexdA0Byr9g?stp=s1024x856&edm=AOnQwmMEAAAA&_nc_gid=tGVqmrFaOlPnFbpgNfmMNA&_nc_oc=Adl7AAZ5XAH6FuHZHISD0fXdSejx2zVfXO_tSWFjCf6FBVSAuyMQ5_g2UvcMqe6_d87q8CL-SG3ctwiLWd8pfsrV&ccb=10-5&oh=00_AfbUymi_u9_yUCTl95OXEkKO3eY2K_tNc_uiees7PnGheQ&oe=68F346FD&_nc_sid=201bca,,1509704643000,180.86
2940654266209435,5.5855694592614,43.28603281821,https://scontent-cdg4-2.xx.fbcdn.net/m1/v/t6/An9PLSBIIuF-aYrvcO5rhUDukBzpuC7Lsyhea7kf5ZBMA3qN1AMyWGf3kTvW72--zLFPGcdc-xrpJEcTjxE4xAt4aHbEvKxNAgTUgbkPwAZ5sZKo3wHgyiqWQZHuUPo0EdyFev6RLRdavFq7LFiwmg?stp=s1024x856&edm=AOnQwmMEAAAA&_nc_gid=tGVqmrFaOlPnFbpgNfmMNA&_nc_oc=AdmmR-t3apdzXbAYOKLot96sF1Q39ahCbax0lL3-dkoXYqPiAN0QF7Hwt7EyzMeNvjYyt0K6loKMpXR3XKYxCNI8&ccb=10-5&oh=00_AfZI8rEPjQvPJ7dOeJqP3BmC7pvlr6SMkSOd-MDvlBt3wg&oe=68F31273&_nc_sid=201bca,,1509645292000,205.87
4080019848730032,5.5583419261561,43.294384787211,https://scontent-cdg4-2.xx.fbcdn.net/m1/v/t6/An_E8S3lRSScHs8bVPTcBjZ03X1N4Ey0hPfQUxOziOP99Eg4wanqs59V97-_7aQaTJenfSgCbXNEuahO9ROvQhHRrzWNP24bqeo2pQGOwYYrZL9AOFAYEiB1IMDjUQe6EkZ608qa9Sr-TBWoIatTMg?stp=s1024x856&edm=AOnQwmMEAAAA&_nc_gid=tGVqmrFaOlPnFbpgNfmMNA&_nc_oc=AdnDaxwmsEgZr7cCcd3bTShyYfZ4PUmaAdnbqA8iTwC6l39BDfWHc5FwYwyUWYGcJSG5sgBxgHNs0sYeP2ovyNoD&ccb=10-5&oh=00_AfaK8cGDcPX6bRjncYu61q0hnNSywTeJfoU_mDEk4czNkQ&oe=68F32964&_nc_sid=201bca,,1477656519000,270.59
1576384452753856,5.6124671686482,43.28307757973,https://scontent-cdg4-2.xx.fbcdn.net/m1/v/t6/An8V7of68Vzw9Sa7J5Uuqb_LHx9mm8tT_jbPqwP9X7ysrFoBiQ_lxE7yolhvtMkLaWcQf_Kst-rU-jp1tvUHCV1OPafHX9E8hwJTGFlSjBcMASgpA88w-wyDh7A118cd4T2HM0US0LISXs6zzN0iO_I?stp=s1024x856&edm=AOnQwmMEAAAA&_nc_gid=tGVqmrFaOlPnFbpgNfmMNA&_nc_oc=AdmxLAp71knzDb57Xvsd7_9UNi2ErKaFlUcWTFCbw8e2MenGDW_-cforw_YLDnptdOFC8kdgliHj9WZGhrO7FGTm&ccb=10-5&oh=00_AfZem5Z1yXInnVUTgb9DzwHTWCq4x0jjMqM7-EpveNTjcg&oe=68F31AF1&_nc_sid=201bca,,1509702368000,199.24
2620240238274288,5.6136064428799,43.282195232774,https://scontent-cdg4-2.xx.fbcdn.net/m1/v/t6/An_k5w9y3_Jm6_k5iqIvh9lLs1ZEcZTII8s_s_I5z42Xqppo2ilaiH9FGYvTUkJ3K9hQlxZ4dlfqtZ-TEm4U0I04AGpnzLfwrwFes02zHYvHUuRoHqbESZsdWIuNtEfJo3J-Jq_MsdjgnVFWUlWDM0Y?stp=s1024x856&edm=AOnQwmMEAAAA&_nc_gid=tGVqmrFaOlPnFbpgNfmMNA&_nc_oc=AdkCDsiBhfeFjoFUM9jRBrs54Xk_WL3cKbpdTBF72p6sOGl2OnwO0k0rxCqFqtrNINy0uD4fiJVtKQ0aBq1qxg_C&ccb=10-5&oh=00_AfZ1AegUXVohm7gCdyrKNW9t7dntS-p1wJR2qJeK67aREA&oe=68F3417E&_nc_sid=201bca,,1509702531000,112.3
2951151461875758,5.6160068628758,43.278072538199,https://scontent-cdg4-2.xx.fbcdn.net/m1/v/t6/An9RQayVklGcmasyJBo1k7rjBxmT6I448c0yCw5M95uUHa9gtjM-QqsDXtX1Fhy7C64xoRoR5639ZCY4my9ieJqsp5ogQoL7TvZcwTkDz2cJ_qHAM8oo61NBuiN0J7NrTC5xmdkCk1Zh_GAI2co6U0c?stp=s1024x768&edm=AOnQwmMEAAAA&_nc_gid=tGVqmrFaOlPnFbpgNfmMNA&_nc_oc=Adng72zsRC9lG-KvQlcOQEb-WMiAtOCYdRF9OhdZtQBdpy4qxEX4XbEjeCBc_ZS5OKvXt1uwxInYvJdKSTpj3ANI&ccb=10-5&oh=00_AfbSuXPnzRxRcFsoSaoHDtVhJJNdwWf2nJbtnCda9XqQ-w&oe=68F34369&_nc_sid=201bca,,1431264540938,34.28015
2942933095987886,5.6238311934067,43.288418736951,https://scontent-cdg4-2.xx.fbcdn.net/m1/v/t6/An9WImjDOw-OyXOLIExq7jko41Zg7uzEUC2KMoecQkzRykIzfehNnRCyJ5Uwpl-R00_Bzz0fQitmb8VZTWjJPo4mLZ2BN52hmtZcANzyar36v2aPi3n9WTu3vScddqKx589xMlDongn5RkUrrTItrw?stp=s1024x856&edm=AOnQwmMEAAAA&_nc_gid=tGVqmrFaOlPnFbpgNfmMNA&_nc_oc=AdlmBP76NUkDAhxNaukATWEshviW6g51dz9371vvPpIHuzTgW-wgv58p0aCgF33QwW7Ga49PUEOLjEMZHIRw-Za-&ccb=10-5&oh=00_Afbcl1kysAp7OqQELEJfiWGfxb4i0-Q88lUEH6vhErYeow&oe=68F32E58&_nc_sid=201bca,,1509703312000,41.68
4021619741298871,5.6193496686777,43.281562677902,https://scontent-cdg4-2.xx.fbcdn.net/m1/v/t6/An9FTG_Iuls6FCoe2tkI6zhSMR8vDQ8AIOsYzE8IzE1IdFS_K5kByVaP-vMhVdFx6S57keJJRK85Vr2AjBEd8E9fwGTM-gmEeme9q_Qh-jHVy9mcemPVpCEji05BIlSdTs7Ywnm1PbbXUycBrXUTGQ?stp=s1024x856&edm=AOnQwmMEAAAA&_nc_gid=tGVqmrFaOlPnFbpgNfmMNA&_nc_oc=AdkJA97cXjqwwW2JChLKKddN3_VmV2oOM9zJKMtnumPJCI7phsGiCECqV_0dFif7lX39x-LLmqy1O9ti_VPlvGUr&ccb=10-5&oh=00_AfYu1E6HyYMRUbzM6C9egpeZcfIQug5QKo2Pp3ZysvWd4w&oe=68F32F06&_nc_sid=201bca,,1509703958000,292.29
4321505141216828,5.6134234584032,43.278783594093,https://scontent-cdg4-2.xx.fbcdn.net/m1/v/t6/An-9c7DibZb8MYGCcVmDnbQgK_OAQIN-_65cWisrHAoH-k6tmJiPMJoGIFyUWSFSGD2QvbznLNNvoJZ_mGoAPgVU3P-kR-0rSD224dnD8WuXF2Qxj03k9F89C5kyWq9o5PjTN5CGa4BvP2ycfOFlAg?stp=s1024x856&edm=AOnQwmMEAAAA&_nc_gid=tGVqmrFaOlPnFbpgNfmMNA&_nc_oc=Adnv9RSR88TQ1s_ax7n3J2isF6LGZnOsEbQNvrPug8hLcto-LRo1dYviso5GFsQVYtjwWBWgNsn84UBHjmVPt7PG&ccb=10-5&oh=00_AfY18Zh2VI7xfLbamFMqsETiEySbeeUrk0vcZFoIorqL4g&oe=68F31180&_nc_sid=201bca,,1509705421000,122.1
5372642609475978,5.6179461406019,43.281604171005,https://scontent-cdg4-2.xx.fbcdn.net/m1/v/t6/An8IMDmHXBQT9d11pgxP1z9q8MIoNe9HAXoIb64c0KuPrkfHBLyuwhnSRI2X27tfEZKfmOQRH2cvFD43thvzlV6be__2j4HRXEib1giaOvHMvdWsSoWmEcymNwPb0qAQcwyI6U2EnjiceOQknD_8MQ?stp=s1024x856&edm=AOnQwmMEAAAA&_nc_gid=tGVqmrFaOlPnFbpgNfmMNA&_nc_oc=AdmSf1djaZz42CNVqva4pbXbuThoCx4eYuf2xB9LmrOt-PjyjBohl-NrleTDOhvH-SQs1HMIZmHuqRbjvXUFEr1N&ccb=10-5&oh=00_AfZXMIJdJkqGYMxl1l36XexYq3DDHOeB6EFYNhShoQxpCA&oe=68F3319F&_nc_sid=201bca,,1509704229000,112.07
2776337576010360,5.6118749248665,43.279676716481,https://scontent-cdg4-2.xx.fbcdn.net/m1/v/t6/An8x3y_ifedOGJozR6AUaxnwJs8kxLvgxToX6l9XUJge-KUPzyMw2U7D_Ym2DR4wK0sPjbV3gv60OYdfjPY4Lf3tjWCNGZ09V45W2mktgXhZKe8q1CsIucWdU4sf-H7znurNNBGw1PzsLstErnHG9w?stp=s1024x856&edm=AOnQwmMEAAAA&_nc_gid=tGVqmrFaOlPnFbpgNfmMNA&_nc_oc=AdmFseAQymD6clPaPIi2n6t5KP89HgB-TttuRtcEe7t0F0Qw3nOyTXHjRb0dC0Ry20KDNRGfLzJSO1uJExNO437w&ccb=10-5&oh=00_Afaq4HFGdu5WnWT1wyBqxymBVTNSRnClhSo32S0NKHCFww&oe=68F317B5&_nc_sid=201bca,,1509705188000,33.34
2110439982430347,5.559574055986,43.2900682434,https://scontent-cdg4-2.xx.fbcdn.net/m1/v/t6/An9yIqck_nkKmWxNzkM8Yz58RuJPT9pOOUcbgqA2Qk9QQYEUOjdDthJgs_riN5X7c2tuZbs5kzihYN2QGMelxZ4g3D0FVTzpL-zOf-XCDpgIEtc9PwO2vpaDAmSlu9A47_CsD7RWBXCH7UZSRCTffg?stp=s1024x856&edm=AOnQwmMEAAAA&_nc_gid=tGVqmrFaOlPnFbpgNfmMNA&_nc_oc=AdltuJX500aepAcEh4DLhUnhhWzd9d_bWcu2GBBeE8iBktuH5bAuPHVmtd-qwG3GQkPmCgzy49w7x6tOqKDc463l&ccb=10-5&oh=00_AfaElCu0YE-7hIu5txm54ihDnwiqQS81bogc2JIA5xNqvg&oe=68F3362C&_nc_sid=201bca,,1477658454000,1.9
2681353392155167,5.6179652801598,43.280853824278,https://scontent-cdg4-2.xx.fbcdn.net/m1/v/t6/An_EPf1HZ-oq509Numh8jiEr9Z5Y2vO6ZL8GlyR4J8qF1ScVyfUKHXvjz1cmxMvjayJi6UBAfIr3FTvpPKLiAD6oFciUCWe-76IUGJaBmTR0M3tvJkCVaeEKXOVMpdCxU5zp8OLScyfOh4OK53dFBg?stp=s1024x856&edm=AOnQwmMEAAAA&_nc_gid=tGVqmrFaOlPnFbpgNfmMNA&_nc_oc=AdnJJwW324WF6VcB8nJ2pfu0_f0XM0eHu9170Mv-Q7u77-aJ5vaisgzI09f36mt4pvn6yr3qEoZhJsnCZY7YZXJQ&ccb=10-5&oh=00_Afb-WT5YvcNZinTvWPME-K2DKeBUmPuoN9o-JvYdYySbbg&oe=68F33125&_nc_sid=201bca,,1509704273000,196.93
1540788629457418,5.5908098674488,43.259878640481,https://scontent-cdg4-2.xx.fbcdn.net/m1/v/t6/An_FuHauFVwuUmj7GTQg_c5YbKLKyp80vM2x8eUJEhuqVWwKQlYM4bYlWfel7fbk4m3J-8cmUw7_Cvdd46cv1MJuC8Gxwv9raXlPqZOqHIxhJINvwICHGj9sLsHtAhZtfGFo8XtfM56QVWjiO30-hA?stp=s1024x856&edm=AOnQwmMEAAAA&_nc_gid=tGVqmrFaOlPnFbpgNfmMNA&_nc_oc=Adk0QyjRbObj5MyhMzS3MylchmzHXe2_9k3CmZUSyfP5Z3RMcuH27X8Me2BsGzpbSFiI41AhvLCyBto29yaTTz4H&ccb=10-5&oh=00_AfYQZpSgZ4NnvMKlkyFQ7Pzw_XfrOs88YadYx7EVTuOEtw&oe=68F334AB&_nc_sid=201bca,,1509729772000,144.86
4693498427334240,5.6192083790519,43.296781702386,https://scontent-cdg4-2.xx.fbcdn.net/m1/v/t6/An-lDSJCq0z6GeeAW1UWC15Plm7uctcd9EzQxtncjzAMQBkuBRgtO6KdaE_3a9BSBAhi8OslfGh5c8jcoA9DmzOj8a2NA8uJUWdjfR9ZiVPF3o_95b2TYkWKXQuUFwdPBAqoA65TpxZy4Cy7Xw9QoQ?stp=s1024x856&edm=AOnQwmMEAAAA&_nc_gid=tGVqmrFaOlPnFbpgNfmMNA&_nc_oc=AdmLPFCcs8Ft19hx-M3OIKBbS9fNQNAILcEAFjK5QpJYuvU7yulbi9_78HIaEaey_y9h66zGi807-3qU7g6GOahl&ccb=10-5&oh=00_AfaFf-PYOf74cKo3J45JkkByiNMRhYqrhf6tci-zhTXs6A&oe=68F31DDE&_nc_sid=201bca,,1509707718000,264.14
2881879928737905,5.6191462608485,43.281433063135,https://scontent-cdg4-2.xx.fbcdn.net/m1/v/t6/An_jZ7Zl_wP1apbibKrBXyDJ2uDjbskwKCkuG4pYH2RehUgLlLQehOvYCT2KLlim0vhZZlDegqCD9m7NCBwcdlDQxMXx8C5G7igwzUXksVsPGCfRnsgmiZUuz8ApwigGlDRHkL7tE29iicNuNXETTQ?stp=s1024x856&edm=AOnQwmMEAAAA&_nc_gid=tGVqmrFaOlPnFbpgNfmMNA&_nc_oc=AdlKbs5LGCg7qNxIoH1k7-6j9vYC2Fz8GRx0nKNgaonaqDy9R6A4Jli5WhaDkFgzLsdMXwsH6TY0T4aAhapMYZcE&ccb=10-5&oh=00_AfY0uAdsR-8WSCMfC7ZJLknN7hoknnsQ3f9i4ohp7aCsqw&oe=68F32ACD&_nc_sid=201bca,,1509703282000,111.92
2857645137807788,5.6078420139447,43.337542688503,https://scontent-cdg4-2.xx.fbcdn.net/m1/v/t6/An95bvFL4VbGS6x_ViQ0p3nxxF5Tt_CrqwuqxDdSdjGmGlv2uynJL2sv_3ZZYc8LvhzvuZachdvMJrgD5t_yuqaTMyzrFcrcZV1zfESIXP-ZBMzRaF63bGrMcCBZWtXpFcpYwYdWl6X1nTf3HmZujg?stp=s1024x576&edm=AOnQwmMEAAAA&_nc_gid=tGVqmrFaOlPnFbpgNfmMNA&_nc_oc=Admv8FwHgJCBDoQrEtcLvBR6sKEGJ2Wl81-QWyQsy3xHcVAZ-6g5VaVnXFYfLtIB-5ILO1D7tGS6AjUuHLFoMf4t&ccb=10-5&oh=00_AfbYucVjvIQxwMRVjHV6tP0iCY2C_VGS14PbS_nSo-ZFpA&oe=68F3240D&_nc_sid=201bca,,1617012749599,24.411499023438
4519513421411443,5.6043711434706,43.286738817369,https://scontent-cdg4-2.xx.fbcdn.net/m1/v/t6/An9SUPBwENogt1jr2OSHVAKf31-p6BTS0KTHJSB59E8qzeyslpFYKjyTOj8-ZNwIhNADTCxvG6bXUBM4xM2ZU_h9M-StmEw3sNE_Dk1ioW0beaVKvUVeykHVPsRATBhVaPhvP-xtzK29gWorHAJLHg?stp=s1024x768&edm=AOnQwmMEAAAA&_nc_gid=tGVqmrFaOlPnFbpgNfmMNA&_nc_oc=AdlVSIg7S1wt35n3ObHYdhVtrWLnBozVlXRPJyn_gEsj20cTqVqRImwb18SEfjcxgYDJIfZTl7-2R8uos4uyjRto&ccb=10-5&oh=00_AfaesSHeSg37Fe4xH1M_3hNOyoufTNd6YlSRSz6VYP05bw&oe=68F33844&_nc_sid=201bca,,1563185596129,252.83685302734
5355969864477979,5.6117904268923,43.305962900189,https://scontent-cdg4-2.xx.fbcdn.net/m1/v/t6/An8adsTWj5U7ij8ZNx3YM5Arx6Rf1kta_M3UkvfHdaQwWxzaUXWp-m2Wa6YvHoUbtiFO69GrFA6d8WjbutU2asmC5sV3i6-kC08CZSZyceSmiqb301Dwv3wTERajGW0CCFeCycHC0s1slsGVE1qrUA?stp=s1024x856&edm=AOnQwmMEAAAA&_nc_gid=tGVqmrFaOlPnFbpgNfmMNA&_nc_oc=AdmAnEue6LhSHv8DuIKqSLv19hmXWnnJ_Vk1pwCbKQcOZlYrHPm17zykNJ3973PTPAwVVdQoJxVgXHJiu2mzCfSW&ccb=10-5&oh=00_AfaG6DrFX4RM_srkikIDy0WaMOckQD_RweiutnRaZpBMDg&oe=68F32CEC&_nc_sid=201bca,,1509707272000,146.49
2966932880293097,5.6090826493075,43.309500329798,https://scontent-cdg4-2.xx.fbcdn.net/m1/v/t6/An8pgcw1rHE72NGbwjBGNsSx7Kmsl-crRqLkcL8ZuFxyW8rzdWv-QEJifjpz6aQkGotvTpP2eCokF3FGgOK40P4uvRM0540YC3bCfovnymTHKBvP46qNXQ1irMpcRugfHTPvY6a8Iczjj0wTsyR8UQ?stp=s1024x856&edm=AOnQwmMEAAAA&_nc_gid=tGVqmrFaOlPnFbpgNfmMNA&_nc_oc=Adnv2O2gjBdd3QAVTzCDKezW9gzPEBmX5jfd-jcO7KB5cNYZtF422ExZ5pJH1Qsja-ODOsbS_rkjIdTA2knCxOAG&ccb=10-5&oh=00_AfaavOVhWLT6dngQSBLyFD5DODobNYOfrKjOeZm9yxpogg&oe=68F32AEA&_nc_sid=201bca,,1509707354000,57.32
3100786400242325,5.6049658019228,43.333612291251,https://scontent-cdg4-2.xx.fbcdn.net/m1/v/t6/An-KFj5PbwBuHthOkU_DoIhcLZ2rOasiOj7kt7DE_Z5CUDeL3aBUkXl_eYDF-mQ7Ea23J0CbDcQImiRCYV36Qy_YoZMM_QRwWG0R3Ur5gYQB_5q2X6Tj4fhy-d2iU7pth7GILO0nDjCHlLYGNaTL4g?stp=s1024x856&edm=AOnQwmMEAAAA&_nc_gid=tGVqmrFaOlPnFbpgNfmMNA&_nc_oc=AdnAxrQ6Vj-JRr3KnsLZYkiL8spqVcQdX3IpVZh_L9nT1BgJL8x9Rx2HkPL9ajKoji6VQZkA-bfkFvgUZJtJkC_c&ccb=10-5&oh=00_AfalZ8ZSZIUrCTQqHl7DNcpnsxdfMxRl2RM1q6aL_qOENg&oe=68F321E7&_nc_sid=201bca,,1613554672000,223
3752042138255078,5.5961546934658,43.250420307864,https://scontent-cdg4-2.xx.fbcdn.net/m1/v/t6/An_VWRIH5h4aQUlKS13nGNxlXs2gBWgiXbaTn5jITdRNv_I7Ws25vOyviRBD9TexhwriTmIjmWzBXq5rEaPHpR-k_jG-s_xn0bN1Ir_UnCE6HkYpEh_-jcgWPaih5G0h-PiNn8D0rzsdYOUjPpI8uA?stp=s1024x856&edm=AOnQwmMEAAAA&_nc_gid=tGVqmrFaOlPnFbpgNfmMNA&_nc_oc=AdknMvsodtAXs6CQB1Le9SvCwLyOQ5uEjfCqX1bjCCSDx5Hkx7JJ5YM-J2gZbwCASSDY_se--8WLY2uJPRvwbOiB&ccb=10-5&oh=00_Afb7Uz6XeUbwEk9_b-b_14YBNmDAwMHALssw11Llzq8bLA&oe=68F32588&_nc_sid=201bca,,1509640842000,3.72
3019240998308673,5.6119136079483,43.3435848198,https://scontent-cdg4-2.xx.fbcdn.net/m1/v/t6/An9rAR1TWZhS31u5r_gdc5jchmYEReEqVdk0eQJtzqs6JYsdXW-RI-xLRbJGsEIck1IE0NfTfmRRJD9BHz67w5ZCMY9oIjlRJs_35VsDIl0WlkI3jY2nW_1ouYEvA0iljyivGhGjHUfacaw2uFaY7g?stp=s1024x768&edm=AOnQwmMEAAAA&_nc_gid=tGVqmrFaOlPnFbpgNfmMNA&_nc_oc=AdlCSY8n8lZpAGY4YSJPfWnH4O17HlCEXaGACMFOJRxPqxburhX08Sy84z_1Pl10sCJPpD_q8q1wZ2NlasJO9Qvv&ccb=10-5&oh=00_AfZPGKDKiFJFy70SpOz24twwUQo2tWfk6yhrQNpqluJa3Q&oe=68F342E9&_nc_sid=201bca,,1548607603014,34.833229106104
4067191030030826,5.5496612968986,43.282153486289,https://scontent-cdg4-2.xx.fbcdn.net/m1/v/t6/An9Z2RaL4oM1QhTVQaOoMe3_yiYAE-N-UwJ_AU8F7NABWM7y2uIwQVv1qNyZUfjnbXBG_jmzf6J8dehjo4WAxV6JFSpizHZcZDgkBZ1TU4zNYdv41aL2ai4kTKnjj_QvMnH8rMhx3HqIEpcOUBg76w?stp=s1024x576&edm=AOnQwmMEAAAA&_nc_gid=tGVqmrFaOlPnFbpgNfmMNA&_nc_oc=Adk3qj6o-1-nwderE_PEfBeJSXM4kZcXBXsh_sb1Tmf4HmfcfMiGHK1Fr82hBjM795qAw24vv-ocCwy5TTL4clRe&ccb=10-5&oh=00_Afbbmw2-5QQ-mZFEAhPVd6xCzDIhVVqrOxP6eLMTK65o5w&oe=68F32B9A&_nc_sid=201bca,,1478086786815,20.613782763481
3028448854067989,5.6089065696323,43.339844667071,https://scontent-cdg4-2.xx.fbcdn.net/m1/v/t6/An-_qy5McUlNkgA-sBBSOns3Ifg1Of-oVN2HYc3mev0XjV08y1N6pY7Q5Q86R6Vm-qsS8JanFblL_dnaP1O4qx1uwNXQtR2y3lbeKo9I9COxqTjNNwID0A3EpSKDJhk9eXtB-qJE_JobLXU_fAXYpqo?stp=s1024x856&edm=AOnQwmMEAAAA&_nc_gid=tGVqmrFaOlPnFbpgNfmMNA&_nc_oc=Adm0tV_ovtPCgxIIk9_YFVUW7otqKHNijLA_e_NtMjKWWCbTnPzRvYR9Udn7ZjlyAYV8lJMAt_LGabMPC3Cx03bl&ccb=10-5&oh=00_AfaDOdH2n2YKTquNE62z92adpQwPH-bEJxLEgFbgEzAZpA&oe=68F3383A&_nc_sid=201bca,,1613554525000,222
2369582823188524,5.6057765674842,43.297788625109,https://scontent-cdg4-2.xx.fbcdn.net/m1/v/t6/An8pbX-_Fz6m6YPYshdEDir7t_YGmVd--yrUiod8c9h5jbiFEkdgkjq9bJ8ibDrNo837xKTuKGMmtyfXWfeApdNFxZSVPzn1PO_3QeEGuRbl9E-n3Z3x-m5NXVJRaoXbJxC4xDBDGVabrFR1QvXCOXc?stp=s1024x856&edm=AOnQwmMEAAAA&_nc_gid=tGVqmrFaOlPnFbpgNfmMNA&_nc_oc=Adm-46bVRmN3DmueRfBa4IS0Bgz0S__tOeZWugFwwKFH4GTNMw_RhBd6U4dO_4btJ-kCWoGbsMlDkdeFz8XbJPrJ&ccb=10-5&oh=00_AfbxIHaZh770bisTTeNzg4TKvLkAUUMCyDANnYZoAUOMNA&oe=68F32F83&_nc_sid=201bca,,1509708790000,116.78
3964774176936646,5.6075936307418,43.337224964178,https://scontent-cdg4-2.xx.fbcdn.net/m1/v/t6/An_u6ZCYqtZb4vBKyVfyjf3b1CbYRw4ZCTDxtuOuHCl9gRd_VMPl36Wr_2OZHaFqGpPQcyIjLGkZGRPcS5ZKru2ubMgxYH3v1RfbiC7jp4y4toXq-f-06lb0j2wlKnsbr-QVAjJQKmmCxpYbxthzmA?stp=s1024x768&edm=AOnQwmMEAAAA&_nc_gid=tGVqmrFaOlPnFbpgNfmMNA&_nc_oc=AdnF1J1fLjxPDaztLESxBbD06GxVcVZDG0onOt_jYZItEkN4RzK947L6iOjMem0b4WloRLNebNaH4QgljRiKKLML&ccb=10-5&oh=00_Afb0kCx2j7Ib8pi1KYvnbJNWPq5wragLHpFWVBPdaMI8nA&oe=68F34723&_nc_sid=201bca,,1516787789512,22.648834228516
3975766595809880,5.6110651328595,43.342766484849,https://scontent-cdg4-2.xx.fbcdn.net/m1/v/t6/An9tqV2v4QhRydCRVp1T0cPBgyeUI3N7Z4UlAuz2p1DdYkV8is7Or9thLWHsk74cr9FbHpdvVynlIGSxp6fgoGeiTXX8sfPosDHu_ASjR0KxbxD4XKlwxuOGMk9asnQ60K_CntqJP_wdyuVfl53FnA?stp=s1024x856&edm=AOnQwmMEAAAA&_nc_gid=tGVqmrFaOlPnFbpgNfmMNA&_nc_oc=Adl7aOPCeXx69hGsezRG8iuN0uX6X0dZtgd3Ki1nWoALY7laqQUzL7bxM9AkA3sP9Yp8pV-uZ2ePPZ-ZHWw_fbye&ccb=10-5&oh=00_AfYn75FSKFbpcnouSGWgHCZuZ4dSmu16ReNZOn-IUkm22A&oe=68F318AD&_nc_sid=201bca,,1613554458000,230
1923284467836766,5.5868084245816,43.289551561561,https://scontent-cdg4-2.xx.fbcdn.net/m1/v/t6/An_TzUW2eOJ-E82_VHutCRJZYjd8U-wE6qheFLwSJZP6bQL0A80ZP0qHdxp5ZqdEhO3p-aAClcJ3qbFedDcpTVvBhyXK1EcdvV3DnO2oiE4CJsfeI16iYpCvtjM5SWIyRxGJ6HTeWMJfzcv8FaZiL94?stp=s1024x856&edm=AOnQwmMEAAAA&_nc_gid=tGVqmrFaOlPnFbpgNfmMNA&_nc_oc=Admxpzb8cAKSKoVO6YDONzD4W3SK56mR25DbVBgskJwE17p87t6SRExuAz6MyJhgGKFCW6uEabZaTwrSt0Z5N8cy&ccb=10-5&oh=00_AfYAVqSsTgsdcbZH5A8hsjHCtc6XAMeLiWTRivWIThyZZw&oe=68F340AC&_nc_sid=201bca,,1477678391000,6.15
2790325207886667,5.5889015185434,43.273657261556,https://scontent-cdg4-2.xx.fbcdn.net/m1/v/t6/An-o1FOa6N9Y26GNbcDQM5KOak5zoc298ITxJXWh2ov_R85A91Z-Pn2A0HzGujxh-rHkwKb0Sd_31xsyfPXND6XlCLaAHNV252xhJ_wufbAPV7eDCSaWELvKzFWu1i-ucbRdb09yU3koNfurVST-Eak?stp=s1024x768&edm=AOnQwmMEAAAA&_nc_gid=tGVqmrFaOlPnFbpgNfmMNA&_nc_oc=Adn4kNJItD2WsMdDE9e3RJn6Or1tpBknAstK2grcyjQL_vZJ6qSPdpKyRQMR93bZdqrDzlfomC7MEUD9hJrbfqK4&ccb=10-5&oh=00_AfbD54KDgW8wKhD60KXr_jhyzSbSLbTZRx9Rdxj0ZNeKbA&oe=68F3311D&_nc_sid=201bca,,1503480627327,356.56823730469
2986828221560534,5.5856525036247,43.286401374048,https://scontent-cdg4-2.xx.fbcdn.net/m1/v/t6/An-d5WU2vXRFl7_AyEsjq64kslwQ0TmCgWojgWlN2KLHyD7jEO7Gb7HKYg9N2njY9PiPwMDOTj7T40dXWiAAnwVcvGCtHqI_sjzPkV_eIrGJHdJW3JDE32vgbVQISQLw9HWjLFshvscw9eQ1l0XYMA?stp=s1024x856&edm=AOnQwmMEAAAA&_nc_gid=tGVqmrFaOlPnFbpgNfmMNA&_nc_oc=AdmEikf_-CsyxbUa7uhdMiZ4_MnAj0XYYd3lwOYPhHpguhnqW5GiophbXBPAntbhDm2FIa7qpWf5jytB-HwF4O2x&ccb=10-5&oh=00_AfacDjwKSXBb-WE_u2V7dxDuP8U_wSJQIsyNAFnWy7_ZYw&oe=68F3231B&_nc_sid=201bca,,1509645273000,202.97
5876023619082374,5.5885375636554,43.270988025971,https://scontent-cdg4-2.xx.fbcdn.net/m1/v/t6/An8BA69xqZlDRzbpGogwG3vtTpNXPDjBrlY4m_wD-nun8iLQBaJO57eswlYFXXX2_mtjPRESvD7Ye0DYMpugjbHGdgjAeMOkpPLzm8qTObEYTZahufyJN9xpHNWyrVKMlU8v7svl3wHQEfgrw5iG_A?stp=s1024x856&edm=AOnQwmMEAAAA&_nc_gid=tGVqmrFaOlPnFbpgNfmMNA&_nc_oc=AdmduWUShAkqrk-61cnmGu73aDmLUUjFi72X1U3Iv3_z-XeT0-xb7-Xh-mvE42ogDlcCa0gkbB_BWGSQ2ehPUiKt&ccb=10-5&oh=00_AfZ7Hk-RCVQ2k-AtpGJaqXYoEyqe0yuKaTqnu8OY-rBDHQ&oe=68F33AB2&_nc_sid=201bca,,1509645733000,205.28
1666200270235683,5.5871278725322,43.276933361577,https://scontent-cdg4-2.xx.fbcdn.net/m1/v/t6/An-9BHVs-CzLaP3NVrUIPUxiOyiVohKRrYB1Hz1_mdYEWw0ozeXuQVUjYUYyTjdWhdowu6v4w4JJ6T5D_RoAXSqTZPL5M7-RO-FwQnNBGIp1tUxSIL7ZC6Cl3-EJuy82CLekUDeF0KKyAmF4O3bTrg?stp=s1024x856&edm=AOnQwmMEAAAA&_nc_gid=tGVqmrFaOlPnFbpgNfmMNA&_nc_oc=AdmuDkkgu1K6TqcrnmINa3VIORCDXIjpOjmCWj0GwHKsNss5DIiuBi62PNpURdnH64CJwG2flN6X4U1Zjm5fWX8V&ccb=10-5&oh=00_AfYHo3vjsyO8ErIA0U1lIL2qu1WYUTrwtB4yrBQqYgtWqw&oe=68F3468C&_nc_sid=201bca,,1509645575000,161.92
2566769166961062,5.588818799298,43.271131784208,https://scontent-cdg4-2.xx.fbcdn.net/m1/v/t6/An8JouyphJAIH4vXmcuMJUsneI2F-lhxj3pqVrpbNGeUTxhKd6afIx_3u6bLPrdjPcaXYIFZLUTffSFGnxOW7lyuYqovTVH_pzVthposYbf9lKgGxaM3hz22fdFyMOGcD8ym5JhaBjc_nWp-rUdJGQ?stp=s1024x856&edm=AOnQwmMEAAAA&_nc_gid=tGVqmrFaOlPnFbpgNfmMNA&_nc_oc=AdlAGu3C2ixIC3JcIJBOiLuaZYLQTXw5JI-2zKch5OEbkMQF0Qkx9WPzkKfVbnQVVfmFIPIEd3H5IwENOHXrGDZV&ccb=10-5&oh=00_AfZtm4hH22IB59yW5mjSZpnFnikfCXcCFsBfo7ibaPChDA&oe=68F325AB&_nc_sid=201bca,,1509644580000,25.16
4278023932257194,5.6142501894505,43.278543949225,https://scontent-cdg4-2.xx.fbcdn.net/m1/v/t6/An9l5AH44SOGQEzvFB7s24yx3MNCaJLZZj4l4Sdh58EyL7UEa42KRwcl2-DCthTvrbc1USZGd_GoQPaWqGvbQX4whYsDwI1c6SPDni-Whvv22W-4OhtG2Lx1HiC32NHyaIHEQlqlh5nxJbPftMtv-g?stp=s1024x856&edm=AOnQwmMEAAAA&_nc_gid=tGVqmrFaOlPnFbpgNfmMNA&_nc_oc=Adlf98b5kC6MfZWnajMBUv423SG7eblPL6_JsHkBCOxe8DydnGFAB8_JqhBAWRk7DvAu46WdW_DQ5zBbh0XKBJA9&ccb=10-5&oh=00_Afb0Dl8YFS-Gnp3Knm4LQVxZuYm_CPwy66oHVwQ_WS0BQA&oe=68F31469&_nc_sid=201bca,,1509704765000,122.55
1561823090680616,5.5874683491481,43.291850434287,https://scontent-cdg4-2.xx.fbcdn.net/m1/v/t6/An8zot7RlDGsmVe7KTkBqQvf2U4sZb8NeTtwggeOMwkKIAQIi_WXS38cPPk3vuXTe1J4QfBToNFIDCDqOt6t0jOOT4Vku_XYO5jdtp0YamyYosXTgrh6DDgSqXLtbCTWO8VHw0yuIHb_euMjfRr6rA?stp=s1024x768&edm=AOnQwmMEAAAA&_nc_gid=tGVqmrFaOlPnFbpgNfmMNA&_nc_oc=AdkcvaJzYyDbfjUcsF8CNjE3JO5gZ7yhkIefDOJPutx2pwGpBFol9LwPXP1j-GbmokCgsWF9x2VD3ow4miVJm5Ax&ccb=10-5&oh=00_AfbboRIE6tgGgFHhcfddbHTWJCR3A9-VHn3vFvTS3f66ww&oe=68F3470A&_nc_sid=201bca,,1503480692278,14.195922851562
2222601054537104,5.6069837460238,43.336165183781,https://scontent-cdg4-2.xx.fbcdn.net/m1/v/t6/An8h-umNtRklr-MB7pO2A4lTx_daGdJnADU9sk1unQLLtZXTzRcWDGjNOY1JK9l5xDAiRBnCNBTdGoLI4wQNEHyp1T6Po_7VSMvr-Mfw2SmjU90dtJSUiZ5SO0hNLvgev_POPtrgN8uIBJNTxFcGcQ?stp=s1024x856&edm=AOnQwmMEAAAA&_nc_gid=tGVqmrFaOlPnFbpgNfmMNA&_nc_oc=Adner5hIAKP81dld7loZoyDqVrtdJGRYFE20-xTrqYSJgi5EhxhFBGjx2Hn-gMHPFW4Sx3a834lJ7RnxMBW2gyzs&ccb=10-5&oh=00_Afa6BidOIb2bmyYukzUjAeaZvakrm3hYA7ARHYdscGVW2w&oe=68F34321&_nc_sid=201bca,,1613555865000,24.90351435127
4252304094781687,5.6187290707674,43.300908197292,https://scontent-cdg4-2.xx.fbcdn.net/m1/v/t6/An-nDs9i6sPJtntkfVRkanZNsLLxKTBocfm6ilbXftvng6x1RJ3saVruMcnRmfVRi_wwhQE7IQzgD4ePtS0bx032nNrGUVbRApPb6YfBEkVI9EO9eXNRZMAvSYhdnPLRnoRePqDUZjMCGbN9sf2mZIM?stp=s1024x856&edm=AOnQwmMEAAAA&_nc_gid=tGVqmrFaOlPnFbpgNfmMNA&_nc_oc=AdlbZwHqrZ_UABmDsZEkGE4GzREelXhQpsQeos7EaeWNxQoA6phl75svP-U6vt38vgci-BMA9LnYiaQCnDnzGM1-&ccb=10-5&oh=00_AfbQpFip2IH4lgXgePxp4VajN5Gtzm6tDR0YcmIKgeJ10A&oe=68F332D1&_nc_sid=201bca,,1509706752000,326.41
5847295238644349,5.5871596632952,43.266734366053,https://scontent-cdg4-2.xx.fbcdn.net/m1/v/t6/An8t7Q20MfbfZpHCGcR2ZtTPLU16Qcb-dteKvKOuARKYXtN5FAvHJS6ZyKrVwe3aQG7cpBD-l5lRI_jMRGvCrJMnh4j-ew-kE1oH1F1PXtcCLzjVQlOtL5l2u42DrHsU-tTIQxKF0syJUF6ITYXYhA?stp=s1024x856&edm=AOnQwmMEAAAA&_nc_gid=tGVqmrFaOlPnFbpgNfmMNA&_nc_oc=AdnuV2rKbFh6CgErq00ZA6TboGw7tTyArAEgYRD10UVitzPV6h64CqHzte66VKBInWJv2dfY7OEm-Vs-R5GIykg9&ccb=10-5&oh=00_AfYjGaKwQXAFpOvLOfJxqZH1tPj93Vfx9GNYGfVM4mwujw&oe=68F31222&_nc_sid=201bca,,1509645840000,203.43
3064758783662998,5.5824474037305,43.263196333365,https://scontent-cdg4-2.xx.fbcdn.net/m1/v/t6/An8Hp-fndGc2AGj1M-WMAprrpfQGq6_ZKhTKXQBbyjZyTgHYxqPGAzFQ4AW2z3V6YEDW28UHNjDzXmxvH9NwDdWOR1m6XWMaAh2qhudNa9L32dtuPoky-QJ7fJRzg-pRP_UghDMA9XZrvVD6CtIheg?stp=s1024x856&edm=AOnQwmMEAAAA&_nc_gid=tGVqmrFaOlPnFbpgNfmMNA&_nc_oc=AdktX2dz4NbckhIwkWKK9u84DAv1w_SL9GCekWUFxE25BDSoqrinp8-A0xD-4cJMbrrzB7y_Rrj_C434qvVWtwt6&ccb=10-5&oh=00_AfapLXDiUT8WXdyHiXwFP0b7h9F4LpUGSFd_mfQuVeyyow&oe=68F336BF&_nc_sid=201bca,,1509724978000,57.45
2543544889284786,5.5879727911435,43.264251186262,https://scontent-cdg4-2.xx.fbcdn.net/m1/v/t6/An_y4gE-HKxqDhvKsU3Jxu5NuVtj8P2wjMLLn5Z0QBarch4ZmTz6f8n4mXD1mqChBRgKaRr4QxGwTdzUf0keDtw42bAZI9CYlKKNf7jy2inRF8nEF5vR-oognSHlsdWYO0RXo5GMXX5qZgjrWDJwOA?stp=s1024x856&edm=AOnQwmMEAAAA&_nc_gid=tGVqmrFaOlPnFbpgNfmMNA&_nc_oc=AdlQPgZuhFiwdjdHn40KIDCKkgdP6v5GyE8Dmqa8Q1zLD9YdhhfLx8c0yK-bJ5YrJmZs1KKaFLj_UM6DXNgcBbJx&ccb=10-5&oh=00_AfYj-hv9pvu0N16dnypkXEHfiaIpQuN5R6oIGrn_vTn9GQ&oe=68F33F0D&_nc_sid=201bca,,1477677811000,330.17
2603904236580501,5.580100090642,43.262235352057,https://scontent-cdg4-2.xx.fbcdn.net/m1/v/t6/An-N_BVoO1ZfPPsNd-WsNQwny-2q-YHaxpx8No_XjwWx11Cm9bqj2q_yunUtxtehfFn581oGxx7NEzcfVETj464NEkOFJBPn-ICL9Z5QvCC1yluYyia3_otm-6Efd2A87oKAAidSRRvWBbft5f5uGw?stp=s1024x856&edm=AOnQwmMEAAAA&_nc_gid=tGVqmrFaOlPnFbpgNfmMNA&_nc_oc=AdkTDks4Jc022z1yaQ5CF1Z5yLAp3LkW5txvOBFhn_RhBt-xGuPYUlN9SOwSWCdZ7vSVTCjSBtU_GRrPeb2SlkmD&ccb=10-5&oh=00_AfaSam6II7V6g8HTnNqKEYa2uI2yr4eFXqIifX1t4bQkAQ&oe=68F342D6&_nc_sid=201bca,,1509724825000,82.01
3005426306343277,5.5884574807403,43.266956414769,https://scontent-cdg4-2.xx.fbcdn.net/m1/v/t6/An_FAUp16wjIDKpFE75bGVZjRChNnf8tAjnhUVIhiKNSU-a1feyuL2YWonQDXkxO6E9n8VuYh9OcQ1g4xHs6sDXHHZAnfGQLFl__FWiohYGuSgC5dp4o_wKgjLyglISPC4K1U4wVtbSHziNhLv7BYQ?stp=s1024x856&edm=AOnQwmMEAAAA&_nc_gid=tGVqmrFaOlPnFbpgNfmMNA&_nc_oc=Adl0ci9jPRK-eypvR614ZnIbL9zIsSKbdvWBMRqk4EaMU9vdufjg-PvCfgAZCn1Xqmdv1Pzt-Lb3FS4fRe7FeDN0&ccb=10-5&oh=00_AfbhdcRbVlhjwZiv5g_xcn8qN7GUyZkM_ptiweoBc5D1dg&oe=68F346FC&_nc_sid=201bca,,1509729208000,302.76
1869868436506708,5.5877590877636,43.275992783552,https://scontent-cdg4-2.xx.fbcdn.net/m1/v/t6/An9vadYpzSf0juxo7o7-4PQBScjkzCWWipltQb9No4sBdPk_CXyJQGDaAmRhrAow352ABAso4rNhzmqR17CDg7-BsW46Xq69LCvblNAtGtKyP2FRu9Nh9eLJYaeiFvUL7WxU04uw0pzIgcM0g7JPAbw?stp=s1024x856&edm=AOnQwmMEAAAA&_nc_gid=tGVqmrFaOlPnFbpgNfmMNA&_nc_oc=AdmBdNpQgTmkqCs4UhWSsus1MUTb3IDqrB-9-n8xvBMwrTHyRj0fQTYZIqq0-TQXwIvftsphj1D3z-GrcRkxhoxp&ccb=10-5&oh=00_AfYQ6lOz4t5RqzPjy6j5o4-Vp4mgdCBds7ASogQ_FSihhg&oe=68F33E3E&_nc_sid=201bca,,1509642376000,175.15
2584838881820823,5.5706174797386,43.293949366271,https://scontent-cdg4-2.xx.fbcdn.net/m1/v/t6/An8MgJitrlG-B-DXAi07wAFD0WSzE_8WS5JTsaaHChGqRdIuUYb902xg8bMLALZRaYiwj3SZ5qCd9YOeD72QlpBld17Ajmn1nwCi84zD5jHkVSOMc4Cu_pF2pG0ms7wHqM-H6X7t4r7M_B5X6iJdAA?stp=s1024x576&edm=AOnQwmMEAAAA&_nc_gid=tGVqmrFaOlPnFbpgNfmMNA&_nc_oc=AdnDc9Ay48I4dnmynjS5fdLUjZu8HuMrAPhAgkioFDWeWP6jYYuxvrg4CJADfZEd4rDNztu7GYfUS3Kl4slg6NGc&ccb=10-5&oh=00_AfaMkvXorwQjx0K0Wr0xO_oHmwjVjXECvsgQPH4sdNJMOA&oe=68F3168D&_nc_sid=201bca,,1614163447823,265.20346069336
2985192255137454,5.5839821404372,43.281171938528,https://scontent-cdg4-2.xx.fbcdn.net/m1/v/t6/An-Ay9J77Ta1nC9pbLB7qgTXAfHI1Yn7VgpQuyVJr5e3JqOMwYz9-DGsowADtJy40yEYtwidd4NwvmbMWrxoe0aJ4ax7zCGvAaMWE0goO5kjRoPHwPb-benQofo5e2QIuOjO0t_e-R2VXwqmiOfB-g?stp=s1024x576&edm=AOnQwmMEAAAA&_nc_gid=tGVqmrFaOlPnFbpgNfmMNA&_nc_oc=AdmFRmd7LwTm5pUWI9I5x_otDuz1h78gAbJg6ZRwXyOxaw3a1007LTqwb5VKdGKNPVBgGukdCE3tJEw4n9GvCSBS&ccb=10-5&oh=00_AfaCbAVw0zFWApijtquR2GJHpTzRnVxEPbNwqn8ZZSbJ0g&oe=68F343AE&_nc_sid=201bca,,1617185938470,181.73513793945
4017787218269114,5.5923833858966,43.258211853591,https://scontent-cdg4-2.xx.fbcdn.net/m1/v/t6/An_2BmmCY6gCvpx7lncByU-80nCpqOKg8BXvkfwQakDpcQctfaj58ezorQZNZlT5Oz__vSwz2zBQBkSxMUCKzg9v6zr1ra_E9zUieD5DnElrHXsQe7FPiA0Nuoh5EJxsdXYHM82gFgicaTsqIc5SXw?stp=s1024x856&edm=AOnQwmMEAAAA&_nc_gid=tGVqmrFaOlPnFbpgNfmMNA&_nc_oc=AdnsF-uBixCI9PAGxm9adawe7tlg7rl4Zs2JV__Iii7PtyAy5O86RpuqnvxxtI-kKOS-MFaTWDSgWqA9geL1Msgi&ccb=10-5&oh=00_AfbwC6dwZ7Gq2wv1Nnpn4rJRKTkTdVQYRw-Ry0JOU8MJZw&oe=68F34718&_nc_sid=201bca,,1509641057000,359.2
1909890569175788,5.5565874231167,43.288069632839,https://scontent-cdg4-2.xx.fbcdn.net/m1/v/t6/An-rQxTfV8xkyPaI9K1a5uyJaYRoUQ9t1FE7rqyJ_ROCw-ij6ZneLnYtniYxi1ugdTuWlee3YzPcq-3noXOTg-0leffqVbco7DbQAhKnvwonhwRhXxUQtiomileIrh_ssL57VxxndY1FoG5Rrv4irw?stp=s1024x856&edm=AOnQwmMEAAAA&_nc_gid=tGVqmrFaOlPnFbpgNfmMNA&_nc_oc=AdlPMu1XlxpyKSjG9hecqzURIcK311cfUs-CdTBo53nXvXcCX4QzDrqgjQciBs2dZELRfOHNWcQveIkwraVWSEjh&ccb=10-5&oh=00_AfapMUrRoMs-CEhSTN8wl3eyHkn-IzvAW2p5J4i9j5xJKg&oe=68F32B6C&_nc_sid=201bca,,1477653659000,22.04
2900096103542558,5.5892310040139,43.26709555656,https://scontent-cdg4-2.xx.fbcdn.net/m1/v/t6/An_BUeDJLyFYUBLkx-43xHi2l_rzpHkH1fdapU_6T-mtzjmldpb1xB4IeI4ulyfRF2YMt7yXywqUsJ0jzYOdETDlxpsVmt6MQJjr7NazNBqPgkVDcEh7byZoo84plWk53cpuet4grIH6o8HodGiA_zA?stp=s1024x856&edm=AOnQwmMEAAAA&_nc_gid=tGVqmrFaOlPnFbpgNfmMNA&_nc_oc=AdkrTwwph2y0ESDseiN_uw6-rZOrRc__Jz-uhtopSlaIVsi5C_Ci95beaBj8AzEbvO7P4zmD7Y_qXdPx0PI6MEc7&ccb=10-5&oh=00_Afbn48g5ygbCRIvfp1Gvk-b3JDZFtLMUY6b35RUAVis2iw&oe=68F34192&_nc_sid=201bca,,1509728910000,52.93
1662023647317191,5.590528255728,43.260177701574,https://scontent-cdg4-2.xx.fbcdn.net/m1/v/t6/An83HN7OI6wDekgrkHTU8JFZlaENfHA8UJPAE7sg56hJUtiNPznmTSuDv51Ruloh4n48Hp2t7qLkgS-u5iEhG-bWb3w59zxrl0maHfQjeYLgegSliI-5SYLMUWiiVfIZwqxcCzG5NByWCY5RVQkloA?stp=s1024x856&edm=AOnQwmMEAAAA&_nc_gid=tGVqmrFaOlPnFbpgNfmMNA&_nc_oc=AdmXChnOPTQ_hRNzfRBuYXD2GjPgRiJwJIG-uh6YuHg2VtAFE3O-BWQLhg5sjTNdVKbjyB6QzH7eKDpwuGSetRnN&ccb=10-5&oh=00_AfZ-LdIwF3sykT7d3FYn_F7qn8N13k687Df92tugc10xVQ&oe=68F34570&_nc_sid=201bca,,1509729754000,170.33
2800044553659011,5.5897326509675,43.295428063539,https://scontent-cdg4-2.xx.fbcdn.net/m1/v/t6/An-8sk-X4AVVkdsI0wb7n2v_FiwM1lSjopHtI6r8KT09a5N7mCj1kfPsIrrff-zFoSLS7ORdscwBaUekZyKX20Z1nDIUb_DBcukHCCAu704-_OrdPYTzZ7uIp3kQbDKDEocvnNVo49f3H8ETdGmaZ9U?stp=s1024x576&edm=AOnQwmMEAAAA&_nc_gid=tGVqmrFaOlPnFbpgNfmMNA&_nc_oc=AdmVHLyJLAHCpSLhbchqlOVpYjyRyij2Es1Wa_mirq79yd3oWnVDnmPzztzUBOi5kK6YrSpZ9JzR5CjSaR4HgA67&ccb=10-5&oh=00_AfYGs7mJdGwpjQX79qvSRL2Yg9fylOIEul9cbAovH0kWEA&oe=68F33751&_nc_sid=201bca,,1617186983371,22.098236083984
2942622436008388,5.6343009547831,43.296348128958,https://scontent-cdg4-2.xx.fbcdn.net/m1/v/t6/An_Ckyg41EPb0NpDjbo9ekWvrDC6BrFdoycQ3a2af27xrI7NL7j12u5puQmXMQdS949i1Jl7ar9yQqwOamgmzRqQq1T1JFYI3I1LawneQ2O7ttiVroQ_i5u3m-N489gPONHiXKCFRB-lphTIDrRyKg?stp=s1024x856&edm=AOnQwmMEAAAA&_nc_gid=tGVqmrFaOlPnFbpgNfmMNA&_nc_oc=AdlHkJHHYgTo6CKXr7gjubgZRGOmMCWDQfMxajyz_a08g9zRz6WPcTueYFoE9ZYU8-_GDd52kiRB4xrSqO2g36E8&ccb=10-5&oh=00_AfYfroXhVTxlc2H900AlltrF9PCv_ZH76i-Ee8wcnM08LQ&oe=68F32C9F&_nc_sid=201bca,,1509711267000,272.91
3999840513404588,5.5923809774566,43.257746997721,https://scontent-cdg4-2.xx.fbcdn.net/m1/v/t6/An8J0Yu5Z2vIEDTY7ynrnOVc5ebm9NGN6tEHPGXp1v17akPs1Qp0K6jkqpk23-H9cp503rFAdeHpOfCeuKKNpdd65eDtxoJcaja0TkH92hpgSyXAzwp_mZcTJsb6zen_zj1jndQSS_q81gRV5kSIQQ?stp=s1024x856&edm=AOnQwmMEAAAA&_nc_gid=tGVqmrFaOlPnFbpgNfmMNA&_nc_oc=Adk3kgEDLE76VX_PUtr7Xaaig_98CSDlALee2fvYnuCkRul1vO8nKyY8UFHVmqlPRf3GF_8rUDUA8buJsCniq277&ccb=10-5&oh=00_AfYDE6u2A1LPTLBq-qjeYe2e3QnYXM5Rh9BIXnuAN9MBqQ&oe=68F32AE9&_nc_sid=201bca,,1509646087000,175.7
3016329155266420,5.5904706768622,43.296164628054,https://scontent-cdg4-2.xx.fbcdn.net/m1/v/t6/An_fDY5fPlPunV1S28BzXVGlTFe-RSkweklBoknmzEIUoOsu_TYifKKY5BgXTUeMpvhQ9w5xMlLPO-5C2yFH3vqKuhwh_82RPX8r29jZNr3fr5ucBLXWPUh-n_mOnNnAjDwoXvq1bUKvpzskC39aaA?stp=s1024x512&edm=AOnQwmMEAAAA&_nc_gid=tGVqmrFaOlPnFbpgNfmMNA&_nc_oc=AdnN0KKdL_gtQIolLVWX9SoLcsYf6d2czD27h3ZT3xf412BMLMcRBphgoPg3HH7w6jrZbRjVBLyQt33fBUH-N6Ad&ccb=10-5&oh=00_AfYa1ZzA7dmlajl-rPp_2oPblD1kGNC_wE-PChE5gw0nQw&oe=68F31B60&_nc_sid=201bca,,1614166641000,35.440356
3031867690384037,5.5927618737792,43.295955777098,https://scontent-cdg4-2.xx.fbcdn.net/m1/v/t6/An_f3DnXl5q9HJVYwUjpi_FiBE3FMEEEo0KpWclqoIZuT0M8epADf13bRRjHeBvtFkQ8EbOZSOwbmkFhaJWvqAUki4zNqQjKxnq28J_OMlEkThQ-OOw7Y9UTwVwTuLscvnZU326clg3bgTCufvVZxA?stp=s1024x576&edm=AOnQwmMEAAAA&_nc_gid=tGVqmrFaOlPnFbpgNfmMNA&_nc_oc=AdnbrP9LD0ylLBC0cLFgmGdYxbDAYeLkCoZgfT765tpiJZtixutPtqhrt6lbDgCjVLOuCW1uocA-MvcKo5iw7yQF&ccb=10-5&oh=00_AfYra4-DDP5fmdXr047yTP2-7w-XWSzBUJ7h3bIvVr4_JA&oe=68F31172&_nc_sid=201bca,,1545047619870,25.296569824219
4231193753577752,5.6399378754731,43.292701291809,https://scontent-cdg4-2.xx.fbcdn.net/m1/v/t6/An9gsq2jsqycegCK_P4_BxRX49fku_VuQn3xyHLDggU8lmRHJ-KtuJgUtJqzADDlO_ue2pXCuUvwMmEOzqfrb4F4cj4bQtYURvKU9KvbLGQNaGc9pxG7tiO7l7T_V3WNOZbQKZYJ_yF8ggPMGE2H1g?stp=s1024x768&edm=AOnQwmMEAAAA&_nc_gid=tGVqmrFaOlPnFbpgNfmMNA&_nc_oc=Adn1yFtRWpI3bAUX7blQa5UHM0BZ87FoYxKmZYdz0DLfIZbSS2I90JnJDqRrpGhlztEivy3oZ23Z06Uy3Pq3ZfvT&ccb=10-5&oh=00_Afa9CeWJ0Jk56opiugihrQfO6v_Oq20e1_ESBWfFwf4-Mg&oe=68F32011&_nc_sid=201bca,,1610545896000,105.75004044757
2832568053534425,5.592622955361,43.257314117054,https://scontent-cdg4-2.xx.fbcdn.net/m1/v/t6/An-Hhb-J2YN_dQGY59h738lwIOEop6pugzTJYSWFLlseOVxLRQVRicqWSvCvjbFT8pKJGzNE82l7GBzM4Fy69wBs0Gp58OvYALuLNcvpSylGFQbdzRgQ2bDjIR_D2-mmP_qEs6M3vZIlqJXTo02C-Q?stp=s1024x856&edm=AOnQwmMEAAAA&_nc_gid=tGVqmrFaOlPnFbpgNfmMNA&_nc_oc=AdlQOs8IyVpIBhG8AWqzo3-7ypM0yd5x2XH3bIuGfDSul_rwZfmEX2kmJRIz-o3Bttde7ob1d8jTGUjqINEUpL-A&ccb=10-5&oh=00_AfZLJ4Nnw2Sv9SI5Q7A3cq5m0FKErHM-pJAYcPNTW4NH6A&oe=68F32D87&_nc_sid=201bca,,1509646098000,170.9
1635833049949274,5.5898988224989,43.297940536565,https://scontent-cdg4-2.xx.fbcdn.net/m1/v/t6/An_OH64Jnvw7-whfRc3lKXERNYK3CHjdYJrIr_rX1JuWPoT-uujRwFBLQgSJLdngF1OFfGJtC1dEpWqrCqMeL46c9M2-PdkVgVXXq08dNWUe-QxSLtL7I4l8Nuvxj8QUfxUaNUZydh3hG63U2NTXAw?stp=s1024x768&edm=AOnQwmMEAAAA&_nc_gid=tGVqmrFaOlPnFbpgNfmMNA&_nc_oc=AdklIffnzarVi7Pu1ESlm0kigj2UkrlY2H8QGbARFnxgdpI7lWYBK9fpErXBkpyLCWrpgruds26y3nmotgxz3SnQ&ccb=10-5&oh=00_Afa5I4H7WpC6wDAgrW8nr_l4VacXZphbOH55quebxavmGg&oe=68F3377A&_nc_sid=201bca,,1563185226332,80.202453613281
1646041652248968,5.5916820849052,43.311638299787,https://scontent-cdg4-2.xx.fbcdn.net/m1/v/t6/An-l7jfg7clCrayhXsO0LqUs7CPGJkF0uLh_s-Xt_9CQrJM4y4pxt5kFsJQOFGDxc76TaI1xsdYBNDopj-jt_OmixAbsiQZjkl_Lx1WDdyYwiqKopM70JDPVJQlfD9M6zSWjAfrGIkKGUP7H5J6ugA?stp=s1024x856&edm=AOnQwmMEAAAA&_nc_gid=tGVqmrFaOlPnFbpgNfmMNA&_nc_oc=Adl9I25yFAkiK55agy_JbPgL88qbQ1LBks81KccXYfiqHswV0gJ6B9yLeksCC1kRbte1Yh8ZyuFI3DBA8wCORLIL&ccb=10-5&oh=00_AfYPQbOVCcWE0bOGpMWTFWRHP4nKVEGYWTLZpWyVaANDdw&oe=68F32E97&_nc_sid=201bca,,1477678865000,351.04
2922331021420189,5.59162125976,43.312112863613,https://scontent-cdg4-2.xx.fbcdn.net/m1/v/t6/An9J-Iq0QyiE2gAriEul1bjHyZ-Fg3PwqCyvgvvD217YrfVP62lMZiIfjF4mmqBpxmnyxLzA7Mt6cYd7y1FZy2OJCEpOgX_0n1tgaQtLN5anHZzSEswHeelIxQuFv1qM6pOMJQJwVtidBGzIOOvb1g?stp=s1024x768&edm=AOnQwmMEAAAA&_nc_gid=tGVqmrFaOlPnFbpgNfmMNA&_nc_oc=Adms0VkZPrwq8H10zuPfFq9blhSsNYVaoooXd0FdwnQMlbTJ-mV7lWIG1y-7s_DM7VFHU4KuZNv8shQsn9aXzKfQ&ccb=10-5&oh=00_AfbUoVxNxawurQVSktZecbAPMRxRA62qIkWSW_LDrlShSA&oe=68F33CA7&_nc_sid=201bca,,1516787651092,354.72537231445
2892185101048309,5.5911727821861,43.258639642943,https://scontent-cdg4-2.xx.fbcdn.net/m1/v/t6/An9TE9GuwNlpi5Ln2sfHZrxg4hiU8sfpxLGM00Pqq2jJutDaa-XsxXmuMV4NyIAS-FEhzNcL3D3IGC5wD6viCOEnMVTWZrXENttJGGPUGb1bTKybnFGJYluLDO-3fmq0l9hhvtXYcfjZrFn4b5BvYw?stp=s1024x856&edm=AOnQwmMEAAAA&_nc_gid=tGVqmrFaOlPnFbpgNfmMNA&_nc_oc=Adnjh_NaTceqQDy_ZUul_pfnBvoblEyh70bDauGlSrob05kDJeTHcMmYbjawICukz8uT8iSxDWpK0joJPsD-hyia&ccb=10-5&oh=00_AfYgm-qJz1nN1aFQkU5iKSGsIUhgQHg-bDpFeQz32tI-jQ&oe=68F33B9B&_nc_sid=201bca,,1509729859000,135.41
3066246706945805,5.5918149252673,43.257093146347,https://scontent-cdg4-2.xx.fbcdn.net/m1/v/t6/An-C-59YIKUi2Y8QF_1sQx22WjLssFInsLgQMnY_dq1aFYSzvbMpw6ap4zNuVKoasCLtXkS2P2q4jAiBv8L9H11J-rlekHxuzrbBmXOT7WvcERUPJfnflUP59n3A19hRq4kCwM6bMZ3RWzLqpckPIQ?stp=s1024x856&edm=AOnQwmMEAAAA&_nc_gid=tGVqmrFaOlPnFbpgNfmMNA&_nc_oc=AdlqC9rdD4IA-66hnFFFMHJHRC3AtfBF6nL2AYgxRuvOVfH9DPiV6sNTG7EAwutTTlmuxUv4nT70gee88n75odqI&ccb=10-5&oh=00_AfYeZRRio9p-D8lOJY4GL2jJMDmcS_8N8csGEEMaNSbjow&oe=68F31FD9&_nc_sid=201bca,,1509728151000,36.42
1654035351455092,5.5892011320285,43.291643554741,https://scontent-cdg4-2.xx.fbcdn.net/m1/v/t6/An_VWes0hm-eZ-yrZA5gaBdJpdRV6e40ZIViBmY-jKSAlcEyWHWNma24htfSNKWR-OIGBwQi27Km9mtNFGes_XWbfLDhol9y6bQRdag0p6LXQUYvdo-97Jnc1PfQJeI739t8oF87Xi7vRho07KBpeA?stp=s1024x768&edm=AOnQwmMEAAAA&_nc_gid=tGVqmrFaOlPnFbpgNfmMNA&_nc_oc=Adm_pMb9evuua6_BVkB929vu5-7gI2QzjSXWJ3wUkJYytYbL-CsTFtUEppqxnNnFTctokgQTZkzj1PGFdWMrSayf&ccb=10-5&oh=00_AfYhUkLwr7WYNXSBfnGpmgMa05LBPdCrovqZNuOZUfPLQw&oe=68F33317&_nc_sid=201bca,,1610539206500,93.33066543703
1516647095340950,5.5906426118689,43.30061921736,https://scontent-cdg4-2.xx.fbcdn.net/m1/v/t6/An8jDy5qqN5LaZvBkQ6a8pJADXHakIH5PegY4QChEk6mr07jOMv8zyD_6T6k6N9jAtnGqBg1NyczpqXNbCRVvRmh_x3JZgMv7C6QzG3doehV-e5HEZABLecSC5NN74zRiAG9RmDVLLc5OoeDBcYv9A?stp=s1024x856&edm=AOnQwmMEAAAA&_nc_gid=tGVqmrFaOlPnFbpgNfmMNA&_nc_oc=Adlcs6n0uSnYoBLYYgkOSDSrh55m-bYRpj0rsz0Na-boafzvC_Kx0VZOkpfoDA0LheUGEGDjdsNqXvll1ipEaa4q&ccb=10-5&oh=00_AfbRyVC0SinaW0j0yVjlriYA8j0sKdOS2fd5z1sulirTLw&oe=68F34686&_nc_sid=201bca,,1477678636000,13.37
1690597341330647,5.5938427419815,43.291983299417,https://scontent-cdg4-2.xx.fbcdn.net/m1/v/t6/An9jWAmeY4IlTk9zd4J7rl8LAFb6IIXh7I2f1qDVM1qkJ3QRlc52fpaBE5uRZtYyIO5QpaXSN8gayHqaXNopYQH0EAgpH1yZFbiVbeNR7xKXipnHWgIFZXWqJJR5oVJ9ca_B_bwcnLdFk1jZOlHaXks?stp=s1024x576&edm=AOnQwmMEAAAA&_nc_gid=tGVqmrFaOlPnFbpgNfmMNA&_nc_oc=Admv9WmIWDTlcLJjMEvxeqZrvK-hLi2l8Aw0mHDeX9EpS4LJTXHWfSzM_IqRfav6iiW796sQ_ReZR7B0qKMaOmxg&ccb=10-5&oh=00_AfZc0bwRfcYCqdzyTUAINzM8tYiSpO1RyB04Ap9-7egukQ&oe=68F32CEC&_nc_sid=201bca,,1544700823613,200.89169311523
2960491484274557,5.5928534450576,43.32032947924,https://scontent-cdg4-2.xx.fbcdn.net/m1/v/t6/An9SGrADxkJkmDAlu9EtP_P2clG5ChxKYknjc3w-z9LEfl__FiJ0NbkAMniDsUlI08NFEVohadBTXP4NrAWijxeSd6D500euAX4KUsuBBnQu_m3qVC6cSV8a3q2BINOryU-5Df9d0lOZgZoUkYQ3qA?stp=s1024x768&edm=AOnQwmMEAAAA&_nc_gid=tGVqmrFaOlPnFbpgNfmMNA&_nc_oc=AdnTPIE9HWtis7CeCFN37qDVt-GQRqwlLaC28GcR95N2gIQkHFHLqG1AUmEB9kclW0gmseCwx_PqYYCGUyhWDQ61&ccb=10-5&oh=00_AfZJMoKetaMibDSBqTUAMrMwzoABLFLCusf_t50jBOvFAA&oe=68F3309D&_nc_sid=201bca,,1563185069264,227.38995361328
3982675661808129,5.6377533221158,43.293651520849,https://scontent-cdg4-2.xx.fbcdn.net/m1/v/t6/An-FCZaZTYquDpSimR4vkIufYUmMUZJhfKF-4BoioWo3Z4S2lvqltXMLcoLBjhSZD-7xwWuoMoiiEocNWRglfAE-2ltDJCpvUUUHXrMjRqvA1fSwcDWO8yWU3czUFKVVblVwqe8ZauIwcsDDEdKpefo?stp=s1024x768&edm=AOnQwmMEAAAA&_nc_gid=tGVqmrFaOlPnFbpgNfmMNA&_nc_oc=AdlIr1ru_OSVXUcLXWTyEwukjX23y6QfQLiSlu6pv3FEsBLn-kLHzUEph7ynuXoN2-Wi8ZKag7jN4Y_Wm2eZpbK6&ccb=10-5&oh=00_AfZrVQAm8czQTkDaL1Mcd99ONvyTJm_tO-xnpR5-0HJv5w&oe=68F32E3C&_nc_sid=201bca,,1610545878000,104.45959331328
2871121799814203,5.5939685445652,43.320969552025,https://scontent-cdg4-2.xx.fbcdn.net/m1/v/t6/An-EismhCc_vC6iVJwY3HQaZ18x4UU3CRFtn_CwEm99-sDkJAvt6OJjenFaLx5ubUepC0gHCL1IN3bWEUeGEk7xiPodw9wGyfXUu6nA6RHUuD_09c6Z5-EnBlTrFQBZ3vNrMOf-S8Z7rJ5Sz2zkiEQ?stp=s1024x856&edm=AOnQwmMEAAAA&_nc_gid=tGVqmrFaOlPnFbpgNfmMNA&_nc_oc=AdkkAWFDc3VJLMP8282j7NhD2rJ-0RrQ1onqsBr5bHfPaWgTDWUAy0OPlOzQulMwo3jJpAp4CIwyPk8YWeHScghV&ccb=10-5&oh=00_Afbdl4GIx00evg3Ax1Ct6uD99rA_E_l1FAlEy2aMpKytOA&oe=68F31CAB&_nc_sid=201bca,,1613555212000,188
4120044998056319,5.5973607169489,43.298315378478,https://scontent-cdg4-2.xx.fbcdn.net/m1/v/t6/An8S1PjYG0zWPV8pkBQlI48uGCMTjcZi_JF_0OZNV97ePMlFOPe-jJsI3HIAWBE9jTYO1r6V1UtqmGBAmTQEGpZQ2YBbyllM7zerZ6b0aJze06lAvGcowyPMfXF_6sg-TvRZ1pTBIYAami_pimxzaA?stp=s1024x856&edm=AOnQwmMEAAAA&_nc_gid=tGVqmrFaOlPnFbpgNfmMNA&_nc_oc=AdnEuOJ1YLeqGKeU_9jm9LhCMMYHcyGOeMM5WicmARriaanxbbMgKMNf8Eu5s5ofuyzf50YdQ-5o0R_rIepavQfs&ccb=10-5&oh=00_AfZK1nReYNyqI21BCzpNooi9o5vD7N7FOTNDPu1eDihIjQ&oe=68F31D37&_nc_sid=201bca,,1509708450000,313.33
1896995450449205,5.5987398770455,43.324198704749,https://scontent-cdg4-2.xx.fbcdn.net/m1/v/t6/An9YvwC_26itYB0Mxq3kvyUVX1gvcghec3jw2XdSaNeukENVmPn4gbKRQYjxg1PvuDUsn9reoSQrPz1rWDD9t7L9pHMKL8hLSjzNzHZ1K-qnvUp798Ry3-vMjg0JT3EZb5b78oYJMtL8i9nCUErQF7o?stp=s1024x856&edm=AOnQwmMEAAAA&_nc_gid=tGVqmrFaOlPnFbpgNfmMNA&_nc_oc=AdmZUexiGcnGWdYChVuOUhN5bWIUZNTmsSv-RiCEsI8TajF73ONndyCZa_Tu4YHHgMqBKGMJFF4Mh_RnazilUvaU&ccb=10-5&oh=00_AfZBdob8PjEbYv6SqtCtWXiXvFiGmg9CFtC0dD0phjozyg&oe=68F313B8&_nc_sid=201bca,,1613555562000,32.478697393378
1885885748238100,5.5982508468335,43.323792653659,https://scontent-cdg4-2.xx.fbcdn.net/m1/v/t6/An9b4IVy8cuPQ7wLaR8Xej1qIlGeIitMRq34Yc3xjGfygcSpW1aPG2HTYNr7-q1Uch6UXLqtaf0rlUyDIg93iY_gr8R-pedo0OVwYF6ASV6mDbq3J5W6P5TJx8qNC20P6LxKgbvMpPsEeQTCNVycuho?stp=s1024x768&edm=AOnQwmMEAAAA&_nc_gid=tGVqmrFaOlPnFbpgNfmMNA&_nc_oc=AdnFG33bducumlSrLTVIQHsy37gsWhfJpDTuHsRmYB5JR8OWF2wpfoOHNeOaa9F5Bb-Y4QldV1s59j8hmsr3-JXq&ccb=10-5&oh=00_AfahVeaVy1-Xq-rqZzc-arRUKKb_pPf7QrwveouWob-ncg&oe=68F34216&_nc_sid=201bca,,1602518985269,41.649953399623
4073329136118843,5.5981476640907,43.323619911823,https://scontent-cdg4-2.xx.fbcdn.net/m1/v/t6/An8rsvCfJWhcxg6qk5yOFZg8aBvQYQxJX8H3mjF0frR8vrxWwCWAVGvaGIIr0iOFF2v4A_wudpkCXCxJIu-R3ks7b5RWLQw8e7I2g3YQv4JjHe0RJzWraTSL1nKZDC_A8Fu3319RiWESXyDZ0UuSDA?stp=s1024x576&edm=AOnQwmMEAAAA&_nc_gid=tGVqmrFaOlPnFbpgNfmMNA&_nc_oc=AdkLriaYPuuH3rF7fAwBH_BSbSgmFw8BmVI7AoIcPVbU6nIQs9fLMFi1xB1BMDWsSvjt--bXmxeCSQ04BnEqW_2x&ccb=10-5&oh=00_AfY2BTB6cCCosrV7GW8DRs_2VkIidzL-HgenoPYau4ZlXg&oe=68F3339C&_nc_sid=201bca,,1617187337381,45.934417724609
2966527276924912,5.6015402319977,43.287328389313,https://scontent-cdg4-2.xx.fbcdn.net/m1/v/t6/An9cWnqmFCzqnUR0wvc6n1Vl1jzge89qtwYM-KfbIYlAr4qXS6gtlLmv1xRtAt3eCkfQQc4ZyNamzDQROnmTsj0UEojFlUhZ-3bNyLWbUs7cskqFhwr5U5SwbQsWhsSnRLaD-bKF9Atyf3UOExQ3cg?stp=s1024x576&edm=AOnQwmMEAAAA&_nc_gid=tGVqmrFaOlPnFbpgNfmMNA&_nc_oc=AdmC3uyj89ZkSJbIb528_b25V6O69TVImx8bBNMNUx_07xDagk_j8P1m1JsM8jSBWocMiiJqgmGdFyQmXmGzdS6f&ccb=10-5&oh=00_AfYx2o6OXkLGjyjtp47F-eh3XW1-HW8aZS_0SMbIjqor3Q&oe=68F32313&_nc_sid=201bca,,1544700388666,351.40008544922
2780308265446769,5.6006617632623,43.327324085091,https://scontent-cdg4-2.xx.fbcdn.net/m1/v/t6/An_kR2XpLR7VMebcJvl8hVaUvWX6XIa8G3rAk8myNXWs-089DmcjLDeZ078zHBjY8XvGfq52w4JPQ0eVGdMkc5lXRbkqN56ExaUZRvB2osAH1ssascqAJZqsrkyzLGp-vif6AxsY3CDBxFzF2gjNpg?stp=s1024x856&edm=AOnQwmMEAAAA&_nc_gid=tGVqmrFaOlPnFbpgNfmMNA&_nc_oc=AdlwxWlhpaoeM6WT3Zdqr6iTB-SmZhgXnMnSwzXHT8f1_e-wjPBbf6dd4dFp00se95hTnUPMITvv--7mSuq6825p&ccb=10-5&oh=00_AfZ4OJNmKlMColcQ0q4zif7HxiYGG2BIs2U35V7y_8IrUw&oe=68F32DFA&_nc_sid=201bca,,1613555667000,46
4104118122967270,5.6159528870024,43.280005075734,https://scontent-cdg4-2.xx.fbcdn.net/m1/v/t6/An8D6YExvk6jQXA7VD-cb46jm2j8cnt8WO7arbsNgBTMhocGmS3_YkAk7DC0IX-eSbPtRbDvBvf5AeCLtcLjkq2GM14j6jMlnZgbrpltv5mw8xizRGfjp1SMM659CPprDAb94x0K1deq3NgXWAt9O0I?stp=s1024x856&edm=AOnQwmMEAAAA&_nc_gid=tGVqmrFaOlPnFbpgNfmMNA&_nc_oc=AdmLYC3rOQRYHqpYCTibnCENFUQGs4n4jKCLaebegv3zIYdTpCx61XLGXS1fYIR6Cuu3tJJs5Dzo-1Ga3gqHP_Nx&ccb=10-5&oh=00_AfYzs-m5FQrzROG1e53iDMaQdFSnv9XZpAmM8JylqnPE7w&oe=68F33051&_nc_sid=201bca,,1509704411000,292.76
2517201438426269,5.600492804638,43.327106275001,https://scontent-cdg4-2.xx.fbcdn.net/m1/v/t6/An-2oHa2WyFvf1B9XBOxqNKJ77VD-g_fA0PH38FjTCn9uOkUkXczTFU8a2AOpqMkbzTJXL9nA4zb4MMv_5kzvIg1PIV0uFWaN99cha4vTlxrzhjlr5FlyMeA-sd3R0Z7CCjAatJ8xgrA7QmaEDGsIQ?stp=s1024x856&edm=AOnQwmMEAAAA&_nc_gid=tGVqmrFaOlPnFbpgNfmMNA&_nc_oc=Adm1G37d5oFo3Zs9ToUU8MkMptqrZlR6ZYhwBs86UadkdI7CLrBRxf_G1lTI8C1_4CFleVeU4nTl_ddn2DbGz5EJ&ccb=10-5&oh=00_AfY-mtNXXBw3ORzNb6dooKGjxbYITukAJju_9kYD5Qwagg&oe=68F33F24&_nc_sid=201bca,,1613555661000,47
2848173998767620,5.5966493682423,43.323144522078,https://scontent-cdg4-2.xx.fbcdn.net/m1/v/t6/An9npRoKDQZCkWHiWJw0kSmQX6vKst8CQBZ0J8Lt4u3XhGuN3hIyCUDEMA5bny0cOzyp1e5GychLC-Xeh68Js14rLutbTsRYgQN-_m4JuiVw5Mppnqa2sHXc7dyRGIShCwR61PfUPgdi-g6CJqR-NSo?stp=s1024x768&edm=AOnQwmMEAAAA&_nc_gid=tGVqmrFaOlPnFbpgNfmMNA&_nc_oc=AdnBhSzWrqUCL78XjV7jU56gD8K2ptXrH4FU_zlF-4q_FYICJTFb-SUS-NqqEAoa7GSCPsnTN5IKmcGX5EbUbIrI&ccb=10-5&oh=00_AfbhXSjjrKCvi_fnPJvJgIMxWJQAvb7GSm4ixCH7neGVPA&oe=68F318DB&_nc_sid=201bca,,1511689972744,217.51873779297
2874540396142246,5.6003229748399,43.326918918939,https://scontent-cdg4-2.xx.fbcdn.net/m1/v/t6/An-_wEH9JvRl6YxOdozocuL1ezJXfqldrerVtmVycpX1URm33sdQGySS6kFq2fvV-6P_Wn1xcbnGm3pff65UPAq8WdjnGBjsjqLlkLppdBP5AljHuA2OU86-GcB3koK6ZlieIVM0M53euxbbzuPKcw?stp=s1024x576&edm=AOnQwmMEAAAA&_nc_gid=tGVqmrFaOlPnFbpgNfmMNA&_nc_oc=AdlPZF05hf5iryWxG8LpIj34Qfhba3Mljf95Y7UPZDdtp-oYPTfFweGdkTfIW-1tEEF6Z0GVjCL8uU3-Hr0Yu69a&ccb=10-5&oh=00_AfZc0-9hBNiNTt4-otks-Mn3gNPP_l9CAXYv5cHJ2_uJ3A&oe=68F32D61&_nc_sid=201bca,,1617188140443,28.94677734375
2937549343196471,5.5943952633579,43.319650976808,https://scontent-cdg4-2.xx.fbcdn.net/m1/v/t6/An8Lu7aD_Gint3c1JXqVGOA5NO5cm55Jnlf35cEwqFdiumFV5QzXNQNFYE5gavnO8BnNg-pEMzwTZAXGW0WFlheZSyYLdlFDRWSRLm68sADTDsokHjCYJfcRN5SSIdgmwN9h9sC7ic3XKIOAOqn9iw?stp=s1024x856&edm=AOnQwmMEAAAA&_nc_gid=tGVqmrFaOlPnFbpgNfmMNA&_nc_oc=AdmU3mHLuUiz2davMJcHqQ9CzgfrazZjbCt-0br02pxfPQsdHT48vz7HrhXi9_gpqBFBZRlD93CJQ5fT3ycv4mx4&ccb=10-5&oh=00_AfZgyFSPcRidLMVh6Dv71R-lAoa9aWM_X3vekmiwS1_thg&oe=68F325A9&_nc_sid=201bca,,1613555280000,158.79274045106
2829324500729796,5.5977274748949,43.324570222434,https://scontent-cdg4-2.xx.fbcdn.net/m1/v/t6/An9W-3OP4kbVPhhvTKz8FkZU1BIb8RhgoE8esEklIg7gotbfpsgzdidLx2OBRRurq2i307yPk_1R5jbWJcljRdpfmqu_cTsh69JscyAGVLVWeOCwDwczAjEkKBBj9o9PTSo3tZWVDne7ixgo7ihzBgg?stp=s1024x768&edm=AOnQwmMEAAAA&_nc_gid=tGVqmrFaOlPnFbpgNfmMNA&_nc_oc=Adknu7TtzYZ_PSfwEV4P2jL3Ljypp7DRpnwjyKKCYQfdvIKcFI4l5-QidrofqFcBi9cUiuUjP3PGbNpFskVHah5O&ccb=10-5&oh=00_Afa1vJ0uxFVJj6QBkB4PlZ16XrLIHyGrA23N_yr4sd0dxg&oe=68F31A41&_nc_sid=201bca,,1548520612026,209
5489534437755184,5.6015582141265,43.284254089553,https://scontent-cdg4-2.xx.fbcdn.net/m1/v/t6/An8Ad6AVU_4IbA8e_7WfR09ca67ds_DinLKbA8F8Lk429LQ-1HjO5le4GKpSMiLRA67P9HsIfFIUzNXQELGPx3SAzQGz22jyZeJ8ppXt48yqzeNuhTXVaFXMRgGstxrRNaQVA_ibps5_MjvtoayjeQ?stp=s1024x512&edm=AOnQwmMEAAAA&_nc_gid=tGVqmrFaOlPnFbpgNfmMNA&_nc_oc=Adk-ABDrl504twF6G_rwgGEVzgNxJbFRfH90cbjTHPJS0uun7ZX7KRtZNS6HMho6QNmJptZftiXPQ8Y9Kz6E0xWi&ccb=10-5&oh=00_AfZir2sSauXAIXIgAattuSe6qziUzGBVvCPWxhzQrjKOvA&oe=68F31E14&_nc_sid=201bca,,1563218305868,0
1934332690057583,5.571595467712,43.259770623135,https://scontent-cdg4-2.xx.fbcdn.net/m1/v/t6/An_W1hEEYc3lF7lFoARWqlTTvSVUD_6M1C8aQtRKzNXpQCm4qB2UhR2m6RgQ1NZ8HbMQS4Y9K3FZbQKbwabSBUHZEgG4bkY1MOhxedv6xcxZ5nmyXuIYLnPApr-kaRioUaJ614qlqjV2Omjh2sHf4Q?stp=s1024x856&edm=AOnQwmMEAAAA&_nc_gid=tGVqmrFaOlPnFbpgNfmMNA&_nc_oc=AdlZidfOT6LGUPbA8C6O84LNW6vDGTV8EZrBVCdq2g-1XdgF0iw-AGBtXqnDHQ57EY7i70xGp6liYutw1zBXlPbe&ccb=10-5&oh=00_AfYnp2_nNPIBMYFN81IcwZNEA5w7NlTG2H8MJ0zpVRUAsg&oe=68F31C06&_nc_sid=201bca,,1509726727000,66.5
4367785073240987,5.6016698181278,43.286420867944,https://scontent-cdg4-2.xx.fbcdn.net/m1/v/t6/An8ROJNnH0Zi7LyV7l3xCMZVO5Fpm7D4aCZ6YnLcTZwI9I1UyHSJKE70hign0GTNzGEVW0iGDg787XUI4_0z-Mr2IuSNBpDY_ehys9PwVusyjGA1unzX3RKi32waji2CdmtUooEugQoooapHW-fzow?stp=s1024x576&edm=AOnQwmMEAAAA&_nc_gid=tGVqmrFaOlPnFbpgNfmMNA&_nc_oc=AdnxBe3NxZ2dePTFX_KPAXMYh__iLJ0AKiaPgHREdN42cMPshiomkhomr8nFjZssmqRjKbvqp9rUq735L3G4-2U3&ccb=10-5&oh=00_AfbsyzQbSb6vcNNOMyRhi8STctEjdKSPmOaurKushg_Bmg&oe=68F31BB3&_nc_sid=201bca,,1545048221933,174.71984863281
4215833091773350,5.5951235163016,43.321890084058,https://scontent-cdg4-2.xx.fbcdn.net/m1/v/t6/An8UFiwwj40VMg3SgwE39NaIJvS5xk-SjQnD1ICmZjn-FXd4-vlqRhNukWO6SlInGSnuSSHVxnall303Wc2xfuWOOvVitTERy7cEIuH6FOVsig1y29l2Iyo3zD76hCJfxxN_31YTF2XaWyf_8biBZH4?stp=s1024x768&edm=AOnQwmMEAAAA&_nc_gid=tGVqmrFaOlPnFbpgNfmMNA&_nc_oc=AdmTV4uGqc72MagURTZCJGEgIvQ1h3vvysHrk88IT5WjVk-HPhQde2-dLLfdsmZaTwkGrbzVp_6SAxzLhjhYJC_7&ccb=10-5&oh=00_AfYWm08l52iy5-74Z7S2E7_NpmCx1OfbA5cVqgSm6t6zCw&oe=68F314E4&_nc_sid=201bca,,1548520641240,210
1938276519657532,5.5997687020262,43.326660629202,https://scontent-cdg4-2.xx.fbcdn.net/m1/v/t6/An_bgbRHlAEqwv_ZgH3sXOd7P6bdxtrF_rWBhe3VrtIYpSTWNUTSPG87aP8H2q5CIoN4JWuO2B18uoF1rD0lAkS1qsQ3lOj2j6HnQL3WsDGqshVC_eykwv31U9Vc9-ce50IV2Xpc0EqvnLqwriH0gg?stp=s1024x768&edm=AOnQwmMEAAAA&_nc_gid=tGVqmrFaOlPnFbpgNfmMNA&_nc_oc=Adk37I3tAtSfh-QPWtGxZfq74ng0ymz56i3LNtVXOvNFaqXrMntyjvduXII-yIEuvLdTwJIB4STlh8JrqyCmu-Ba&ccb=10-5&oh=00_Afbjxkls0R5kF2ZEsv9HhdzNO73_17nSw808P26JiuSwZw&oe=68F3284A&_nc_sid=201bca,,1563184764333,204.63073730469
4031225980278565,5.5740137358868,43.260970498781,https://scontent-cdg4-2.xx.fbcdn.net/m1/v/t6/An_sRYX93gVSufFOmbbadhTl9fh3CNaMbGg1DW-NERmqz_Bl6Ckn3b1mZRTyFhMFMSB7gGanU-ClBHWlgkhyQrcawQA4m9Iirn1AHrL_0NrpqwYSgo7Robp8yOmiPN3tnyJcbgFrYTdFVUiOn7HscSg?stp=s1024x856&edm=AOnQwmMEAAAA&_nc_gid=tGVqmrFaOlPnFbpgNfmMNA&_nc_oc=AdkptUr4phGL0PTWdQFoF2Msg9083XRB7AaoBfhtkoXcQHf3BvP5iliaR4mf3hLIl_BztlhXkFgR7cr98KiUgw_8&ccb=10-5&oh=00_AfblZJtl8m192a1rxJiWbwXLedTIkl5ZS9d_Neys5GJq2w&oe=68F318F3&_nc_sid=201bca,,1509725671000,280.73
5557021077704760,5.6015691931944,43.328575519959,https://scontent-cdg4-2.xx.fbcdn.net/m1/v/t6/An8sKROS0H4KrVQw55lxrFSIAlhXXRp8EcD2KZTT785Ldnx8yCdK-zD_5rTqh33o5TXr16txxnoYaUPU0_L38AxXunlUxYUcdUQUkGUseUVg-HzzPAiJDKQQgiE3lcJe-WncgZ7Cu9oVCOUsBEMgcg?stp=s1024x856&edm=AOnQwmMEAAAA&_nc_gid=tGVqmrFaOlPnFbpgNfmMNA&_nc_oc=Adl7qw8zJv2dY6Yt7PV8EmzK3KqPL1B-wmnbAn1TtI3Whtdjy9mExgSz3fIdaveYokXwqRP_1I3EpKJ_2cLgyZwi&ccb=10-5&oh=00_AfYXkg-97ftfWsGcToTzGx34V3-LA3wa9liqpoSx3fPq5A&oe=68F323FF&_nc_sid=201bca,,1613555698000,28.615665533212
4065334903532390,5.5983716688611,43.298207714484,https://scontent-cdg4-2.xx.fbcdn.net/m1/v/t6/An_Q8YI6p_bm4VEC5NwiHXDk1dJESHPPY8VB_cz93yPOag7A4HkYgoJ8lTfKHt4LVfzZ5a_eFlXKfgbSiWegkvd-TZw_hRcm6kihuqHFAHVjSQCRORixG9HZOBlxuYQkwNxuuorpLdwNTm3jc55_ckw?stp=s1024x856&edm=AOnQwmMEAAAA&_nc_gid=tGVqmrFaOlPnFbpgNfmMNA&_nc_oc=AdmNBVaQgvM6ywDd4LP6U1Mpv4eZtrt2DufXSfH6YDneDm9IUOXwznBdlau4TtKrhXDQQjbJWVSxX8yJ-aIGoujx&ccb=10-5&oh=00_Afb2bbG_dF2X05dj7njIeSr34VR2V03z3Uy1e0bLW0mnrw&oe=68F3265C&_nc_sid=201bca,,1509708539000,99.93
2862609467197200,5.5945444786072,43.322213976253,https://scontent-cdg4-2.xx.fbcdn.net/m1/v/t6/An9bH9ZVD8uPAQOTqfRB3aCBdPuJOfqKFZwUOZ3LfiY6-Wplxrd0ooTQZsKYJBKJUx8qvmlaAjAiSlH2XeMMWAeGHHZ5uvDaJaCo4TQHIUG36CUu78f4hxWyZ_ijJvTh3w8ncJjWp0AsVI6KVKmD8w?stp=s1024x856&edm=AOnQwmMEAAAA&_nc_gid=tGVqmrFaOlPnFbpgNfmMNA&_nc_oc=AdnTAotWWDgKGWhUMtAbUv5w0aeKCF-x-xNH9PqrFf37H0GgW2AlpFXsiB8TF0fPXeE4Xyc6cmYUER4p6NzYFHtr&ccb=10-5&oh=00_AfadgJpfgd51y9cNeJ_TT2Lk5pob8Vmygn7FLVq4cU59RQ&oe=68F33D70&_nc_sid=201bca,,1613555118000,29
4367477873284815,5.5949425020029,43.253732882825,https://scontent-cdg4-2.xx.fbcdn.net/m1/v/t6/An-2n3Nt_6ggb0h4mXEMeZh-_ZkyvL4lolvhhBD8pKC2rhY3Eaf_G4n2JOPbDAymw15soJTr0sY7dXmZIg0fMY43QR64vLE_mbLLeNbUW-oLdZRClKF9eIARrZGqxVtU7f4A--yKKfafb70hmqh2VQ?stp=s1024x856&edm=AOnQwmMEAAAA&_nc_gid=tGVqmrFaOlPnFbpgNfmMNA&_nc_oc=AdmuYRyr7TQr6jNilxD66cB7V5S8XlJkCVXhgrRzxymbhSMVCgyR9nX9HxPFzctrR-cfGiVW0jq96WkhlrOhs3kk&ccb=10-5&oh=00_AfamXvqc54T4Qpy3f_vd0jCUeVLMfdh7jtGlmygcmruREg&oe=68F31DD0&_nc_sid=201bca,,1509643004000,181.1
2806885019623033,5.6010825060229,43.336042702881,https://scontent-cdg4-2.xx.fbcdn.net/m1/v/t6/An8gQLKWRwztwg8zjlvB8J3Cw2AEd8CPgzDWq5KDNV5-lo3Uk5536xJCuAX3DP74rN4j4mZ8I3ATsSjvYVOVliD7o6QHY5k5_jl-ZWPixx8B1tyPctz39vOOm6ermUaAEtidPTmbzeIE2jTn2igZfg?stp=s1024x768&edm=AOnQwmMEAAAA&_nc_gid=tGVqmrFaOlPnFbpgNfmMNA&_nc_oc=AdmIwcnTEyRvPaXFT2gZnrmLZXDH0An0EzyqhIRs9tOANxqWBsT5WUT2Wy71Kpb7MsKujjgjFEjZeVnseeMJDqsV&ccb=10-5&oh=00_AfaY8pKKrC3SScajtg6--pbrphzz0xuP025dkadR39YcDg&oe=68F32089&_nc_sid=201bca,,1610538726000,175.15076904186
1878037435704650,5.5745905232734,43.261184583056,https://scontent-cdg4-2.xx.fbcdn.net/m1/v/t6/An_2YuEKWEwsBbDRAs-IarRMZg2PRdq9aZVLDSnNQhZPwdQSkKjSc0I5Ub7PvCWqcLHNNAbp5T7it3aivhaRCU8yOZOCPHEUzs6BSG9LkB_lLsd4VoHHLb58hC_ro8m8ogMn1G5HJ5fiLCxzDOp38g?stp=s1024x768&edm=AOnQwmMEAAAA&_nc_gid=tGVqmrFaOlPnFbpgNfmMNA&_nc_oc=AdnMTawq_Ib7JPRt_u8HXI_2gGSfl2CcZuL8tyjU7er-3toq-sj7b1_cVA9XuMH3SKuE8DbpIezIVFGGBTKZw_hg&ccb=10-5&oh=00_AfbgMKzTptuVU4lzchv2xIYo6N50K5dy3Hqy9mEVIMypbg&oe=68F326BA&_nc_sid=201bca,,1494571211325,50.27399
2884270138557203,5.5715527371451,43.259747889235,https://scontent-cdg4-2.xx.fbcdn.net/m1/v/t6/An8blJzTsCUF5PcXnrxIFV_zuntjFXnN1AvLMIMf_uGVnOnsxRBcBJemXraN77AFAYCvPO36UHlI8piUZ2hfyrQMIyi9bzKoLwb5PVyX3W4osT_9B1TsC8OxqqH_ztvuZ-KZ53cK0EDA8y10ry1uzg?stp=s1024x856&edm=AOnQwmMEAAAA&_nc_gid=tGVqmrFaOlPnFbpgNfmMNA&_nc_oc=Adkg4ik2CH2Pd0TJwej5ZayWpGNvqbb7tIdoBM__F5LyfsFnSKbgcwI9YRWKCC6bkjlNEarPwOzA-dCI69l8haJK&ccb=10-5&oh=00_AfYU3FXZSclDXvt7h-8LcVyRHjeLmbmqlmN_70cettILwQ&oe=68F31A42&_nc_sid=201bca,,1509726725000,66.46
2011807928982671,5.5986854656259,43.289253754632,https://scontent-cdg4-2.xx.fbcdn.net/m1/v/t6/An-UPh5YeBb1ud25MbjwEdOueJt9WZv4NSnP8G5Fl5fy7r9NEDh-WRt6Hmb9LvRtjFn42KSBmj2loNPOL1augNJUKR-op-Ob7nbDojtcOeasI5wWhqOOiK944L_W5DjZJMLXlQWpvFxPQ0fEV0xOBg?stp=s1024x576&edm=AOnQwmMEAAAA&_nc_gid=tGVqmrFaOlPnFbpgNfmMNA&_nc_oc=AdkSs7Rty-8ge-lFRbFN2cPNv_Vc9Ngt5ohEFZEiCxyKlKjOzx0Fizlhw3I3f1wIRG5GrFBEWrU-I90FoSf9vuUK&ccb=10-5&oh=00_Afb91msYp7N7T2OdV6r_V3CKUY8fp8u4y9Nmc9fR7MyZIA&oe=68F3327D&_nc_sid=201bca,,1544700447653,300.54559326172
1569807043214935,5.572669412533,43.294571775807,https://scontent-cdg4-2.xx.fbcdn.net/m1/v/t6/An98PI-p_ZCJTvAlsHvvRb3SGXdxq4CrPd1wdIaGRzO25g8CoRosVCQMscOvXYWtt2ddR4ZjIJ5UbXMWAG-THgHA6VX_zlQGj6bfGe7IXR64VPvbT4bX51gTY_17lmqtNR8m4Kt7yxiqoJxns17zwA?stp=s1024x512&edm=AOnQwmMEAAAA&_nc_gid=tGVqmrFaOlPnFbpgNfmMNA&_nc_oc=AdnXkXJ7XNR3j974_aa34TXlJCyNxngw0mRXLhew8hw4kfbUxucqLS-D4WOEzcRF011c0qoC9GoQpKjO5yXwMNcp&ccb=10-5&oh=00_AfbVb9IGMcjiHrqZdKjq0X8AyUDXDUg0IfAodzGFWEDKlg&oe=68F32176&_nc_sid=201bca,,1614166962000,230.93696
2558800124429855,5.5837824454722,43.313061888083,https://scontent-cdg4-2.xx.fbcdn.net/m1/v/t6/An-lMnQPHWFU9K69_pYoZdp0kGG1KuS5sNWNSk3P9KTlOkJN8J_bYVgAVEvGPjpviFP8DE5AgJZQq92IBcdmXfJYBO2s5WNUl_Pv9JsbnlPEa86r3MzDfKQ9U5C3JjgHbfPONVm9nqpXE2fXOpBEsg?stp=s1024x768&edm=AOnQwmMEAAAA&_nc_gid=tGVqmrFaOlPnFbpgNfmMNA&_nc_oc=AdlChDNWg2QL5VBhOgD1sxbo2AAJ4hpWV7HmOeL7cBGot8vryOhAlW26vX19qR_5vAkjGq9ldcyGiyiOh6vZwQtj&ccb=10-5&oh=00_AfYqaJ98rWdvfYyZGFfxpRuqhkh0te7iLgIPr6QZNfu-Kg&oe=68F339A0&_nc_sid=201bca,,1548607432725,32
2990331467867776,5.5719317382219,43.259946514539,https://scontent-cdg4-2.xx.fbcdn.net/m1/v/t6/An8KY5o-I_oxkCWpZzVm6QGIqjWWTRCLJILFv98e8whU3EDhUFvY3gCbkCCF7v5BmtF1la7qQxbuswBOVXSHwn9rmt_jOTYDXiQZsIXq5Kr5p7MfmSQgrRNQevU6181XBv1guJD-QRP4-Gc5_KBwW1o?stp=s1024x856&edm=AOnQwmMEAAAA&_nc_gid=tGVqmrFaOlPnFbpgNfmMNA&_nc_oc=Adk50u15J8lMlvgnKXA4_1upxHCAc7RUUfeJJCzwZgJb-vGWbeiDOu29OX6290EVhR9spT_pi0Q9fldRDtdNokob&ccb=10-5&oh=00_AfYR6k9zvDNnOtoJVAIDDTayc-shKIqx10HgPS5eJ10vcA&oe=68F347F7&_nc_sid=201bca,,1509726743000,67.11
2808482902746526,5.5688286834532,43.258060824131,https://scontent-cdg4-2.xx.fbcdn.net/m1/v/t6/An8YLU5TlAqRehbJcMdVeSgu-r9GLq4XENsLqxYlo8Wq4aIUUbD-7NSftDIhmmtGFcuIZBUldhjUHxkoQE9AmgJvqq349w-TsNY7xyCRtznx-y0tceUTkTwSe_k3a6PPVsY6RYPwQjbI6uBI6bPITw?stp=s1024x856&edm=AOnQwmMEAAAA&_nc_gid=tGVqmrFaOlPnFbpgNfmMNA&_nc_oc=AdlCwffbfe1nCV95tfaOK1qLR6u8XYoF7p9xNoLQcWO9ZPuEvu8BlRw2Q_Js8tqDlB_q_iJhheh8p02LS-26ri-U&ccb=10-5&oh=00_AfahQ3i8sh8y4NZITEOQIgofU1DPw1z0khGId3V0_inNqg&oe=68F31C7E&_nc_sid=201bca,,1509726591000,47.51
1954929724682673,5.6084244606741,43.338654636448,https://scontent-cdg4-2.xx.fbcdn.net/m1/v/t6/An-NBXYGYXpG9OnOc732HzXDBoSjcM9KMhckx5uXaum2Mv5sbmlM6fu0m-HJ8WVxPRDpKz0fr63celhP0kcWkx9R9QbsTmzpU0l3raJh7CGwr28Eqidl1thO6stR0eD0tZXJtlEiQ1PnwCO6T20MRQ?stp=s1024x856&edm=AOnQwmMEAAAA&_nc_gid=tGVqmrFaOlPnFbpgNfmMNA&_nc_oc=AdmhXwGBQU_b4LyGfpTzBDqYN3Po8346ogFaXrB8GrcyXGAx37WlfpiVtoR7PVVFuUB7DnSWkJOo723Ote21PRWK&ccb=10-5&oh=00_AfbCGcwDFAHajtTNSJhwp5AtJPwy_bW6nH5FlWNoQYrN4Q&oe=68F3432B&_nc_sid=201bca,,1477675961000,22.21
4065456633545676,5.6076937527526,43.337408049739,https://scontent-cdg4-2.xx.fbcdn.net/m1/v/t6/An_m5oP-6XtoE7nco3rGFffBe4d3B0eUXAZKfAIEblidyQ2srCRjEBRNeHtLOTV5r_zbU174AXmEOiaq-3y5nRFl0jb2tlmp5f8HR8bqoFid1yS4WIaRbh4KJYTUVE2rXphBy1Zzsy3_6gfypvauHw?stp=s1024x856&edm=AOnQwmMEAAAA&_nc_gid=tGVqmrFaOlPnFbpgNfmMNA&_nc_oc=AdkkKGOkPuNmrVSjswiGVIIPRYlXOv9noiqui2GKLPS3sf1JX3ewsGZR8r0r-6XwDiLa5vudzdIcZk4BmU7lcEaE&ccb=10-5&oh=00_AfZ5Z3Zs-MosXhsrWXShE3w-jiM-kBX0GVopmptEuVpZdw&oe=68F3315D&_nc_sid=201bca,,1477675932000,22.3
2964219980568872,5.5673562913924,43.257035232108,https://scontent-cdg4-2.xx.fbcdn.net/m1/v/t6/An8qMRGsEgZf1Jm36nS2zNn2o4RU7z3VcIMN8dER1--jPv8hIntMMe8G6NIBXarkGrGfUsYHFVBxPTvAlvYv03XL4YFqUSL6_3-esP86xbeIXB2aS5U1IVyqE661XQIfA83wuzIFU6IyoCnBDc5JLw?stp=s1024x768&edm=AOnQwmMEAAAA&_nc_gid=tGVqmrFaOlPnFbpgNfmMNA&_nc_oc=AdncuNkkqbTAneQBi0P3714Fz9VZ2p1MKrrQImeia42MaBvF07JCAEY-EcypFyps24DSj1sc97TGdqbOwRCY06ot&ccb=10-5&oh=00_AfZKsKgqY7ofYn-Ag37clp9H-qiHbIBMneZBSySzz0W-Fw&oe=68F337DD&_nc_sid=201bca,,1494571131848,27.73193
4047018388697791,5.566101004418,43.286795111514,https://scontent-cdg4-2.xx.fbcdn.net/m1/v/t6/An868ipyY9wsgXm68fTYUQEo4HUdFTtY-47PJhgdY5CBtYVFC1-AktbMQtcuWG2cmSg4keqIXqaQvMfZf4g2g8zOmf4r4O90KFVocUfgqNZeQUzqQ_56atoByIQyZUCN7BIqF4Cw9fiS2Y6gA3ozeA?stp=s1024x768&edm=AOnQwmMEAAAA&_nc_gid=tGVqmrFaOlPnFbpgNfmMNA&_nc_oc=AdmYQvNXE_1-5Ck-YNuT6CQ_M8kivDjlidv3NP7zntX0fpEvbT-Efb_Xi2SMj8MvHbCP50JGls0TxIUBV7WgimmB&ccb=10-5&oh=00_AfZ-ij9t2F2P4g83mjV0-p_RcYBHsEjSKayMoHAZJntJ9A&oe=68F343A8&_nc_sid=201bca,,1602516092204,111.92692163509
4140691752678287,5.6011862364792,43.338082941369,https://scontent-cdg4-2.xx.fbcdn.net/m1/v/t6/An8HnzafVy2mE1yylskL2DjJkIeFzq4_tB4kB0Vs1RIZC8zZZ0QRcNiGNJVvDPeOwsFBi8nSO7CACTY04yzWETJZBQunkOkqSQHkX0svUTwOoxTxMtUq3-MamoFtznEjsUy7QM4R05IjgVDctla7Kg?stp=s1024x768&edm=AOnQwmMEAAAA&_nc_gid=tGVqmrFaOlPnFbpgNfmMNA&_nc_oc=Adm92jdWBNY81XrNQcBUwjwlinz8qWLqKhJlHdJbUFJshmfwlqXmz1EkwQ1eQIhEUHm1S0sz4IJd1auTUfp5wlTR&ccb=10-5&oh=00_AfYeQjSWQXtO6v9A1kL2KXTBp3iXLvkI8zIG6V8q855Sqw&oe=68F32D4E&_nc_sid=201bca,,1610538707000,188.34089988708
4036738199695485,5.6408987553076,43.27271796054,https://scontent-cdg4-2.xx.fbcdn.net/m1/v/t6/An9ee0JUqXlx_agWSbBZIVR1QphPvh6P_vSKM6ZAKhg9c7gJD0pq4ZY4cPi47m8qjphAcdeW3xbwB8_SsO7enLeo4oP4sboRHCSJwn60NpnQYbAhwLoywcu4Ax5U7IXGBmSLTO7cRcZ4Ncr2-_GkA0E?stp=s1024x856&edm=AOnQwmMEAAAA&_nc_gid=tGVqmrFaOlPnFbpgNfmMNA&_nc_oc=AdlZUU7f4Sbu8Gb3eCsCQzT8Cu-_EX9pB6NFba2i_1Uo4vBUR_bO7FF42lvE-uuJj4viLs60Hpdmz6GpDnpi3q6p&ccb=10-5&oh=00_AfaSYq5-YQt6T7rMkiLS0vHptaaSmahhxt3Gkym1pixzzw&oe=68F32BD1&_nc_sid=201bca,,1509713048000,301.69
2793322944312115,5.6368354988976,43.29399192656,https://scontent-cdg4-2.xx.fbcdn.net/m1/v/t6/An_ilcJmZs3SVOmyL_Slf7Ziu9yJ6Z7xc1I2zD9cstBSrY56IVWP0ruTiMPOXB_RRqoFMQjo26peM_5aDvLtZ8zxY56CLPUGXKCA62CW0qH63sOyXoojdCNQ9YShDIA1sk38EUyveFvOoDTyfQh7rA?stp=s1024x856&edm=AOnQwmMEAAAA&_nc_gid=tGVqmrFaOlPnFbpgNfmMNA&_nc_oc=AdmpqyAjqL2WBeY_kTDLanjlyN6pKX_Kn8o6MUmBpIQk5ew5C1LNYefbPFk_RfHNWv62VHwSxzusjjEPFvS6mEae&ccb=10-5&oh=00_AfagzzE3mvqup_NSzSIgcY-3Vajh8DurokFdk0sfV-Zdpw&oe=68F32813&_nc_sid=201bca,,1509709257000,151.82
1603598383164830,5.5718068232468,43.259881612731,https://scontent-cdg4-2.xx.fbcdn.net/m1/v/t6/An_yyeWQlzT09mkVxMkbC5NI4CWGaCRxL8NwsEJpyMjWxSQDFcKD3rYahFeVIvWvoWstyxFfVc_tikWInn4i7zmUQJVQKeU3TJkp0E0W022XXTicr25fUbc2u0zVOtJrWgnv98Ndo5xtH8pwf__39Q?stp=s1024x856&edm=AOnQwmMEAAAA&_nc_gid=tGVqmrFaOlPnFbpgNfmMNA&_nc_oc=Admg7YM4moDoaLIIy-bePRbpJp9N6uw38HV6gv4Wt_OnEbv7DkrwS6p0ktiWlbdFCTWpbx8srJyoO3bgN2boKMiM&ccb=10-5&oh=00_AfauH5xu7H0-t6yFYOsxJCjr4uYZ6S62bYL-VJDH9FlF7w&oe=68F326E2&_nc_sid=201bca,,1509726737000,66.94
2536070816699770,5.635601831349,43.275596425547,https://scontent-cdg4-2.xx.fbcdn.net/m1/v/t6/An9H8AQK8bKiMOJ6hIZtLwF7EQCjidzlzd623Aeo34dPfMEt0BOJmD7B1VpI8ZxnvWK-7uCtZq38aFMRK_zIXyLFmYsRdpc2-Smy8vaiAmKDimYPviAMIHLLafaf2xMG3esbxYU5Fl3TJCDo4rjFRn8?stp=s1024x856&edm=AOnQwmMEAAAA&_nc_gid=tGVqmrFaOlPnFbpgNfmMNA&_nc_oc=AdneSvbmvXkad0gtRX0ayvXjJk7Q22EeLa613mBbHkpBDHpNrTBFt_dHhu0yYayTRgW4CX5OIy5zd6bVYmtKItCY&ccb=10-5&oh=00_AfbqygNf_K5vNDdisjajkTrrLlN22l9J2kSzkkMIroNvRw&oe=68F335E9&_nc_sid=201bca,,1509706323000,329.16
2892561541008378,5.638262036659,43.273641189337,https://scontent-cdg4-2.xx.fbcdn.net/m1/v/t6/An8cFIg-AOVNxlTRJHHpQo-SOd0a34ZeuHAFekaKO_4R2xE4OntikPWpSL3adaV6sMlbXV8FsVc3P-FXgnDUZSeH_abdDZZrG5X_1WCOaWAK5hZiEmPKHapLmW6oSb70wkH-34s0FluNXhxX3zKzymw?stp=s1024x856&edm=AOnQwmMEAAAA&_nc_gid=tGVqmrFaOlPnFbpgNfmMNA&_nc_oc=AdkSF-kKgGtvjz6iJhXA1tCV855uCORHOFHiUnQmfbsAb8PFFUpZsyu6Bxglt3ntrO6hXS0uF8S5k-xl3ccHaNIt&ccb=10-5&oh=00_AfaRmtcwUhjtC8wXXI1slY3I5LJWLHweJz21vHsWszB_dg&oe=68F32A5A&_nc_sid=201bca,,1509713254000,130.07
2856387054676572,5.6285675288071,43.28047495227,https://scontent-cdg4-2.xx.fbcdn.net/m1/v/t6/An-lYtjz5q5WLwdAJRMkJ3sl82XHHTug86Z9bz_VPG8Ctel6TcKk4_mwrpsme51tRlMdATd2n89Bb7QOw9E_dAXCzqoGMqVby7QXBHqBebBxsOaUKtnWk4TRA0hSs6w2-AQEiKyuG73u6Tca_ddIVA?stp=s1024x856&edm=AOnQwmMEAAAA&_nc_gid=tGVqmrFaOlPnFbpgNfmMNA&_nc_oc=AdmyP-GtSDuaIFJ14dsORcoLOXLc9wVUIjtrM_H8SxLxJ_meUhZTiHzAzvg-LGO9r-JXm-H0SEZ3CznkOCK-a67f&ccb=10-5&oh=00_AfaaUXAwCd3meVkoC_2AfpMilMLYvMvHvHWEf1zk37rNUA&oe=68F32FEE&_nc_sid=201bca,,1509706607000,298.51
4071834989545485,5.5850858349221,43.283886814231,https://scontent-cdg4-2.xx.fbcdn.net/m1/v/t6/An-5ZC9mMJ-rnZpOPhOBBujivgImxoEdWc4UcaI0cpvDAF7ZfdjCOvD6_DlzhSZu_dXbhR0VMFA4h9C4ZVAebDzENlMNW87ka64M7mJxA7s2ARY-1sdHUiRmHDa_9ydg8oBinDd9VlIwE0ilqsSdRQ?stp=s1024x856&edm=AOnQwmMEAAAA&_nc_gid=tGVqmrFaOlPnFbpgNfmMNA&_nc_oc=Adm4lgUJAmJindHtXzSOPJVf_oPjGkWJu9N8lbxfuV021JnSPaYjN8nTVHddUuZyg9kDoEW8P-4d5uSlpU4hD_w2&ccb=10-5&oh=00_AfaH1b_Oj03apxD5UnwfvbEGnjLJfj4fvwwaYgAz8TdTMg&oe=68F3362D&_nc_sid=201bca,,1477678260000,16.66
4058827324140510,5.585972572179,43.285801677933,https://scontent-cdg4-2.xx.fbcdn.net/m1/v/t6/An9jzePQSgOCnn7EXg_iFqcZ_V1lxIUhuc_0HBx0RANhYnviDTLbbYNiB3vvlr2xAb2RtOfeRb2HWV598MUIMNvQtwnh1_JJRjvpUnBV-2mf75dTO6wO2hMoY7RbrRJM6Ggz2JdcvGUJa0mRv2wHVw?stp=s1024x768&edm=AOnQwmMEAAAA&_nc_gid=tGVqmrFaOlPnFbpgNfmMNA&_nc_oc=AdlzN8O9XOrZl6JCUG-WSk_TZCXW4GPX-ELXCxLSMj0we1PnFR06fxZLt-AH-N23Ll2UVtLMAf0DRY1myHfaXJmq&ccb=10-5&oh=00_AfaR7cNxtbN9inHHfzxkAaqZU4w-mXd1ITUJJg6w7gofDQ&oe=68F344DC&_nc_sid=201bca,,1494571449405,14.74646
3977623252352411,5.6218683549513,43.283785614374,https://scontent-cdg4-2.xx.fbcdn.net/m1/v/t6/An8No06iIRUyuKPUOwLijCzHwDCxrN9zql7qoCeBPhOfrt5AnqKCzOq2AQdU7EvHmHSr0WPBQfyDD5lxYqHmTL8fAhmyDgEIWAWNacbWs0wx4t3AUFPyxjsuLp7J3zuVrJzHNomG3eEI8207J6echXE?stp=s1024x856&edm=AOnQwmMEAAAA&_nc_gid=tGVqmrFaOlPnFbpgNfmMNA&_nc_oc=AdkphCXXbZTznLtHVqcxN14HqQeoPw6c3bXXOS6mNDUE9OVNtQcqApf9LCKG3aeyL2o_ecujcjSoRvpzWWaZd2NK&ccb=10-5&oh=00_AfYecrBDVWme9SxRMcUJUEENZUXcCgx_6ht-qzY6LpECNQ&oe=68F347FF&_nc_sid=201bca,,1509703782000,199.53
4169724069745371,5.6237944001039,43.288372857494,https://scontent-cdg4-2.xx.fbcdn.net/m1/v/t6/An9-4YfN_E9zh1Dd2krAmTgaZHfM-JdUFJB2uaWAO1IOKWhe6y-63BZa_4hA7DiK7q19glawA8Xume6zDfO8-TF8tK6soRfdENn4KLIrxnKXOnB-lBuv11sEB5RqOXr3OrC9mZsWU5CoA1FCJZnEBE4?stp=s1024x856&edm=AOnQwmMEAAAA&_nc_gid=tGVqmrFaOlPnFbpgNfmMNA&_nc_oc=Adne-lJ7wHw2GikCuW9I6L40EE2TZMzyP26pRC1tk-k3L9VsaBmvUFfq3Z0Ky5Y89FYrAP_OcXuMwYG1EbsqXFEz&ccb=10-5&oh=00_AfaZ6pEPiEiEwuBiEyllsJsT9aEiTfkIsEZiGRK9TnAGjQ&oe=68F31B42&_nc_sid=201bca,,1509703309000,41.4
1916264591864929,5.624854352716,43.289079684793,https://scontent-cdg4-2.xx.fbcdn.net/m1/v/t6/An88-1GNA_Vo3Q3TM3D_Gx_RV35zY73zZqSgvin4D_sOTl9quoTWAaFFbXEPiI9oz4H-akc5mrvRarEvlW2jfHvl-h96yrzWeRbk4f-_Vu68K_oryqmq_9fd5kaHKleLD1e5pFwIKtaszxLSoM5ERFs?stp=s1024x856&edm=AOnQwmMEAAAA&_nc_gid=tGVqmrFaOlPnFbpgNfmMNA&_nc_oc=Adk6tQmJ6x1Hx73Fuxawi_L2Bv1-G7gjEYiG0MqTqdOwM0sWIgaOb3saCDNNcVz833iI4Cm9G9jUog6wtr8A9TPP&ccb=10-5&oh=00_AfYfwTHAN9i393Irash53Xh_uHGmPUg9fccNoL8YxlmVtQ&oe=68F32071&_nc_sid=201bca,,1509712091000,189.05
1987896811366199,5.6248898794828,43.28891727187,https://scontent-cdg4-2.xx.fbcdn.net/m1/v/t6/An8HdSP2s0jRFjjmuJPQpwuc4tJf0HxNxRk7Nu4_zp9zZWWbn4l_0VaXJVveJMmX8d6M1MSRxisepQlVhVRLUPIo4RTZkpVBYTI-4qKSMDd2AYxuc2y69flV8_WRYkfY7x9jCiVK6qBN19PozALkmw?stp=s1024x856&edm=AOnQwmMEAAAA&_nc_gid=tGVqmrFaOlPnFbpgNfmMNA&_nc_oc=AdlrlNsw3jLxLL3esQHRUxaOmkSvvZ_fj2BXT1qHGwCgBl-9RXn4xEwL1kTbzItQ2ZmZFdVXXZ_rzQcRQ6aHm0pl&ccb=10-5&oh=00_AfbYNk-p7HfR0Y3YdraO71PRiXgf7HJqOBWaHqlqIWLC0Q&oe=68F33731&_nc_sid=201bca,,1509704223000,15.47
4053851137991579,5.6119792511237,43.279303053939,https://scontent-cdg4-2.xx.fbcdn.net/m1/v/t6/An-09LKXgDrFcAtkXUgrZVadqVqFQ098fRvk1UzSYfA4xxWDgS_QDj3SsI5u8cmc2A01Qsis8hAfcPsVP2hGatMQt06LNyHYSqc7CPS5IKZ1F03ChFPpGFeceWdujhfr0wF-TpxPSAfXyEiuNdbtBQ?stp=s1024x856&edm=AOnQwmMEAAAA&_nc_gid=tGVqmrFaOlPnFbpgNfmMNA&_nc_oc=AdkTW04MQVUWvdw3SKuE2QN6gab5sb3EyjvSYK4GNv9tNRSnarynGSFWMiWMg4nbl8Wmqvqy__-YTwYiFREUt_Tw&ccb=10-5&oh=00_AfZAuPKZTk8yyiqOngV6iXKpEMq8_wvv5UavvVApFhKJtQ&oe=68F33D2E&_nc_sid=201bca,,1509705289000,318.2
3944948572219079,5.5638486458246,43.29416057161,https://scontent-cdg4-2.xx.fbcdn.net/m1/v/t6/An-9DO691LMBaRf8cmrxdhCLOB4bPrtXrz7j4xwc90nVypVFp7v2veWl8mjaK0UY1JcTd9uTnnWVhIl6t323vl1gWUuPSWBNaawDyYzzBjo0ioH8k5pBxmDWOvGaK2AcBfZacX4ZFowR2Ym4lfMKZ3c?stp=s1024x856&edm=AOnQwmMEAAAA&_nc_gid=tGVqmrFaOlPnFbpgNfmMNA&_nc_oc=AdlcDgao8d51GIjRuclZOS3jWvBHWLm6N8xe6uronph-V4U-Bc7RaS4_yOI3Ag_belOgPxUjI6dxZ2M_Y0aHNoeu&ccb=10-5&oh=00_AfaVXeGVLVMQefrq_jsVphQRV-hvn0vlk7JPUUwvukv6Yw&oe=68F325C9&_nc_sid=201bca,,1477656303000,57.67
4065111643553626,5.5633757842073,43.29355398652,https://scontent-cdg4-2.xx.fbcdn.net/m1/v/t6/An-Ec0MAu-gAgiSi_tDDf4IhS8cFXGj_6gENsrFjM1Ja8qiFgq4ZENfqWfvHXXJzN0MUzvX64fsudiuDUECqzflCt66UibDA2IqFRvdjuAR4DDRjQ1yPatmFxwS4R3e5mpH629hROz8GNUZBBDVw0A?stp=s1024x576&edm=AOnQwmMEAAAA&_nc_gid=tGVqmrFaOlPnFbpgNfmMNA&_nc_oc=Adl85_zYg7O3NDX9v8f28GeXWmJpZLN6U5GBTG9ICHXEUJ9Gvqx3Q66aZwMSrFp4Kq25QS7auKPXC96ySzH9SN96&ccb=10-5&oh=00_Afbk6mouXJU_zxaXq9rwE027G1geOQNuCPZ3MNb1op0Iiw&oe=68F33C75&_nc_sid=201bca,,1478084539882,283.44219207764
3968421289919812,5.637738445253,43.273811238264,https://scontent-cdg4-2.xx.fbcdn.net/m1/v/t6/An_Ua0FzSh2ajJP78siVyT687t0GtzpiCWmt5JsRfnfOqVx1_jpSCLtnFT3rnQazA2jdqLve5EZlODXIL_OfE1mlqVktF70D6N8tXRef8Zsa3ug6emWRT50hCCaaguBbXAPW6559QbTS1QcUkjd8TA?stp=s1024x856&edm=AOnQwmMEAAAA&_nc_gid=tGVqmrFaOlPnFbpgNfmMNA&_nc_oc=AdlIybQ7ljKDoNZKBdyUkEgw6ZJ06eUy29I-_9xSgpZtyo-_PRZ9NjSSU-FzocKqk9nckVkCR-Vkb0oEazCewpKT&ccb=10-5&oh=00_AfarQyNi41V_ITtfV-Vk7FndVHfXiIwZQB1BL5ziTcRMZw&oe=68F31133&_nc_sid=201bca,,1509710399000,120.23
2076356482504045,5.5655676399443,43.295524178745,https://scontent-cdg4-2.xx.fbcdn.net/m1/v/t6/An_Q7W1e5bK1YnJkvqujI4kyWS0UI-g54NrSbwmF6jjUEkSTpQT_FGfksmYn3jMY5iLp6PCQbPlpdLHYcJF9PHjjhHkhZ9LXlqiVXd1hMYsbgW8nvIaNiY-EnWeLAB4mq5R0wPKFKart3k9FqiRLfg?stp=s1024x856&edm=AOnQwmMEAAAA&_nc_gid=tGVqmrFaOlPnFbpgNfmMNA&_nc_oc=AdkibRb-ARdZb21xG2YXC7i9OtMO2Jl02G2-o4L4513iGA1NGgsJndhOVozqQEEl8hfAedsDsJBeyPQj9ma6axfQ&ccb=10-5&oh=00_AfZFukc9D9Z7CbFoqbXJYr7wtM040odOM478GPZDYjqImA&oe=68F32312&_nc_sid=201bca,,1477656899000,109.75
4025039127617851,5.5927482351705,43.308152530215,https://scontent-cdg4-2.xx.fbcdn.net/m1/v/t6/An-CQo01jmVgkK4rKBemY2ZId66RpBo67nFV3t7gUFVxl3XX48A_alCrds4df-RT3F9g41r_4cf2APgH_ZkSihcku2i3Iky34n0ubG1XSJpWBnzeraMDa_L5UnQL1OXCGzhuBg-RTQm1Tdkv4QSBLw?stp=s1024x768&edm=AOnQwmMEAAAA&_nc_gid=tGVqmrFaOlPnFbpgNfmMNA&_nc_oc=AdnqEp1prHYDk-HD7VYCrjuy-_QWTrJak2R0Z6tQWyigQ4bFL4uGZVNiiniWGMt_XP42pBJ6BA867rlEwgvpd51N&ccb=10-5&oh=00_Afae_lX6995nwIQf9jLctfRhoc6uZfB2sIFE3Hao-r6hMQ&oe=68F31D22&_nc_sid=201bca,,1610538992000,193.71924355982
3980890455332988,5.5949051017003,43.321740925698,https://scontent-cdg4-2.xx.fbcdn.net/m1/v/t6/An9pEIV3xHXyY89z57-DVeseblcxHq0HlHIixI916FRmdR_YSSuZE5rM2Shgt4ij1oSuJMFhTq931gCGWw0EoE36e35rnheYeR_rsLLO8KT4Ekkv7uSgZJaPP5aLql8gWTRHAJ-NXPOqWd0FBr1GGQY?stp=s1024x576&edm=AOnQwmMEAAAA&_nc_gid=tGVqmrFaOlPnFbpgNfmMNA&_nc_oc=AdnuBPI5tQLW6AIG4ga9S5ZraOQK2HfPUYIldn99ArvD1TwAnAmezLeAByZtmYIg5rWKiQuxaMBsV4TUXfMkhQ3V&ccb=10-5&oh=00_AfbwZG_BubWyc06bUyC1m9TJ0WOAQ_JyqyE-Swc9K9cPOQ&oe=68F314E1&_nc_sid=201bca,,1617011490617,222.58268737793
4463904736970555,5.5476486921483,43.284014337859,https://scontent-cdg4-2.xx.fbcdn.net/m1/v/t6/An-AwF3YpEHlrjd9l3bjwQLVCuHbR2ImvPNKwg69tPzr_GvqRXc9qeTDEQ4s1TLKQ5nIV0qSNQJ7gi-ZEr5fja196rtKhq7cup-98L46pcgNBHQhOrokZyKgi9pFkU3DESs7KsHwfWNCJesemAEUEg?stp=s1024x576&edm=AOnQwmMEAAAA&_nc_gid=tGVqmrFaOlPnFbpgNfmMNA&_nc_oc=Adlv3qqZcMuIN9U-2u2qbC6TXr59oBSPGFrDyS7sf6HohDSLrTsx5LyqSXoaJP3Cz0xtVhyMXzP1nwQ9QhEGBur6&ccb=10-5&oh=00_Afag-PyheXdDJVGVqODQtS-hKi5-WZS9tdh2scDfAlzBgA&oe=68F33371&_nc_sid=201bca,,1478086963646,2.3110613822937
3944859845568768,5.6218750647935,43.277247083258,https://scontent-cdg4-2.xx.fbcdn.net/m1/v/t6/An_M8bu3G_Sq3KIDdaF0-aVn_7rgEJWsgBrrYf2j_kOA4ifixp7VEURcvMGzaq0SrNkl2o1j3SSIsG9jQGr6XlBhtqUG4S0m28cnAhmf6vDS4RS-9gmcf1LrT8rvdpQzFiRRy5VRI5A4_xjnLd3t_3o?stp=s1024x856&edm=AOnQwmMEAAAA&_nc_gid=tGVqmrFaOlPnFbpgNfmMNA&_nc_oc=Admvat18bzBF_a9moifk0pPpRrI8OMLQ8YLU7W47obz9jwagxrVBHknwP6Ti8tiraQhjteuTzHbZlQLXIVtYuve_&ccb=10-5&oh=00_Afbmtx7pO2nWS20bNih1zPRvwNFMivSXFhWb3_1ymsDM7w&oe=68F3324F&_nc_sid=201bca,,1509706166000,290.22
4120486831306504,5.6360479624256,43.27413896455,https://scontent-cdg4-2.xx.fbcdn.net/m1/v/t6/An8pxvMLpSA52ckYLTmNgb5hTECWZG_YWXC2jB-knQDtW4eYprLgsHkwdWk-jlVF0QOtAEXH9me6cN1zmZz7LGDm6y2KcKlTZqBCgSvpZWjizVOA3mIiE1PV_2Pm_5DwsftSRknKyhFdm80Xpgn47A?stp=s1024x768&edm=AOnQwmMEAAAA&_nc_gid=tGVqmrFaOlPnFbpgNfmMNA&_nc_oc=AdnZKIkdyKgcyyF2XTXyyNYoMvPMgLxLFV6jmkCl8Qpw0cv3sWNKzhWEyt7jZgQwBtcqJMlaHJ5EpsOX-t2tF6uH&ccb=10-5&oh=00_AfYsaay4M2lTQOuwjqPLq7Tj5jQEymgUVxqzftlPrfCjBg&oe=68F34389&_nc_sid=201bca,,1558080493258,110.02133178711
4062594090471685,5.6247238662959,43.286254198486,https://scontent-cdg4-2.xx.fbcdn.net/m1/v/t6/An-WV9f74vwZWF4n4oUAyWwnURb-xw2Nx-Hr3kZhS2GQi7yDkMJzNFqqLGY1PDBQCSPd3H2qUQ60LNNPet2CF7B7QRzCEaqv6v-N2iO1Ckxbl_T0_mvgpxjIoe4lssw7cQOYN6hACcf4reLnC7rWjGY?stp=s1024x856&edm=AOnQwmMEAAAA&_nc_gid=tGVqmrFaOlPnFbpgNfmMNA&_nc_oc=AdkgJIt4XHb7VQCliPRTh5yP1cXiXBcnb6x0P2oUwbOo9MGdcJ1hiqdLuRki_4TTbcbxcrPYRVV1fM0wBLkDux5D&ccb=10-5&oh=00_AfbfyLGsOPBpB1ZHfisSPeTRuxaVuge2ueQYuiOPS5_Ghw&oe=68F345C9&_nc_sid=201bca,,1509704423000,179.83
4236153679802763,5.5664040025382,43.286864844621,https://scontent-cdg4-2.xx.fbcdn.net/m1/v/t6/An9LRKWOKJT-2wGYbz8BI_Q7q552tJyalJObAy7PETyf6CYZjcapxp81iBHM_4ez7IjOaFAiixJspKgGtneTwb_W87XTgFt30TGdNYs4WDi4yXXSdPYBW_FApsS5mZgRmx-TCrERy3z1j4weF89_Jm0?stp=s1024x576&edm=AOnQwmMEAAAA&_nc_gid=tGVqmrFaOlPnFbpgNfmMNA&_nc_oc=AdnKiHTMe1pz7HszDlIXYQTtyA1UaT0c1RTt2Sc-wBuLI9VC-4mHjFlvTjwz0B1YlCmihl2u5wrERALI8pl6OMsN&ccb=10-5&oh=00_AfZIi3nJSy-hhxm4ljZ-eMy67a6ZtyYfj2QRsYL0ldWM0Q&oe=68F326E1&_nc_sid=201bca,,1617024316474,291.20953369141
4067273879985813,5.5660941949491,43.301522095525,https://scontent-cdg4-2.xx.fbcdn.net/m1/v/t6/An_NN-_tSlUq1SbyJ7bjwsKuAF-PV6tMWzMkP6XEg0o_vttEiXnHFGE924klkhonvc4hyFlXgkuUH3_vuNopFbqPhyaLqYY_ZZXkh-FsVOoVpn_A6ULL1gP5mTVEj-rUJkBJwKjKGdaaRLlUKwJZHg?stp=s1024x768&edm=AOnQwmMEAAAA&_nc_gid=tGVqmrFaOlPnFbpgNfmMNA&_nc_oc=Adm7kFhk_qSlkeGeFAyOnTcHUuQgsR-qbd6LVDcCDUx-vxZowdw8tlDtbLvS2Zz_SPHgvEikjiP7B3I1pBCya9U1&ccb=10-5&oh=00_AfY-TXsCVw_lEcwjweiQHOUShWxoxnHdwnWkeOwMi6QelA&oe=68F326DD&_nc_sid=201bca,,1494174932985,209.4595
1938883882916224,5.5847080680804,43.282946596314,https://scontent-cdg4-2.xx.fbcdn.net/m1/v/t6/An-iV6DFWwSnLtzecNGJoy0xSo3_uh4BbeCh4wxOhnE2VVLdwuAlAmxYoFuGzh7J4YKujPAC9M-NSkZWB-yOhL5I4gq_LtDbnsQXMuCl80vNZIfloQYqobX9p4IzWi4bDK122_Hg9AmGpinPti1Uf3M?stp=s1024x856&edm=AOnQwmMEAAAA&_nc_gid=tGVqmrFaOlPnFbpgNfmMNA&_nc_oc=AdnX6Ei_ORsmSA20iibJ3zdObgS5So-63uhbAOj6JitBn-85ME875ehCGQsMJfqXggMKl8MWXmo0A5Pml6-RvHV3&ccb=10-5&oh=00_AfbsMsAE3YZaShMz183pWIcuhTtArpOVejLZ4_mdG0s77Q&oe=68F346F0&_nc_sid=201bca,,1477678238000,11.92
3967207120065943,5.5099102220436,43.287343151282,https://scontent-cdg4-2.xx.fbcdn.net/m1/v/t6/An_0yihZCNPtiTQY48hPww75fXJE3s19QU018SjfuAaU_LV6G-6wIVQGLuR5ELzFdH5RaBh9B5iUpNY309wosSuaC4Bq3kRvSIDMljQqBjvB5mydlxFqXfAz3A1JTO0vqgnENZtWPmuU6Axuctrr7A?stp=s1024x856&edm=AOnQwmMEAAAA&_nc_gid=tGVqmrFaOlPnFbpgNfmMNA&_nc_oc=AdlOUy6KiM48dSCpbTk1tuhz7Oi--UbSvT7Uw_M93ESLXHS1lvZRL4d34kA8aLzaVaG13yDxF1Ju-udEmiH9hGzS&ccb=10-5&oh=00_Afa2dVxn-5TYtLKOv5_XjcYWuBOD27ZUYSq9MO2Gvo9LYQ&oe=68F33B9C&_nc_sid=201bca,,1510249730000,105.26
4519112498118733,5.6417842412719,43.291970895695,https://scontent-cdg4-2.xx.fbcdn.net/m1/v/t6/An-_4wFiXDf9l7pi5C5k5RXNWagPu-5HU6IYGleyKEGiUvsxcBbi6vyZpm6wd9O9bqfAvVuuhrSc53k_HVD8rOhyyOXjvaZoMb2ZfD2EQdL8cEKDtFu0wzl7xagKhn3TTsMEEzwSVw4_Dtxi6TBegtE?stp=s1024x856&edm=AOnQwmMEAAAA&_nc_gid=tGVqmrFaOlPnFbpgNfmMNA&_nc_oc=AdmGcrdtMZJlvwZcJzSueQc1yhsqCrT7k1NAwE1BX_volPLIYGcAca8wsW3xNTuSbfTO08UijO6faKQ9kdhxqVoS&ccb=10-5&oh=00_AfaQxF2TOfVClmDh7gfIQYMtWIJnPoymAwAagWeA5s5Ypg&oe=68F31F35&_nc_sid=201bca,,1509709464000,125.16
4432991993386913,5.5886874238237,43.297909063947,https://scontent-cdg4-2.xx.fbcdn.net/m1/v/t6/An-ULFAh8LwYedUE8rctr3UNkTzfcM-1L1axQPps_ExZ7xQELLPuY7YqJrfbyFAlnsLRRIfA7qE4-exTmxEpRWzCITPea7Z2IhBphRKXnLkxxiYngUA56TIrwLXAd-SetrrVL2D0MJpiz2hBDSSFmg?stp=s1024x768&edm=AOnQwmMEAAAA&_nc_gid=tGVqmrFaOlPnFbpgNfmMNA&_nc_oc=AdniGdOBDCDkcuT-alW74iFmLz6ZSafd9j402pDT4U69xbQ2XeFnTkWT2s_Cz5JiyFJ-jMRzEKNpUiwFHQPTYob8&ccb=10-5&oh=00_AfZxgKJIaVL0zHtJuqet5lnFu1_ELY4yA1f8rWR2ewcXog&oe=68F3372D&_nc_sid=201bca,,1563185196351,222.24670410156
4267291846622543,5.6471343974082,43.269231777119,https://scontent-cdg4-2.xx.fbcdn.net/m1/v/t6/An-3RAPO0q5kfetbHpk9hODunOf3FD5SqvVsestCvexlGcCfzV2MPQGnHR7UlWUz5Au3_y8ieUGWsM3Lq1cLhVeNy3p000Pa7OQNnAUOgzYMUd9UkBQehPTHjTfkjut42mmAYn7B3FFfqLNMwc2Yfw?stp=s1024x856&edm=AOnQwmMEAAAA&_nc_gid=tGVqmrFaOlPnFbpgNfmMNA&_nc_oc=AdkVL8BkQ5NLZT8mlGe3hLbK4bRjQ49iqGIbdiCSEGQ2_s9GE7M6mO_k1Jqq0Z3Zx6qpYRvewwswE0rlX433tHQE&ccb=10-5&oh=00_AfbPZqICNPDfVWzpXl8ioPVa4OF8W2V5jGUf_ltMM90OhA&oe=68F3384A&_nc_sid=201bca,,1509710974000,158.31
4562823220396002,5.6100023388443,43.341447347018,https://scontent-cdg4-2.xx.fbcdn.net/m1/v/t6/An_lwLdrW2grhimbXa3MUJ3vlH_C24LVC5FakChUDr6cQeZ2bLjiz8tF1FKOV9pEyCOzI28SEUx_ZGN9q7ODNior8RPcLIF7uxuLwFhlGE6JqY9IDhtsBhnpDV_3VXh7EfpHOa9esxmgar5k-7FpCg?stp=s1024x768&edm=AOnQwmMEAAAA&_nc_gid=tGVqmrFaOlPnFbpgNfmMNA&_nc_oc=Adkkc5wtBSWnQxog010Fu_Kf2lEqhFWjTC07w1BK82pHG1JRusbioLWwv4On4_BF8lClkEV-VZZaZiBHwP7eOm89&ccb=10-5&oh=00_AfZRx9MlHh2DV-Z6M5yumJaRR4IHa3wdtLtyMt-II74sYA&oe=68F312CF&_nc_sid=201bca,,1511689860099,207.84170532227
4455357477826000,5.5919280646934,43.257938491894,https://scontent-cdg4-2.xx.fbcdn.net/m1/v/t6/An-DOz-oOVKq6-wYVZ5umQe1j_XfUtj3O86PT5tSo8KMtbPSiAxS22XkTX3K5FN9ObsjCTh1kVbDtB7p9KRn_Rchwm6SZ143qhVXRhPoInMjl6k34Vs-RlJTqAJ4Z1tTKa30idXBpJkdkARql-lFw_A?stp=s1024x856&edm=AOnQwmMEAAAA&_nc_gid=tGVqmrFaOlPnFbpgNfmMNA&_nc_oc=Adl8Ijv7tnPROXY77_vXmj7h3feLa-Oy7CEx_LcDm0vAlWGj0znsGrHC__-uWfXf_SLEbRiloKXqPGDIPsbW_jVj&ccb=10-5&oh=00_AfZr0cnMsHl9d-ISM1eBemPfmApQdJV4aCkUKDMq_XPEug&oe=68F345D1&_nc_sid=201bca,,1509729912000,177.16
1914557295386849,5.612869419029,43.344443726327,https://scontent-cdg4-2.xx.fbcdn.net/m1/v/t6/An9CaZ0rOQRTwQFsUXh-0pWxer184IeHEnjahceluCSDvG6PczByKzQQ1YNJEuDLQhtpdkWjV6rOgoOXH-Lb-iv_71eei5et5T0vICrXJA1Ew4CsZxzPPnJ_Rhoyd7wNpbphrGjkrw7lOjraxyRebQ?stp=s1024x856&edm=AOnQwmMEAAAA&_nc_gid=tGVqmrFaOlPnFbpgNfmMNA&_nc_oc=Adk1YcGMVxxfGByUNQZqB3zEbfkue4uETYyhlwM90NSYdSlZPQtabtOeDgtMWydq3yKS3DS7KHIofH7rEUWiPMR7&ccb=10-5&oh=00_AfbA6JDODtOuamwmx5uFvuxoIGrX_U3LYPsIBOrDVGR8PQ&oe=68F319AD&_nc_sid=201bca,,1613556044000,56
4451964174896674,5.6229419540567,43.28719707589,https://scontent-cdg4-2.xx.fbcdn.net/m1/v/t6/An-Dmxy0J3Bp6qW4IZCou2ttBZgZHcK9LXrnA5TsJb-FBRlzpHxF-XtOrK1ioOSF4rwmCHniNL5AolxtOYaDKNYeRYLFqDlIggmkUVLwG46XaP-ajbgF9n8xyC-S6XY0Jb0cjjFyKw7Y4a7g_Hw0WA?stp=s1024x856&edm=AOnQwmMEAAAA&_nc_gid=tGVqmrFaOlPnFbpgNfmMNA&_nc_oc=Adke6WXUtgGYUuTp9FxrxPuvKp6XI2TLOtojQseigBWYzdCdUv3T6JNPrhLLeeA4YoJ_kyVNL45jPwZugsSc_eVC&ccb=10-5&oh=00_AfZtEVLkBhlHARY6RsUzBr58zKz8w6B3DpyzOqPNghHNEA&oe=68F32CDB&_nc_sid=201bca,,1509706728000,38.13
4015722188489458,5.5917261280463,43.26023880296,https://scontent-cdg4-2.xx.fbcdn.net/m1/v/t6/An9CsD-6WKEEkJz_z2l_Lvxm8QcI35KoQzRmQR02-OwdsjrEbLRE-OSaOjw4t6HxW89nnY37qVPNVhbERJjw_3qSiniXy32giORMQ5lEfbIFD07bSp3C7fY_qOaeYeodau02AqURDQuoyupIT2R3sQ?stp=s1024x856&edm=AOnQwmMEAAAA&_nc_gid=tGVqmrFaOlPnFbpgNfmMNA&_nc_oc=Adnr8Cf2njssQnQ4c9-Tfwh74W8JTXxOhYhseFvBp1sKh8lJBFmI9NJs89CYwDvOuA1KnRMJF5EzUoKNHNrVq9ML&ccb=10-5&oh=00_Afa5YUQ2VXhM_S2aHhkuEcKi8B1hbPWGhIUEKsL7I84zTg&oe=68F32659&_nc_sid=201bca,,1477677701000,345.8
1938156419666376,5.6479292793185,43.268535847324,https://scontent-cdg4-2.xx.fbcdn.net/m1/v/t6/An97Rg0fpQOeB29Nn4RcXjVOK846QNAQHI64Mzl2c4r2KIX-Y28SlrOE2lYr_WX3FsXK137gu_z6fKI3EfG8SYCuln82ney7CvZW0ZLLuA6Usbkm1lmRiHQjIQAyFHVflteIkKH9uFt2wNeNTvLqZQ?stp=s1024x856&edm=AOnQwmMEAAAA&_nc_gid=tGVqmrFaOlPnFbpgNfmMNA&_nc_oc=Adn3HRAdypFOqkkD_yJAu-Sy2LVG-wyTKiggaNk3HVr0BydN3p5g_npXXFxW6gIneTiSrskdfZlR7sasatFiK6OA&ccb=10-5&oh=00_AfbX5PVFKVngPws_cfgK20sWy2u8Z5IhBKUppaIVloDRUw&oe=68F311B0&_nc_sid=201bca,,1509710789000,156.88
4226887887342869,5.5901315961334,43.255359082964,https://scontent-cdg4-2.xx.fbcdn.net/m1/v/t6/An_zDujqSkHwA77NTZLi2kR5Pu6_S8bNORMwaR9j8gwLQ51eNnIHInbOqTHM8HsZ9O8vuPEo-oSJEn0drfDH2RkZbwSe-dU1BdPL1MceFRfab5zrng6LHYhmDvKUlsMVHXhRX5y52N4I7N8Gt11J0w?stp=s1024x856&edm=AOnQwmMEAAAA&_nc_gid=tGVqmrFaOlPnFbpgNfmMNA&_nc_oc=AdmfJOZkFec4lCLDT8wAiZyE_HDPPjFBbc9lmoC0fla-EVhGh6XvDrwrXeuQArzx6l6MRVoCzDZ87ID_YohpynV3&ccb=10-5&oh=00_AfZSFTSIHAJ6EzTlsFY6WagVC39E62tCDFL6TXpNCsS_VA&oe=68F31BAF&_nc_sid=201bca,,1509730073000,261.83
1916506805170011,5.5502929603125,43.284865622061,https://scontent-cdg4-2.xx.fbcdn.net/m1/v/t6/An91FjJq3wIPy0hCWbKO9QZC6Fj9LG1GzSbuTNsimoVddUkPDdUMIN8sQqOlKHtkMWD1g1AzZDT2aURWFe7u2OFvYHZb5iClY_dfGGFIwUGsxXY7o-KrE11DJ_fD1kWmkREaFkS-ze5ZeBgznPr5cwc?stp=s1024x856&edm=AOnQwmMEAAAA&_nc_gid=tGVqmrFaOlPnFbpgNfmMNA&_nc_oc=AdnGhdIWq4ijpu90zKsmGDLWg-zA78fFr4_YghrPLEJglBPfnqF1Zhre5lBzGR9VhYFtV4A4byqOauGCn87UNeFg&ccb=10-5&oh=00_AfaxJD1s6yfFykeTlLi9oJ0bkBN7HR4dmyGlwTA-Q8Hy2Q&oe=68F32E62&_nc_sid=201bca,,1477653129000,275.21
1910407295800270,5.5244269906726,43.281819629109,https://scontent-cdg4-2.xx.fbcdn.net/m1/v/t6/An-FeriZfL9I2w8kgzQX5VrpSU41ViT9EZW-HxRsu-ssUy0oTFF-voHaYZ4xX0GqRV44fjk6mrgjTnvigE0C-mpkUbJ5U1pUkbAVvQUhbsgf2hifEO4UEI80gVPwwjHVtey3670C4a4b8h8dMrv2yA?stp=s1024x768&edm=AOnQwmMEAAAA&_nc_gid=tGVqmrFaOlPnFbpgNfmMNA&_nc_oc=Adke3WJcbSUMABo6SSN63HKUvmLwiH54li2vp0bgSEULMpiCRL16rJmEHedgBg1yf_XbbYrV7usMLLh9cQAU3jPC&ccb=10-5&oh=00_AfaEt6mBdjhHUMxV9StYR8gbVFVzR7xM2grwVh63Q8NeKQ&oe=68F33F2E&_nc_sid=201bca,,1631256335459,348.88712310791
3972432512837702,5.5565851122995,43.288145739817,https://scontent-cdg4-2.xx.fbcdn.net/m1/v/t6/An_coO1JkGAuBY113wNZYiGRc2pA1e79Cpn1j2GL3JLiJiqwc2gtUgsKIptxad0WvA3TMReiuCOBpcVF7oBJs5Nio-cIUD27Gg94XyOCmrS8fyKkShINEq1UnsX4Q0xgU0ZoL6SR21xZWS6phrVPXg?stp=s1024x576&edm=AOnQwmMEAAAA&_nc_gid=tGVqmrFaOlPnFbpgNfmMNA&_nc_oc=AdkI7W9MvmgV61UqS7JFn8I2u8v_w0p-by3VzpmXI2RrUwSXA17FEUuJzjtDkG2ghV1OVv17xOJHv0hCsjEdJVxd&ccb=10-5&oh=00_Afa6fYEPYzDADmSNxPibef28mf-paKDNtBq4zX3B7avSJQ&oe=68F342A5&_nc_sid=201bca,,1478087615181,268.84358823299
4241050479283736,5.5019019989291,43.287694333559,https://scontent-cdg4-2.xx.fbcdn.net/m1/v/t6/An8625cafd7hMEEd7HPaGv3h6Sq22Z6-pcSZc24utLdu63fzEfxDJuKyJeUZs-MKMvvGjL2ACYeO33L0tTqRqV53tMPIbw8N4xyrnYl7GdY_MrNJSh9iS_vaI8WkHdkbLoynlZoS4hDTGCX3GPMbSw?stp=s1024x768&edm=AOnQwmMEAAAA&_nc_gid=tGVqmrFaOlPnFbpgNfmMNA&_nc_oc=Adm9SAuQvEIIlzw_SXIyHPzUXqWAcV5kvNQPRSkmqjkIqfauhszkFk6EoczDNTL2f7S6NUArjh5ed_ysblAq_awo&ccb=10-5&oh=00_AfZiRccwqcv-_2baRF6dr17kNYPeUyoXT_-2dwfV094wIw&oe=68F32706&_nc_sid=201bca,,1631255904729,14.98998260498
3989530091127335,5.5681065970212,43.25740378737,https://scontent-cdg4-2.xx.fbcdn.net/m1/v/t6/An-Gl_PiQB2sZCkdJnV0V0HEd56Bfn-rJsHg89guaCKYWsO_HNFAsGCjI-VLLRB4YS6o0HKC48pzccgPMh2LuRy7idQtPBqishYvCP8tsCKxVvwH2o-gfe3O0CJECpVTfVoxCvlQHX7G4wx7pY9D_A?stp=s1024x856&edm=AOnQwmMEAAAA&_nc_gid=tGVqmrFaOlPnFbpgNfmMNA&_nc_oc=AdmDPWa929RdQmGbIEkQEHd4OFYRG6GfM0PSGndvTwsd6B_lRUZt3swZuw5JNyZ1blQYn35D0MY3VA0X7ETz5189&ccb=10-5&oh=00_Afatn-e8chXbBXD_Gl46OfpSdowlfVnNsKOYG7WV1hkSPQ&oe=68F31024&_nc_sid=201bca,,1509726544000,58.99
3976810812373325,5.5099237802755,43.286091991076,https://scontent-cdg4-2.xx.fbcdn.net/m1/v/t6/An8urzd4YVGrQp94Has_tsXacStaafCvH4qVVVTTiYF4qjvNu5VOIOr8yrffQTowPLYwfELDKjYsnG1aDBAtFH2RyWcjIDT60TFb_qeZDaRqXJDWaR9I3tcl9EKYK0aYMVbf8ZD9nHmFJ5zIxHCFdQ?stp=s1024x768&edm=AOnQwmMEAAAA&_nc_gid=tGVqmrFaOlPnFbpgNfmMNA&_nc_oc=Adlqol6D3z5Ef2KEKFmWecGyrSzNzwRDAlgZI_qQ_1nBC51OU7KQvAc9bcKkrhTHEEjkLNRHNW86eVJ6jDm6tYvP&ccb=10-5&oh=00_Afb-wDog6CwnbvwTQhl-dOI-C5_Jc0boSyfQ-4iqstHeJw&oe=68F34132&_nc_sid=201bca,,1548607135948,52
4296632633700489,5.5625602997891,43.298750273055,https://scontent-cdg4-2.xx.fbcdn.net/m1/v/t6/An-xJayQIekPqS2Z5Srqr2Wafh29UiiIjtOw6A_h5VLSbN-SJ5LwxtI6m8UfZ705xuSQDikL_Qc1ODXnd6379h09Rct-8yedWSXk7SDySo9MBk5zym0v0MQSae2IDGmJ67Cxrbtl2AqP1WnJoQEgvgw?stp=s1024x576&edm=AOnQwmMEAAAA&_nc_gid=tGVqmrFaOlPnFbpgNfmMNA&_nc_oc=AdnwbFIGWacsShaFBSBhaqpqxDe37yKid_w68K_ykSPAqw5aZ7Kh571nbtzoZUhQ2B0xhei6hFOKHwydwss4xtD_&ccb=10-5&oh=00_Afbf8qN23DR4XbsC6poxH8DUDvaQd9oT7Z8oOn_DYWVqYQ&oe=68F33B85&_nc_sid=201bca,,1617025828557,45.183746337891
4032425296848287,5.5901462643311,43.262051012699,https://scontent-cdg4-2.xx.fbcdn.net/m1/v/t6/An9HTgY0GgtpiMksi46PHI2iLs9Eax3i4BDhqcKLTj1Bfs51G4enb-H0GHE5n8MZyJvq5UjRFHvhi07LS_KBO5M08JkPvt9F5VUjPtDj7K9AHsG7Zxqkb-a62geLMmemJle2ZEjXjY7pPOqRU7zCO6E?stp=s1024x856&edm=AOnQwmMEAAAA&_nc_gid=tGVqmrFaOlPnFbpgNfmMNA&_nc_oc=AdnevUPJq2wpp_Aokl-SvNgPGcrvlZI-OfT2I3JismT90q59vwwAd-15HTG2ZrXUIlMvsMQZwNHIu5RWfr_0n5Ix&ccb=10-5&oh=00_Afaq7OC4I_RbA2rHiDvGwN4fm_9MSK34EeRHl3T_GK_Z5Q&oe=68F34792&_nc_sid=201bca,,1509729666000,151.58
4312917102061435,5.6155742599138,43.282064790221,https://scontent-cdg4-2.xx.fbcdn.net/m1/v/t6/An9V_Ie9YKH0ITJv5KNdaEidiLf4CcR3sr7mVZxaneQifhMERemP2mdoDMYrq05f6Qb1RM8HwwOGeHiJYB5vv0SgHi2xm1Vc3hgsGqzOaUYmMouiNEkOLQFqp4OD8PSFP8ou4Qch4gZ-lOWYgoqROA?stp=s1024x856&edm=AOnQwmMEAAAA&_nc_gid=tGVqmrFaOlPnFbpgNfmMNA&_nc_oc=AdlzUh81z8UMe5Gjt22zQF4bM8kU676icM0bAvqAU4k5FEIgpBElrqz_FW1qoJiVjTCp2TvsnPGMl6mSbeDPY2LW&ccb=10-5&oh=00_AfZW8oXGcsS612_PXXzGW1OgA-zG0UgukibT22LyaFh3xw&oe=68F316B5&_nc_sid=201bca,,1509704119000,265.93
4508105389204147,5.5556436481381,43.286312551383,https://scontent-cdg4-2.xx.fbcdn.net/m1/v/t6/An9HI2WMjfgC2I8U4VV4-gaMLvxDtoSPM-gO8ble33yqwWjOjF37kVu-TGuQyyp7fEF3l_oqfm579MNbCJ9O0NSrQazoH5GEEFo2oz1lWnVKkmhvjnPxOq59KJp-rkNhWFds_aeZjIpf8wAJtAhyj_k?stp=s1024x856&edm=AOnQwmMEAAAA&_nc_gid=tGVqmrFaOlPnFbpgNfmMNA&_nc_oc=Adm4Lfl5DimLK7i5GBX4IW0r9o3vTUGsGU1hPzH4_aBtjCqSAmg2K0IzSNuo-3zPFPS4V9QBZMFoj8uRRkBeodbT&ccb=10-5&oh=00_AfYAoqpOsgzaIS5CxMWQwYtwm1KoLUzJEaHhMbp2po4JFQ&oe=68F33456&_nc_sid=201bca,,1477658163000,353.24
1984554465030953,5.62070446887,43.297099059827,https://scontent-cdg4-2.xx.fbcdn.net/m1/v/t6/An-c6XznpF1zJH3v7JU3BUDBt_g6kbzW3BjMaBq4-Z4mW1W1bH3csE7Si_pw2-D9hDveomDpTcr3Wa_UKUnUepTJD8iwEUJ_t1ttPy7Jb9mk-OUhCJXNs0ruYGcz6kspDxvwc2MqVq0CGxDYaTdwqQ?stp=s1024x768&edm=AOnQwmMEAAAA&_nc_gid=tGVqmrFaOlPnFbpgNfmMNA&_nc_oc=AdnxKQu1FzWy2OdQL3jhbGyBSsF5EDDaKdeEUC2impVX-Y41ye0duw8pCrhsUXOEftEtIE8_yLi_OHqU2n70lnCg&ccb=10-5&oh=00_AfbTNmqL56VFRtb9HraQ-ulTBe7H8_MM2N0Xg7YAMAVPLQ&oe=68F33363&_nc_sid=201bca,,1610545660500,72.323275590468
2100312196787449,5.6204270388218,43.297029971647,https://scontent-cdg4-2.xx.fbcdn.net/m1/v/t6/An93frIoIJFTOEaGtN302YP7hewGqWiiHeFGDGQaueL4mTnv4YT98aynZTukygrX2EwsdXR0hj_okD2l82pe2IM2wphfQbJ016B4SXkFUXNKfqLcuNzIsjgY4nMdniikKlBswqoqAG7UVZzVMglVmA?stp=s1024x856&edm=AOnQwmMEAAAA&_nc_gid=tGVqmrFaOlPnFbpgNfmMNA&_nc_oc=AdmNadiuaAzDteFJHs2iz-niPqQNXpOdJmQzpv4z6AeVsqDxLQIr7bBylZcuWZCXrM9hqipI4zbZBWPjDl2DoUbB&ccb=10-5&oh=00_AfY1vRTIp54dFtVrxPtcF-0a-KUHFp7mrUTEmQ4gpkOd5Q&oe=68F31236&_nc_sid=201bca,,1509709262000,83.36
4261524837193820,5.5940224408344,43.292909115866,https://scontent-cdg4-2.xx.fbcdn.net/m1/v/t6/An9dHj_GQVwREgnJMR6Lf_K-bFNeIhisZQ5dfQSKCWz6PevBa3FwLZ8CUl-7ZrceCIg22VzKkfGrJBZQBJ7ko2lVV5bG-Ch1sOaUiKJUPgIw1TG3vNiC3W2gZgkUVLwmGjy6OAF2n0H5kfgN3daMHQ?stp=s1024x576&edm=AOnQwmMEAAAA&_nc_gid=tGVqmrFaOlPnFbpgNfmMNA&_nc_oc=Adl-dyp1izi7Rv5Nykx7Ett2A-f7vtak1yyitvFfRwZfGuyQl8ggPHo_cy7YQgqWKRAhJ1R0g3gAW63F0bLak5et&ccb=10-5&oh=00_AfbgEfcDmyj_o6HbHc6q8WyL4EH1BpbRXRO7RxBUFdV6hw&oe=68F32E47&_nc_sid=201bca,,1545048072910,213.96969604492
3946223265427543,5.5918951453999,43.257989733795,https://scontent-cdg4-2.xx.fbcdn.net/m1/v/t6/An90uStXImTi5u07w-rb6hcGwgp4-NI8qYUkMfH3BRtv_4DzOLU1g45v12-D8gDA2cA91HukHdua3oIR3MrOPjiGtD8TNFlEmfS9ZaEX0gDErgrWuZabxtdAJKmkLlvw-fAmL-HiS6lfxk4O7UYp9A?stp=s1024x856&edm=AOnQwmMEAAAA&_nc_gid=tGVqmrFaOlPnFbpgNfmMNA&_nc_oc=AdlUUnFFmqW9WUWSWnyRSptIVIgItSwUe6MnnkPKu2UFTrFGeqkywxcyHkaxSEkDHpZowrpGh22y6xgITQCk0eDq&ccb=10-5&oh=00_AfYJsBy-6R1xbRK8azcnE8IWzUo7qPGjsXBT3a3hgT16Hw&oe=68F32EDD&_nc_sid=201bca,,1509728194000,357.89
4255049307862967,5.5915198132161,43.291644676195,https://scontent-cdg4-2.xx.fbcdn.net/m1/v/t6/An_xQM5I70714_CK9ueulBYv2iYOb_EqZByI3kJyCRo5beQUEL8GqBf1HqiLrOV_oJVDhO5e4wwYeJIg4JhVbcgi0v4gjIB2ZZSwF2FV6amEfxtNaeSxuQJW13h2jNA-exz8Ku0cBpNoA-e3slzV-g?stp=s1024x768&edm=AOnQwmMEAAAA&_nc_gid=tGVqmrFaOlPnFbpgNfmMNA&_nc_oc=AdlOS3MG6G4uRjBUZQ2erBWpevCIPTQnnOPzWX0e_iL8FhlOgD9UNylsI4X1I-WkIYFKrBCAaw7mDP9QIbhodJ1w&ccb=10-5&oh=00_AfYJhGAuwpfVJWJzh_W9b0Ftrak-KQ0vpAOoLKvXG5BEnA&oe=68F3245C&_nc_sid=201bca,,1492155923377,86.54379
4034354983299711,5.5194716302604,43.300929748975,https://scontent-cdg4-2.xx.fbcdn.net/m1/v/t6/An-s892AM9jBh_KTf6PuOx3xrO5eHXszDpBLDZwpegU8PlHNMmTCKrLHTcBns_qWTG20BEXtrUh0nWKtQuqN0wQD1jLgnqeKU-NJYsVE3yPsd_mq9rDIaLAzVNJBof9BxHnDMMJswxGJtihTHZ-WRAI?stp=s1024x856&edm=AOnQwmMEAAAA&_nc_gid=tGVqmrFaOlPnFbpgNfmMNA&_nc_oc=Adl9C0pYZSCLAnRPV_h6db4dZl1febnbl1qhmu8ePymnD-BQt5DV_yL43aKrfLi6ZeAgiRzVXabnu2eOS6G9yVqF&ccb=10-5&oh=00_AfbiiWwrFJITCZOstgLtD-SdfsvsYXcivpVOQ7emzDCejw&oe=68F346B3&_nc_sid=201bca,,1510299751000,248.83
3958085947602286,5.5115280979102,43.287293183323,https://scontent-cdg4-2.xx.fbcdn.net/m1/v/t6/An-2qVpfs7JB1gTBoRXyg--Fx9b1lCOI8xQM6GrfWvnkgSGGd4HOfQ9mriifzmK6WrqONFUgFuI7QjKKqXqwkWGAq2JkTweip8bbY6RgCjWBgksOp31cYqI2lk9Qd2Lekyzd8DwYaJqmlmXIaBbHNQ?stp=s1024x856&edm=AOnQwmMEAAAA&_nc_gid=tGVqmrFaOlPnFbpgNfmMNA&_nc_oc=AdkzM9Acdm-2c_iJ6eror5riq6oKi5dXGytdIg-Vb8yx_jQJOML5IDJqxa9giq8nX3CwdiIJpO1Z4sZxaK9beORG&ccb=10-5&oh=00_AfaXt0A4ceEZlTwqPt_6RyYbk352mC5n3g5RddsLfNMTSQ&oe=68F339FE&_nc_sid=201bca,,1510250041000,284.22
4596017827080599,5.583681396985,43.250399259733,https://scontent-cdg4-2.xx.fbcdn.net/m1/v/t6/An_Odm037hYuc7K2RUsGXZSgsNrLLHo0DAXuMdW0rO7z40MiQ_ar6AFcCebz-vLzOYIrhbBczx0bbnmP1oHV877haN1fZqlXRH9AOkG2xa00WfqqfoU9S25UepVNeMjDnh75wmh3em2fnq-aHEaLNA?stp=s1024x856&edm=AOnQwmMEAAAA&_nc_gid=tGVqmrFaOlPnFbpgNfmMNA&_nc_oc=Adn_-OC9XhPCCbkpfhBbOz6ypZ2cB0EVhRCPJKLKsaKX0UELEZ7HoTppEaNB3O6U3WdPjh7mD6wl3o_YinU4H3QT&ccb=10-5&oh=00_AfY1eJ-kYd4oq_7p72vDzaZlVu7TrsZWMP1nY7kRcIvJ0w&oe=68F33C8F&_nc_sid=201bca,,1509730528000,164.29
4550397281703709,5.5329393768377,43.284262238978,https://scontent-cdg4-2.xx.fbcdn.net/m1/v/t6/An-Yd79jcO-TsX77hpNThRuADuum9Y_r3wQ9-VOpJMilGDQ4Xganp8lldbZGRu0ns2-Gx7X9KXCUCJ__9i-kENrlBgy76RfiYauVYUQb8ynUrigVlb4nFnT4_ucxAeyoJuJUrfriXn3zwdyDvL4uAg?stp=s1024x768&edm=AOnQwmMEAAAA&_nc_gid=tGVqmrFaOlPnFbpgNfmMNA&_nc_oc=AdnNOEJv6m40VXxOSXH-tM74aTdCNpdhP16tmh7qHY_Pj8EY3wwx9ItnMyJYyjcu3l4Tgzf8fq8fPikUhnPbC_PD&ccb=10-5&oh=00_AfYLK5XrtvUqCQi47X-bOTNcV6a0RnQz595dPUj7XnD7SA&oe=68F319CA&_nc_sid=201bca,,1631277326740,239.73167609649
3963486670355578,5.5606230582385,43.294799944954,https://scontent-cdg4-2.xx.fbcdn.net/m1/v/t6/An9nV9q161QvzrtA8jqBItIH4qhMGiHnGzi3js3Ojqnbei55NIOKlHa_QLHPSmvWNOKA7-p27jTv9d3JSJVrc9FfRotWXTnfSSgWcOKNb3reDABhBI58Q5VI3st7GRSQ01ozqPYiLH9aLL_YXEKluv0?stp=s1024x856&edm=AOnQwmMEAAAA&_nc_gid=tGVqmrFaOlPnFbpgNfmMNA&_nc_oc=Adn3eJIDpqnHOlNoCxTV73rbeREViZpyGGyRdDu7NNgv9U5L2GwpnYhd7XhekjerdnAoGNgdtnrfUmSmOJ4IJyDu&ccb=10-5&oh=00_AfZDZDF8ONbl1X6mC-ootFBjFTYH3xxmmxDVQaDGRBvPwg&oe=68F31B0E&_nc_sid=201bca,,1477656661000,15.59
4062077813827256,5.5002647196238,43.310037455264,https://scontent-cdg4-2.xx.fbcdn.net/m1/v/t6/An-M-QjLr50pmo32PWZjE5oddP3GtRVwbB4nK8U_rOq5TbnDpoaUdaWiDpHQNOamlDaxz5OWildegQ2acFxhBfyrwspFqmqrRApAtB16G2ukI4ogFdAd_CDf33YqEK2sAGi1zTtjT4XTTycKNt9W_A?stp=s1024x768&edm=AOnQwmMEAAAA&_nc_gid=tGVqmrFaOlPnFbpgNfmMNA&_nc_oc=Admd0JTs38AVHwh751YkCep3-j5eRxeTh5Qt5kilKZoXn6yhoos2c7GzeGAoIxQ2ofyEoN7g6lnIZEYkzBmKtU8W&ccb=10-5&oh=00_AfYOAJ0ZPWOnxAvCJ4gCOSZe-IlknvD2jtrqbsmZDSF9eg&oe=68F314BE&_nc_sid=201bca,,1548521393945,274
4035746056504607,5.5034830408392,43.28821769976,https://scontent-cdg4-2.xx.fbcdn.net/m1/v/t6/An99La6Pi-Hrp3oUmgIWt5J6LZ2a-LGYMMSYyk08jWAd6rla4SV0ikuWS8QXh-m3e4qBuZDypXIcNcUurhVtBLZzcCgiAw0HwMQ3rsyq9JrQggiZe_-jgIBpt3zKiSVqJ1_vjE2id3H-rCytAmtufeE?stp=s1024x856&edm=AOnQwmMEAAAA&_nc_gid=tGVqmrFaOlPnFbpgNfmMNA&_nc_oc=AdlI10gzYSV_pZfenQIMb4zqafLmgziHZwmwklo7J-G45JtxmHokGIPtju_SRk9dYmx165mUEwWmd7O7Mf54UK_f&ccb=10-5&oh=00_AfZ-4CoftDC7o7d5eeAiPSWqr9lOdhHxsfdRrk1eM4_iUg&oe=68F32C31&_nc_sid=201bca,,1510247094000,270.28
4535678736461122,5.5918598986563,43.319116992418,https://scontent-cdg4-2.xx.fbcdn.net/m1/v/t6/An9AQzn-miVf1pOnIhrflpJExxiLifuEi1yeHSDOEi75pxzHcFtk6cl6PrFGZi_w5oXVQ0JFEcaCIm0L6kVA3fIRmoqSLPOgMZ_5-MdwvnJtdVPFHeSlB-yB467ujQvRI4Ms2SATde5LvVHTqAhOEmA?stp=s1024x768&edm=AOnQwmMEAAAA&_nc_gid=tGVqmrFaOlPnFbpgNfmMNA&_nc_oc=Adk5BB8q43WvBdmdtdEgQJs5iOrL6t1oKJ5G8RPgVp31vomoc2mlfXpS5ZOND1yR-Q1hTkeYOaF1nbqmYV5oKMUd&ccb=10-5&oh=00_AfaGREtSHjGTWuhJ5v4ZKtl1JJRrpsYLnz0pH3HWtagyVA&oe=68F3401D&_nc_sid=201bca,,1503480775838,36.11083984375
4280920875308729,5.5854300095369,43.279283298353,https://scontent-cdg4-2.xx.fbcdn.net/m1/v/t6/An_LreufVIYDEWjuaTto8O8Dx0uYqAh9V8cD37ZqZOaWTEt-2q3pL_jSRF9g1a7nxW-r5s5SthgwMuw-TFCu4sYUCP46wfRDJ0cwClamdcllUVp4BB2V73aCsme-pTREK3eQEa9nBk2Tf8Zue1lOlg?stp=s1024x768&edm=AOnQwmMEAAAA&_nc_gid=tGVqmrFaOlPnFbpgNfmMNA&_nc_oc=AdlfehduBAyPlA3HA2ZpZ8VAdz7h66OLGCkmrxrovJwkn-Lq0ImB6rIcRrgGTgBTOZOUHojV0n6qBRai6RirqXyT&ccb=10-5&oh=00_AfYDvkngSxH0XevZ7j8H-tJLFsoFI145MxdrhsS4ZrLepg&oe=68F337CF&_nc_sid=201bca,,1494571419437,326.9654
